y_true,fraud_probability,prediction_at_0_50
0,0.0,0
0,0.0,0
0,0.0,0
0,0.0017626250668405466,0
1,0.9992783333124464,1
0,0.00022927455469421405,0
0,0.0,0
0,0.03991782229070365,0
0,0.006666666666666667,0
0,0.0005555555555555556,0
0,0.0,0
0,0.0,0
0,0.0,0
0,0.0,0
0,0.00016869533838524803,0
0,0.0005622489959839357,0
0,0.005643232902917264,0
0,0.0,0
0,0.0,0
0,0.0,0
0,0.0,0
0,0.00013666116860414817,0
0,0.0,0
0,0.0,0
0,0.00013666116860414817,0
0,0.02,0
0,0.0,0
0,0.0,0
0,0.0018360798079623568,0
0,0.00020313568278869205,0
0,0.0,0
0,0.0,0
0,0.0,0
0,0.0,0
0,0.00013666116860414817,0
0,0.0,0
0,0.0,0
1,0.999795557004087,1
0,0.0,0
0,0.0,0
0,0.0,0
0,0.005641025641025641,0
0,0.0,0
0,0.0,0
0,0.0,0
0,0.0,0
0,0.0,0
0,0.0,0
0,0.00024086012238703098,0
0,0.0,0
0,0.0,0
0,0.0,0
1,0.9997478970685836,1
0,0.0,0
0,0.0,0
1,0.9993238748216597,1
0,0.0005555555555555556,0
1,0.9997478970685836,1
1,0.9831679662065809,1
0,0.011696969696969697,0
0,0.0,0
0,0.0,0
0,0.0,0
0,0.0,0
0,0.0,0
0,0.0,0
0,0.12161563904590335,0
0,0.0,0
0,0.0,0
0,0.0,0
0,0.0,0
0,0.01735213005536828,0
0,0.0,0
0,0.0,0
1,0.9997510238361588,1
0,0.0,0
0,0.0,0
0,0.08384947401443373,0
0,0.0,0
1,0.9973324188500599,1
0,0.004519259933272672,0
0,0.0,0
0,0.0,0
0,0.0,0
0,0.0,0
0,0.0,0
0,0.0,0
0,0.004328728303223521,0
0,0.0,0
0,4.8192769122696875e-05,0
0,0.0,0
0,0.0,0
0,0.0,0
0,0.0,0
0,0.3365809786030358,0
0,0.0,0
0,0.06747951014925921,0
0,0.0,0
0,0.0,0
0,0.0,0
0,0.0,0
0,0.0,0
0,0.11556438598716366,0
0,0.8128898928640486,1
0,0.0,0
0,0.38635263887924,0
0,0.0,0
0,0.0,0
0,3.158009365131221e-05,0
0,0.004328728303223521,0
1,0.9997405414883264,1
0,0.00013666116860414817,0
0,0.0,0
0,0.0,0
0,0.0032151808091657715,0
0,0.0,0
0,0.0,0
0,0.00030769387343130834,0
0,0.0,0
0,0.0,0
0,0.0,0
0,0.0,0
0,0.0,0
0,0.0,0
0,0.0,0
0,0.2342711978674192,0
0,0.0002728942921681308,0
0,0.0,0
0,0.0,0
0,0.0,0
0,0.0,0
0,0.0,0
0,0.0,0
0,0.0,0
0,0.0,0
0,0.0,0
0,0.0,0
0,0.0,0
0,0.0,0
0,0.0,0
0,0.0,0
0,0.0,0
0,0.0,0
0,0.0,0
0,0.0,0
1,0.9982020814998779,1
0,0.0,0
0,0.0,0
0,0.0,0
0,0.1724683974383967,0
0,0.0,0
0,0.0,0
0,0.00022927455469421405,0
0,0.005446009389671362,0
0,0.0,0
0,0.0,0
0,0.0,0
0,0.0,0
0,0.0,0
0,0.004328728303223521,0
0,0.0,0
0,0.0,0
0,0.0,0
0,0.00020313568278869205,0
0,0.0,0
0,0.0,0
1,0.9992900472796064,1
0,0.0,0
0,0.0,0
0,0.0,0
0,0.004519259933272672,0
0,0.0,0
0,0.00013666116860414817,0
0,0.0,0
0,0.0,0
0,0.0,0
0,0.00022927455469421405,0
0,0.00026130872447531386,0
0,0.0,0
0,0.0,0
0,0.0,0
0,0.0,0
0,0.0,0
0,0.0,0
0,4.8192769122696875e-05,0
0,0.0,0
0,0.008443365151038952,0
0,0.0,0
0,0.09092860902928031,0
0,0.0,0
1,0.9997405414883264,1
0,0.0,0
0,0.0,0
0,0.004328728303223521,0
0,0.0,0
0,0.0,0
0,0.0,0
0,0.0,0
0,0.0,0
0,0.0,0
0,0.0,0
0,0.0,0
0,0.0,0
0,0.0,0
0,0.0,0
0,0.0,0
0,0.0,0
0,0.0,0
0,0.005643232902917264,0
0,0.00013666116860414817,0
0,0.0,0
0,0.004328728303223521,0
0,0.0002728942921681308,0
0,0.021871389988640952,0
0,0.02,0
0,0.0,0
0,0.0,0
0,0.0,0
0,0.0,0
0,0.0,0
0,0.0,0
0,0.0,0
0,0.00048484848484848484,0
0,0.06167675073301251,0
0,0.0,0
0,0.0,0
0,0.00042707986167939594,0
0,0.00022927455469421405,0
0,0.005643232902917264,0
0,0.0,0
0,0.3112449710744677,0
0,0.0,0
0,0.0,0
0,0.0,0
0,0.0,0
0,0.0,0
0,0.0,0
0,0.0,0
0,0.0,0
0,0.0005555555555555556,0
0,0.0,0
0,0.0,0
0,0.0,0
0,0.0,0
0,0.00015015015015015014,0
0,0.0,0
0,0.0,0
0,0.0,0
0,0.00013666116860414817,0
0,0.00042707986167939594,0
0,0.0,0
1,0.9997528420351368,1
0,0.0,0
0,0.0,0
0,0.00045911403146049577,0
0,0.0,0
0,0.0,0
0,0.00013666116860414817,0
0,0.0,0
0,0.0,0
1,0.9709320373531758,1
0,0.0,0
0,0.0,0
0,0.006666666666666667,0
0,0.0,0
0,0.0011757642819004576,0
0,0.007916471220686701,0
0,0.0,0
0,0.22818737222911561,0
0,0.0003741683876158522,0
0,0.0,0
0,0.0,0
0,0.00022927455469421405,0
0,0.0,0
0,0.0,0
0,0.0,0
0,0.0,0
0,0.0,0
0,0.00018621973929236498,0
0,0.00022927455469421405,0
0,0.0,0
0,0.0,0
0,0.0,0
0,0.004328728303223521,0
1,0.9990614501212143,1
0,0.0,0
0,0.0,0
0,0.0,0
0,0.0,0
0,0.0,0
0,0.0,0
0,0.0,0
0,0.0,0
0,0.0,0
0,0.00037037037037037035,0
0,0.004328728303223521,0
0,0.014475111182784982,0
0,0.0,0
0,0.0,0
0,0.0,0
0,0.0,0
0,0.0,0
0,0.02666666666666667,0
0,0.0,0
0,0.0010735834559765717,0
0,0.0,0
0,0.0,0
0,0.0,0
0,0.0,0
0,0.0,0
0,0.0005555555555555556,0
0,0.0,0
0,0.12921625918508717,0
0,0.0,0
0,0.0,0
0,0.00024086012238703098,0
0,0.0,0
0,0.004328728303223521,0
0,0.0,0
0,0.0,0
0,0.0,0
0,0.0,0
0,0.0,0
1,0.9070478369500495,1
0,0.004519259933272672,0
0,0.0,0
0,0.0016536034615666135,0
0,2.8557728228701013e-05,0
0,0.0,0
0,0.0,0
0,3.824732390855861e-05,0
0,0.0,0
0,0.0,0
0,0.0,0
1,0.9992939097747783,1
0,0.004328728303223521,0
0,0.00030769387343130834,0
0,0.0,0
0,0.004328728303223521,0
0,0.004328728303223521,0
0,0.0,0
0,0.0,0
0,0.0,0
0,0.0,0
0,0.0,0
0,0.00020313568278869205,0
0,0.0,0
0,0.0,0
0,0.0,0
0,0.006666666666666667,0
0,0.0,0
0,0.004519259933272672,0
0,0.0,0
0,0.0,0
0,0.005925925925925926,0
0,0.0,0
0,0.0,0
1,0.868277195092932,1
0,0.0,0
0,0.8973563671301277,1
0,0.0,0
0,0.0,0
0,0.21450058301910066,0
0,0.0,0
0,0.0,0
0,0.17529875392790076,0
0,0.0,0
0,0.0,0
0,0.0,0
0,0.0,0
1,0.9997405414883264,1
0,0.0,0
0,0.0001711015130075922,0
0,0.0,0
0,0.0,0
0,0.0,0
0,0.0005555555555555556,0
0,0.00018621973929236498,0
0,0.0,0
0,0.0005555555555555556,0
0,0.0,0
0,0.0014616891216103303,0
0,0.0,0
0,0.0,0
1,0.9997405414883264,1
0,0.0,0
0,0.00022927455469421405,0
0,0.004519259933272672,0
0,0.0,0
0,0.0,0
0,0.0,0
0,0.0,0
0,0.00022927455469421405,0
0,0.0,0
0,0.0,0
0,0.0,0
0,0.0,0
0,0.00013666116860414817,0
0,0.027124517807613137,0
0,0.0,0
0,0.0,0
0,0.0,0
0,0.0,0
0,0.0,0
0,0.0,0
0,0.0,0
0,0.0,0
0,0.0,0
0,0.0,0
0,0.0,0
0,0.004328728303223521,0
0,0.0,0
0,0.0,0
0,3.824732390855861e-05,0
0,0.004328728303223521,0
0,0.0,0
0,0.30749882619134394,0
0,0.0,0
0,0.01735213005536828,0
0,0.0,0
0,0.0,0
0,0.0,0
0,0.3227962621205872,0
0,0.018974658553620908,0
0,0.0,0
0,0.0005555555555555556,0
0,0.0,0
1,0.9997116279350386,1
0,0.003924105217766278,0
0,0.0,0
0,0.0,0
0,0.0,0
0,0.0,0
0,0.0,0
1,0.9932000944193411,1
0,0.004328728303223521,0
0,0.0,0
0,0.0,0
0,0.0,0
0,0.0005555555555555556,0
0,0.000588985497912967,0
0,0.0,0
0,0.00030769387343130834,0
0,0.0,0
0,0.0,0
0,0.0,0
0,0.0,0
0,0.007407159675772541,0
0,0.0,0
0,4.8192769122696875e-05,0
0,0.0,0
0,0.0002728942921681308,0
0,0.0,0
0,0.0,0
0,0.0,0
0,0.0,0
0,0.0005555555555555556,0
0,0.0,0
0,0.4923182257098232,0
0,0.00013666116860414817,0
0,0.00037037037037037035,0
0,0.0,0
0,0.0,0
0,0.0,0
0,0.0,0
0,0.0,0
0,0.0,0
0,0.0032151808091657715,0
0,0.00041549429398657903,0
0,0.0,0
0,0.0,0
0,0.0,0
0,0.0,0
0,0.0,0
0,0.00307843137254902,0
0,0.0,0
0,0.0,0
0,0.0,0
0,0.0,0
0,0.00022927455469421405,0
0,0.00010472183809310246,0
0,0.0,0
0,0.0,0
0,0.0,0
0,0.0,0
0,0.0,0
0,0.0016536034615666135,0
0,0.0,0
0,0.00677706349129824,0
0,0.0,0
0,0.00013666116860414817,0
0,0.0,0
0,0.0011188254533241802,0
0,0.0,0
0,0.0,0
0,0.0,0
0,0.0,0
0,0.0,0
0,0.0,0
0,0.0,0
1,0.9997405414883264,1
0,0.0,0
0,0.0,0
0,0.0,0
0,0.0,0
0,0.0,0
0,0.0005555555555555556,0
0,0.0,0
0,0.0,0
0,0.0,0
0,0.0,0
0,0.0001711015130075922,0
0,0.0,0
0,0.0,0
0,0.00024086012238703098,0
0,0.0,0
0,0.0,0
0,0.0,0
0,0.0,0
0,0.0,0
0,0.0,0
0,0.0,0
0,0.0,0
0,0.008443365151038952,0
0,0.006690004097908148,0
0,0.0,0
0,0.0001711015130075922,0
0,0.0,0
0,0.0,0
0,0.00042707986167939594,0
0,0.0,0
0,0.0005555555555555556,0
0,0.0,0
0,0.0,0
0,0.0,0
0,0.009946160518067994,0
0,0.0,0
0,0.0,0
0,0.0,0
0,0.00037037037037037035,0
0,0.00016869533838524803,0
0,0.0,0
0,0.0,0
0,0.0,0
0,0.0,0
1,0.9747671380777043,1
0,0.0,0
0,0.0,0
0,0.0,0
0,0.0,0
0,0.0,0
0,0.0,0
0,0.0,0
0,0.0,0
0,0.0,0
0,0.0,0
0,0.0,0
0,0.01808641975308642,0
0,0.0,0
0,0.006666666666666667,0
0,0.00013666116860414817,0
0,0.02479927065694347,0
0,0.00020313568278869205,0
0,0.0,0
0,0.7332219450480899,1
0,0.0,0
0,0.0,0
0,0.0,0
0,0.0,0
0,0.15507798646704749,0
0,0.00042707986167939594,0
0,0.0,0
0,0.0,0
0,0.0,0
0,0.0,0
1,0.8538940926282599,1
0,0.0,0
0,0.0,0
0,0.0,0
0,0.0,0
1,0.9960568895121699,1
0,0.0,0
0,0.00015015015015015014,0
0,0.0,0
0,0.6885581969237418,1
0,0.0,0
0,7.21774657026178e-05,0
1,0.999196524729139,1
0,0.0571326113468461,0
0,0.0,0
0,0.0,0
0,0.0,0
0,0.1652158528849082,0
1,0.9983171131550256,1
0,0.0,0
0,0.0,0
0,0.0,0
0,0.0,0
0,0.0,0
0,0.0,0
0,0.00041549429398657903,0
0,0.0,0
0,0.013313540973462181,0
0,0.0,0
0,0.0,0
0,0.0005555555555555556,0
0,0.0,0
0,0.0,0
0,0.00024086012238703098,0
0,0.0,0
0,0.0,0
0,0.0,0
0,0.0,0
0,0.0,0
0,0.0,0
0,0.0,0
0,0.00020313568278869205,0
0,0.0,0
0,0.0,0
0,0.0,0
0,0.0,0
0,0.0,0
0,0.0,0
0,0.0,0
0,0.0,0
1,0.9959028109208341,1
0,0.026012760659819483,0
0,0.0,0
0,0.0,0
0,0.004519259933272672,0
0,0.0,0
0,0.0002728942921681308,0
0,0.00022927455469421405,0
0,0.0,0
0,0.0,0
0,0.004519259933272672,0
0,0.00020313568278869205,0
0,0.00044752846376767887,0
0,0.0,0
0,0.0002728942921681308,0
1,0.6617518472264844,1
0,0.0,0
0,0.0,0
0,0.0,0
0,0.0,0
0,0.0,0
0,0.0,0
0,0.0,0
0,0.0,0
0,0.004328728303223521,0
0,0.0,0
0,0.0,0
0,0.0,0
0,0.004328728303223521,0
0,0.0,0
0,0.0,0
0,0.0,0
0,0.0,0
0,0.0,0
0,0.0,0
0,0.0,0
0,0.0,0
0,0.0,0
0,0.00020313568278869205,0
0,0.0,0
0,0.004328728303223521,0
0,0.0,0
0,0.0,0
0,0.0,0
1,0.9988193905447504,1
0,0.0,0
0,0.0,0
0,0.0,0
0,0.0,0
0,0.0,0
0,0.06488106962718997,0
0,0.0,0
0,0.0,0
0,0.0,0
0,0.00022927455469421405,0
0,0.0002728942921681308,0
0,0.0,0
0,0.004328728303223521,0
0,0.0,0
0,0.004328728303223521,0
0,0.004328728303223521,0
0,0.0,0
0,0.0,0
0,0.0,0
0,0.0,0
0,0.0,0
0,0.0,0
0,0.0,0
0,0.0,0
0,0.029112085380621634,0
0,0.0,0
0,0.00037037037037037035,0
0,0.0,0
0,0.0008058608058608059,0
0,0.0,0
0,0.0,0
0,0.0,0
0,0.0,0
0,0.0,0
0,0.0032151808091657715,0
0,0.16328896244171476,0
0,0.00048484848484848484,0
0,0.00048484848484848484,0
0,0.0,0
0,0.6984277327140784,1
0,0.0008058608058608059,0
0,0.0,0
0,0.0,0
0,0.0,0
0,0.24087479715821328,0
0,0.0005555555555555556,0
0,0.0,0
0,0.0,0
0,0.00022927455469421405,0
0,0.0,0
0,0.00010472183809310246,0
0,0.0009638833359802168,0
0,0.0,0
0,0.0,0
0,0.0,0
0,0.0014567336211667166,0
0,0.01099539496989019,0
0,0.0003741683876158522,0
1,0.9916037837106109,1
0,0.0164765662362506,0
0,0.0,0
0,0.0,0
0,0.0,0
0,0.0,0
0,0.0,0
1,0.9997519318587589,1
0,0.0,0
0,0.0,0
0,0.0,0
0,0.00020313568278869205,0
0,0.00026130872447531386,0
0,0.0,0
0,0.0,0
0,0.040454432402383916,0
0,0.0005555555555555556,0
0,0.0005555555555555556,0
0,0.0002728942921681308,0
0,0.0,0
0,0.0,0
0,0.0,0
0,0.00020313568278869205,0
0,0.00016869533838524803,0
1,0.9995603613081462,1
1,0.9995708207148452,1
0,0.0,0
0,0.0,0
0,0.0,0
0,0.0,0
0,0.0012648192812104336,0
0,0.050565055540145426,0
0,0.0,0
0,0.0002728942921681308,0
0,0.0,0
0,0.0,0
0,0.0,0
0,0.0,0
0,0.0,0
0,0.0,0
0,0.0,0
0,0.006342134217834752,0
0,0.0,0
0,0.0,0
0,0.0,0
0,0.0,0
0,0.006222222222222223,0
0,0.0,0
0,0.00037037037037037035,0
0,0.0002728942921681308,0
0,0.0,0
0,0.0,0
0,0.0,0
0,0.0,0
1,0.8318464164497791,1
0,0.00022927455469421405,0
0,0.0,0
0,0.0,0
0,0.0,0
0,0.0,0
0,0.0,0
0,0.0002728942921681308,0
1,0.9997478970685836,1
0,0.10717112504843733,0
0,0.0,0
0,0.0,0
0,0.0,0
0,0.0,0
0,0.0002728942921681308,0
0,0.0,0
0,0.0,0
0,0.0,0
0,0.16901275105199626,0
0,0.0,0
0,0.0,0
0,0.0,0
0,0.00662691334114809,0
0,0.0,0
0,0.0,0
0,0.0,0
0,0.0,0
0,0.004328728303223521,0
1,0.9885915549691032,1
0,0.0,0
0,0.0,0
0,0.004328728303223521,0
0,0.004328728303223521,0
0,0.0,0
0,0.004328728303223521,0
0,0.0,0
0,0.0,0
0,0.0,0
0,0.004519259933272672,0
0,0.0,0
0,0.0,0
1,0.9997478970685836,1
0,0.0,0
0,0.0,0
0,0.0,0
0,0.0,0
0,0.0,0
0,0.0,0
0,0.0002728942921681308,0
0,0.0,0
0,0.0,0
0,0.0,0
0,0.0,0
0,0.0,0
1,0.9985159955757597,1
0,0.008127724537301702,0
0,0.00013666116860414817,0
0,0.0,0
0,0.0,0
0,0.0,0
0,0.00024086012238703098,0
0,0.05285337596869294,0
0,0.09132407667576817,0
0,0.0,0
0,0.00662691334114809,0
0,0.0,0
0,0.0,0
0,0.0,0
0,0.0,0
0,0.0,0
0,0.0,0
0,0.0,0
0,0.004328728303223521,0
0,0.0,0
0,0.0,0
0,0.004328728303223521,0
0,0.0,0
0,0.0,0
0,0.0,0
0,0.0,0
0,0.4726412620757651,0
1,0.9997478970685836,1
0,0.0,0
0,0.0,0
0,0.0,0
0,0.0,0
0,0.0,0
0,0.0,0
0,0.0,0
0,0.0,0
0,0.00024086012238703098,0
0,0.0,0
0,0.00057739993022015,0
0,0.0,0
0,0.0,0
0,0.0,0
0,0.0,0
0,0.0,0
0,0.0,0
0,0.004328728303223521,0
0,0.00016869533838524803,0
0,0.0,0
0,0.0,0
0,0.0,0
1,0.7829652376984094,1
0,0.0,0
0,0.0,0
0,0.0003741683876158522,0
1,0.9855101623079586,1
0,0.0,0
0,0.0,0
0,0.0002728942921681308,0
0,0.10824788988613261,0
1,0.9986205377310263,1
0,0.0,0
0,0.0001711015130075922,0
1,0.8134825278286019,1
0,0.0017626250668405466,0
0,0.0,0
0,0.0005622489959839357,0
0,0.0,0
0,0.0,0
0,0.0,0
0,0.00026130872447531386,0
0,0.0,0
0,0.0,0
0,0.0,0
0,0.0,0
0,0.0,0
0,0.05216216216216216,0
1,0.9997478970685836,1
0,0.0,0
0,0.0,0
0,0.0,0
0,0.0,0
0,0.0,0
0,0.0,0
0,0.004328728303223521,0
0,0.0,0
0,0.0,0
0,0.0,0
0,0.0,0
0,0.24641163718367445,0
0,0.0,0
0,0.0,0
0,0.005643232902917264,0
0,0.0,0
1,0.9839788447089014,1
0,0.0,0
0,0.00020313568278869205,0
0,0.0,0
0,0.0,0
0,0.0,0
0,0.0,0
0,0.0,0
0,0.17666047833968188,0
0,0.0012648192812104336,0
1,0.9992883659008758,1
0,0.0,0
0,0.00022927455469421405,0
0,0.00022927455469421405,0
0,0.0,0
0,0.0,0
0,0.0,0
0,0.0,0
0,0.00307843137254902,0
0,0.0,0
0,0.0,0
0,0.00022927455469421405,0
0,0.0,0
0,0.0,0
0,0.0,0
0,0.0,0
0,0.0,0
0,0.17855225514797746,0
0,0.00026130872447531386,0
0,0.0,0
0,0.00024086012238703098,0
0,0.0,0
0,0.0,0
0,0.00022927455469421405,0
0,0.0,0
0,0.0,0
1,0.8014759879929263,1
0,0.0,0
0,0.0,0
0,0.0,0
0,0.0920148811301981,0
0,0.0,0
0,0.0,0
0,7.268766831200264e-05,0
0,0.0,0
0,0.0,0
0,0.0,0
0,0.0,0
0,0.0,0
0,0.0,0
1,0.9997020816979216,1
0,0.00013666116860414817,0
0,0.0,0
0,0.0,0
0,0.16314396420338648,0
0,0.0,0
0,0.0,0
0,0.0,0
0,0.0,0
0,0.0,0
0,0.05116335834960773,0
1,0.6800205714645086,1
0,0.0008975683701625405,0
0,0.0,0
1,0.8272850828666843,1
0,0.00022927455469421405,0
0,0.0,0
0,0.0,0
0,0.0,0
0,0.0,0
0,0.012299270656943468,0
0,0.0,0
0,0.0,0
0,0.0,0
0,0.0,0
0,0.0,0
0,0.0,0
0,0.0,0
0,0.0,0
0,0.0,0
0,0.0,0
0,0.0,0
0,0.0,0
0,0.0,0
0,0.0,0
0,0.0,0
0,0.0010823876386950458,0
0,0.0,0
0,0.0,0
0,0.0,0
0,0.0,0
0,0.0,0
0,0.0,0
0,0.0,0
0,0.14585181333334363,0
0,0.0,0
1,0.987248577307215,1
0,0.0,0
0,0.00022927455469421405,0
0,0.00020313568278869205,0
0,0.0,0
0,0.0,0
0,0.00013666116860414817,0
0,0.0,0
0,0.0,0
0,0.0,0
0,0.0,0
1,0.973572117629451,1
0,0.0,0
0,0.00677706349129824,0
0,0.004519259933272672,0
0,0.00024086012238703098,0
0,0.0,0
0,0.0,0
0,0.00024086012238703098,0
0,0.0,0
0,0.00048484848484848484,0
0,0.07533232803882911,0
0,0.0,0
0,0.0,0
0,0.0,0
0,0.0,0
0,0.004519259933272672,0
0,0.0,0
0,0.004328728303223521,0
0,0.0,0
0,0.0,0
0,0.0,0
0,0.0,0
1,0.9742785799486421,1
0,4.0143295921517954e-05,0
0,0.0,0
0,0.0,0
0,0.0,0
1,0.9997585573711534,1
0,0.00037037037037037035,0
0,0.0,0
0,0.0,0
0,0.0,0
0,0.0,0
0,0.0,0
0,0.0,0
0,0.00013666116860414817,0
0,0.0,0
0,0.0,0
0,0.005343873517786562,0
0,0.0005622489959839357,0
0,0.0,0
0,0.0,0
1,0.9991441977325533,1
0,0.0,0
0,0.0,0
0,0.0,0
0,0.004328728303223521,0
0,0.0,0
0,0.0,0
1,0.9997488015139324,1
0,0.00022927455469421405,0
0,0.0,0
0,0.0,0
0,0.0,0
0,0.0,0
0,0.0,0
0,0.0,0
0,0.0,0
0,0.0,0
0,0.0,0
1,0.9601194138944074,1
0,0.0,0
0,0.0,0
0,0.0,0
0,0.0,0
0,0.0,0
0,0.0,0
0,0.0,0
1,0.9997476002670087,1
0,0.0,0
0,0.0005555555555555556,0
0,0.004328728303223521,0
0,0.0,0
0,0.00018621973929236498,0
0,0.0,0
0,0.0,0
0,0.0,0
0,0.00034213421783475237,0
0,0.0,0
0,0.0,0
0,0.0,0
0,0.0,0
0,0.010955641644371612,0
0,0.0,0
0,0.0,0
0,0.0,0
0,0.0,0
0,0.0,0
0,0.00022927455469421405,0
0,0.03162230861244019,0
0,0.007139286026932049,0
0,0.0,0
0,0.0,0
0,0.0,0
0,0.0,0
0,0.0,0
0,0.46079820650634523,0
0,0.0,0
0,0.0,0
0,0.0,0
0,0.0008631280257590964,0
0,0.0,0
0,0.006666666666666667,0
0,4.8192769122696875e-05,0
0,0.0,0
0,0.004328728303223521,0
0,0.0005555555555555556,0
0,0.0,0
0,0.0032151808091657715,0
0,0.0,0
0,0.0,0
0,0.0,0
0,0.0,0
0,0.0,0
0,0.0,0
0,0.0,0
0,3.158009365131221e-05,0
1,0.9732265070665364,1
0,0.00022927455469421405,0
0,0.0,0
0,0.0,0
0,0.00013666116860414817,0
0,0.0,0
0,0.00024086012238703098,0
0,0.0,0
0,0.0,0
0,0.0,0
0,0.0,0
0,0.0,0
0,0.0,0
0,0.004328728303223521,0
0,0.006571403752605976,0
0,0.00016869533838524803,0
0,0.0,0
0,0.0,0
0,0.0009638833359802168,0
0,0.0,0
0,0.0,0
1,0.9986080404438572,1
0,0.00020313568278869205,0
0,0.00024086012238703098,0
0,0.0,0
0,0.0,0
0,0.0,0
0,0.0,0
0,0.006274509803921568,0
0,0.0,0
0,0.0,0
0,4.0143295921517954e-05,0
0,0.0003741683876158522,0
0,0.004519259933272672,0
0,0.0,0
0,0.0,0
1,0.9997478970685836,1
0,0.00022927455469421405,0
0,0.0,0
0,0.0,0
0,0.0,0
0,0.0002728942921681308,0
0,0.0,0
0,0.004328728303223521,0
0,0.0,0
0,0.0,0
0,0.0,0
0,0.0,0
0,0.059550741802097275,0
0,0.00024086012238703098,0
0,0.0,0
0,0.0,0
0,0.00020313568278869205,0
0,0.0005555555555555556,0
0,0.00024086012238703098,0
0,0.0009638833359802168,0
0,0.004328728303223521,0
0,0.0,0
0,0.0,0
0,0.0,0
0,0.0,0
0,0.0005555555555555556,0
0,0.0,0
0,0.00020313568278869205,0
0,0.0,0
0,0.00020313568278869205,0
0,2.8557728228701013e-05,0
0,0.0,0
0,0.0,0
0,0.0,0
0,0.0,0
0,0.0,0
0,0.0002728942921681308,0
0,0.00024086012238703098,0
0,0.0001711015130075922,0
0,0.0,0
0,0.005833333333333334,0
0,0.00041549429398657903,0
0,0.0068356430458187695,0
0,0.0,0
0,0.0,0
0,0.0,0
0,0.0,0
0,0.0011852212712954863,0
0,0.0,0
0,0.00022927455469421405,0
0,0.0,0
0,0.0,0
0,0.00042707986167939594,0
1,0.964407095913909,1
0,0.0,0
0,0.0,0
0,0.0,0
0,0.0,0
0,0.0,0
0,0.004328728303223521,0
0,0.0,0
0,0.00026130872447531386,0
0,0.0,0
0,0.0,0
0,0.00016869533838524803,0
0,0.0,0
0,0.0,0
0,0.0,0
0,0.0,0
0,0.0,0
0,0.0,0
0,0.0,0
0,0.0,0
0,0.01245469066486639,0
0,0.0,0
0,0.0,0
0,0.0,0
0,0.00024086012238703098,0
0,0.0,0
0,0.0,0
0,0.0,0
0,0.00024086012238703098,0
0,0.0,0
0,0.0,0
0,0.0,0
0,0.00020313568278869205,0
1,0.9826891328406,1
0,0.00041549429398657903,0
0,0.0,0
0,0.00034213421783475237,0
0,0.0003741683876158522,0
0,0.0,0
0,0.00024086012238703098,0
0,0.00026130872447531386,0
0,0.0002728942921681308,0
0,0.0,0
0,0.0,0
1,0.9973316437108701,1
0,0.00026130872447531386,0
0,0.00022927455469421405,0
0,0.0,0
0,0.19669148901474978,0
0,0.2408790218894664,0
0,0.0,0
0,0.010519259933272674,0
0,0.0,0
0,0.2825675145616,0
0,0.0,0
0,0.0,0
0,0.0,0
0,0.1583561248547594,0
0,0.0,0
0,0.0,0
0,0.0,0
0,0.00013666116860414817,0
0,0.0,0
0,0.010766488413547238,0
0,0.004328728303223521,0
0,0.0,0
0,0.0,0
0,0.0,0
0,0.0,0
0,0.0,0
0,0.0,0
0,0.0,0
0,0.0,0
0,0.00022927455469421405,0
0,0.0,0
0,0.0,0
0,0.0,0
0,0.0,0
0,0.23682004666838197,0
0,0.00024086012238703098,0
0,0.0,0
0,0.0,0
0,0.0,0
0,0.01240473708593931,0
1,0.9561341248986226,1
0,0.0,0
0,0.00022927455469421405,0
0,0.0,0
0,0.00024086012238703098,0
0,0.0,0
0,0.0003741683876158522,0
0,0.0,0
0,0.0,0
0,0.0,0
1,0.9995603613081462,1
0,0.0,0
0,0.0,0
0,0.0,0
0,0.0,0
0,0.00024086012238703098,0
0,0.0005555555555555556,0
0,0.15585974903827024,0
0,0.0,0
0,0.0,0
0,0.0,0
0,0.005343873517786562,0
0,0.0,0
0,0.0,0
0,0.0,0
0,0.0,0
0,0.0,0
0,0.004328728303223521,0
0,0.0,0
0,0.0,0
0,0.0,0
1,0.9997405414883264,1
0,0.0,0
0,0.0,0
0,0.0,0
0,0.0,0
0,0.0,0
0,0.0,0
0,0.0,0
0,0.012592592592592593,0
0,0.00026130872447531386,0
0,0.0,0
0,0.0,0
0,0.00022927455469421405,0
0,0.0,0
0,0.0,0
0,0.0,0
0,0.0005555555555555556,0
0,0.03135401733697201,0
0,4.0143295921517954e-05,0
0,0.0,0
0,0.0,0
0,0.0,0
0,0.0005555555555555556,0
0,0.0,0
0,0.00024086012238703098,0
0,0.0,0
0,0.0016877637130801688,0
0,0.0,0
0,0.0,0
0,0.004328728303223521,0
0,0.0,0
0,0.00020313568278869205,0
0,0.0,0
0,0.0,0
0,0.12017838451811386,0
0,0.0,0
0,0.00020313568278869205,0
0,0.0,0
0,0.0,0
0,0.0,0
0,0.008963704377717117,0
0,0.0,0
0,0.004328728303223521,0
0,0.0,0
0,0.0,0
0,0.00022927455469421405,0
0,0.0,0
0,0.00024086012238703098,0
0,0.0806369002980233,0
0,0.00020313568278869205,0
0,0.0,0
0,0.0,0
0,0.0,0
0,0.0,0
0,0.0,0
0,0.0005555555555555556,0
0,0.0,0
0,0.0,0
0,0.01968707701574937,0
0,0.0,0
0,0.0,0
1,0.985855078415492,1
0,0.0,0
0,0.0,0
0,0.010496491461118258,0
0,0.0009638833359802168,0
0,0.0,0
0,0.0,0
0,0.0,0
0,0.0,0
1,0.9997405414883264,1
0,0.0,0
0,0.0,0
0,0.0,0
0,0.002169833732487627,0
0,0.00307843137254902,0
0,0.00018621973929236498,0
0,0.0,0
0,0.0,0
0,0.005643232902917264,0
0,0.0,0
0,0.0,0
0,0.0,0
0,0.0,0
0,0.0,0
0,0.0,0
0,0.0,0
0,0.0,0
0,0.0,0
0,0.0,0
0,0.0,0
0,0.0,0
0,0.00024086012238703098,0
0,0.0,0
0,0.0,0
0,0.12144333256771636,0
0,0.00048484848484848484,0
0,0.008127724537301702,0
0,0.0,0
0,0.0,0
0,0.0,0
0,0.0,0
0,0.0,0
1,0.9997478970685836,1
0,0.0,0
0,0.3672158390891676,0
0,0.0,0
0,0.0002728942921681308,0
1,0.9984842210346917,1
0,0.006666666666666667,0
0,0.0,0
0,0.15346180918087884,0
0,0.0,0
0,0.0001711015130075922,0
0,0.0002728942921681308,0
0,0.0,0
0,0.0006745311962035134,0
0,0.0,0
1,0.9895805599948081,1
0,0.00024086012238703098,0
0,0.0005622489959839357,0
0,0.0,0
0,0.00020313568278869205,0
0,0.0,0
0,0.0003741683876158522,0
0,0.0,0
0,0.0,0
0,0.00015015015015015014,0
0,0.0,0
0,0.0,0
0,0.0,0
0,0.0,0
0,0.0,0
0,0.0,0
0,0.00024086012238703098,0
0,0.0,0
0,0.0,0
0,0.0,0
0,0.0,0
0,0.00022927455469421405,0
0,0.005343873517786562,0
0,0.0,0
0,0.8039511406068246,1
0,0.00022927455469421405,0
0,0.00013666116860414817,0
0,0.0005555555555555556,0
0,0.001428178916959966,0
0,0.07535180796370412,0
0,0.0,0
0,0.0,0
0,0.0,0
0,0.00024086012238703098,0
0,0.0,0
0,0.0,0
0,0.0,0
0,0.004328728303223521,0
0,0.0,0
0,0.0,0
0,0.0,0
0,0.0,0
1,0.9920888022830864,1
0,0.0,0
0,0.0,0
0,0.1170476507213115,0
0,0.0,0
0,0.0012648192812104336,0
1,0.7037067896773955,1
0,0.0,0
0,0.6947997021814524,1
0,0.0005555555555555556,0
0,0.011833333333333333,0
0,0.09463332627430177,0
0,0.00024086012238703098,0
0,0.0,0
0,0.0,0
0,0.0002728942921681308,0
0,0.0,0
0,0.0,0
0,2.8557728228701013e-05,0
0,0.00020313568278869205,0
0,0.0,0
0,0.042610450043956645,0
0,0.0,0
0,0.0,0
0,0.0,0
0,0.0,0
0,0.0,0
1,0.996628026400226,1
1,0.996920150589263,1
0,0.23143556863016115,0
0,0.00022927455469421405,0
0,0.0,0
0,0.00024086012238703098,0
0,0.0,0
0,0.00020313568278869205,0
0,0.0,0
0,0.0008975683701625405,0
1,0.9997478970685836,1
0,0.0,0
0,0.0,0
0,0.0,0
0,0.0,0
0,0.0,0
0,0.0,0
0,0.0,0
0,0.0008058608058608059,0
1,0.9773354662727602,1
0,0.0,0
0,0.0,0
0,0.0,0
0,0.0,0
0,0.33302120860179535,0
0,0.0,0
0,0.00024086012238703098,0
0,0.00022927455469421405,0
0,0.00013666116860414817,0
0,0.0,0
0,0.0,0
0,0.004328728303223521,0
0,0.0,0
0,0.0,0
0,0.0,0
0,0.0,0
0,0.0,0
0,0.0,0
0,4.0143295921517954e-05,0
0,0.0,0
0,0.0,0
0,0.0001711015130075922,0
0,0.0,0
0,0.00022927455469421405,0
1,0.9997405414883264,1
0,0.06004200294064104,0
0,0.0,0
0,0.0,0
0,0.0,0
0,0.0,0
0,0.0,0
0,0.008127724537301702,0
0,0.00013666116860414817,0
0,0.0,0
0,0.0,0
0,0.0,0
0,0.00048484848484848484,0
0,0.0,0
0,0.0,0
0,0.0,0
0,0.17324630851123163,0
0,0.0,0
0,0.0,0
0,0.0012648192812104336,0
0,0.0,0
0,0.0,0
0,0.2510514790539662,0
0,0.0,0
0,0.004328728303223521,0
0,0.00024086012238703098,0
0,0.0,0
0,0.0,0
1,0.9997237972245231,1
0,0.00016869533838524803,0
0,0.0,0
0,0.005643232902917264,0
0,0.0,0
0,0.0,0
0,0.0,0
1,0.8259780356875321,1
0,0.0,0
0,0.0,0
0,0.013238070419272642,0
0,8.703220191470844e-05,0
0,0.0,0
0,0.0,0
0,0.0,0
0,0.0005555555555555556,0
0,0.0,0
1,0.9997405414883264,1
0,0.0,0
0,0.0032151808091657715,0
0,0.0002728942921681308,0
0,0.0,0
0,0.0,0
0,0.008443365151038952,0
0,0.00057739993022015,0
0,0.0,0
0,0.0,0
0,0.0,0
0,0.0,0
0,0.008127724537301702,0
0,0.0,0
1,0.9010274527203787,1
0,0.0,0
1,0.9997405414883264,1
0,0.00020313568278869205,0
0,0.0019545394067968297,0
1,0.9997405414883264,1
1,0.9902544306578157,1
0,0.0,0
0,0.0,0
0,0.0,0
0,0.0,0
0,0.0009638833359802168,0
0,0.0,0
0,0.00013666116860414817,0
0,0.0,0
0,0.0,0
0,0.0,0
0,0.0002728942921681308,0
0,0.0,0
0,0.0,0
0,0.0,0
0,0.0002728942921681308,0
0,0.0,0
0,0.0,0
0,0.0,0
0,0.0,0
0,0.0,0
1,0.9988193905447504,1
0,0.0,0
0,0.0,0
0,0.0,0
0,0.0,0
0,0.0,0
0,0.0,0
0,0.00013666116860414817,0
0,0.0,0
0,0.0,0
0,0.00016869533838524803,0
1,0.9992448700071648,1
0,0.0,0
0,0.0,0
0,0.0,0
0,0.0,0
0,0.0,0
0,0.0,0
0,0.0,0
0,0.0,0
0,0.006666666666666667,0
0,0.0,0
0,0.0,0
0,0.0,0
0,0.0,0
0,0.0,0
0,0.00024086012238703098,0
0,0.0,0
0,0.006666666666666667,0
0,0.15982767450189936,0
0,0.0,0
0,4.0143295921517954e-05,0
0,0.0,0
0,0.000588985497912967,0
0,0.0,0
0,0.0,0
0,0.0,0
0,0.0,0
1,0.9997478970685836,1
0,0.0,0
0,0.0,0
0,0.00020313568278869205,0
0,0.0,0
0,0.00010472183809310246,0
0,0.0,0
0,0.0,0
0,0.0,0
0,0.0,0
0,0.00024086012238703098,0
0,0.0,0
0,0.0,0
0,0.0,0
0,0.0,0
0,0.00013666116860414817,0
1,0.9981651035262261,1
0,0.0,0
0,0.0,0
0,0.008443365151038952,0
0,0.0,0
0,0.0,0
0,0.0,0
0,0.0,0
0,0.0016536034615666135,0
0,0.0,0
0,0.0,0
0,0.008127724537301702,0
0,0.0,0
0,0.00024086012238703098,0
0,0.008127724537301702,0
0,0.0,0
0,0.03775115928662069,0
0,0.0,0
0,0.0,0
0,0.0,0
0,0.0,0
0,0.33351079758957053,0
0,0.00024086012238703098,0
0,0.00030769387343130834,0
0,0.0,0
0,0.0,0
0,0.00016869533838524803,0
1,0.9787920543589352,1
1,0.9906469803003682,1
0,0.0,0
0,0.00020313568278869205,0
0,0.0002728942921681308,0
0,0.0,0
1,0.9992883659008758,1
0,0.0,0
0,0.0,0
0,0.0,0
0,0.0,0
0,0.0,0
0,0.0,0
0,0.0,0
0,0.0,0
0,0.00022927455469421405,0
0,0.0,0
0,0.0,0
0,0.00048484848484848484,0
0,0.00020313568278869205,0
0,0.0,0
1,0.8972132492030043,1
0,0.0005555555555555556,0
0,0.00022927455469421405,0
0,0.0,0
0,0.0,0
0,0.0,0
0,0.00013666116860414817,0
1,0.9825813712914593,1
0,0.0,0
0,0.0,0
0,0.11922459179491768,0
0,0.00020313568278869205,0
0,0.0,0
0,0.0,0
0,0.0,0
0,0.0,0
0,0.0,0
0,0.0002728942921681308,0
0,0.0,0
0,0.0,0
0,0.0,0
0,0.0,0
0,0.013333333333333334,0
0,0.0,0
0,0.0,0
0,0.0,0
0,4.0143295921517954e-05,0
1,0.9998543352658722,1
0,0.0,0
0,0.01125,0
1,0.9974826550960876,1
0,0.0,0
0,0.0,0
0,0.0,0
0,0.0,0
0,0.0,0
0,0.0,0
0,0.0,0
0,0.0,0
0,0.00048484848484848484,0
0,0.0,0
0,0.0001711015130075922,0
0,0.0001711015130075922,0
0,0.0,0
0,0.0,0
0,0.0,0
0,0.0,0
0,0.0,0
0,0.0003741683876158522,0
0,0.0,0
0,0.0,0
0,0.0,0
0,2.8557728228701013e-05,0
0,0.02972462722462722,0
0,0.0,0
0,0.0032151808091657715,0
0,0.0,0
0,0.0,0
0,0.0,0
0,0.0,0
0,0.0,0
0,0.00013666116860414817,0
0,0.0,0
0,0.0,0
0,0.0,0
0,0.0,0
0,0.0,0
0,0.005333333333333334,0
0,6.059189800980085e-05,0
0,0.00024086012238703098,0
0,0.0,0
0,0.0,0
0,0.0,0
0,0.006307693873431308,0
0,0.0,0
0,0.011185926599939338,0
0,0.0,0
0,0.0,0
0,0.0,0
0,0.0,0
0,0.0,0
0,0.0,0
0,0.006153846153846154,0
0,0.0,0
0,0.0,0
0,0.0,0
0,0.005555555555555556,0
0,0.0,0
0,0.00022927455469421405,0
0,0.006503784358615782,0
0,0.0,0
0,0.0,0
0,0.0,0
1,0.9847899678727551,1
0,0.0,0
0,0.00044752846376767887,0
0,0.027462188107724106,0
0,0.0,0
0,0.0,0
0,0.0,0
0,0.0,0
0,0.006190476190476191,0
0,0.0,0
0,0.0,0
0,0.15373280543436976,0
0,0.0,0
1,0.9878889205720405,1
0,0.04311027504400999,0
0,0.0,0
0,0.0,0
0,0.0,0
0,0.0,0
0,0.0,0
0,0.0,0
0,0.0,0
0,0.0,0
0,0.013889374540710311,0
0,0.0,0
0,0.0,0
0,0.0,0
0,0.47241837449594953,0
0,0.0,0
0,0.0,0
0,0.0,0
0,0.0,0
0,0.0,0
0,0.0,0
0,0.0,0
0,0.0,0
0,0.0,0
0,0.0,0
0,0.010750000000000001,0
0,0.0,0
1,0.9813747570580242,1
0,0.004519259933272672,0
0,0.0,0
0,0.0,0
0,0.00037037037037037035,0
0,0.0,0
0,0.0,0
0,0.0,0
0,0.0,0
0,0.0,0
0,0.0,0
0,0.0,0
0,0.0,0
1,0.8102115730398111,1
0,0.0,0
0,0.0,0
0,0.00022927455469421405,0
0,0.0,0
0,0.0,0
0,0.00024086012238703098,0
0,0.0,0
0,0.0,0
0,0.006666666666666667,0
0,0.0,0
0,0.0,0
0,0.0,0
0,0.00048484848484848484,0
1,0.9991387628296076,1
0,0.0,0
1,0.9864243571866522,1
0,0.0001711015130075922,0
0,0.010256417245922493,0
0,0.0,0
0,0.0,0
0,0.0,0
0,0.00016869533838524803,0
0,0.0,0
0,0.0,0
0,0.0,0
0,0.0003741683876158522,0
0,0.0,0
0,0.0,0
0,0.00013666116860414817,0
0,0.0005555555555555556,0
0,0.0,0
0,0.0,0
0,0.0,0
0,0.0,0
0,0.0,0
0,0.0,0
0,0.0,0
0,0.0,0
0,0.00015015015015015014,0
0,0.0001711015130075922,0
0,0.1283650186985088,0
0,4.8192769122696875e-05,0
0,0.08097291916890512,0
0,0.0,0
0,0.0,0
0,0.20143240219401135,0
0,0.0,0
0,0.0,0
0,0.0,0
0,0.0,0
0,0.0,0
0,0.0,0
0,0.00013666116860414817,0
0,0.0,0
0,0.0,0
0,0.0,0
0,0.0,0
0,0.0,0
0,0.012721219269412843,0
0,0.0,0
0,0.0,0
1,0.9920247213863229,1
0,0.0,0
0,0.0,0
0,0.0,0
0,0.0,0
0,0.0,0
0,0.0,0
0,0.0,0
0,0.0,0
1,0.9997395780971895,1
0,0.08961875882345968,0
0,0.0,0
0,0.004761904761904762,0
0,0.0,0
0,0.0,0
0,0.0,0
0,0.00024086012238703098,0
0,0.0,0
0,0.0,0
0,0.0008631280257590964,0
0,0.0001711015130075922,0
0,0.0,0
0,0.0,0
0,0.018017153342573002,0
0,0.0,0
0,0.0,0
0,0.0,0
0,0.0032151808091657715,0
0,0.004519259933272672,0
0,0.0,0
0,0.00018621973929236498,0
0,0.0002728942921681308,0
0,0.0,0
0,0.0006459243264892443,0
0,0.0,0
0,0.0,0
0,0.0,0
0,0.004328728303223521,0
0,0.0,0
0,0.0,0
0,0.005555555555555556,0
0,0.0,0
0,0.0,0
0,0.00024086012238703098,0
0,0.0,0
0,0.0,0
0,4.8192769122696875e-05,0
0,0.004519259933272672,0
0,0.0,0
0,0.00016869533838524803,0
0,0.0,0
0,0.0,0
0,0.0,0
1,0.9989431273592275,1
0,0.0,0
0,0.0,0
1,0.9997400856229003,1
0,0.0,0
0,0.004519259933272672,0
0,0.0,0
0,0.0,0
0,0.0,0
0,0.0,0
0,0.0,0
0,0.0,0
0,0.0,0
0,0.0,0
0,0.0032151808091657715,0
0,0.0,0
0,0.0,0
0,0.0,0
0,0.0,0
0,0.0,0
0,0.0,0
0,0.0,0
0,0.0,0
0,0.0,0
0,0.004519259933272672,0
0,0.0,0
0,0.0,0
0,0.0,0
0,0.0,0
0,0.0005555555555555556,0
0,0.0,0
0,0.0,0
0,0.0,0
0,0.0,0
0,0.0,0
0,0.0,0
0,0.00016869533838524803,0
0,0.0,0
0,0.0,0
0,0.0,0
0,0.0,0
0,0.0,0
0,0.004328728303223521,0
0,0.0,0
0,0.00024086012238703098,0
0,0.0009303731313298527,0
0,0.0011947290026921545,0
0,0.0,0
0,0.0,0
0,0.0,0
0,0.0,0
0,0.0,0
0,0.0,0
0,0.0001711015130075922,0
0,0.0,0
0,0.00375,0
0,0.0,0
0,0.0,0
0,0.0,0
0,0.0,0
0,0.48892733781322295,0
0,0.0,0
0,0.00010472183809310246,0
0,0.00048484848484848484,0
0,0.0002728942921681308,0
0,0.0,0
0,0.00024086012238703098,0
0,0.0,0
0,0.00020313568278869205,0
0,0.01215686274509804,0
0,0.0,0
0,0.0,0
0,0.0,0
0,0.0,0
0,0.019055576076533444,0
0,0.0,0
0,0.006,0
0,0.0,0
0,0.0,0
0,0.031238070419272644,0
0,0.0,0
0,0.0,0
0,0.030252138317875748,0
0,0.0072946291025922545,0
0,0.0,0
0,0.0002728942921681308,0
0,0.0,0
0,0.0,0
0,0.0,0
0,0.0,0
0,0.0,0
0,0.0008058608058608059,0
0,0.0,0
0,0.17258318459102656,0
0,0.00016869533838524803,0
0,0.0009303731313298527,0
0,0.004328728303223521,0
1,0.9997405414883264,1
0,0.0,0
0,0.0,0
0,0.0,0
0,0.0,0
0,0.00022927455469421405,0
0,0.0,0
0,0.0009638833359802168,0
0,0.0,0
0,0.0,0
0,0.0,0
0,0.139817109055719,0
0,0.0,0
0,0.0,0
0,0.00013666116860414817,0
0,0.0,0
0,0.0,0
0,0.0,0
0,0.00030769387343130834,0
0,0.0,0
0,0.004531476646359152,0
0,0.0,0
0,0.0,0
0,0.0,0
0,0.0,0
0,0.12083349455660984,0
0,0.0,0
0,0.0,0
0,0.0,0
0,0.0,0
0,0.0,0
0,0.00013666116860414817,0
0,0.011658545960204722,0
0,0.0,0
0,0.004328728303223521,0
0,0.0,0
0,0.0,0
0,0.0,0
0,0.0,0
1,0.9997405414883264,1
0,0.0,0
0,0.0,0
1,0.9931827205536837,1
1,0.9972289370113472,1
0,0.0,0
0,0.00022927455469421405,0
0,0.0,0
0,0.00013666116860414817,0
0,0.0,0
0,0.004328728303223521,0
0,0.0008058608058608059,0
0,0.0,0
0,0.0,0
0,0.0,0
0,0.0,0
0,0.0,0
0,0.0,0
0,0.0,0
0,0.0,0
0,0.0,0
0,0.0,0
0,0.0,0
0,0.0,0
0,0.0,0
0,0.0,0
0,0.0,0
0,0.0,0
0,0.005643232902917264,0
0,0.0032151808091657715,0
0,0.0009638833359802168,0
0,0.0,0
0,0.0,0
0,0.0,0
0,0.0,0
1,0.9850785685910595,1
0,0.0,0
0,0.0,0
0,0.0,0
0,0.0,0
1,0.9971413945109491,1
0,0.0,0
0,0.00020313568278869205,0
0,0.0,0
0,0.0,0
0,0.0,0
0,0.0,0
0,0.0,0
0,0.0,0
0,0.0,0
0,0.0,0
0,0.0,0
1,0.9988193905447504,1
0,0.0,0
0,0.00022927455469421405,0
0,0.0,0
0,0.0,0
0,0.0,0
0,0.00024086012238703098,0
0,0.0002728942921681308,0
0,0.011936507936507936,0
0,0.0,0
0,0.003924105217766278,0
0,0.004818520298173308,0
0,0.0,0
0,0.0,0
0,3.158009365131221e-05,0
0,0.0,0
0,0.0,0
0,0.0,0
0,0.004328728303223521,0
0,0.0,0
0,0.0,0
0,0.1702139658944197,0
0,0.0,0
0,0.0,0
0,0.0,0
0,0.00020313568278869205,0
0,0.0,0
0,0.0,0
0,0.0,0
0,0.17609440193828435,0
0,0.0,0
0,0.008127724537301702,0
0,0.0,0
0,0.0,0
0,0.00048484848484848484,0
0,0.0,0
0,0.004519259933272672,0
0,0.0,0
1,0.9979794347355623,1
0,0.0,0
0,0.00022927455469421405,0
0,0.0,0
0,0.0,0
0,0.00016869533838524803,0
0,0.0,0
0,3.824732390855861e-05,0
0,0.0,0
0,0.0,0
0,0.004328728303223521,0
0,0.0,0
0,0.0,0
0,0.0032151808091657715,0
1,0.9981827986636671,1
0,0.0,0
0,0.0,0
0,0.0,0
1,0.9986205377310263,1
0,0.00266763951811774,0
0,0.0,0
0,0.008127724537301702,0
0,0.0,0
0,0.0001711015130075922,0
0,0.0,0
0,0.0,0
0,0.0,0
0,0.00024086012238703098,0
1,0.9992322814130644,1
0,0.0,0
0,0.004328728303223521,0
0,0.0,0
0,0.0,0
0,0.0,0
0,0.0,0
0,0.0,0
0,0.0,0
0,0.0032151808091657715,0
0,0.0,0
0,0.0,0
0,0.0,0
0,0.0,0
0,0.0,0
0,0.0,0
0,0.006571403752605976,0
0,0.00020313568278869205,0
0,0.0,0
0,0.0,0
0,0.0,0
0,0.0,0
0,0.0,0
1,0.9934165645814047,1
0,0.0,0
0,0.022482222896235637,0
0,0.0,0
0,0.0,0
0,0.00024086012238703098,0
0,0.0,0
0,0.00018621973929236498,0
0,0.0,0
0,0.0,0
0,0.0,0
0,0.0,0
0,0.0,0
0,0.0,0
0,0.0009638833359802168,0
0,0.0,0
0,0.05447189362284889,0
0,0.0,0
0,0.00016869533838524803,0
0,0.0,0
0,0.007387615047536256,0
0,0.0,0
0,0.13074402032392826,0
0,0.0,0
0,0.0,0
0,0.00020313568278869205,0
0,0.0,0
0,0.0,0
0,0.0,0
1,0.9995231974314873,1
0,0.00013666116860414817,0
0,0.0,0
0,0.0,0
0,0.07325238051638895,0
0,0.0,0
0,0.00016869533838524803,0
0,0.0,0
0,0.0,0
0,0.0,0
0,0.0,0
0,0.00037037037037037035,0
0,0.0,0
0,0.00020313568278869205,0
0,0.0,0
0,0.0,0
0,0.004328728303223521,0
0,0.0,0
0,0.0,0
0,0.0,0
0,0.0,0
0,0.0,0
0,0.0,0
0,0.0,0
0,0.25819188422113915,0
0,0.0,0
0,0.0,0
0,0.0,0
0,0.00022927455469421405,0
0,0.0,0
0,0.006666666666666667,0
1,0.9989961335797748,1
0,0.00018621973929236498,0
0,0.00016869533838524803,0
0,0.00030769387343130834,0
0,0.0,0
0,0.00057739993022015,0
0,0.0,0
0,0.005490196078431373,0
0,0.0,0
1,0.9997405414883264,1
0,0.0001711015130075922,0
0,0.0,0
0,0.0,0
0,0.00034213421783475237,0
0,0.0,0
0,0.00020313568278869205,0
0,0.00024086012238703098,0
0,0.0,0
0,0.07192873718928552,0
0,0.0032151808091657715,0
0,0.004328728303223521,0
0,0.0,0
0,0.0,0
0,0.0746326073953859,0
0,0.0,0
0,0.0,0
1,0.0,0
0,0.0,0
0,0.0,0
0,0.00024086012238703098,0
0,0.0,0
0,0.0,0
0,0.0,0
0,0.0002728942921681308,0
0,0.0,0
0,0.0,0
0,0.0,0
0,0.00013666116860414817,0
0,0.0,0
0,0.0,0
0,7.21774657026178e-05,0
0,0.0,0
0,0.007139286026932049,0
0,0.0,0
0,0.0,0
0,0.0,0
0,0.0,0
0,0.0,0
0,0.0002728942921681308,0
0,0.0,0
0,0.0,0
0,0.0,0
0,0.0,0
0,0.0,0
0,0.0,0
0,0.0,0
0,0.0,0
0,0.0,0
0,0.0,0
0,0.0,0
0,0.0,0
0,0.0,0
0,0.0,0
0,0.004328728303223521,0
0,0.060960182473246194,0
0,0.0,0
1,0.9998493872203501,1
0,0.0,0
0,0.0,0
0,0.00020313568278869205,0
0,0.12445613485337151,0
0,0.0,0
0,0.0011213573315330561,0
0,0.0,0
0,0.00016869533838524803,0
0,0.0,0
1,0.9997528420351368,1
0,0.0,0
0,0.0002728942921681308,0
0,0.0,0
0,0.004519259933272672,0
0,0.0,0
0,0.0,0
0,0.00022927455469421405,0
0,0.0,0
0,0.0,0
0,0.00022927455469421405,0
0,0.0,0
0,0.0,0
0,0.0,0
0,0.0,0
1,0.9997405414883264,1
0,4.8192769122696875e-05,0
0,0.004519259933272672,0
0,0.0,0
0,0.0,0
0,0.036099437599437595,0
0,0.0,0
0,0.0,0
0,0.0,0
0,0.0,0
0,0.0,0
0,0.24222834491844977,0
0,0.0,0
0,0.0,0
0,0.0,0
0,0.0,0
0,0.00024086012238703098,0
0,0.0,0
0,0.0009638833359802168,0
0,0.0,0
0,0.011145910165184004,0
0,0.00013666116860414817,0
0,0.0,0
0,0.0,0
0,0.00020313568278869205,0
0,0.0,0
0,0.0,0
0,0.0014616891216103303,0
0,0.0,0
0,0.0,0
0,0.0,0
0,7.028149368965844e-05,0
0,0.0,0
0,0.0,0
0,0.0,0
0,0.0,0
0,0.0,0
0,0.0002728942921681308,0
0,0.0,0
0,0.00030769387343130834,0
0,0.0,0
0,0.006004434846340926,0
0,0.6893411846482159,1
0,0.0,0
0,0.0,0
0,0.0,0
0,0.2698202236176285,0
0,0.00662691334114809,0
0,0.004328728303223521,0
0,0.0,0
0,0.0,0
0,0.0,0
0,0.00041549429398657903,0
0,0.00024086012238703098,0
0,0.0,0
0,0.002169833732487627,0
0,0.00020313568278869205,0
0,0.0014616891216103303,0
0,0.0,0
0,0.0,0
0,0.0,0
0,0.0,0
0,0.0,0
0,0.0,0
0,0.17028772058320227,0
0,0.0,0
0,0.0,0
1,0.8456804069060134,1
0,0.0009638833359802168,0
0,0.0,0
0,0.0,0
0,0.0,0
0,0.0,0
0,0.010519259933272674,0
0,0.00013666116860414817,0
0,0.0008058608058608059,0
0,0.00016869533838524803,0
0,0.0,0
1,0.9997576905199853,1
0,0.0,0
0,0.00024086012238703098,0
0,0.0,0
0,0.0,0
0,0.0,0
0,0.008127724537301702,0
0,0.0,0
0,0.0,0
0,0.0,0
0,0.00026130872447531386,0
1,0.9997478970685836,1
0,0.0,0
0,0.0,0
0,0.0,0
0,0.0,0
0,0.0,0
0,0.0,0
0,0.30746625926983234,0
0,0.0,0
0,0.0,0
0,0.00020313568278869205,0
0,0.0,0
0,0.0016666666666666668,0
1,0.9997405414883264,1
1,0.9984103198420988,1
0,0.0,0
0,0.0,0
0,0.0,0
0,0.0,0
0,0.0,0
0,0.00022927455469421405,0
0,0.0,0
1,0.9997405414883264,1
0,0.0,0
0,0.0017626250668405466,0
0,0.0,0
0,0.0032151808091657715,0
0,0.029650829736903955,0
0,0.03676190476190476,0
0,0.0,0
0,0.0,0
0,0.00010472183809310246,0
0,0.0,0
0,0.0,0
0,0.004328728303223521,0
0,0.008642081393961092,0
0,0.0,0
0,0.0,0
0,0.0,0
0,0.00020313568278869205,0
0,0.0,0
0,3.158009365131221e-05,0
0,0.004519259933272672,0
0,0.0011213573315330561,0
0,0.0,0
0,0.0,0
0,0.0,0
0,0.00013666116860414817,0
1,0.9997534252182152,1
0,0.0003741683876158522,0
0,0.0,0
0,0.0,0
0,0.0,0
0,0.0,0
0,0.0,0
0,0.00024086012238703098,0
0,0.04449817179394939,0
0,0.00013666116860414817,0
1,0.9879105379938369,1
0,0.0,0
0,0.00048484848484848484,0
0,0.0,0
0,0.0,0
0,0.0,0
0,0.005,0
0,0.0,0
0,0.00030769387343130834,0
0,0.0005622489959839357,0
0,0.0,0
0,6.63828555256073e-05,0
0,0.004328728303223521,0
0,0.0,0
0,0.0,0
0,0.0,0
1,0.882568229267003,1
0,0.0,0
0,0.0011557976759365002,0
0,0.0,0
0,0.0003741683876158522,0
0,0.0,0
0,0.10209335884333581,0
0,0.008127724537301702,0
0,0.051302885708231,0
0,0.00024086012238703098,0
0,0.0,0
0,0.0,0
0,0.0011557976759365002,0
0,0.00020313568278869205,0
0,0.0,0
0,0.0,0
0,0.0,0
0,0.00030769387343130834,0
0,0.0,0
0,0.0,0
0,0.0,0
0,0.0,0
1,0.9992766519337158,1
0,0.0,0
0,0.0,0
0,0.0,0
0,0.0,0
0,0.0,0
0,0.0,0
0,0.19784846588258703,0
0,0.051905637145185875,0
0,0.0,0
0,0.0,0
0,0.0,0
0,0.361719097206648,0
0,0.0,0
0,0.0009638833359802168,0
0,0.0,0
0,7.268766831200264e-05,0
0,0.0,0
0,0.0,0
0,0.0,0
0,0.00022927455469421405,0
0,0.00024086012238703098,0
0,0.0,0
0,0.0,0
0,0.0,0
0,0.0,0
0,0.00026130872447531386,0
0,0.0,0
1,0.9047107403862985,1
0,0.0,0
0,0.0,0
0,0.0,0
0,0.013333333333333334,0
0,0.23672639444727858,0
0,0.09092324505438741,0
0,0.012175925925925925,0
0,0.00048484848484848484,0
0,0.0,0
0,0.0005622489959839357,0
0,0.0,0
0,0.00020313568278869205,0
0,0.0,0
0,0.0,0
0,0.0,0
0,0.0,0
0,0.004328728303223521,0
0,0.008443365151038952,0
0,0.0,0
0,0.08302858483689472,0
0,0.0,0
1,0.9997405414883264,1
0,0.00024086012238703098,0
0,0.0002728942921681308,0
0,0.0,0
0,0.0,0
0,0.0,0
1,0.9991331169942396,1
0,0.06665647298674822,0
0,0.0,0
0,0.0,0
0,0.0003741683876158522,0
0,0.0,0
0,0.0,0
0,0.0,0
0,0.0,0
0,0.0,0
0,0.00020313568278869205,0
0,0.0,0
0,0.0,0
0,0.0,0
0,0.006666666666666667,0
0,0.0,0
0,0.0,0
0,0.0,0
0,0.0,0
0,0.0,0
0,0.17862857851127584,0
0,0.006349206349206349,0
0,0.02683687928913671,0
0,0.07552283749082281,0
0,0.0,0
0,0.00024086012238703098,0
0,0.00024086012238703098,0
0,0.0,0
0,0.0,0
0,0.0,0
0,0.0,0
0,0.0,0
0,0.0,0
0,0.0,0
0,0.0,0
0,0.006666666666666667,0
1,0.9996520124566655,1
0,0.0,0
0,0.0,0
0,0.007044746603166016,0
0,0.0,0
0,0.0,0
0,0.0,0
0,0.0,0
0,0.0,0
0,0.0,0
0,0.004328728303223521,0
0,0.0,0
0,0.00022927455469421405,0
0,0.0,0
0,0.0,0
0,0.0,0
0,0.0,0
0,0.0,0
0,0.0,0
0,0.0,0
0,0.004328728303223521,0
0,0.0,0
0,0.0005283539571271173,0
0,0.004328728303223521,0
0,0.0005555555555555556,0
0,0.0,0
0,0.0,0
0,0.06889249196334181,0
0,0.0,0
0,0.0,0
0,0.0,0
0,0.0,0
0,0.0,0
0,0.0,0
0,0.0,0
0,0.0,0
0,0.00020313568278869205,0
0,0.0,0
0,0.0,0
0,0.004328728303223521,0
0,0.0,0
0,0.004328728303223521,0
0,0.0,0
0,0.005670033670033671,0
1,0.892445096543604,1
0,0.0,0
0,0.6483932791304103,1
0,0.0,0
0,0.0,0
0,0.00024086012238703098,0
0,0.0,0
0,0.004328728303223521,0
0,0.0005555555555555556,0
0,0.0,0
0,0.00024086012238703098,0
0,0.0,0
0,0.0,0
0,0.0,0
0,0.0,0
0,0.0,0
0,0.0,0
0,0.0,0
0,0.0,0
0,0.0,0
0,0.0,0
0,0.00024086012238703098,0
0,0.0,0
0,0.0,0
0,0.0,0
0,0.0,0
0,0.0,0
0,0.0005555555555555556,0
0,0.0,0
0,0.0002728942921681308,0
0,0.0,0
0,0.0,0
0,0.0,0
0,0.0016536034615666135,0
0,8.703220191470844e-05,0
0,0.00013666116860414817,0
0,0.0,0
0,0.017163158127784926,0
0,0.05552490973439895,0
0,0.0,0
0,0.10656435266014816,0
0,0.0001711015130075922,0
0,0.0,0
0,0.012299270656943468,0
0,0.0,0
0,0.0,0
0,0.0,0
0,0.008127724537301702,0
0,0.0,0
0,0.0,0
0,0.0,0
0,0.46430104797370425,0
0,0.0,0
0,0.0,0
0,0.0,0
0,0.07859227245580261,0
0,0.0,0
0,0.0,0
0,0.0,0
0,0.0,0
0,0.0,0
1,0.9997585573711534,1
0,0.0,0
0,0.0,0
0,0.004328728303223521,0
0,0.0,0
0,0.0,0
0,0.0,0
0,0.0,0
0,0.0,0
0,0.15162293901837476,0
0,0.0,0
0,0.0,0
0,0.0,0
0,0.0001711015130075922,0
0,0.0,0
0,0.0,0
0,0.0,0
0,0.0,0
0,0.0,0
0,0.0,0
0,8.703220191470844e-05,0
0,0.0,0
0,0.0,0
0,0.0,0
0,0.0,0
0,0.00024086012238703098,0
0,0.0,0
0,0.0,0
0,0.004328728303223521,0
0,0.0005622489959839357,0
0,0.00013666116860414817,0
0,0.0,0
0,0.00024086012238703098,0
0,0.0,0
0,0.0,0
0,0.00020313568278869205,0
0,0.0,0
0,0.0,0
0,0.00013666116860414817,0
0,0.00022927455469421405,0
0,0.00013666116860414817,0
1,0.9995708207148452,1
0,0.0,0
0,0.0,0
0,0.0,0
0,0.0,0
0,0.018974658553620908,0
0,0.0,0
0,0.0,0
0,0.0,0
0,0.0,0
0,0.0,0
0,0.0,0
0,0.005343873517786562,0
0,0.00018621973929236498,0
0,0.0,0
0,0.0,0
0,0.0,0
0,0.004519259933272672,0
0,0.00022927455469421405,0
0,0.006571403752605976,0
0,0.0,0
0,0.004519259933272672,0
0,0.0,0
1,0.9992922283960477,1
0,0.12901216713591196,0
0,0.010955641644371612,0
0,0.0,0
0,0.004328728303223521,0
0,0.0,0
0,0.00022927455469421405,0
0,0.0,0
0,0.0,0
0,0.005343873517786562,0
0,0.0,0
0,0.0,0
0,0.0002728942921681308,0
0,0.00041549429398657903,0
0,0.0,0
0,0.0,0
0,0.0,0
0,0.0,0
0,0.0,0
0,0.0,0
0,0.0,0
0,0.0,0
0,0.00020313568278869205,0
0,0.0,0
0,0.0,0
0,0.0,0
0,3.158009365131221e-05,0
0,0.0,0
0,0.0,0
1,0.9995708207148452,1
0,0.0,0
0,0.0,0
1,0.9995708207148452,1
0,0.0,0
0,0.008127724537301702,0
0,0.0,0
0,0.13793458239722378,0
0,0.0009638833359802168,0
0,0.0,0
0,0.0,0
0,0.0,0
0,0.00020313568278869205,0
0,0.0,0
0,0.00024086012238703098,0
0,0.0,0
0,0.0,0
0,0.0,0
0,0.004328728303223521,0
0,0.0,0
0,0.0,0
0,0.0,0
0,0.0,0
0,0.0011188254533241802,0
0,0.00024086012238703098,0
0,0.0,0
0,0.0,0
0,0.037066752755482726,0
0,0.0,0
0,0.0,0
0,7.21774657026178e-05,0
0,0.0,0
0,0.00022927455469421405,0
0,0.0003741683876158522,0
0,0.0,0
0,0.0,0
0,0.00024086012238703098,0
0,0.010256417245922493,0
0,0.0,0
0,0.00013666116860414817,0
0,0.00024086012238703098,0
0,0.09041927858614605,0
0,0.0,0
0,0.0,0
0,0.00022927455469421405,0
0,0.004519259933272672,0
0,0.0,0
0,8.703220191470844e-05,0
1,0.9997534252182152,1
0,0.0,0
0,0.0,0
0,0.0,0
0,0.0,0
0,0.0,0
0,0.0,0
0,0.0005622489959839357,0
0,0.0,0
0,0.0,0
0,0.0,0
0,0.0,0
0,0.0,0
0,0.0,0
0,0.00625,0
0,0.0,0
0,0.0,0
0,0.0,0
0,0.0,0
0,0.0,0
0,0.00022927455469421405,0
0,0.0,0
0,0.09538653410125711,0
0,0.0,0
0,0.0,0
0,0.0,0
0,0.0,0
0,0.0,0
0,0.0,0
0,0.2277646584620438,0
0,0.0,0
0,0.00013666116860414817,0
0,0.000588985497912967,0
0,0.0,0
0,0.0,0
0,0.0,0
0,0.0011947290026921545,0
0,0.0,0
0,0.0,0
0,0.0,0
0,0.0,0
0,0.0,0
0,0.0,0
0,0.0,0
0,0.0003741683876158522,0
0,0.0,0
0,0.00020313568278869205,0
1,0.9937603201814587,1
0,0.0,0
0,0.00042707986167939594,0
0,0.0,0
0,0.0,0
0,0.0,0
0,0.0,0
0,0.0,0
0,0.0786580780392588,0
1,0.9988193905447504,1
0,0.0,0
0,0.00030769387343130834,0
0,0.00018621973929236498,0
0,0.004328728303223521,0
0,0.0,0
0,0.004328728303223521,0
1,0.9997405414883264,1
0,0.00024086012238703098,0
0,0.0,0
0,0.0,0
0,0.0,0
0,0.005643232902917264,0
0,0.0,0
0,3.158009365131221e-05,0
0,0.0,0
0,0.00024086012238703098,0
0,0.00022927455469421405,0
0,0.0,0
0,0.0,0
0,0.0,0
0,0.0,0
0,0.1784592386178754,0
0,0.0012207024979130547,0
0,0.0,0
0,0.0,0
1,0.9828102808885747,1
0,0.00048484848484848484,0
0,0.0005622489959839357,0
0,0.0,0
0,0.0,0
0,0.0001711015130075922,0
0,0.00020313568278869205,0
0,0.13254532133215735,0
0,0.00013666116860414817,0
0,0.0,0
0,0.00024086012238703098,0
0,0.0,0
0,0.0,0
0,0.7510153662060776,1
0,0.0,0
0,0.0,0
0,0.0,0
0,0.0,0
0,0.0001711015130075922,0
0,0.0,0
0,0.004328728303223521,0
0,0.0,0
0,0.00022927455469421405,0
0,0.0,0
0,0.0,0
0,0.0,0
0,0.0032151808091657715,0
0,0.0,0
0,0.0005622489959839357,0
0,0.0,0
0,0.00030769387343130834,0
0,0.00037037037037037035,0
0,0.00020313568278869205,0
0,0.00024086012238703098,0
0,0.0003741683876158522,0
0,0.00020313568278869205,0
0,0.0,0
0,0.0,0
0,0.0,0
0,0.0,0
0,0.0,0
0,0.004328728303223521,0
1,0.9997405414883264,1
0,0.00015015015015015014,0
0,0.0,0
0,0.0,0
0,0.0,0
0,0.00026130872447531386,0
0,0.0,0
0,0.0,0
1,0.9992805144288878,1
0,0.0,0
0,8.703220191470844e-05,0
0,0.0,0
0,0.0,0
0,0.0032151808091657715,0
0,0.0,0
0,0.0,0
0,0.0,0
0,0.0,0
0,0.00013666116860414817,0
0,0.0,0
0,0.2042724997266006,0
0,0.0,0
0,0.0,0
0,0.0,0
0,0.004328728303223521,0
0,0.0,0
0,0.0,0
0,0.00024086012238703098,0
0,0.0,0
0,0.0,0
0,0.0,0
1,0.9997562927976308,1
0,0.0,0
0,0.0,0
0,0.0,0
0,0.0,0
0,0.004328728303223521,0
0,0.0,0
1,0.9304799805015661,1
0,0.0,0
0,0.0,0
0,0.0,0
0,0.0,0
0,0.0,0
0,0.07770138581172206,0
0,0.0,0
0,0.00020313568278869205,0
0,0.0,0
0,0.0,0
0,0.00024086012238703098,0
0,0.0,0
0,0.0,0
0,0.0,0
0,0.0,0
0,0.2309805859080743,0
0,0.0,0
0,0.0,0
0,0.0,0
1,0.9904095414470104,1
0,0.0,0
0,0.0,0
0,0.0,0
0,0.0,0
0,0.0,0
1,0.9277551890745034,1
0,0.0,0
0,0.00022927455469421405,0
0,0.711509605534567,1
0,0.0,0
0,0.0,0
0,0.0,0
0,0.004328728303223521,0
0,0.0,0
0,0.0,0
1,0.9997478970685836,1
0,0.0032151808091657715,0
0,0.004328728303223521,0
1,0.9997931301141464,1
0,0.00013666116860414817,0
0,0.0,0
0,0.0,0
0,0.00048484848484848484,0
0,0.0005555555555555556,0
0,0.006638694638694639,0
0,0.0,0
0,0.00030769387343130834,0
0,0.0,0
0,0.0009638833359802168,0
1,0.9536707001832897,1
0,3.158009365131221e-05,0
0,0.0,0
0,0.0,0
0,0.0,0
0,0.0,0
1,0.9920178514641543,1
0,0.0,0
0,0.0,0
0,0.00013666116860414817,0
0,0.0,0
0,0.006666666666666667,0
0,0.0,0
0,0.0,0
0,0.0,0
0,0.0,0
0,0.00022927455469421405,0
0,0.0,0
0,0.00022927455469421405,0
1,0.9997405414883264,1
0,0.004328728303223521,0
0,0.0003741683876158522,0
0,0.0,0
0,0.0,0
0,0.0,0
0,0.004328728303223521,0
0,0.00016869533838524803,0
0,0.0,0
0,0.01099539496989019,0
0,0.0,0
0,0.0,0
0,0.0,0
0,0.0,0
0,0.0005283539571271173,0
1,0.999280218903575,1
0,0.0,0
0,0.00022927455469421405,0
0,0.0,0
0,0.00020313568278869205,0
0,0.0,0
0,0.0032151808091657715,0
0,0.0,0
0,0.0,0
0,0.0002728942921681308,0
0,0.0,0
1,0.9023871464077498,1
0,0.0,0
0,0.0,0
0,0.00022927455469421405,0
0,0.004328728303223521,0
0,0.0,0
0,0.0,0
0,0.0,0
0,0.00013666116860414817,0
0,0.0,0
0,0.0,0
0,0.0,0
0,0.0,0
1,0.9997579741880749,1
0,0.0,0
0,0.0,0
0,0.045687912991651265,0
0,0.0,0
0,0.0,0
0,0.0,0
0,0.006167763157894737,0
0,0.0001711015130075922,0
0,0.0,0
0,0.0,0
1,0.8686050919923076,1
0,0.0,0
0,0.00022927455469421405,0
0,0.0,0
0,0.0,0
0,0.0,0
0,0.00024086012238703098,0
0,0.0,0
0,0.0,0
0,0.0005555555555555556,0
0,0.0,0
1,0.9992783333124464,1
0,0.22682512368797342,0
0,0.0,0
0,0.0,0
0,0.0,0
0,0.0,0
0,0.0,0
0,3.824732390855861e-05,0
0,0.0033333333333333335,0
0,0.0,0
0,0.0,0
0,0.00018621973929236498,0
0,0.0001711015130075922,0
0,0.0,0
0,0.0,0
0,0.0,0
0,0.0,0
0,0.0,0
0,0.00024086012238703098,0
0,0.0,0
1,0.9743861517443816,1
0,0.0,0
0,0.0,0
0,0.0,0
0,0.0,0
0,0.0,0
0,0.0,0
0,0.0,0
0,0.0,0
0,0.0,0
1,0.9565280656568265,1
0,0.004519259933272672,0
0,0.0,0
0,0.0,0
0,0.0,0
0,0.0005555555555555556,0
0,0.004328728303223521,0
0,0.0001711015130075922,0
0,0.0,0
0,0.0,0
0,0.0,0
0,0.0005622489959839357,0
0,0.004328728303223521,0
0,0.0,0
0,0.0,0
0,0.0,0
0,0.0,0
0,0.0,0
1,0.9702464087100526,1
0,0.0,0
1,0.9997478970685836,1
0,0.00024086012238703098,0
0,0.0,0
0,0.0,0
0,0.00013666116860414817,0
0,0.0,0
0,0.0,0
0,0.0,0
0,0.0,0
0,0.0,0
0,0.0,0
0,0.0,0
0,0.0,0
0,0.007037566777943926,0
0,0.0,0
0,0.00024086012238703098,0
0,0.0,0
0,0.14358590689496567,0
0,0.0,0
0,0.00013666116860414817,0
0,0.0,0
0,0.0,0
0,0.004328728303223521,0
0,0.0,0
0,0.0005555555555555556,0
0,0.0,0
0,0.00024086012238703098,0
0,0.0,0
0,0.0,0
1,0.8178994174244942,1
0,0.0032151808091657715,0
0,0.0,0
0,0.00024086012238703098,0
0,0.24289881723869164,0
0,0.0,0
0,0.0,0
0,0.0,0
0,0.0,0
0,0.0,0
0,0.0,0
0,0.0,0
0,0.0,0
0,0.24530853766655927,0
0,0.0,0
0,0.0,0
0,0.0,0
0,0.0,0
0,0.045322517508766896,0
0,0.0,0
0,0.0,0
1,0.994726784045219,1
0,0.0,0
0,0.0,0
0,0.0,0
0,0.0,0
0,0.0,0
0,0.0,0
0,0.0,0
0,0.0,0
0,0.0,0
0,0.00020313568278869205,0
0,0.0,0
0,0.0,0
0,0.0,0
0,0.0,0
0,0.0,0
0,0.0,0
0,0.000588985497912967,0
1,0.9992883659008758,1
0,0.0,0
0,0.012834429824561405,0
0,0.0032151808091657715,0
0,0.0006114839820858003,0
0,0.00022927455469421405,0
0,0.0009303731313298527,0
0,0.004519259933272672,0
0,0.0,0
0,0.006571403752605976,0
0,0.00018621973929236498,0
0,0.0,0
0,0.0,0
0,0.0,0
0,0.0005555555555555556,0
0,0.012450687984641752,0
0,0.00024086012238703098,0
0,0.0005555555555555556,0
0,0.0,0
1,0.9997405414883264,1
0,0.0012648192812104336,0
0,0.0005555555555555556,0
0,0.00022927455469421405,0
0,0.0,0
0,0.0,0
0,0.0,0
0,0.0,0
0,0.004328728303223521,0
0,0.0,0
0,0.00048484848484848484,0
0,0.0005555555555555556,0
0,0.0,0
0,0.0,0
0,0.00022927455469421405,0
0,0.00020313568278869205,0
0,0.0,0
0,0.0,0
0,0.011876872569685046,0
0,0.0,0
0,0.0005555555555555556,0
0,0.059248443044148044,0
0,0.0,0
0,0.0,0
0,0.0,0
0,0.0,0
0,0.004328728303223521,0
0,0.0010488774340446818,0
0,0.0,0
0,0.0,0
0,0.0,0
0,0.004519259933272672,0
0,0.0,0
0,0.0,0
0,0.0,0
0,0.0,0
0,0.0,0
0,0.0,0
0,0.0,0
0,0.0005555555555555556,0
0,0.28655384610820406,0
0,0.00013666116860414817,0
0,0.0008975683701625405,0
0,0.0,0
0,0.023880390734860726,0
0,0.0,0
0,0.00020313568278869205,0
0,0.0498601365322536,0
0,0.0016877637130801688,0
0,0.0,0
0,0.00024086012238703098,0
0,0.0,0
0,0.0,0
0,0.0,0
0,0.004328728303223521,0
0,0.0,0
0,0.0016146337687286032,0
0,0.019259259259259257,0
0,0.0,0
0,0.005333333333333334,0
0,0.0,0
0,0.0,0
0,0.0,0
0,0.0,0
0,0.0665095605873398,0
0,0.0,0
0,0.023800054161950315,0
0,0.0,0
0,0.0,0
0,0.0,0
0,0.004519259933272672,0
0,0.0,0
0,0.0,0
0,0.00057739993022015,0
0,0.0,0
0,0.0,0
0,0.0,0
0,0.0,0
0,0.00020313568278869205,0
0,0.0,0
0,0.0,0
0,0.0,0
1,0.9997405414883264,1
0,0.0,0
0,0.0,0
0,0.0,0
0,0.0,0
0,0.0007972333903713858,0
0,0.0,0
0,0.005454545454545455,0
0,0.0005555555555555556,0
0,0.004328728303223521,0
0,0.0,0
0,0.0012648192812104336,0
0,0.004328728303223521,0
0,0.0,0
0,0.0,0
0,0.0,0
0,0.0,0
0,0.004328728303223521,0
0,0.0,0
0,0.00024086012238703098,0
0,0.0,0
0,0.11305186109348227,0
0,0.0,0
1,0.9992900472796064,1
0,0.0,0
0,0.004328728303223521,0
0,0.0,0
0,0.0,0
0,0.07673741014201484,0
0,2.8557728228701013e-05,0
0,0.0,0
0,0.0,0
0,0.0,0
0,0.0,0
0,0.0,0
0,0.0,0
0,0.0,0
0,0.0,0
1,0.9934746504976387,1
0,0.0,0
0,0.0,0
0,0.013293580007814757,0
0,0.0,0
0,0.0,0
0,4.8192769122696875e-05,0
0,0.0,0
0,0.0,0
0,0.0,0
0,0.0,0
0,0.00024086012238703098,0
0,0.0,0
0,0.0,0
0,0.0,0
0,0.006571403752605976,0
0,0.0,0
0,0.0,0
0,0.00016869533838524803,0
0,0.0009638833359802168,0
0,0.0,0
0,0.0,0
0,0.0,0
0,0.0,0
0,0.008127724537301702,0
0,0.0,0
0,0.00042707986167939594,0
0,2.8557728228701013e-05,0
0,0.0,0
0,0.0,0
0,0.0,0
0,0.0,0
0,0.0,0
0,0.0,0
0,0.0,0
0,0.0,0
0,0.00022927455469421405,0
0,0.0005622489959839357,0
0,0.004328728303223521,0
0,0.0,0
0,0.0,0
0,0.00024086012238703098,0
0,0.0,0
0,0.00030769387343130834,0
0,0.0,0
0,0.0,0
0,0.23181018634298425,0
0,0.0,0
1,0.9997519318587589,1
0,0.0,0
0,0.0,0
0,0.005643232902917264,0
1,0.9997395780971895,1
0,0.00022927455469421405,0
1,0.9972419479678668,1
0,0.0,0
0,0.0,0
0,0.0,0
0,0.0,0
0,0.15330499788883944,0
0,0.0,0
0,0.0,0
0,0.0,0
0,0.00042707986167939594,0
0,0.0,0
0,0.00013666116860414817,0
0,0.0,0
0,0.0,0
0,0.0,0
0,0.0,0
0,0.0,0
0,0.0,0
0,0.0,0
0,0.0,0
0,0.0,0
0,0.0005555555555555556,0
0,0.013333333333333334,0
0,0.00042707986167939594,0
0,0.0,0
0,0.0,0
0,0.0,0
0,0.0,0
0,0.0002728942921681308,0
0,0.0,0
1,0.9977481042046469,1
0,0.004761904761904762,0
0,0.0,0
0,0.0001711015130075922,0
0,0.004328728303223521,0
0,0.0001711015130075922,0
0,0.005833333333333334,0
0,0.09751172908228468,0
1,0.9997397607833786,1
1,0.9950890736152591,1
0,0.0,0
0,0.0,0
0,0.33537258061444386,0
0,0.0,0
0,0.00034213421783475237,0
1,0.9889914488009758,1
0,0.0,0
0,0.0,0
0,0.0,0
0,0.00022927455469421405,0
0,0.0,0
0,0.0,0
0,0.0,0
0,0.0,0
0,0.0,0
0,0.12481025833344325,0
0,0.0,0
0,0.0,0
0,0.0,0
0,0.0,0
1,0.9997478970685836,1
0,0.00020313568278869205,0
0,0.0005555555555555556,0
0,0.0,0
0,0.0,0
0,0.0,0
0,0.0,0
0,0.00024086012238703098,0
0,0.00013666116860414817,0
0,0.0,0
0,0.0,0
0,0.0,0
0,0.0,0
0,0.0,0
0,0.0,0
0,0.0,0
0,0.0,0
0,0.0,0
0,0.0,0
0,0.0009303731313298527,0
0,0.0005555555555555556,0
0,0.00013666116860414817,0
0,0.0,0
0,0.0,0
0,0.0,0
0,0.00020313568278869205,0
0,0.0,0
0,0.0,0
0,0.0,0
0,0.0,0
0,0.0016536034615666135,0
0,0.0,0
0,0.5243859342211018,1
0,0.0,0
0,0.0,0
0,0.0,0
0,0.0,0
0,0.0,0
0,0.0002728942921681308,0
0,0.0,0
0,0.00024086012238703098,0
0,0.0,0
0,0.00020313568278869205,0
0,0.0,0
0,0.0,0
0,0.006274509803921568,0
0,0.0,0
0,0.1314233674969035,0
0,0.0,0
0,0.0,0
0,0.0,0
0,0.00024086012238703098,0
0,0.0,0
0,0.0,0
0,0.016402647744553824,0
0,0.0,0
0,0.0,0
0,0.0,0
0,0.0,0
0,0.0,0
0,0.0014935967900811854,0
0,0.00307843137254902,0
0,0.00020313568278869205,0
0,0.0,0
0,0.025015873015873016,0
0,0.0,0
0,0.0,0
0,0.2626496846770455,0
0,0.0,0
0,0.0002728942921681308,0
0,0.0,0
0,0.0,0
0,0.0,0
0,0.759565891366471,1
0,0.0,0
0,0.00022927455469421405,0
0,0.00013666116860414817,0
0,0.0,0
0,0.8317149316732668,1
0,0.0,0
0,0.01782051282051282,0
0,0.0,0
0,0.00013666116860414817,0
0,0.0,0
0,0.21099664583684616,0
0,0.0,0
1,0.9997478970685836,1
0,0.0,0
0,0.0,0
0,0.0,0
0,0.0,0
0,0.0,0
0,0.0,0
0,0.0,0
0,0.0,0
0,0.0,0
0,0.00022927455469421405,0
0,0.07435800468281918,0
0,0.0,0
0,0.0,0
0,0.0,0
0,0.0,0
0,0.0,0
0,0.0,0
0,0.0,0
0,0.0,0
0,0.0,0
0,0.1348483133704767,0
0,0.0,0
0,0.0,0
0,0.0,0
0,0.0,0
0,0.0,0
0,0.0,0
0,0.00013666116860414817,0
0,0.0,0
0,0.0,0
0,0.00024086012238703098,0
0,0.0,0
0,0.0,0
0,0.0,0
0,0.0032151808091657715,0
0,0.0,0
0,0.0,0
0,0.0011213573315330561,0
0,0.00024086012238703098,0
0,0.00024086012238703098,0
0,0.0,0
0,0.0,0
0,0.00024086012238703098,0
0,0.0,0
0,0.0001711015130075922,0
0,0.0,0
0,0.0,0
0,0.0005555555555555556,0
0,0.0,0
0,0.0,0
0,0.0,0
0,0.0,0
0,0.0,0
0,0.0,0
0,0.0,0
0,0.0,0
0,0.07319305105973144,0
0,0.005397676496872207,0
0,0.0,0
0,0.006203135682788693,0
0,0.0,0
0,0.0,0
0,0.0,0
0,0.0,0
0,0.0,0
0,0.0,0
0,0.0,0
0,0.0,0
0,0.0005555555555555556,0
0,0.004328728303223521,0
0,0.0,0
0,0.0,0
0,0.0009638833359802168,0
0,0.0,0
0,0.00057739993022015,0
0,0.0005555555555555556,0
0,0.0,0
0,0.0,0
0,0.0,0
0,0.0,0
0,0.013428024837602004,0
0,0.00057739993022015,0
0,0.006190476190476191,0
0,0.0,0
0,0.0,0
0,0.00022927455469421405,0
0,0.0,0
1,0.9855198335562225,1
0,0.0005555555555555556,0
0,0.0125,0
0,0.0,0
0,0.00024086012238703098,0
0,0.0,0
0,0.00013666116860414817,0
0,0.0,0
0,0.00020313568278869205,0
0,0.0005622489959839357,0
0,0.00013666116860414817,0
0,0.0,0
0,0.0,0
0,0.0,0
0,0.0,0
0,0.00030769387343130834,0
0,0.10761409378653129,0
0,0.017774891774891777,0
0,0.0,0
0,0.005232926966298231,0
0,0.0,0
0,0.0,0
0,0.0,0
0,0.0,0
0,0.018854925422397324,0
0,0.0,0
0,0.0005555555555555556,0
0,0.00016869533838524803,0
0,0.0,0
0,0.0,0
0,0.0,0
0,0.004328728303223521,0
0,0.0,0
0,2.8557728228701013e-05,0
1,0.9997405414883264,1
0,0.00026130872447531386,0
0,0.025833333333333333,0
0,0.0005555555555555556,0
0,0.0,0
0,0.19980915752032807,0
0,0.0,0
0,0.0,0
0,0.0,0
0,0.0002728942921681308,0
0,0.0,0
0,0.21632424011320361,0
0,0.0,0
1,0.9997579741880749,1
0,0.0,0
0,0.0,0
0,0.0,0
0,0.0,0
0,0.0,0
0,0.0,0
0,0.0,0
0,0.0,0
0,0.00024086012238703098,0
0,0.00026130872447531386,0
0,0.0,0
0,0.0,0
0,0.0011213573315330561,0
0,0.0,0
0,0.0,0
0,0.0,0
0,0.004328728303223521,0
0,0.0,0
0,0.00024086012238703098,0
1,0.9997405414883264,1
0,0.0,0
0,0.00307843137254902,0
0,0.0,0
0,4.8192769122696875e-05,0
0,0.0,0
0,0.0,0
0,0.0,0
0,0.0,0
0,0.0,0
0,0.0,0
0,0.00013666116860414817,0
0,0.08893574746445677,0
0,0.0,0
0,0.0,0
0,0.0,0
0,0.0,0
0,0.00020313568278869205,0
0,0.0009638833359802168,0
0,0.0005622489959839357,0
0,0.0,0
0,0.0,0
0,0.0,0
0,0.0012648192812104336,0
0,0.0,0
0,0.00015015015015015014,0
0,0.006274509803921568,0
0,0.0,0
0,0.0,0
0,0.0032151808091657715,0
0,0.0,0
0,0.11343519485508693,0
0,0.0,0
0,0.0,0
0,0.0,0
0,0.0,0
0,0.0005555555555555556,0
0,0.018996928206640926,0
0,0.005963883335980216,0
0,0.0064335664335664336,0
0,0.0,0
0,0.0,0
0,0.0,0
1,0.9992922283960477,1
0,0.0,0
0,0.0,0
0,0.0,0
1,0.9992883659008758,1
0,0.0,0
0,0.0,0
0,0.0,0
0,0.11415041705210757,0
0,0.0,0
0,0.0,0
0,0.0,0
0,0.000588985497912967,0
0,0.0,0
0,0.00024086012238703098,0
0,0.00024086012238703098,0
0,0.003924105217766278,0
0,0.0,0
0,0.0,0
0,0.0,0
0,0.0,0
0,0.0,0
0,0.00013666116860414817,0
1,0.9997395780971895,1
0,0.0,0
0,4.8192769122696875e-05,0
0,0.0,0
0,0.0,0
0,0.0,0
0,0.0005555555555555556,0
0,0.0,0
0,0.0,0
0,8.703220191470844e-05,0
0,0.0,0
0,0.0,0
0,0.0,0
0,0.0,0
0,0.0,0
0,0.004328728303223521,0
0,0.0,0
0,0.15749054217858774,0
0,0.0,0
0,0.0014820112223883687,0
0,0.012222222222222223,0
0,0.00042707986167939594,0
1,0.9916081234692462,1
0,0.0008058608058608059,0
0,0.0,0
0,0.057587541090526335,0
0,0.0,0
0,0.0,0
0,0.006349206349206349,0
0,0.0,0
0,0.0,0
0,0.0011757642819004576,0
0,0.0,0
0,0.0,0
0,0.00672744695985106,0
0,0.1426996970483085,0
0,0.0,0
0,0.0,0
0,0.0,0
0,0.0,0
0,0.12272399305748316,0
0,0.0,0
0,0.0,0
0,0.0,0
0,0.0,0
0,0.0003741683876158522,0
0,0.0,0
0,0.0,0
0,0.0,0
1,0.9962378117046586,1
0,0.0,0
0,0.0,0
0,0.0,0
0,0.08512143229386136,0
0,0.0002728942921681308,0
1,0.9840512417332021,1
0,0.0,0
0,0.0,0
0,0.0,0
0,0.5291188193379807,1
0,0.0,0
0,0.0,0
0,0.0,0
0,0.00030769387343130834,0
0,0.0,0
0,0.0,0
0,0.0,0
0,0.00020313568278869205,0
0,0.006060606060606061,0
0,0.6917978496783517,1
0,0.0,0
0,0.0,0
0,0.0,0
0,0.0,0
0,0.0,0
1,0.9909506426569681,1
1,0.9997478970685836,1
0,0.0,0
0,0.0,0
0,0.0,0
0,0.0,0
0,0.0,0
0,0.0,0
0,0.0,0
0,0.0,0
0,0.0,0
0,0.0032151808091657715,0
0,0.00016869533838524803,0
0,0.0,0
0,0.12349714608921147,0
0,0.0,0
0,0.0,0
0,0.0,0
1,0.9997405414883264,1
0,0.005397676496872207,0
0,0.0,0
0,0.0,0
0,0.02442048277815559,0
0,0.0,0
0,0.0,0
0,0.00034213421783475237,0
0,0.004328728303223521,0
0,0.0,0
0,0.0,0
0,0.0,0
0,0.0,0
0,0.0,0
0,0.13244771565069818,0
0,0.0,0
0,0.0,0
0,0.0002728942921681308,0
0,0.0,0
0,0.0,0
0,0.0,0
0,0.010519259933272674,0
0,0.0,0
0,0.0,0
0,0.0,0
0,0.0,0
0,0.0,0
0,0.0,0
0,0.0,0
0,0.0,0
0,0.0,0
0,0.00026130872447531386,0
0,0.0,0
0,0.0,0
0,0.0,0
0,0.00020313568278869205,0
0,0.0,0
0,0.0,0
0,0.0,0
0,0.0,0
1,0.9992805144288878,1
0,0.0,0
0,0.0,0
0,7.21774657026178e-05,0
0,0.0,0
0,0.0,0
0,0.004328728303223521,0
0,0.0,0
0,0.00011660393109849997,0
0,0.0,0
0,0.0,0
0,0.0,0
0,0.0,0
0,0.0,0
0,0.0,0
0,0.00020313568278869205,0
1,0.9997476002670087,1
0,0.04177221248644724,0
0,0.0,0
0,0.0,0
0,0.0,0
0,0.0,0
0,0.0,0
0,0.0,0
0,0.0,0
0,0.0002728942921681308,0
0,0.0,0
0,0.0,0
0,0.0,0
0,0.0,0
0,0.00022927455469421405,0
0,0.0,0
0,0.00016869533838524803,0
0,0.0,0
0,0.0,0
0,0.0,0
0,0.00042707986167939594,0
0,0.0,0
0,0.0,0
0,0.0,0
0,0.06949509679342941,0
0,0.0,0
1,0.9972167425560491,1
0,0.0,0
0,0.0,0
0,0.00022927455469421405,0
0,0.0,0
0,0.0,0
0,0.0005555555555555556,0
0,0.00024086012238703098,0
0,0.0,0
0,0.0,0
0,0.0,0
0,0.1379934055531572,0
0,0.25586813711919004,0
1,0.983239750810169,1
0,0.0,0
0,0.13815331672745124,0
0,0.0,0
0,0.004328728303223521,0
0,4.0143295921517954e-05,0
0,0.00016869533838524803,0
0,0.0,0
0,0.0,0
0,0.0,0
0,0.006642246642246642,0
0,0.0,0
0,0.0,0
0,0.0,0
0,0.0,0
0,0.0,0
0,0.0,0
0,0.0,0
0,0.0,0
0,0.0,0
0,0.0,0
0,0.00024086012238703098,0
0,0.0,0
0,0.04009722704419882,0
0,0.00013666116860414817,0
0,0.0,0
0,0.0,0
0,0.0008338839400201156,0
0,0.00024086012238703098,0
0,0.0,0
0,0.00024086012238703098,0
0,0.0,0
0,0.0,0
0,0.0,0
0,0.0,0
0,0.0,0
0,0.0,0
0,0.0,0
0,0.0,0
0,0.0,0
0,0.0,0
0,0.00026130872447531386,0
0,0.00013666116860414817,0
0,0.0,0
0,0.0,0
0,0.0,0
0,0.00013666116860414817,0
0,0.0,0
0,0.007387615047536256,0
0,0.0,0
0,0.0,0
0,0.0,0
1,0.992828665753232,1
0,0.0,0
0,0.0,0
0,0.0,0
0,0.0,0
0,0.0,0
0,0.0,0
0,0.0,0
0,0.0,0
0,0.0,0
0,0.0,0
1,0.992979186511801,1
0,0.0,0
0,2.8557728228701013e-05,0
0,0.0,0
0,0.0,0
0,0.00022927455469421405,0
0,0.00013666116860414817,0
0,0.0,0
0,0.0,0
0,0.0,0
0,0.0,0
0,0.0,0
0,0.0,0
0,0.0,0
1,0.9992199435218627,1
0,0.0,0
0,0.0005555555555555556,0
0,0.0,0
0,0.0,0
0,0.0,0
0,0.0,0
0,0.0,0
0,0.0,0
0,0.0,0
0,0.00022927455469421405,0
0,0.005343873517786562,0
0,0.00022927455469421405,0
0,0.0,0
0,0.0,0
0,0.04625735679522907,0
0,0.0,0
0,0.00022927455469421405,0
0,0.0,0
1,0.9997391776003002,1
0,0.0,0
0,0.00024086012238703098,0
0,0.00022927455469421405,0
0,0.0,0
0,0.00037037037037037035,0
0,0.0001711015130075922,0
0,0.0,0
0,0.0,0
0,0.0,0
0,0.1044487954571836,0
0,0.0,0
0,0.0,0
0,0.0,0
0,0.00024086012238703098,0
0,0.0,0
0,0.0,0
0,0.0,0
0,0.0,0
0,0.0,0
0,0.0,0
0,0.0,0
0,0.006666666666666667,0
0,0.0,0
0,0.0,0
0,0.0,0
0,0.0,0
0,0.0,0
0,0.0,0
1,0.9997020816979216,1
0,0.005397676496872207,0
0,0.0,0
0,0.0,0
0,0.00020313568278869205,0
0,0.0,0
0,0.004328728303223521,0
0,0.0,0
0,0.0,0
0,0.0019545394067968297,0
0,0.0,0
0,0.00022927455469421405,0
1,0.9672508057339635,1
0,0.0,0
0,0.004328728303223521,0
0,0.0032151808091657715,0
0,0.0,0
0,0.0,0
0,0.0,0
0,0.0,0
1,0.9986967949191884,1
0,0.0,0
0,0.1664016748021716,0
0,0.0,0
1,0.8934878789310318,1
0,0.00022927455469421405,0
0,0.0,0
0,0.0,0
0,0.004519259933272672,0
0,0.0,0
0,0.0,0
0,0.0005622489959839357,0
0,0.0,0
0,0.0,0
0,0.0,0
0,0.0,0
0,0.0,0
1,0.9988193905447504,1
0,0.0,0
0,0.0,0
1,0.9988193905447504,1
0,0.0,0
0,0.0,0
1,0.9972380694314383,1
0,0.14637961334127148,0
0,0.0001711015130075922,0
0,0.0,0
0,0.0,0
0,0.004328728303223521,0
0,0.0,0
0,0.0,0
0,0.0,0
0,0.0,0
0,0.00022927455469421405,0
0,0.0,0
0,0.0,0
0,0.10959087758279769,0
0,0.0,0
0,0.0,0
0,0.004328728303223521,0
0,0.0,0
1,0.9326725308453505,1
0,0.0,0
0,0.00042707986167939594,0
0,0.0,0
0,0.0,0
0,0.0,0
0,0.0,0
0,0.005555555555555556,0
0,0.0,0
0,0.0,0
0,0.0,0
0,0.0,0
0,0.0008631280257590964,0
0,0.0,0
0,6.059189800980085e-05,0
0,0.0,0
0,0.0,0
0,0.0,0
0,0.000588985497912967,0
0,0.0,0
0,0.0,0
0,0.0009638833359802168,0
0,0.0,0
0,0.0,0
0,0.00013666116860414817,0
0,0.0,0
0,0.0,0
0,0.0,0
0,0.0,0
0,0.0,0
0,0.0,0
0,0.0,0
0,0.0,0
0,0.0,0
1,0.9998718941167952,1
0,0.0,0
0,0.0,0
0,0.0,0
0,0.0068995069855812,0
0,0.00024086012238703098,0
0,0.0,0
0,0.0,0
0,0.0,0
0,0.0,0
0,0.0,0
0,0.0,0
0,0.008443365151038952,0
0,0.0,0
0,0.0,0
0,0.0,0
0,0.0,0
0,0.004328728303223521,0
0,0.0,0
0,0.00026130872447531386,0
0,0.0,0
0,0.0,0
0,0.0,0
0,0.0,0
0,0.0,0
0,0.0,0
1,0.9992799549778967,1
0,0.0,0
0,0.0,0
0,0.0,0
0,0.00022927455469421405,0
0,0.0,0
0,0.0,0
0,0.0,0
0,0.0,0
0,0.00034213421783475237,0
0,0.00024086012238703098,0
0,0.0,0
0,0.004328728303223521,0
0,0.0,0
0,0.0,0
0,0.00024086012238703098,0
0,0.0,0
0,0.0,0
0,0.0,0
0,0.0,0
0,0.0,0
0,0.0,0
0,0.0,0
0,0.27312296496742783,0
1,0.9985392142371562,1
0,0.0,0
0,0.0,0
0,0.0,0
0,0.0,0
0,0.011185926599939338,0
0,0.0,0
0,0.010955641644371612,0
0,0.0,0
0,0.0,0
0,0.0014820112223883687,0
0,0.0,0
1,0.9556804625093637,1
0,0.0,0
0,0.0,0
0,0.0,0
0,0.005643232902917264,0
1,0.9986322516981861,1
0,0.0,0
0,0.0016666666666666668,0
0,0.0,0
0,0.0549508974221784,0
0,0.023374185355669996,0
0,0.0,0
0,0.0,0
0,0.0002728942921681308,0
0,0.0,0
1,0.9666178834552436,1
0,0.011895582329317268,0
0,0.0,0
0,0.00013666116860414817,0
0,0.0,0
0,0.0,0
1,0.9988286942402311,1
0,0.0056118689308464476,0
0,0.0009638833359802168,0
0,0.15948778218706214,0
0,0.0,0
0,0.0,0
0,0.00013666116860414817,0
0,0.0,0
0,0.0,0
0,0.0,0
0,0.0,0
0,0.0,0
0,0.0,0
0,0.0,0
0,0.0,0
0,0.0,0
0,0.0,0
0,0.0,0
0,0.0,0
0,0.0,0
1,0.9997405414883264,1
0,0.07332645338837289,0
0,0.0,0
0,0.0,0
0,0.0,0
0,0.00037037037037037035,0
0,0.00020313568278869205,0
0,0.0,0
0,0.0009638833359802168,0
0,0.0032151808091657715,0
0,0.0,0
0,0.0,0
0,0.0,0
0,0.0,0
0,0.00030769387343130834,0
0,0.06914043406910225,0
0,0.0,0
0,0.0005555555555555556,0
0,0.0,0
0,0.0,0
0,0.0,0
0,0.0,0
0,0.0,0
0,0.0,0
0,0.0,0
0,0.0,0
1,0.9997400856229003,1
0,7.028149368965844e-05,0
0,0.20318937767562387,0
0,0.0,0
0,8.703220191470844e-05,0
1,0.9505177469834335,1
0,0.0,0
0,0.0,0
0,0.0002728942921681308,0
0,0.00024086012238703098,0
0,0.000588985497912967,0
0,0.00024086012238703098,0
0,0.0,0
0,0.0,0
0,4.0143295921517954e-05,0
0,0.0,0
0,0.00024086012238703098,0
0,0.0,0
0,0.08745301613653773,0
0,0.0,0
1,0.9903738420436903,1
0,0.00013666116860414817,0
0,0.00022927455469421405,0
0,0.00022927455469421405,0
0,0.0,0
0,0.004328728303223521,0
0,0.011487179487179488,0
0,0.0016877637130801688,0
1,0.9934691181507067,1
0,0.0,0
0,0.0,0
0,0.0,0
0,0.00013666116860414817,0
0,0.0005555555555555556,0
0,0.0,0
0,0.0,0
0,0.0005555555555555556,0
0,0.0,0
1,0.9997476002670087,1
0,1.6612675471384666e-05,0
0,0.0,0
0,0.00015015015015015014,0
1,0.9997405414883264,1
0,0.00022927455469421405,0
0,0.0,0
0,0.0,0
0,0.0,0
0,0.0,0
0,0.0,0
0,0.0,0
0,0.004328728303223521,0
0,0.05296820074097799,0
0,0.0,0
0,0.0,0
0,0.0,0
0,0.0,0
0,0.00024086012238703098,0
0,0.0005622489959839357,0
0,0.0,0
0,0.023823836003950133,0
0,0.00024086012238703098,0
0,0.0,0
0,0.0,0
0,0.013428024837602004,0
0,0.0,0
0,0.0,0
0,0.0005555555555555556,0
0,0.00024086012238703098,0
0,0.0,0
0,0.0,0
0,4.0143295921517954e-05,0
0,0.0,0
0,0.0,0
0,0.0,0
0,0.0,0
0,0.0002728942921681308,0
0,0.00022927455469421405,0
0,0.012838235957046019,0
0,0.00022927455469421405,0
0,0.00024086012238703098,0
1,0.0008058608058608059,0
0,0.05733832984160927,0
0,0.0,0
0,0.0,0
0,0.011936507936507936,0
0,0.0,0
0,0.0,0
0,0.0,0
0,0.0,0
0,0.00026130872447531386,0
0,0.0,0
0,0.0,0
0,0.00024086012238703098,0
0,0.0,0
0,0.004328728303223521,0
0,0.0,0
0,0.00024086012238703098,0
0,0.0,0
0,0.0,0
0,0.0002728942921681308,0
0,0.00022927455469421405,0
1,0.9981719631609514,1
0,0.0,0
0,0.0,0
0,3.444034440344404e-05,0
0,0.006666666666666667,0
0,0.0,0
0,0.00048484848484848484,0
0,0.0,0
0,0.19399380986308545,0
0,0.0,0
0,0.0,0
0,0.0,0
0,0.4070627363357538,0
0,0.0012207024979130547,0
0,0.0,0
0,0.0,0
0,0.0,0
0,0.0,0
0,0.0,0
0,0.004328728303223521,0
0,0.0,0
0,0.0,0
0,0.0,0
0,0.0,0
0,0.0,0
0,0.0,0
0,0.00016869533838524803,0
0,0.006666666666666667,0
0,0.0,0
0,0.0,0
0,0.0005555555555555556,0
0,0.0,0
0,0.004328728303223521,0
0,0.09729390947757582,0
0,0.0,0
0,0.0,0
0,0.0,0
0,0.0,0
0,0.0,0
1,0.9997281167878809,1
0,0.00013666116860414817,0
0,0.0,0
0,0.0,0
0,0.0,0
1,0.9997579741880749,1
0,0.19315910984355183,0
0,0.0,0
0,0.0,0
0,0.0,0
0,0.0,0
0,0.0012648192812104336,0
0,0.00016869533838524803,0
0,0.0,0
1,0.9997405414883264,1
0,0.0005555555555555556,0
1,0.9997405414883264,1
0,0.0,0
0,0.0,0
0,0.0,0
0,0.0,0
0,0.36668921903294305,0
0,7.21774657026178e-05,0
0,0.0,0
0,0.0,0
0,0.005397676496872207,0
0,0.004328728303223521,0
0,0.0,0
0,0.0,0
0,0.0,0
0,0.0009638833359802168,0
0,0.0,0
0,0.0,0
0,0.0002728942921681308,0
1,0.9893491147073447,1
0,0.10715479124296849,0
0,0.0,0
0,0.00012818949879131694,0
0,0.0,0
0,0.0,0
0,0.0,0
0,0.0,0
0,0.0,0
0,0.0,0
0,0.0,0
0,0.00013666116860414817,0
0,0.0,0
0,0.0,0
0,0.0,0
0,0.0,0
0,0.0,0
0,0.0001711015130075922,0
0,0.004328728303223521,0
0,0.0,0
0,0.0,0
1,0.9997405414883264,1
0,0.005643232902917264,0
0,0.0,0
0,0.0,0
0,0.0005555555555555556,0
0,0.0,0
0,0.0,0
0,0.00024086012238703098,0
0,0.1292290766516456,0
0,0.0,0
0,0.0,0
0,0.0,0
0,0.0,0
0,0.0,0
0,0.0,0
0,0.0,0
0,0.0,0
0,0.0,0
0,0.0,0
0,0.0,0
0,0.0,0
0,0.0,0
0,0.0,0
0,0.0,0
0,0.00676914056531364,0
0,0.0,0
0,0.0,0
0,0.0,0
0,0.0,0
0,0.0,0
0,0.0,0
0,0.0,0
0,0.0,0
0,0.0,0
0,0.0,0
0,0.00048484848484848484,0
0,0.0,0
0,0.0,0
0,0.0,0
0,0.0014222932767632725,0
0,0.0,0
0,0.0,0
0,0.0,0
0,0.0,0
0,0.0,0
0,0.0,0
0,0.0,0
0,0.0,0
0,0.0,0
0,0.0,0
0,0.004328728303223521,0
0,0.0,0
0,0.0532771767026219,0
0,0.0,0
0,0.00022927455469421405,0
0,0.0005555555555555556,0
0,0.0,0
0,0.005416666666666667,0
0,0.0,0
0,0.004328728303223521,0
0,0.00022927455469421405,0
0,0.0,0
0,0.0001711015130075922,0
0,0.004328728303223521,0
0,0.0,0
0,0.0,0
0,0.00013666116860414817,0
1,0.9997534252182152,1
0,0.0,0
0,0.00013666116860414817,0
0,0.00022927455469421405,0
0,0.0,0
0,0.0,0
0,0.004328728303223521,0
0,0.0,0
0,0.0,0
0,0.0,0
1,0.6902565010707189,1
0,0.0,0
0,0.0,0
0,0.0,0
0,0.00022927455469421405,0
0,0.008127724537301702,0
0,0.04759219634547577,0
0,0.0,0
0,0.00020313568278869205,0
0,0.0,0
0,0.0,0
0,0.0,0
0,0.0008058608058608059,0
0,0.0,0
1,0.9998078874487171,1
0,0.0,0
0,0.0,0
0,0.0,0
0,0.0,0
0,0.0032151808091657715,0
0,0.0,0
0,0.0,0
0,0.0,0
0,0.0,0
0,0.0,0
0,0.0,0
0,0.0,0
0,0.0,0
0,0.0,0
1,0.9986205377310263,1
0,0.0,0
0,0.0,0
0,0.0,0
0,0.006666666666666667,0
0,0.09357737371167209,0
0,0.0,0
0,0.0,0
0,0.0,0
0,0.00016869533838524803,0
0,0.0003741683876158522,0
0,0.0,0
0,0.0,0
0,0.26226972177737035,0
0,0.0,0
0,0.0,0
0,0.0,0
0,0.0,0
0,0.0,0
0,0.0,0
0,0.00022927455469421405,0
0,0.0,0
0,0.0,0
0,0.0,0
0,0.0,0
0,0.0005555555555555556,0
0,0.0,0
0,0.0,0
0,0.0,0
0,0.0,0
0,0.0,0
0,0.0,0
0,0.0,0
0,0.0,0
0,0.00034213421783475237,0
0,0.0,0
0,0.0,0
0,0.0,0
0,0.17982741675147065,0
0,0.011097778357462718,0
1,0.9997405414883264,1
0,0.0,0
0,0.0,0
0,0.0,0
0,0.0,0
0,0.00022927455469421405,0
0,0.0,0
0,0.0,0
0,0.0,0
0,0.0,0
0,0.00022927455469421405,0
0,0.0,0
0,0.0002728942921681308,0
0,0.004328728303223521,0
0,0.0002728942921681308,0
0,0.0,0
0,0.0,0
0,0.00020313568278869205,0
0,0.00024086012238703098,0
0,0.004328728303223521,0
0,0.0,0
0,0.0,0
0,0.0,0
0,0.00024086012238703098,0
0,0.00022927455469421405,0
0,0.00020313568278869205,0
0,0.0,0
0,0.0,0
0,0.0,0
0,0.0,0
0,0.0,0
0,0.0,0
0,0.0,0
0,0.0,0
1,0.9997478970685836,1
0,0.0002728942921681308,0
0,0.010955641644371612,0
0,0.0,0
0,0.0,0
0,0.06390227437690148,0
0,0.0,0
0,0.0,0
0,0.0,0
0,0.0,0
0,0.0,0
0,0.09377182485660104,0
0,0.0,0
0,0.0,0
0,0.0,0
0,0.0,0
0,0.0002728942921681308,0
0,0.0,0
0,0.0,0
0,0.0,0
0,0.00020313568278869205,0
0,0.00022927455469421405,0
0,0.0,0
0,0.0,0
0,0.0,0
0,0.0,0
0,0.0,0
0,0.0,0
0,0.0009638833359802168,0
0,0.0,0
0,0.0,0
0,0.00041549429398657903,0
0,0.0005555555555555556,0
0,0.0,0
0,0.0,0
0,0.00022927455469421405,0
0,0.0,0
1,0.9997460800653729,1
0,0.0,0
0,0.00024086012238703098,0
0,0.0,0
1,0.9997395780971895,1
0,0.0,0
0,0.0,0
0,0.004519259933272672,0
0,0.0,0
0,0.0,0
0,0.0014567336211667166,0
0,0.0,0
1,0.8367565325984978,1
0,0.0011557976759365002,0
0,0.0,0
0,0.0,0
0,0.0,0
1,0.9992766519337158,1
0,0.00018621973929236498,0
0,0.0,0
0,0.0,0
0,0.00020313568278869205,0
0,0.00030769387343130834,0
0,0.00057739993022015,0
0,0.0,0
0,0.0,0
0,0.0,0
0,0.0,0
0,0.0,0
0,0.0,0
0,0.0,0
0,0.0,0
0,0.0,0
0,0.0,0
0,0.0,0
0,0.06699354108336374,0
0,0.0,0
0,0.0005555555555555556,0
0,0.0,0
0,0.0,0
0,0.0,0
0,0.0,0
0,0.0016877637130801688,0
0,0.0,0
0,0.0,0
0,0.0,0
0,0.0,0
0,0.0,0
0,0.00662691334114809,0
0,0.07260528937698293,0
0,0.0,0
0,0.0,0
0,0.0,0
0,0.0,0
0,0.06173715506316486,0
0,0.012513487927500667,0
0,0.0,0
0,0.0,0
0,0.0,0
1,0.9960111451380224,1
0,0.0,0
0,0.0,0
0,0.0,0
0,0.0,0
0,0.0,0
0,0.0,0
0,0.0,0
0,0.0,0
0,0.0,0
0,0.0,0
0,0.0,0
0,0.0032151808091657715,0
0,0.0,0
0,0.0,0
0,0.00013666116860414817,0
0,0.0,0
0,0.0005555555555555556,0
0,0.013333333333333334,0
0,0.0,0
0,0.0,0
0,0.0,0
0,0.0,0
0,0.00041549429398657903,0
0,0.00020313568278869205,0
0,0.0,0
0,0.0,0
0,0.004328728303223521,0
0,0.0,0
0,0.0,0
0,0.0,0
0,0.0,0
0,0.14914743737445504,0
0,0.00022927455469421405,0
0,0.0001711015130075922,0
0,0.00022927455469421405,0
1,0.9992883659008758,1
0,0.00022927455469421405,0
0,0.16170942392806975,0
0,0.0,0
0,0.0,0
0,0.004328728303223521,0
0,0.00266763951811774,0
0,0.0,0
0,0.0,0
0,0.0002728942921681308,0
0,0.0,0
0,0.004328728303223521,0
0,0.00042707986167939594,0
0,0.0,0
0,0.0,0
0,0.0,0
0,0.00024086012238703098,0
0,0.0,0
0,0.0005555555555555556,0
0,0.0,0
0,0.0,0
0,0.1029216620741527,0
0,0.0,0
0,0.004328728303223521,0
0,0.0,0
0,0.0,0
0,0.0,0
0,0.0,0
0,0.0,0
0,0.0,0
0,0.0,0
0,0.0,0
0,0.0,0
0,0.006571403752605976,0
0,0.006571403752605976,0
0,0.0,0
0,0.6482922514112933,1
0,0.0,0
0,0.0,0
0,8.703220191470844e-05,0
0,0.00022927455469421405,0
0,0.0,0
0,0.0,0
0,0.0014616891216103303,0
0,0.0,0
0,0.0,0
0,0.0,0
0,0.005643232902917264,0
0,0.0,0
0,0.0,0
0,0.0,0
0,0.0,0
0,0.0,0
0,0.0,0
0,0.0,0
0,0.0,0
0,0.0,0
0,0.00013666116860414817,0
0,0.0,0
0,4.8192769122696875e-05,0
0,0.003924105217766278,0
0,0.0,0
0,0.0005555555555555556,0
0,0.0,0
0,0.0,0
0,0.0009303731313298527,0
0,0.0,0
0,0.0,0
0,0.00044752846376767887,0
0,0.0,0
0,0.0,0
0,0.3330959204824805,0
0,0.0,0
1,0.9988386298276182,1
0,0.0,0
0,0.004328728303223521,0
0,0.0,0
0,0.0,0
0,0.0,0
0,0.00048484848484848484,0
0,0.00041549429398657903,0
0,0.0016536034615666135,0
0,0.0,0
0,0.0,0
0,0.0,0
0,0.0,0
0,0.0,0
0,0.7755675360960079,1
0,0.0,0
0,0.0,0
0,0.0,0
0,0.0,0
0,0.0,0
0,0.0,0
0,0.0005555555555555556,0
0,0.0,0
0,0.0032151808091657715,0
0,0.006571403752605976,0
0,0.0,0
0,0.0,0
0,0.0,0
0,0.0,0
0,0.006274509803921568,0
0,0.0,0
0,0.0,0
0,0.0,0
0,0.0,0
0,0.0,0
1,0.9971806555382668,1
0,0.0,0
1,0.9992900472796064,1
0,0.008443365151038952,0
0,0.0,0
0,0.0,0
0,0.0,0
0,0.0,0
0,0.0,0
0,0.0,0
0,0.04933748171167532,0
0,0.0,0
0,0.0,0
0,0.0,0
0,0.00020313568278869205,0
0,0.004328728303223521,0
0,0.0,0
0,0.0,0
0,0.0,0
0,0.012557693873431308,0
0,0.0005555555555555556,0
0,0.00024086012238703098,0
0,0.28006733919883864,0
0,0.007785347076005098,0
0,0.0,0
0,0.0,0
0,0.0,0
0,0.0012648192812104336,0
0,0.005343873517786562,0
0,0.0,0
0,0.0,0
0,0.0,0
0,0.0,0
0,0.004328728303223521,0
1,0.0,0
0,0.0061476382625207686,0
0,0.011658545960204722,0
0,0.0,0
0,0.0,0
0,0.0002728942921681308,0
0,0.004328728303223521,0
0,0.006274509803921568,0
0,0.004519259933272672,0
0,0.0,0
0,0.0,0
0,0.0,0
0,0.0,0
0,0.010256417245922493,0
0,0.0,0
0,0.0,0
0,0.0,0
0,0.0,0
0,0.0557576919215607,0
0,0.0,0
0,0.0,0
0,0.0,0
0,0.0,0
0,0.0,0
0,0.0,0
0,0.0,0
0,0.0,0
0,0.00662691334114809,0
0,0.0,0
0,0.0,0
0,0.00018621973929236498,0
0,0.0,0
0,0.0,0
0,0.0,0
0,0.0,0
0,0.0,0
1,0.846888734257887,1
0,0.0,0
0,0.00020313568278869205,0
0,0.0,0
0,0.0,0
0,0.0,0
0,0.0,0
0,0.0,0
0,0.0,0
0,0.0003741683876158522,0
0,0.0,0
0,0.004328728303223521,0
0,0.0002728942921681308,0
0,0.0,0
0,0.0,0
0,0.0,0
0,0.0,0
0,0.0,0
0,0.00048484848484848484,0
0,0.0,0
0,0.0065090323174517295,0
0,0.00042707986167939594,0
0,0.0,0
0,0.0,0
0,0.0,0
0,0.0,0
0,0.0005555555555555556,0
0,0.0,0
0,0.0,0
0,0.0,0
0,0.1929012401854978,0
0,0.00020313568278869205,0
0,0.0,0
0,0.0,0
0,0.0,0
0,0.06359407444984008,0
0,0.00013666116860414817,0
0,0.00020313568278869205,0
0,0.0,0
1,0.9997405414883264,1
0,0.0,0
0,0.0,0
0,0.0,0
0,0.0,0
0,0.0,0
0,0.004328728303223521,0
0,0.0,0
0,0.0,0
0,0.0,0
0,0.0,0
0,0.00022927455469421405,0
0,0.0,0
0,4.0143295921517954e-05,0
0,0.0,0
0,0.0,0
0,0.0,0
0,0.0,0
0,0.0,0
0,0.0,0
0,0.006666666666666667,0
0,0.0,0
0,0.00022927455469421405,0
0,0.0,0
0,0.2526391001591146,0
0,0.0,0
0,0.0,0
0,0.0,0
0,0.0,0
0,0.0,0
0,0.0,0
0,0.0,0
0,0.17154248846744372,0
0,0.0,0
0,0.0,0
0,0.0,0
0,0.0,0
0,0.0,0
1,0.9997391776003002,1
0,0.0,0
0,0.00018621973929236498,0
0,0.0,0
0,0.0,0
0,0.0,0
0,0.0011213573315330561,0
0,0.0,0
0,0.0002728942921681308,0
0,0.0,0
0,0.0,0
0,0.0,0
0,0.00024086012238703098,0
0,0.0,0
0,3.158009365131221e-05,0
0,0.0,0
0,0.006571403752605976,0
0,0.0,0
1,0.997848080130375,1
0,0.0,0
0,0.0,0
0,0.00024086012238703098,0
0,0.011337070436266146,0
0,0.0,0
0,0.1135465351031426,0
0,0.0,0
0,0.0003741683876158522,0
0,0.0,0
0,0.0002728942921681308,0
0,0.0,0
0,0.011716314386004295,0
0,0.0,0
0,0.004328728303223521,0
0,0.0009638833359802168,0
0,0.0,0
0,0.0,0
0,0.004328728303223521,0
0,0.005643232902917264,0
0,0.00034213421783475237,0
0,0.00022927455469421405,0
0,0.006167763157894737,0
0,0.0025396825396825397,0
0,0.0,0
0,0.00016869533838524803,0
0,0.0,0
0,0.0,0
0,0.0,0
0,0.0,0
0,0.0,0
0,0.0,0
0,0.00030769387343130834,0
0,0.0,0
0,0.0001711015130075922,0
0,0.0,0
0,0.0,0
0,0.0,0
0,0.0,0
0,0.00013666116860414817,0
0,0.0,0
0,0.0,0
0,0.004328728303223521,0
0,0.0,0
0,0.0,0
0,3.158009365131221e-05,0
0,0.056064935888692206,0
0,0.0,0
0,0.0,0
0,0.0,0
0,0.0,0
0,0.0,0
0,0.0,0
0,0.0,0
0,0.0,0
0,0.00048484848484848484,0
0,0.0,0
0,0.0,0
0,0.00024086012238703098,0
0,0.0005622489959839357,0
0,0.0,0
1,0.9997478970685836,1
0,0.006479274554694214,0
0,0.0,0
0,0.0,0
0,0.045442823219188765,0
0,0.0,0
0,0.0,0
0,0.0,0
0,0.0001711015130075922,0
0,0.00026130872447531386,0
0,0.0,0
1,0.9997488015139324,1
0,0.0005555555555555556,0
0,0.0,0
0,0.0,0
0,0.0,0
1,0.9997478970685836,1
0,0.00022927455469421405,0
0,0.09997250329522964,0
0,0.0,0
0,0.0,0
0,0.0,0
0,0.006666666666666667,0
0,0.0009638833359802168,0
0,0.00037037037037037035,0
0,0.0,0
1,0.9997405414883264,1
0,0.00038856045677328075,0
0,0.0,0
0,0.0,0
0,0.0,0
0,0.0,0
0,0.1634579370445099,0
0,0.0,0
0,0.0,0
0,0.00020313568278869205,0
0,0.004328728303223521,0
0,0.0,0
0,0.0004939136127236732,0
1,0.9992883659008758,1
0,0.0,0
0,0.0,0
0,0.0,0
0,0.0,0
0,0.0,0
0,0.0,0
0,0.0,0
0,0.0,0
0,0.006060606060606061,0
0,0.0,0
0,0.0,0
0,0.0,0
0,0.0,0
0,0.0,0
0,0.0,0
0,0.0,0
0,0.0,0
0,0.0,0
0,0.0,0
0,0.0,0
0,0.0,0
1,0.9923972396760462,1
0,0.0,0
0,0.0,0
0,0.0,0
0,0.016753408887087356,0
0,0.0,0
0,0.0,0
0,0.0,0
0,0.0,0
0,0.0,0
0,0.0001711015130075922,0
0,0.00016869533838524803,0
0,0.0,0
0,0.0,0
0,0.006190476190476191,0
0,0.0005555555555555556,0
0,0.0,0
0,0.47708486483453016,0
0,0.01179493112035078,0
0,0.005643232902917264,0
0,0.0,0
0,0.0,0
1,0.945451353250698,1
0,0.0,0
0,0.0,0
0,0.0,0
0,0.23781045746743024,0
0,0.0,0
0,0.0,0
0,0.010328728303223522,0
0,0.004328728303223521,0
0,0.0,0
0,0.00024086012238703098,0
0,0.0,0
0,0.0,0
0,0.0,0
0,0.0,0
0,0.00022927455469421405,0
0,0.0,0
0,0.0,0
0,0.0,0
0,0.0005555555555555556,0
0,0.0,0
0,0.0,0
0,0.0,0
0,0.00013666116860414817,0
0,0.0,0
0,0.20275817164995313,0
0,0.0,0
0,0.09616233867091376,0
0,0.0,0
0,0.0,0
0,0.0,0
0,0.0,0
0,0.0,0
0,0.0,0
0,0.0,0
0,0.00022927455469421405,0
0,0.0,0
0,0.0,0
0,0.0,0
0,0.00048484848484848484,0
0,0.0001711015130075922,0
0,0.0,0
0,0.0,0
0,0.00022927455469421405,0
1,0.999744193903285,1
0,0.0,0
0,0.0,0
0,0.0,0
0,0.00057739993022015,0
0,0.0,0
0,0.0011557976759365002,0
0,0.00022927455469421405,0
0,0.0,0
0,0.0,0
0,0.019926675116008086,0
0,0.0,0
0,0.0,0
0,0.0,0
0,0.0,0
0,0.10901043841701497,0
0,0.0,0
0,0.0,0
0,0.0,0
0,0.0,0
0,0.004328728303223521,0
0,0.035348393880336865,0
0,0.0,0
0,0.0,0
0,0.0,0
0,0.0,0
0,0.0,0
0,0.0,0
0,0.5467599954034098,1
0,0.0,0
0,0.0,0
0,0.0,0
0,0.0,0
0,0.0,0
0,0.0,0
0,0.0,0
0,0.0,0
0,0.0,0
0,0.0,0
0,0.0,0
0,0.0,0
0,0.0,0
0,0.0,0
0,0.0,0
0,0.0,0
0,0.00024086012238703098,0
0,0.08308054521242747,0
0,0.0,0
0,0.0,0
1,0.9994070969950924,1
0,0.00022927455469421405,0
0,0.00022927455469421405,0
0,0.0,0
0,0.0,0
0,0.005446009389671362,0
0,0.0,0
0,0.0,0
0,0.0,0
0,0.0,0
0,0.0,0
0,0.0,0
0,0.0,0
0,0.0002728942921681308,0
0,0.0,0
0,0.0,0
0,0.0,0
0,0.0,0
0,0.0369870808152964,0
0,0.0,0
0,0.0,0
0,0.0005555555555555556,0
1,0.9982764927065936,1
0,0.0,0
0,0.0,0
0,0.0,0
0,0.0032151808091657715,0
0,0.0,0
0,0.0,0
0,0.0,0
0,0.00024086012238703098,0
0,0.0017626250668405466,0
0,0.00024086012238703098,0
0,0.0,0
0,0.004328728303223521,0
0,0.004519259933272672,0
0,8.703220191470844e-05,0
0,0.0,0
0,0.0,0
0,0.0008058608058608059,0
0,0.0,0
0,0.0,0
0,0.00024086012238703098,0
0,0.0,0
0,0.00024086012238703098,0
0,0.0,0
0,0.0,0
1,0.9997478970685836,1
0,0.00022927455469421405,0
0,0.0,0
0,0.0,0
0,0.0,0
0,0.0,0
0,0.0,0
0,0.0,0
0,0.0,0
0,0.00041549429398657903,0
0,0.0,0
0,0.0003741683876158522,0
0,0.0,0
0,0.0058823529411764705,0
0,0.0,0
0,0.0,0
0,0.0,0
0,0.008443365151038952,0
0,0.0,0
0,0.0,0
0,0.0,0
0,0.0,0
0,0.004328728303223521,0
0,0.004328728303223521,0
0,0.0,0
0,0.0,0
0,0.0,0
0,0.00020313568278869205,0
0,0.8295189652324475,1
0,0.0,0
0,0.0,0
0,0.0,0
0,0.0,0
0,0.0,0
0,0.0,0
0,0.0,0
0,0.0,0
0,0.0,0
0,0.0,0
0,0.1663307894285606,0
0,0.00020313568278869205,0
0,0.0,0
0,0.0,0
0,0.0,0
0,0.0,0
0,0.008443365151038952,0
0,0.0,0
0,0.0014616891216103303,0
0,0.0,0
0,0.04621065796673161,0
0,0.0,0
0,0.0003741683876158522,0
0,0.0,0
0,0.006571403752605976,0
0,0.0,0
0,0.00020313568278869205,0
0,0.0005555555555555556,0
0,0.0,0
0,0.0,0
0,0.00022927455469421405,0
0,0.0,0
0,0.0,0
0,0.0,0
0,0.0,0
1,0.9997451019258851,1
0,0.004328728303223521,0
0,0.0,0
0,0.0,0
0,0.0006459243264892443,0
0,0.00013666116860414817,0
0,0.0,0
0,0.0,0
0,0.0,0
0,0.0,0
0,0.0,0
0,0.004328728303223521,0
0,0.0,0
0,0.0,0
0,0.0,0
0,0.0,0
0,0.005333333333333334,0
0,0.0,0
0,0.1431776789058991,0
1,0.978236414564394,1
0,0.0,0
0,0.0,0
0,0.0,0
0,0.0,0
0,0.0,0
0,0.0,0
0,0.0,0
0,0.1038976081131331,0
0,0.004328728303223521,0
0,0.0,0
0,0.0,0
0,0.0,0
0,0.0,0
0,0.0,0
0,0.0,0
0,0.0,0
0,0.0,0
0,0.0,0
0,0.0,0
0,3.158009365131221e-05,0
0,0.0,0
0,0.0,0
0,0.006229301398991308,0
0,0.0,0
0,0.0,0
0,0.006666666666666667,0
0,0.0,0
0,0.0,0
0,0.0,0
0,0.0,0
0,0.0,0
0,0.00030769387343130834,0
0,0.0,0
0,0.0,0
0,0.0,0
0,0.0949844810888948,0
0,0.0,0
0,0.0,0
0,0.0001711015130075922,0
0,0.0,0
0,0.0,0
0,0.0,0
0,0.0,0
0,0.0,0
0,0.0,0
0,0.0,0
0,0.00024086012238703098,0
0,4.0143295921517954e-05,0
0,0.0,0
0,0.0,0
0,0.00015015015015015014,0
0,0.0,0
0,0.0,0
0,0.0,0
0,0.0,0
0,0.0,0
0,0.00022927455469421405,0
0,0.0,0
0,0.0,0
0,0.0,0
0,0.00024086012238703098,0
0,0.0,0
0,0.0,0
0,0.0,0
0,0.00020313568278869205,0
0,0.0,0
0,0.0,0
0,0.004519259933272672,0
0,0.00024086012238703098,0
0,0.0,0
0,0.0,0
0,0.0,0
0,0.0,0
0,0.010256417245922493,0
0,0.00020313568278869205,0
0,0.008443365151038952,0
0,0.0,0
0,0.0005555555555555556,0
0,0.0,0
0,0.0,0
0,0.0,0
0,0.12915364400465792,0
0,0.0,0
0,0.023291358955036423,0
0,0.0,0
0,0.0005555555555555556,0
0,0.0,0
0,0.0,0
0,0.0,0
0,0.0,0
0,0.0,0
0,0.0,0
0,0.0,0
0,0.2403686564495502,0
0,0.0,0
0,0.0,0
0,0.08851056647602092,0
1,0.9997488015139324,1
0,0.0,0
0,0.0005555555555555556,0
0,0.00024086012238703098,0
0,0.0,0
0,0.0,0
0,0.0,0
1,0.9983722436206409,1
0,0.0,0
0,0.0005555555555555556,0
0,0.004328728303223521,0
1,0.9997116279350386,1
0,0.0,0
0,0.0,0
0,0.0,0
0,0.0,0
0,0.0,0
0,0.00016869533838524803,0
0,0.0005555555555555556,0
0,0.06227973458924055,0
0,0.0,0
0,0.0,0
0,0.0,0
0,0.0,0
0,0.0,0
0,0.0,0
0,0.0009638833359802168,0
0,0.1280718622912524,0
0,0.3692053505616217,0
0,0.0,0
0,0.0,0
0,0.0,0
0,0.0,0
0,0.0,0
0,0.0003741683876158522,0
0,0.0,0
0,0.0,0
0,0.00057739993022015,0
0,0.008127724537301702,0
0,0.007407159675772541,0
0,0.0,0
0,0.0,0
0,0.00020313568278869205,0
0,0.0,0
0,0.00020313568278869205,0
0,0.0,0
0,0.0,0
0,0.0,0
0,0.0,0
0,0.0,0
0,0.0,0
0,0.01065581961737301,0
0,0.0,0
0,0.024142399289051923,0
0,0.0,0
0,0.011932186717847952,0
0,0.00037037037037037035,0
0,0.0,0
0,0.0016666666666666668,0
0,0.0,0
0,4.8192769122696875e-05,0
0,0.00013666116860414817,0
0,0.0,0
0,0.0,0
1,0.9991890593224425,1
0,0.0,0
0,0.0,0
0,0.0,0
0,0.0,0
0,0.0002728942921681308,0
0,0.00026130872447531386,0
0,0.00013666116860414817,0
0,0.0,0
0,0.00022927455469421405,0
0,0.0,0
0,0.0,0
0,0.0,0
0,0.0,0
0,0.0,0
0,0.0003741683876158522,0
0,0.0002728942921681308,0
0,0.0,0
0,0.0,0
0,0.0,0
1,0.9946566804189751,1
0,0.00022927455469421405,0
0,0.0,0
0,0.0,0
0,0.14738169046031746,0
0,0.00030769387343130834,0
0,0.0,0
0,0.0,0
0,0.0,0
0,0.0,0
0,0.008443365151038952,0
0,0.0,0
0,0.00013666116860414817,0
0,0.0,0
0,0.0,0
0,0.0009638833359802168,0
0,0.0,0
0,0.0002728942921681308,0
0,0.0006114839820858003,0
0,0.0,0
1,0.9997405414883264,1
0,0.004761904761904762,0
1,0.9995708207148452,1
0,0.0,0
0,0.0,0
0,0.0,0
0,0.0,0
0,0.0002728942921681308,0
1,0.9992661315505903,1
0,0.0,0
1,0.9992766519337158,1
0,0.0,0
0,0.1604451770445744,0
0,0.0,0
0,0.00024086012238703098,0
0,0.0,0
0,0.0,0
0,0.0,0
0,0.0002728942921681308,0
0,0.0,0
1,0.999705972157765,1
0,0.00013666116860414817,0
0,0.0,0
0,0.0,0
0,0.0,0
0,0.0,0
0,0.00030769387343130834,0
0,0.0,0
0,4.8192769122696875e-05,0
0,0.0,0
0,0.0,0
0,0.00024086012238703098,0
0,0.00045911403146049577,0
0,0.0,0
0,0.0,0
0,0.0,0
0,0.0,0
0,0.010955641644371612,0
0,0.0,0
0,0.0,0
0,0.0,0
0,0.0,0
0,0.0,0
0,0.0,0
0,0.0,0
0,0.0,0
0,0.0,0
0,0.0,0
0,0.00020313568278869205,0
0,0.0,0
0,0.0,0
0,0.0,0
0,0.00024086012238703098,0
0,0.0005555555555555556,0
0,0.0009638833359802168,0
0,3.158009365131221e-05,0
0,0.0,0
0,0.0,0
0,0.0,0
0,0.00022927455469421405,0
0,0.0,0
0,0.0,0
0,0.006666666666666667,0
0,0.00022927455469421405,0
0,0.0,0
0,0.0,0
0,0.0,0
0,0.0,0
0,0.0,0
0,0.0,0
0,0.0,0
0,0.0,0
0,0.0,0
0,0.0,0
0,0.0,0
0,0.0,0
0,0.0,0
0,0.0,0
0,0.0,0
0,0.0,0
0,0.0,0
0,0.0,0
0,0.0,0
0,0.13487316245644534,0
0,0.0,0
0,0.0,0
0,3.824732390855861e-05,0
0,0.0,0
0,0.0,0
0,0.00024086012238703098,0
0,0.3160421611959866,0
0,0.0001711015130075922,0
0,0.0,0
0,0.004328728303223521,0
0,0.0,0
0,0.0,0
0,0.0,0
0,0.004328728303223521,0
0,0.0,0
0,0.0,0
0,0.0009638833359802168,0
0,0.0,0
0,0.0,0
0,0.0,0
0,0.0,0
0,0.0,0
0,0.0,0
0,0.1104331237082008,0
0,0.0,0
0,0.0,0
0,0.06631393885544896,0
0,0.0,0
0,0.0,0
0,0.0,0
0,0.0,0
0,0.0,0
0,0.004328728303223521,0
0,0.0,0
0,0.0,0
0,0.0,0
0,0.0,0
0,0.0005555555555555556,0
0,0.00012818949879131694,0
0,0.0,0
0,0.0,0
0,0.0,0
0,0.0,0
0,0.0,0
1,0.9892275170888598,1
0,0.0,0
0,0.0,0
0,0.0,0
0,0.0,0
0,3.158009365131221e-05,0
0,0.006666666666666667,0
0,0.00026130872447531386,0
0,0.0,0
0,0.0,0
0,0.0003741683876158522,0
0,0.0,0
0,0.0,0
0,0.0,0
0,0.0,0
0,0.0,0
0,0.0,0
0,0.0003741683876158522,0
0,0.0,0
0,0.05414229131250315,0
0,0.0,0
0,0.0014222932767632725,0
0,0.0,0
1,0.9997405414883264,1
0,0.0,0
0,0.004328728303223521,0
0,0.0,0
0,0.0,0
0,0.0,0
0,0.0,0
0,4.0143295921517954e-05,0
0,0.0,0
0,0.0,0
0,0.0,0
0,0.09778394648683436,0
0,0.00041549429398657903,0
0,0.0,0
0,0.0,0
0,0.0,0
0,0.0,0
0,0.00037037037037037035,0
0,0.0,0
0,0.00022927455469421405,0
0,0.0,0
0,0.006571403752605976,0
0,0.00022927455469421405,0
0,0.0,0
0,0.0,0
0,0.0,0
0,0.0,0
1,0.9939660904803694,1
0,0.00022927455469421405,0
0,0.0,0
0,0.004328728303223521,0
0,0.0,0
0,0.0,0
0,0.00022927455469421405,0
0,0.0,0
0,0.0,0
0,0.0,0
0,0.0,0
0,0.0,0
0,0.00013666116860414817,0
0,0.00020313568278869205,0
0,0.0,0
0,0.0,0
0,0.0005622489959839357,0
0,0.0,0
0,0.0,0
0,0.0,0
0,0.0,0
0,0.0,0
0,0.0,0
0,0.0,0
0,0.0,0
0,0.1729724873466405,0
0,0.0,0
0,0.0,0
0,0.00024086012238703098,0
0,0.0003741683876158522,0
0,0.009946160518067994,0
0,0.0,0
1,0.9978765563975445,1
0,0.0,0
0,0.00022927455469421405,0
0,0.00013666116860414817,0
0,0.0,0
0,0.0,0
0,0.0,0
0,0.0,0
0,0.0,0
0,0.0,0
0,0.0,0
1,0.9997478970685836,1
0,0.0,0
0,0.0,0
0,0.0,0
0,0.0,0
0,0.011308950148325012,0
0,0.0,0
0,0.0,0
0,0.0,0
0,0.0,0
0,0.0,0
0,0.0,0
0,0.0,0
0,0.0,0
0,0.0032151808091657715,0
0,0.0,0
0,0.0,0
0,0.006153846153846154,0
0,0.013328201180395176,0
0,0.0,0
0,0.0,0
0,0.0,0
0,0.0,0
1,0.9997478970685836,1
0,0.012777777777777777,0
0,0.0,0
0,0.004328728303223521,0
0,0.0,0
0,0.0,0
0,0.0002728942921681308,0
0,0.0,0
1,0.9997579741880749,1
0,0.0,0
0,0.00042707986167939594,0
0,0.13493141212043472,0
0,0.0,0
0,0.1365927141291078,0
0,0.004328728303223521,0
0,0.008127724537301702,0
0,0.004761904761904762,0
0,0.0,0
1,0.7289380121798066,1
0,2.8557728228701013e-05,0
0,0.01731986531986532,0
0,0.0,0
0,0.0,0
0,0.0,0
0,0.0,0
1,0.9997405414883264,1
0,0.0,0
0,0.0,0
0,0.0,0
0,0.0,0
0,0.00016869533838524803,0
0,0.00020313568278869205,0
0,0.0,0
1,0.9992883659008758,1
0,0.0,0
1,0.9997519318587589,1
0,0.0,0
0,0.004328728303223521,0
0,0.0005555555555555556,0
0,0.0,0
0,0.0,0
0,0.010953232052427764,0
0,0.0,0
0,0.0,0
0,0.00022927455469421405,0
0,0.00024086012238703098,0
0,0.0,0
0,0.0,0
0,0.0,0
0,0.0,0
0,0.0005555555555555556,0
0,0.00016869533838524803,0
0,0.0,0
0,0.007388167388167388,0
0,0.0,0
0,0.0001711015130075922,0
0,0.0,0
0,0.0,0
0,0.0,0
0,0.0,0
1,0.999701958373344,1
0,0.0,0
0,0.0,0
0,0.1398730285182095,0
0,0.0,0
0,0.0,0
0,0.0,0
0,0.00022927455469421405,0
0,0.0,0
0,0.007725389288043183,0
0,0.0,0
0,0.0184981684981685,0
0,0.0,0
0,0.0,0
0,0.0,0
0,0.006571403752605976,0
0,0.0,0
0,0.004328728303223521,0
0,0.0,0
0,0.0,0
0,0.0,0
0,0.05667442680233673,0
0,0.0,0
0,0.0,0
0,0.0,0
0,0.0016877637130801688,0
0,0.0,0
0,0.0,0
0,0.004519259933272672,0
0,0.0,0
0,0.00018621973929236498,0
0,0.006666666666666667,0
0,0.0,0
0,0.0,0
0,0.0,0
0,0.0,0
0,0.0009303731313298527,0
0,0.23511197372386983,0
0,0.00024086012238703098,0
0,0.0014616891216103303,0
0,0.0,0
0,0.0,0
0,0.0,0
0,0.0,0
0,0.0,0
0,0.055690919899220634,0
0,0.0,0
0,0.0,0
0,0.0,0
0,0.00024086012238703098,0
0,0.00013666116860414817,0
0,0.0,0
0,0.0009638833359802168,0
0,0.0,0
0,0.0,0
0,0.0032151808091657715,0
0,0.004328728303223521,0
0,0.0,0
0,0.00024086012238703098,0
0,0.0,0
0,0.0,0
0,0.0,0
0,0.006571403752605976,0
0,0.0,0
0,0.0,0
0,0.0014820112223883687,0
1,0.9008625169432465,1
0,0.0,0
0,0.0,0
0,0.0,0
0,0.0,0
0,0.0,0
0,0.0,0
0,0.0,0
0,0.0,0
0,0.0,0
0,0.004328728303223521,0
0,0.0,0
1,0.9420682284429803,1
0,0.0,0
0,0.0,0
0,0.0,0
0,0.0,0
1,0.9995708207148452,1
0,0.0,0
0,0.0,0
0,0.0,0
0,0.0,0
0,0.0,0
0,0.0,0
0,0.0,0
0,0.0,0
0,0.0,0
0,0.0,0
0,0.0,0
0,0.0,0
0,0.0,0
0,0.0,0
0,0.0,0
0,0.0,0
0,0.0,0
0,0.14435405207912444,0
0,0.0,0
0,0.0,0
0,0.11265203474931307,0
0,0.0,0
0,0.00022927455469421405,0
0,0.0,0
0,0.0,0
0,0.0,0
0,0.0,0
0,0.0,0
0,0.0,0
0,0.0,0
0,0.05281109501361026,0
0,0.0,0
0,0.0,0
0,0.0,0
0,0.0,0
0,0.027223452816729405,0
0,0.0,0
0,0.0,0
0,0.0,0
0,0.004328728303223521,0
1,0.9997478970685836,1
0,0.0061111111111111106,0
0,0.0,0
0,0.00018621973929236498,0
0,0.0,0
0,0.0,0
0,0.0,0
0,0.0,0
0,0.00042707986167939594,0
0,0.0,0
0,0.0,0
0,0.0,0
0,2.8557728228701013e-05,0
0,0.0,0
0,0.0,0
0,0.0,0
0,0.0,0
0,0.0,0
0,0.0,0
0,0.00024086012238703098,0
1,0.9997931301141464,1
0,0.0,0
0,0.0,0
0,0.0,0
0,0.0,0
0,0.0,0
0,0.00020313568278869205,0
0,0.0,0
0,0.00013666116860414817,0
0,0.00024086012238703098,0
0,0.0,0
0,0.0,0
0,0.0,0
0,0.0,0
0,0.004328728303223521,0
0,0.0,0
0,0.0,0
0,0.0,0
0,0.0,0
1,0.9966441977325532,1
0,0.0005555555555555556,0
0,0.7995147402729438,1
0,0.0,0
0,0.0,0
0,0.0,0
0,0.0,0
0,0.004519259933272672,0
0,0.0,0
0,0.0,0
0,0.00018621973929236498,0
0,0.0,0
0,0.0,0
0,0.0,0
0,0.0,0
0,0.0003741683876158522,0
0,0.0,0
0,0.0,0
0,0.0012648192812104336,0
0,0.00024086012238703098,0
0,0.004328728303223521,0
1,0.9997405414883264,1
0,0.0002728942921681308,0
0,0.0,0
0,0.0002728942921681308,0
0,0.0001711015130075922,0
0,0.0,0
0,0.0,0
0,0.0,0
0,0.0,0
0,0.0,0
1,0.9997405414883264,1
0,0.0,0
0,0.0,0
0,0.0002728942921681308,0
0,0.0,0
0,0.0,0
0,0.0,0
1,0.999030522614536,1
0,0.0,0
0,0.0,0
0,0.0,0
0,0.0,0
0,0.0,0
0,0.0,0
0,0.0,0
0,0.0,0
0,0.0,0
0,0.0,0
0,0.0,0
0,0.021871389988640952,0
0,0.0,0
0,0.0,0
0,0.0,0
0,0.0,0
0,0.006666666666666667,0
0,0.0,0
0,0.0,0
0,0.011833333333333333,0
0,0.0,0
0,0.0,0
0,0.0,0
0,0.00041549429398657903,0
0,0.0,0
0,0.0,0
0,0.0,0
0,0.0,0
0,0.008443365151038952,0
0,0.0,0
1,0.8640274733366656,1
0,0.0,0
0,0.0,0
0,0.0009638833359802168,0
0,0.00022927455469421405,0
0,0.0,0
0,0.004328728303223521,0
0,0.0,0
0,0.0,0
0,0.0,0
0,0.0,0
0,0.0,0
0,0.0,0
0,0.0,0
0,0.0,0
0,0.0,0
0,0.0,0
0,0.004519259933272672,0
0,0.0,0
0,0.0,0
0,0.07281029941296496,0
0,0.0,0
0,0.0,0
0,0.0,0
0,0.002169833732487627,0
0,0.0,0
0,0.0,0
0,0.4640364552611533,0
0,0.006614633768728604,0
0,0.006983734472515521,0
0,0.0,0
0,0.0,0
0,0.0,0
1,0.9229989189313496,1
0,0.0,0
0,0.0,0
0,0.0,0
0,0.08553616304799454,0
0,0.00022927455469421405,0
0,0.0005555555555555556,0
0,0.0,0
0,0.0,0
0,0.0,0
0,0.0,0
0,0.0,0
0,0.0,0
0,0.0,0
0,0.0,0
0,0.00041549429398657903,0
0,0.0,0
0,3.824732390855861e-05,0
0,0.0,0
0,0.0,0
0,0.0001711015130075922,0
0,0.0,0
0,0.0,0
0,0.0,0
0,0.0,0
0,0.0,0
0,0.00020313568278869205,0
0,0.00013666116860414817,0
0,0.0,0
0,0.08109151415033768,0
0,0.0,0
0,0.09790339464400212,0
0,6.982741755987082e-05,0
0,0.0,0
0,0.010955641644371612,0
0,0.0,0
0,0.1291192706986461,0
1,0.9998078874487171,1
0,0.0,0
0,0.0,0
0,0.004328728303223521,0
0,0.0,0
0,0.0,0
0,0.0,0
0,0.00022927455469421405,0
0,0.0,0
0,0.0,0
0,0.0,0
0,0.0,0
0,0.0,0
0,0.00022927455469421405,0
0,0.0,0
0,0.0005622489959839357,0
0,0.0,0
0,0.0,0
0,0.00016869533838524803,0
1,0.9787887819042838,1
0,0.00022927455469421405,0
0,0.0,0
0,0.0,0
0,0.052354579658317926,0
0,0.0,0
1,0.9997478970685836,1
0,0.00041549429398657903,0
0,0.0,0
0,0.0,0
0,0.0,0
1,0.8598276211832532,1
0,0.0,0
0,0.0,0
0,0.0,0
0,0.0,0
0,0.0,0
0,0.00022927455469421405,0
0,0.00022927455469421405,0
0,0.0,0
0,0.0,0
0,0.00030769387343130834,0
0,0.0,0
0,0.0,0
0,0.0008631280257590964,0
0,0.0,0
0,0.0,0
0,0.003924105217766278,0
0,0.0,0
0,0.0,0
0,0.0,0
0,0.0,0
0,0.010256417245922493,0
0,0.0,0
0,0.0,0
0,0.0012648192812104336,0
0,0.0,0
0,0.0,0
0,0.0005555555555555556,0
0,0.0,0
0,0.0,0
0,0.0,0
0,0.0,0
0,0.0,0
0,0.004328728303223521,0
0,0.0002728942921681308,0
0,0.0,0
0,0.00042707986167939594,0
0,0.0,0
0,0.00022927455469421405,0
0,0.0,0
0,0.0,0
0,0.0009638833359802168,0
0,0.016753408887087356,0
0,0.0,0
0,0.004328728303223521,0
0,0.0,0
0,0.0,0
0,0.0,0
0,0.0,0
0,0.0,0
0,0.0,0
0,0.0,0
0,0.0,0
0,0.09482179581485715,0
0,0.0,0
0,0.0,0
0,0.00307843137254902,0
0,0.08998201373147871,0
0,3.158009365131221e-05,0
0,0.0,0
0,0.0016536034615666135,0
0,0.00013666116860414817,0
0,0.0,0
0,0.0001711015130075922,0
0,0.0,0
0,0.00020313568278869205,0
0,0.0,0
0,0.0,0
0,0.0,0
0,0.0032151808091657715,0
0,0.0,0
0,0.18876429436741163,0
1,0.9990249085753209,1
0,0.0,0
0,0.0,0
0,0.0,0
0,0.0,0
0,0.0,0
0,0.0,0
0,0.0,0
0,0.006656472986748216,0
0,0.0,0
0,0.0,0
0,0.0,0
0,0.0005555555555555556,0
0,0.0,0
1,0.9997281167878809,1
0,0.0,0
0,0.0,0
0,0.00022927455469421405,0
0,0.0,0
0,0.0,0
0,0.0,0
0,0.0,0
0,0.0,0
0,0.0,0
0,0.0,0
0,0.0,0
0,0.0,0
0,0.0,0
0,0.0,0
0,0.0,0
0,0.0,0
1,0.9997519318587589,1
0,0.0,0
0,0.0,0
0,0.0,0
0,2.8557728228701013e-05,0
0,0.0,0
0,0.0,0
0,0.0,0
0,0.00022927455469421405,0
0,0.0,0
0,0.0,0
0,0.0,0
0,0.0,0
0,0.0,0
0,0.0,0
1,0.9992622690554184,1
1,0.9997478970685836,1
0,0.0005622489959839357,0
0,0.0,0
0,0.0,0
0,0.0,0
0,0.0,0
0,0.00020313568278869205,0
0,0.008443365151038952,0
0,0.0,0
0,0.0,0
0,0.004519259933272672,0
1,0.9997093452419595,1
0,0.1352086246259898,0
0,0.0,0
1,0.9991441977325533,1
0,0.0,0
0,0.0,0
0,0.0,0
0,0.018653198653198654,0
0,0.0,0
0,0.00016869533838524803,0
0,0.3319298827898434,0
0,0.0,0
0,0.00022927455469421405,0
0,0.0,0
0,0.0,0
0,0.004328728303223521,0
0,0.7108529119572646,1
0,0.00024086012238703098,0
0,0.0,0
0,0.0005555555555555556,0
1,0.9997478970685836,1
0,0.0,0
0,0.0,0
0,0.00013666116860414817,0
0,0.0,0
0,2.8557728228701013e-05,0
0,0.0,0
0,0.0,0
0,0.0,0
0,0.0,0
0,0.0005555555555555556,0
0,0.0,0
0,0.0,0
0,0.0,0
0,0.0,0
0,0.0,0
1,0.9992766519337158,1
0,0.004328728303223521,0
0,0.0,0
0,0.0,0
0,0.0,0
0,0.0,0
0,0.0,0
0,0.0,0
0,0.004519259933272672,0
0,0.0,0
0,0.2029357760542266,0
0,0.0009638833359802168,0
0,0.0,0
0,0.0,0
0,0.19157015262154828,0
0,0.0,0
0,0.0,0
0,0.0,0
0,0.00266763951811774,0
0,0.0,0
0,0.0,0
0,0.0076155352754564845,0
0,0.0005555555555555556,0
0,0.003924105217766278,0
0,0.0,0
0,0.0,0
0,0.00022927455469421405,0
0,0.0,0
0,0.0,0
0,0.0,0
0,0.15364272157076597,0
0,0.0,0
0,0.012299270656943468,0
0,0.004328728303223521,0
0,0.0,0
0,0.00048484848484848484,0
0,0.00013666116860414817,0
0,0.0,0
0,0.004328728303223521,0
0,0.00016869533838524803,0
0,0.0,0
0,0.0,0
0,0.0,0
0,0.0,0
0,0.0,0
0,0.0,0
0,0.0002728942921681308,0
0,0.0,0
0,0.0,0
0,0.0,0
0,0.00013666116860414817,0
0,0.0,0
0,0.0,0
0,0.0,0
0,0.00013666116860414817,0
0,0.0,0
0,0.0,0
0,0.0,0
0,0.0,0
0,0.0,0
0,0.00041549429398657903,0
0,0.0,0
0,0.00022927455469421405,0
0,0.0001711015130075922,0
0,0.00024086012238703098,0
0,0.0,0
0,0.00048484848484848484,0
0,0.00048484848484848484,0
0,8.703220191470844e-05,0
0,0.0,0
0,0.0,0
0,0.0,0
0,0.0,0
0,0.0,0
0,0.0,0
0,0.0,0
0,0.012380952380952381,0
0,0.0,0
1,0.9685082253081464,1
0,0.0,0
0,0.10718595317056512,0
0,0.0,0
0,0.0,0
0,0.0,0
0,0.0,0
0,0.0,0
0,0.0,0
0,0.0,0
0,0.0,0
0,0.0,0
0,0.0,0
0,0.00024086012238703098,0
0,0.06878621375872979,0
0,0.0,0
0,0.0,0
0,0.00034213421783475237,0
0,0.0,0
0,0.00024086012238703098,0
0,0.0,0
0,0.0,0
0,0.0,0
0,0.0,0
0,0.18968167795556157,0
0,0.004328728303223521,0
0,0.01696998294186549,0
0,0.0,0
0,0.0,0
0,0.0,0
0,0.0006745311962035134,0
0,0.004328728303223521,0
0,0.0,0
0,0.0,0
0,0.00026130872447531386,0
0,0.00013666116860414817,0
0,0.0009638833359802168,0
0,0.00013666116860414817,0
0,0.0,0
0,0.0,0
0,0.0,0
0,0.0,0
0,0.0,0
0,0.0,0
0,0.00013666116860414817,0
0,0.0,0
0,0.004328728303223521,0
1,0.9995708207148452,1
0,0.008127724537301702,0
0,0.0,0
0,0.0,0
0,0.009662061636556854,0
0,0.0,0
0,0.08797117150041174,0
0,0.0002728942921681308,0
0,0.0,0
1,0.9996337808331833,1
0,0.004328728303223521,0
0,0.0,0
0,0.018718966218966217,0
0,0.0,0
0,0.0,0
0,0.0,0
0,0.0,0
0,0.0,0
0,0.0,0
0,0.0,0
0,0.0,0
0,0.0,0
0,0.00013666116860414817,0
0,0.0,0
0,0.0009638833359802168,0
0,0.0,0
0,0.0,0
0,0.0,0
0,0.0,0
0,0.0005555555555555556,0
0,0.0005555555555555556,0
0,0.0,0
1,0.9979108975349222,1
0,0.0,0
0,0.15572549561738178,0
0,0.0002728942921681308,0
0,0.0,0
0,0.0,0
0,0.0,0
0,0.0,0
0,0.00013666116860414817,0
0,0.0,0
0,0.0,0
0,0.0,0
0,0.0,0
0,0.0,0
1,0.9994319583072727,1
0,0.0,0
0,0.00024086012238703098,0
0,0.0,0
0,0.0,0
0,0.0,0
0,0.0,0
0,0.8139010442500075,1
0,0.0,0
0,0.0,0
0,0.00020313568278869205,0
0,0.0,0
1,0.9997405414883264,1
0,0.00024086012238703098,0
0,0.0,0
0,0.0,0
0,0.0,0
0,0.00020313568278869205,0
0,0.004328728303223521,0
0,0.0,0
0,0.0002728942921681308,0
0,0.6218196870584227,1
0,0.0,0
0,0.0,0
0,0.0,0
0,0.0,0
0,0.0,0
0,0.0,0
0,0.00015015015015015014,0
0,0.1844522861916493,0
0,0.0,0
0,0.004328728303223521,0
0,0.00631578947368421,0
0,0.0,0
0,0.0,0
0,0.0,0
0,0.0,0
0,0.0,0
0,0.06631393885544896,0
0,0.0,0
0,0.0,0
0,0.0,0
0,0.0,0
0,0.12863971033971722,0
0,0.004328728303223521,0
0,0.0,0
0,0.00026130872447531386,0
0,0.0,0
0,0.0,0
0,0.00024086012238703098,0
0,0.0,0
0,0.00024086012238703098,0
0,0.0,0
0,0.0,0
0,0.0,0
0,0.0,0
0,0.0,0
0,0.0,0
0,0.0,0
0,0.004328728303223521,0
0,0.0,0
0,0.0,0
0,0.0,0
0,0.0,0
0,0.006666666666666667,0
0,0.00015015015015015014,0
0,0.00013666116860414817,0
0,0.004328728303223521,0
0,0.0005622489959839357,0
1,0.9989212985746864,1
0,0.004328728303223521,0
0,0.0,0
0,0.00041549429398657903,0
0,0.006060606060606061,0
0,0.0,0
0,0.0,0
0,0.00013666116860414817,0
0,0.0,0
0,0.0,0
0,0.0,0
0,0.049482807665902996,0
0,0.0,0
1,0.9983281334765068,1
0,0.00024086012238703098,0
0,0.004328728303223521,0
0,0.0,0
0,0.0,0
0,0.0002728942921681308,0
0,0.0,0
0,0.0,0
0,0.0,0
0,0.00016869533838524803,0
0,0.0,0
0,0.0,0
0,0.0005555555555555556,0
0,0.0,0
0,0.0,0
0,0.0,0
0,0.0,0
0,0.00024086012238703098,0
0,0.0,0
0,0.0,0
0,0.0,0
1,0.9564219490685351,1
0,0.0,0
1,0.8495939201835262,1
0,0.0,0
0,0.0,0
0,0.0,0
0,0.0,0
0,0.00013666116860414817,0
0,0.0,0
0,0.0,0
0,0.0,0
0,0.1282837174320763,0
1,0.9997476002670087,1
1,0.9322101145820642,1
0,0.0,0
0,0.0,0
0,0.0,0
1,0.9768709516316348,1
0,0.0,0
0,0.0,0
0,0.0,0
0,0.0,0
0,0.22913309870422263,0
0,0.0,0
0,0.0006914287253824927,0
1,0.9721139581739836,1
0,0.0,0
0,0.0,0
0,0.02334212094131665,0
0,0.3238467581592694,0
0,0.0,0
0,0.0,0
0,0.0,0
0,0.0001711015130075922,0
0,0.0,0
0,0.0007612363985156522,0
1,0.9997478970685836,1
0,0.0,0
0,0.0,0
0,0.0,0
0,0.006167763157894737,0
0,0.0,0
0,0.004328728303223521,0
0,0.0,0
0,0.0,0
0,0.0,0
0,0.0,0
0,0.0,0
0,0.0,0
0,0.00625,0
0,0.0,0
0,0.0,0
0,0.0,0
0,0.0,0
0,0.0001711015130075922,0
0,0.0,0
0,0.0,0
0,0.0,0
0,0.0,0
0,0.0,0
0,0.0,0
0,0.0,0
0,0.0,0
0,0.0,0
0,0.0,0
0,0.0,0
0,0.0,0
1,0.8706891742720766,1
0,0.0005555555555555556,0
0,0.0,0
0,0.0,0
0,0.00016869533838524803,0
0,0.0,0
0,0.004328728303223521,0
0,0.0,0
0,0.0001711015130075922,0
0,0.0,0
0,0.0005555555555555556,0
1,0.9856150227936896,1
0,0.0,0
0,0.006274509803921568,0
0,0.006666666666666667,0
0,0.00024086012238703098,0
0,0.0,0
0,0.0,0
0,0.0,0
0,0.0,0
0,0.0,0
0,0.0,0
0,0.0006210196676940668,0
0,0.0012648192812104336,0
0,0.0,0
0,0.0,0
0,0.0,0
0,0.0,0
0,0.0006459243264892443,0
0,0.16280646818941044,0
1,0.9991450894097077,1
0,0.0,0
0,0.0,0
0,0.00016869533838524803,0
0,0.0,0
0,0.0,0
0,0.0,0
0,0.0001711015130075922,0
0,0.0,0
0,0.0,0
0,0.0,0
1,0.9997451019258851,1
0,0.0,0
0,0.00024086012238703098,0
0,0.00048484848484848484,0
1,0.9997478970685836,1
0,0.00024086012238703098,0
0,0.1011988652295386,0
0,0.0002728942921681308,0
0,0.0,0
0,0.0,0
0,0.006571403752605976,0
0,0.00024086012238703098,0
0,0.0,0
0,0.00024086012238703098,0
0,0.00022927455469421405,0
1,0.9855436052714267,1
0,7.21774657026178e-05,0
0,0.0,0
0,0.0,0
0,0.0,0
0,0.0,0
0,0.0,0
0,0.0005555555555555556,0
0,0.10723944895128845,0
0,0.0005622489959839357,0
0,0.0,0
0,0.0,0
0,0.0,0
0,0.0,0
0,0.0003741683876158522,0
0,4.8192769122696875e-05,0
0,0.0,0
0,0.0,0
0,0.0,0
0,0.0,0
1,0.9015793980627499,1
0,0.006571403752605976,0
1,0.9916312815749275,1
0,0.0,0
0,0.0,0
1,0.9988645363293261,1
0,0.0,0
0,0.00020313568278869205,0
0,0.0,0
0,0.0,0
0,0.00013666116860414817,0
0,0.0,0
0,0.0,0
0,0.0,0
0,0.0,0
0,0.0,0
0,0.0,0
0,0.0,0
0,0.0,0
0,0.0,0
0,0.0,0
0,0.005641025641025641,0
0,0.0,0
0,0.0,0
0,0.0,0
0,0.0,0
0,0.0,0
0,0.0,0
0,0.0,0
0,0.0,0
0,0.0,0
0,0.0,0
0,0.0,0
0,0.0,0
0,0.0,0
0,0.013428024837602004,0
0,0.00041549429398657903,0
0,0.0,0
0,0.0,0
0,0.0,0
0,0.0,0
0,0.0,0
0,0.0,0
0,0.0,0
0,0.0,0
0,0.0,0
0,0.0,0
0,0.0,0
0,0.008443365151038952,0
0,0.7759996939776078,1
1,0.9878976591481472,1
0,0.00022927455469421405,0
0,0.00024086012238703098,0
0,0.0,0
0,0.10978212879051692,0
0,0.0,0
0,0.15738898167970267,0
0,0.0,0
0,0.0,0
0,0.0,0
0,0.0002728942921681308,0
0,0.0,0
0,0.0,0
0,0.00013666116860414817,0
0,0.0,0
0,0.00013666116860414817,0
0,0.0,0
0,0.00024086012238703098,0
1,0.9825113037331437,1
0,0.0,0
0,0.0,0
0,0.00024086012238703098,0
0,0.005,0
0,0.0,0
0,0.0,0
0,0.0,0
0,0.0,0
0,0.004328728303223521,0
0,0.0,0
0,0.0,0
0,0.0,0
0,0.3822402440644002,0
0,0.0,0
1,0.9997478970685836,1
0,0.0,0
0,0.0,0
0,0.0,0
0,0.0,0
0,0.0,0
0,0.0,0
0,0.0,0
0,0.0,0
0,0.00018621973929236498,0
0,0.0,0
0,0.0,0
0,0.0,0
0,0.00022927455469421405,0
1,0.682868571506146,1
0,0.0,0
0,0.0003360781543900022,0
0,0.0,0
0,0.0,0
0,0.0,0
0,0.0,0
0,0.0,0
0,0.0,0
0,0.0,0
0,0.20834802938359154,0
0,0.010905716442321125,0
0,0.0,0
0,0.10214818871084262,0
0,0.0,0
0,0.00042707986167939594,0
0,0.0,0
0,0.0,0
1,0.9992883659008758,1
0,0.0,0
1,0.8679567031073384,1
0,0.0,0
0,0.0,0
0,0.0,0
0,0.0,0
0,0.0,0
0,0.0,0
0,0.0,0
0,0.0,0
0,0.0,0
0,0.0,0
0,0.0,0
0,0.018028144694811364,0
0,0.8985494123942469,1
0,0.004328728303223521,0
0,0.0,0
0,0.0,0
0,0.00024086012238703098,0
0,0.0,0
0,0.0,0
0,0.00042707986167939594,0
0,0.0,0
0,0.0,0
0,0.0,0
0,0.0,0
0,0.0,0
0,0.0009638833359802168,0
0,0.006571403752605976,0
0,0.0,0
0,0.0,0
0,0.0,0
0,0.0,0
0,0.1990727791206505,0
1,0.9982738595011384,1
0,0.0,0
0,0.0,0
0,0.0,0
0,0.0,0
0,0.0,0
0,0.0,0
1,0.9997305436778214,1
0,0.0,0
0,0.0,0
0,0.000588985497912967,0
0,0.0,0
0,0.004519259933272672,0
0,0.0,0
0,0.0,0
0,0.0,0
0,0.0,0
0,0.0,0
0,0.0,0
0,0.0,0
0,0.0,0
1,0.9400976939568534,1
0,0.0,0
0,0.0002728942921681308,0
0,0.0,0
0,0.0,0
0,0.0,0
0,0.0,0
0,0.0,0
0,3.444034440344404e-05,0
0,0.0,0
0,0.008443365151038952,0
0,0.0,0
0,0.0,0
0,0.14273972782438743,0
0,0.0,0
0,0.006240860122387031,0
0,0.0,0
0,0.002169833732487627,0
0,0.006560846560846561,0
1,0.9997405414883264,1
0,3.158009365131221e-05,0
1,0.974646722758306,1
0,0.00018621973929236498,0
0,0.0,0
0,0.0,0
0,0.0,0
1,0.9887992032397125,1
1,0.9990247654039919,1
0,0.0,0
0,0.0,0
0,0.0,0
0,0.0,0
0,0.0,0
0,0.0,0
0,0.0,0
0,0.0,0
0,0.0,0
0,0.0,0
0,0.0,0
0,0.1602890885513068,0
1,0.9997478970685836,1
0,0.0006144097167286133,0
0,0.0005555555555555556,0
0,0.0,0
0,0.0,0
0,0.0,0
0,0.0,0
0,0.0,0
0,0.0,0
0,0.0,0
0,0.0009303731313298527,0
0,0.0,0
0,0.36882837089531917,0
0,0.0,0
0,0.0,0
0,0.0,0
0,0.00020313568278869205,0
0,0.0012648192812104336,0
0,0.0,0
0,0.0,0
0,0.0,0
0,0.0,0
0,0.0,0
0,0.0,0
0,0.0002728942921681308,0
0,0.0,0
0,0.0,0
0,0.0,0
0,0.1039985559236833,0
0,0.0,0
0,0.0005555555555555556,0
0,0.004328728303223521,0
0,0.0,0
0,0.0,0
0,0.0,0
0,0.0,0
0,0.0002728942921681308,0
0,0.006060606060606061,0
0,0.0,0
0,0.0,0
0,0.0,0
1,0.9997478970685836,1
0,0.0,0
0,0.0,0
0,0.0,0
0,0.0,0
0,0.0,0
0,3.158009365131221e-05,0
0,0.0,0
0,0.0,0
0,0.0,0
0,0.0,0
0,0.016753408887087356,0
0,0.0,0
1,0.9930028589939034,1
0,0.0,0
0,0.0,0
0,0.0,0
0,0.0,0
0,0.0,0
0,0.0005555555555555556,0
0,0.0,0
0,0.00020313568278869205,0
0,0.0,0
1,0.9984842210346917,1
0,0.0,0
0,0.0,0
0,0.05724055992054963,0
0,0.0,0
1,0.9982432741781262,1
0,0.00024086012238703098,0
0,0.0,0
0,0.0,0
0,0.0,0
0,0.0,0
0,0.2532074114804374,0
0,0.004328728303223521,0
0,0.0,0
0,0.0,0
0,0.0,0
0,0.004328728303223521,0
0,0.09187965958731173,0
0,0.0,0
0,0.0005555555555555556,0
0,0.0,0
0,0.00024086012238703098,0
0,0.0,0
0,0.00024086012238703098,0
0,0.0,0
0,0.0,0
0,0.0,0
0,0.0906185003182947,0
0,0.004328728303223521,0
0,0.010955641644371612,0
1,0.9999447788200931,1
0,0.0,0
0,0.01731105931105931,0
0,0.0,0
0,0.0,0
0,0.0,0
0,0.0,0
0,0.0,0
0,0.0,0
0,0.0,0
0,0.008443365151038952,0
0,0.0,0
0,0.00026130872447531386,0
0,0.0002728942921681308,0
0,0.010496491461118258,0
0,0.0,0
1,0.9997519318587589,1
0,0.0,0
0,0.00013666116860414817,0
0,0.0001711015130075922,0
0,0.0,0
0,0.0,0
0,0.0,0
0,0.00020313568278869205,0
0,0.0002728942921681308,0
0,0.0,0
0,0.0,0
0,0.0,0
0,0.008127724537301702,0
0,0.00020313568278869205,0
0,0.0,0
0,0.0,0
0,0.0,0
0,0.0,0
0,0.0,0
0,0.0002728942921681308,0
0,0.00016869533838524803,0
0,0.00042707986167939594,0
0,0.0,0
0,0.0,0
0,0.0,0
0,0.0,0
0,0.0,0
0,0.0,0
0,0.00030769387343130834,0
0,0.0,0
0,0.0,0
0,0.0,0
0,0.0032151808091657715,0
0,0.0,0
0,0.0,0
0,0.0,0
0,0.0,0
0,0.0,0
0,0.0,0
0,0.0005555555555555556,0
0,0.0,0
0,0.0,0
0,0.0,0
0,0.0,0
0,0.0005555555555555556,0
0,0.0,0
0,0.0,0
0,0.0,0
1,0.991199092110716,1
0,0.00020313568278869205,0
0,0.004328728303223521,0
0,0.004328728303223521,0
0,0.00013666116860414817,0
0,0.0,0
0,0.0,0
0,0.0,0
0,0.0,0
0,0.0,0
0,0.0,0
0,0.0,0
0,0.007407159675772541,0
0,0.0,0
0,0.0,0
0,0.006060606060606061,0
0,0.0,0
0,0.0,0
0,0.0,0
0,0.0,0
0,0.0,0
0,0.0,0
0,0.006203135682788693,0
0,0.0,0
0,0.0,0
0,0.0,0
0,0.03315924159044381,0
0,0.0,0
0,0.0,0
0,0.0,0
1,0.9408942276260228,1
0,0.0,0
0,0.0,0
0,0.0,0
0,0.0,0
0,0.0,0
0,0.0,0
0,0.0,0
0,0.0,0
0,0.0002728942921681308,0
0,0.004328728303223521,0
1,0.9991148084358247,1
0,0.0,0
0,0.0,0
0,0.0,0
0,0.0005622489959839357,0
0,0.0,0
0,0.0,0
0,0.0014935967900811854,0
0,0.0,0
1,0.8494249419134231,1
0,0.0014616891216103303,0
0,0.004328728303223521,0
1,0.9997478970685836,1
0,0.0,0
0,0.00020313568278869205,0
0,0.0,0
0,0.0,0
0,0.10980178426733607,0
0,0.0,0
0,0.0,0
0,0.2267972154707708,0
0,0.0,0
0,0.0,0
1,0.759194310410971,1
0,0.0,0
0,0.12177596310519102,0
0,0.0,0
0,0.0,0
0,0.0,0
0,0.00020313568278869205,0
0,0.0,0
0,0.00013666116860414817,0
0,0.0,0
0,0.0005555555555555556,0
0,0.005800176834659593,0
0,0.0,0
0,0.0,0
0,0.0,0
0,4.8192769122696875e-05,0
0,0.00020313568278869205,0
0,0.0,0
0,0.00013666116860414817,0
0,0.0,0
0,0.00034213421783475237,0
0,0.08662688927126025,0
0,0.00048484848484848484,0
0,0.0,0
0,0.00042707986167939594,0
0,0.0,0
0,0.0,0
0,0.00024086012238703098,0
0,0.0,0
0,0.0,0
0,0.0,0
0,0.0032151808091657715,0
0,0.0,0
0,0.0,0
0,0.0,0
1,0.9988193905447504,1
0,0.005,0
0,0.0,0
0,0.0001711015130075922,0
0,0.01361868040933843,0
0,0.0016536034615666135,0
0,0.0002728942921681308,0
0,0.0,0
0,0.0,0
0,0.28384981433697937,0
0,0.0,0
0,0.0,0
0,0.00020313568278869205,0
0,0.0,0
0,0.004328728303223521,0
0,0.0,0
0,0.006730901703495874,0
0,0.0,0
0,0.0,0
0,0.0,0
0,0.004328728303223521,0
0,0.0,0
0,0.004328728303223521,0
0,0.0,0
0,0.0,0
0,0.0,0
0,0.0,0
0,0.0,0
0,0.0,0
0,0.0,0
0,0.00024086012238703098,0
0,0.0012648192812104336,0
0,0.0,0
0,0.0005555555555555556,0
0,0.005333333333333334,0
0,0.0,0
0,0.0,0
0,0.0,0
0,0.00024086012238703098,0
0,0.9050384844386294,1
0,0.0,0
0,0.0,0
0,0.0,0
0,0.00048484848484848484,0
1,0.9988193905447504,1
0,0.0002728942921681308,0
0,0.0,0
0,0.0,0
0,0.0,0
0,0.002169833732487627,0
0,0.0,0
0,0.0,0
0,0.09275187540560764,0
0,0.0,0
0,0.0,0
0,0.0,0
0,0.0,0
0,0.0,0
0,0.0,0
0,0.00020313568278869205,0
0,0.3134423854586265,0
1,0.9997405414883264,1
0,0.0,0
0,0.0,0
0,0.0,0
0,0.0,0
1,0.9995708207148452,1
0,0.0032151808091657715,0
0,0.0,0
0,0.00026130872447531386,0
0,0.0,0
0,0.004519259933272672,0
0,0.00022927455469421405,0
0,0.0,0
0,0.0,0
0,0.0,0
0,0.0012648192812104336,0
0,0.00030769387343130834,0
0,0.63003036712261,1
0,0.0,0
0,0.0,0
0,0.0,0
0,0.0,0
0,0.0,0
0,0.00013666116860414817,0
0,0.0,0
0,0.008443365151038952,0
0,0.0,0
0,0.0,0
1,0.9972377974774808,1
0,0.00307843137254902,0
0,0.0,0
0,0.41694436395891177,0
0,0.0032151808091657715,0
0,0.0005555555555555556,0
0,0.0,0
0,0.01413694924620251,0
0,0.0,0
0,0.0,0
0,0.0,0
0,0.0,0
0,0.0,0
0,0.010256417245922493,0
0,0.004328728303223521,0
0,0.0,0
0,0.0,0
0,0.0,0
0,3.158009365131221e-05,0
0,0.0,0
0,0.0,0
0,0.0,0
0,0.0,0
0,0.0009638833359802168,0
0,0.0,0
0,0.0,0
0,0.0,0
0,0.00024086012238703098,0
0,0.0,0
0,0.0,0
0,0.0,0
0,0.00048484848484848484,0
0,0.0,0
0,0.0,0
0,0.0,0
0,0.0,0
0,0.005343873517786562,0
0,0.0,0
0,0.0,0
0,0.0,0
0,0.0,0
0,0.0002728942921681308,0
1,0.9861167840691166,1
0,0.0,0
0,0.0,0
0,0.0,0
0,0.0,0
0,0.0,0
0,0.0,0
0,0.0,0
0,0.0,0
0,0.007407159675772541,0
0,0.00022927455469421405,0
0,0.00020313568278869205,0
0,0.04265272486695962,0
0,0.0,0
0,0.18716539499303725,0
0,0.0009638833359802168,0
0,0.0,0
0,0.013443730157964906,0
0,0.0,0
0,0.0032151808091657715,0
0,0.0,0
0,0.0,0
0,0.0,0
0,0.004328728303223521,0
0,0.0,0
0,0.00016869533838524803,0
0,0.0,0
1,0.9983722436206409,1
0,0.0,0
0,0.0,0
0,0.004328728303223521,0
0,0.0,0
0,0.00013666116860414817,0
0,0.0,0
0,0.0,0
0,0.00048484848484848484,0
0,0.0,0
0,0.0,0
0,0.0,0
0,0.0,0
0,0.0,0
0,0.0001711015130075922,0
0,0.00030769387343130834,0
0,0.0,0
0,0.00026130872447531386,0
0,0.0,0
0,0.0,0
0,0.0,0
1,0.9997478970685836,1
1,0.9019930204273529,1
0,0.0,0
0,0.0,0
0,0.0032151808091657715,0
0,0.0014616891216103303,0
0,0.0196225554806396,0
0,0.01091886435764529,0
0,0.0,0
0,0.0,0
0,0.0,0
0,0.13845129489829733,0
0,0.0019545394067968297,0
0,0.0,0
0,0.006621019667694067,0
0,0.0,0
0,0.0,0
0,0.0,0
0,0.0,0
0,0.0,0
0,0.0,0
0,0.0,0
0,0.0,0
0,0.0,0
0,0.0,0
0,0.8442122541937219,1
0,0.0001711015130075922,0
0,0.0,0
0,0.00042707986167939594,0
0,0.07424022010089791,0
0,3.824732390855861e-05,0
0,0.0,0
1,0.9997405414883264,1
0,0.0,0
0,0.0,0
0,0.0,0
0,0.0,0
0,0.0,0
0,0.00016869533838524803,0
0,0.00015015015015015014,0
0,0.0,0
0,0.0,0
0,0.0,0
0,0.0,0
0,0.004328728303223521,0
0,0.0,0
0,0.0,0
0,0.0006094341000012499,0
0,0.0,0
0,0.00020313568278869205,0
0,0.09655496025291761,0
0,0.0,0
0,0.00041549429398657903,0
0,0.0,0
0,0.004328728303223521,0
0,0.0,0
0,0.0,0
0,0.0,0
0,0.0002728942921681308,0
0,0.0,0
0,0.0,0
0,0.0,0
0,0.0,0
0,0.0,0
1,0.9992883659008758,1
0,0.0899914057622952,0
0,0.00013666116860414817,0
0,0.0,0
0,0.0,0
0,0.004328728303223521,0
0,0.0,0
0,0.0005555555555555556,0
0,0.0,0
0,0.0,0
0,0.0,0
0,0.0,0
0,0.0,0
0,0.0,0
0,0.0,0
0,0.00034213421783475237,0
0,3.158009365131221e-05,0
0,0.0,0
0,0.0,0
0,0.0,0
0,0.0,0
0,0.00057739993022015,0
0,0.0,0
0,0.0,0
0,0.0,0
0,0.0,0
0,0.05804466584883205,0
0,0.0,0
0,0.0,0
0,0.006060606060606061,0
0,0.0,0
0,0.0,0
0,0.0,0
0,0.0001711015130075922,0
0,0.0,0
0,0.0,0
0,0.0032151808091657715,0
0,0.0,0
1,0.98573493924743,1
0,0.08832971641582202,0
0,0.0,0
0,0.0,0
0,0.0,0
0,0.00026130872447531386,0
0,0.0,0
0,0.024707004132574165,0
0,0.0,0
0,0.11122175842206171,0
0,0.0,0
0,0.0,0
0,0.0005622489959839357,0
0,0.0,0
1,0.9966176259470803,1
0,0.0,0
0,0.0,0
0,0.0,0
0,0.0,0
0,0.0,0
0,0.0032151808091657715,0
0,0.0,0
0,0.5541232599084164,1
0,0.0,0
0,0.00022927455469421405,0
0,0.0,0
0,0.0,0
0,0.008443365151038952,0
0,0.0,0
0,0.00030404398460890243,0
0,0.0,0
1,0.9983698167307004,1
0,0.006416275430359938,0
0,0.0,0
0,0.04,0
0,0.00024086012238703098,0
0,0.0,0
0,0.0011213573315330561,0
0,0.00024086012238703098,0
0,0.0,0
0,0.0,0
0,0.0,0
0,0.0,0
0,0.0,0
0,0.00022927455469421405,0
0,0.04345827038989645,0
0,0.0,0
0,0.0,0
0,0.0,0
0,0.10711178823391772,0
0,0.0,0
0,0.004328728303223521,0
0,0.0,0
0,0.0,0
0,0.0,0
0,0.0044444444444444444,0
0,0.0,0
0,0.0,0
0,0.0,0
0,0.0,0
0,0.006,0
0,0.0,0
0,0.0,0
0,0.0,0
0,0.0,0
0,0.00024086012238703098,0
1,0.9997405414883264,1
0,0.0005555555555555556,0
0,0.0,0
0,0.0,0
0,0.0,0
0,0.0,0
0,0.0,0
0,0.0,0
0,0.0,0
0,0.0,0
0,0.0,0
0,0.0,0
0,0.0,0
0,0.0,0
0,0.0,0
0,0.0,0
0,0.0,0
0,0.0,0
0,0.00020313568278869205,0
0,0.0,0
0,0.0,0
0,0.0,0
0,0.0,0
0,0.0,0
0,0.0,0
0,0.00020313568278869205,0
0,0.0,0
0,0.00022927455469421405,0
0,0.0,0
0,0.00016869533838524803,0
0,0.0019545394067968297,0
0,0.0,0
1,0.8923013995033628,1
0,0.0,0
0,0.0,0
0,0.0,0
0,0.006060606060606061,0
0,0.0,0
0,0.00024086012238703098,0
1,0.9991441977325533,1
0,0.1012639354423414,0
0,0.0,0
0,0.0,0
1,0.9990733867022319,1
0,3.158009365131221e-05,0
0,0.0,0
0,0.0,0
0,0.0,0
0,0.0,0
0,0.0,0
0,0.0,0
0,0.0,0
0,0.0,0
0,0.0,0
0,0.0,0
0,0.005643232902917264,0
0,0.00013666116860414817,0
0,0.0,0
0,0.0,0
0,0.0,0
0,0.00022927455469421405,0
0,0.0005622489959839357,0
0,0.0,0
0,0.0,0
0,0.0,0
1,0.9845313064160608,1
0,0.004328728303223521,0
0,0.0,0
0,0.10311546212385027,0
0,0.0,0
0,0.0,0
0,0.0,0
0,0.0,0
0,0.00013666116860414817,0
0,0.14762024847870264,0
0,0.0,0
0,0.0,0
0,0.0,0
0,0.0,0
0,0.0,0
0,0.0011557976759365002,0
0,0.0,0
0,0.0,0
0,0.0,0
1,0.9985342746313205,1
0,0.00042707986167939594,0
0,0.12465194901691405,0
0,0.0,0
0,0.11638611739450551,0
0,0.0,0
0,0.0,0
0,0.0,0
1,0.9997478970685836,1
0,0.0,0
1,0.9988193905447504,1
0,0.0,0
0,0.00022927455469421405,0
0,0.0,0
1,0.9997576905199853,1
0,0.0,0
0,0.0,0
0,0.0,0
0,0.00016869533838524803,0
0,0.0,0
0,0.0,0
0,0.0,0
0,0.006666666666666667,0
0,0.02666666666666667,0
0,0.0,0
0,0.0,0
0,0.0111978533315318,0
0,4.0143295921517954e-05,0
0,0.008127724537301702,0
0,0.0,0
0,7.21774657026178e-05,0
0,0.0,0
0,0.0,0
0,0.0,0
0,0.0938807221505513,0
0,0.0,0
0,0.0,0
0,0.0,0
0,0.0,0
0,0.0,0
0,0.0,0
0,0.011658545960204722,0
0,0.0,0
0,0.0,0
0,0.0,0
0,0.010955641644371612,0
0,0.0,0
0,0.0,0
0,0.0,0
0,0.00022927455469421405,0
0,0.0,0
0,0.0,0
0,0.0,0
0,0.0,0
0,0.00022927455469421405,0
0,0.0,0
0,0.00013666116860414817,0
0,0.0,0
1,0.984280833442341,1
0,0.0,0
0,0.0,0
0,0.00022927455469421405,0
0,0.0,0
0,0.0,0
0,0.0,0
0,0.0,0
0,0.07546305383542007,0
0,0.00022927455469421405,0
0,0.004519259933272672,0
0,0.0,0
0,0.0,0
0,0.0,0
0,0.21384775598776776,0
0,0.0,0
0,0.0,0
0,0.0,0
0,0.0,0
0,0.0032151808091657715,0
0,0.0,0
0,0.0,0
0,0.0,0
0,0.0,0
0,0.0,0
0,0.0003741683876158522,0
0,0.0,0
0,0.0,0
0,0.0,0
0,0.00013666116860414817,0
0,0.0,0
0,0.0,0
1,0.9997478970685836,1
0,0.0,0
0,0.0,0
0,0.00024086012238703098,0
0,0.0,0
0,0.0,0
0,0.0,0
0,0.00020313568278869205,0
0,0.0,0
0,0.0,0
0,0.0,0
0,0.0014935967900811854,0
0,0.13411821980694977,0
0,0.0,0
0,0.0,0
0,0.00020313568278869205,0
0,0.00026130872447531386,0
0,0.00026130872447531386,0
0,0.0,0
0,0.0,0
0,0.0,0
0,0.0,0
0,0.0,0
0,0.0,0
0,0.0003741683876158522,0
0,0.0,0
0,0.0,0
0,0.0,0
0,0.0,0
0,0.004328728303223521,0
0,0.0,0
0,0.00016869533838524803,0
0,0.0,0
0,0.0,0
0,0.0,0
0,0.0,0
1,0.9992805144288878,1
0,0.0,0
0,0.0,0
0,0.00016869533838524803,0
0,0.00026130872447531386,0
0,0.0,0
0,0.0,0
0,0.0,0
0,0.0755817429917722,0
0,0.08552816355247939,0
0,0.0,0
0,0.0,0
1,0.9997576905199853,1
0,0.0,0
0,0.0,0
0,0.0,0
0,0.0,0
0,0.0,0
0,0.0002728942921681308,0
0,0.0,0
0,0.004328728303223521,0
0,0.0,0
0,0.00013666116860414817,0
0,0.0,0
0,0.0,0
0,0.0,0
0,0.0005555555555555556,0
0,0.0,0
0,0.0,0
0,0.0,0
0,0.0,0
0,0.005,0
0,0.0,0
0,0.00022927455469421405,0
0,0.0005622489959839357,0
0,0.23420477904059767,0
0,0.0,0
0,0.12056573265901115,0
0,0.0,0
0,0.00307843137254902,0
0,0.0,0
0,0.0,0
0,0.0,0
0,0.0,0
0,0.00018621973929236498,0
0,0.00018621973929236498,0
0,0.1044487954571836,0
0,0.0,0
0,0.00034213421783475237,0
0,0.9856963180095628,1
0,0.0,0
0,0.0002728942921681308,0
0,0.0,0
0,0.0,0
0,0.000588985497912967,0
0,0.0,0
0,0.0,0
1,0.9972380694314383,1
1,0.6545808552918231,1
0,0.0,0
0,0.00020313568278869205,0
0,0.0,0
0,0.0,0
1,0.9995708207148452,1
0,0.0,0
0,0.0,0
0,0.0,0
0,0.024217338736612578,0
0,0.050539259971341295,0
0,0.0,0
0,0.0,0
0,0.0012376184414093817,0
0,0.0,0
0,0.0,0
0,0.0,0
0,0.0,0
0,0.0,0
0,0.0,0
0,0.0,0
0,0.0,0
0,0.008127724537301702,0
0,0.0,0
0,0.0,0
0,0.0,0
0,0.0,0
0,0.0,0
0,0.0,0
0,0.0,0
0,0.0,0
0,0.00020313568278869205,0
0,0.0,0
0,0.0,0
0,0.00037037037037037035,0
0,0.0,0
0,0.0,0
0,0.0,0
0,0.0,0
0,0.0,0
0,0.0,0
0,0.0,0
0,0.0,0
0,0.017531186664865136,0
0,0.0,0
0,0.0,0
0,0.02,0
0,0.0,0
0,0.0044444444444444444,0
0,0.0,0
0,3.824732390855861e-05,0
0,0.07043662518274553,0
0,0.0,0
0,0.00020313568278869205,0
0,0.0005555555555555556,0
0,0.0,0
0,0.0,0
0,0.0,0
0,0.00048484848484848484,0
0,0.0,0
0,0.0,0
0,0.0,0
0,0.0,0
0,0.0,0
0,0.0,0
0,0.0,0
0,0.0,0
0,0.0,0
0,0.0,0
0,0.0005555555555555556,0
0,0.0,0
0,0.0070447513792501045,0
0,0.0,0
0,0.0,0
0,0.0032151808091657715,0
0,0.0,0
0,0.0,0
0,0.0,0
0,0.0,0
0,0.29358675951060265,0
0,0.0,0
0,0.0,0
0,0.0,0
0,0.0,0
0,0.0,0
0,0.0,0
0,0.0,0
0,0.0,0
0,0.00034213421783475237,0
0,0.0,0
0,0.0,0
0,0.0,0
0,7.268766831200264e-05,0
0,0.0,0
0,0.0,0
0,0.0,0
0,0.0,0
0,0.00024086012238703098,0
0,0.0032151808091657715,0
1,0.989591975854607,1
0,0.0,0
1,0.9968689008693888,1
0,0.0,0
0,0.0009638833359802168,0
0,0.0,0
0,0.0,0
0,0.004328728303223521,0
0,0.007139286026932049,0
0,0.0,0
0,0.00045911403146049577,0
0,0.0,0
0,0.0,0
0,0.0,0
0,0.06488106962718997,0
0,0.0,0
0,0.18185865733115128,0
0,0.0,0
0,0.0,0
0,0.0002728942921681308,0
0,0.0,0
0,0.0,0
0,0.0,0
0,4.8192769122696875e-05,0
0,0.00015015015015015014,0
0,0.011738294110390991,0
0,0.00037037037037037035,0
0,0.0002728942921681308,0
0,0.0,0
0,0.00022927455469421405,0
0,0.04852668590907903,0
0,0.0,0
0,0.0,0
0,0.0,0
0,0.00048484848484848484,0
0,0.0,0
0,0.00020313568278869205,0
0,0.0,0
0,0.00020313568278869205,0
0,0.0,0
0,0.0,0
0,0.0,0
0,0.00022927455469421405,0
0,0.0,0
0,0.0001711015130075922,0
0,0.0011213573315330561,0
0,0.004328728303223521,0
0,0.0,0
0,0.0,0
0,0.0,0
0,0.0,0
0,0.00024086012238703098,0
0,0.0,0
0,0.0005555555555555556,0
0,0.005343873517786562,0
0,0.0,0
0,0.004328728303223521,0
0,0.0,0
0,0.005343873517786562,0
0,0.0,0
0,0.0,0
0,0.0002728942921681308,0
0,0.0,0
0,0.00030769387343130834,0
0,0.0013833235839252622,0
0,0.0,0
0,0.00042707986167939594,0
0,0.0,0
0,0.0,0
0,0.0,0
0,0.00024086012238703098,0
0,0.0,0
0,0.0,0
0,0.00013666116860414817,0
0,0.0,0
0,0.0,0
0,0.0,0
0,0.0,0
0,0.0,0
0,0.0,0
0,0.00026130872447531386,0
0,0.0,0
0,0.0,0
0,0.0,0
0,0.0,0
0,0.0,0
0,0.0,0
0,0.0,0
1,0.9406834517209944,1
0,0.0,0
0,0.00022927455469421405,0
0,8.703220191470844e-05,0
0,0.0,0
0,0.0,0
0,0.0,0
0,0.0,0
0,0.0,0
0,0.0,0
0,0.0002728942921681308,0
0,0.016923083912589162,0
0,0.004328728303223521,0
1,0.9995708207148452,1
0,0.0,0
0,0.00013666116860414817,0
0,0.018854925422397324,0
0,0.0,0
0,0.0,0
0,0.10693447995586164,0
1,0.9997405414883264,1
0,0.0,0
0,0.00024086012238703098,0
0,0.00020313568278869205,0
0,0.0,0
0,0.0,0
0,0.0,0
0,0.0,0
1,0.9835868172559297,1
0,0.0,0
0,0.0,0
1,0.9997478970685836,1
0,0.0,0
0,0.0,0
0,0.00024086012238703098,0
0,0.0,0
0,0.3409070738712618,0
0,0.0,0
0,0.006642246642246642,0
0,0.0,0
0,0.0,0
0,0.0,0
0,0.0,0
0,0.0,0
0,0.0,0
0,0.0,0
0,0.0,0
1,0.8929175665981143,1
0,0.0,0
0,0.006310173970095178,0
1,0.9929828710055589,1
0,0.0,0
0,0.0,0
0,0.0,0
0,0.0,0
0,0.0,0
0,0.0,0
0,0.0,0
0,0.0,0
0,0.00013666116860414817,0
0,0.0,0
0,0.0,0
0,0.004328728303223521,0
0,0.0,0
0,0.0002728942921681308,0
0,0.00022927455469421405,0
0,0.00013666116860414817,0
0,0.0,0
0,0.12928163974306006,0
0,0.0,0
0,0.0,0
0,0.0,0
0,0.0,0
0,0.0,0
0,0.005643232902917264,0
0,0.0,0
0,0.00026130872447531386,0
0,0.0,0
0,0.0005555555555555556,0
1,0.9997495343159402,1
0,0.06253611883189643,0
0,0.0,0
0,0.0,0
0,0.00024086012238703098,0
0,0.0032151808091657715,0
0,0.0,0
0,0.0,0
0,0.0,0
0,0.0,0
0,0.00041549429398657903,0
0,0.0,0
0,0.0,0
0,0.0,0
0,0.00307843137254902,0
0,0.0,0
0,0.0,0
0,0.0,0
0,0.0,0
0,0.00022927455469421405,0
0,0.0,0
0,0.024722222222222222,0
0,0.0,0
0,0.0,0
0,0.0,0
0,0.0,0
1,0.9997405414883264,1
0,0.0,0
0,0.00015015015015015014,0
0,0.0,0
0,0.05474097758554614,0
0,0.0,0
0,0.0,0
0,0.00037037037037037035,0
0,0.004328728303223521,0
0,0.00048484848484848484,0
0,0.0,0
0,0.0,0
0,0.0,0
0,0.0,0
0,0.0,0
0,0.0,0
0,0.0,0
0,0.0,0
0,0.00022927455469421405,0
0,0.0,0
0,0.0,0
0,0.0,0
1,0.9932202661185384,1
0,0.0,0
0,0.0,0
0,0.526234788248091,1
0,0.05999879618276592,0
0,0.0,0
0,0.0,0
0,0.004328728303223521,0
0,0.0,0
0,0.0,0
0,0.0,0
0,0.008127724537301702,0
0,0.0,0
0,0.032842938712068094,0
0,0.0,0
0,0.0,0
0,0.000588985497912967,0
0,0.059589760404254975,0
0,0.004328728303223521,0
0,0.0,0
0,0.0,0
1,0.9997395780971895,1
0,0.17057083404624712,0
0,0.0,0
0,0.0,0
0,0.0005622489959839357,0
0,0.0,0
0,0.00022927455469421405,0
0,0.0,0
0,0.0016536034615666135,0
0,0.00026130872447531386,0
0,0.0,0
0,0.0,0
1,0.9957725132042922,1
0,0.0,0
0,0.0,0
0,0.0,0
0,0.0,0
0,0.12929929859021017,0
0,0.0,0
0,0.0,0
0,0.0,0
0,0.0,0
0,0.00048484848484848484,0
0,0.0,0
0,0.004328728303223521,0
0,0.0,0
0,0.0,0
0,0.004328728303223521,0
0,0.00024086012238703098,0
0,0.0,0
0,0.0,0
0,0.0,0
0,0.0002728942921681308,0
1,0.9997405414883264,1
0,0.0,0
0,0.0,0
0,0.0,0
0,0.028024185283869643,0
0,0.0,0
0,0.0,0
0,0.0,0
0,0.0,0
0,0.00022927455469421405,0
0,0.0,0
0,0.00024086012238703098,0
0,0.0,0
0,0.0,0
0,0.0,0
0,0.00018621973929236498,0
0,0.0,0
0,0.0,0
0,0.0002728942921681308,0
0,0.0,0
0,0.004328728303223521,0
1,0.9978766892392851,1
0,0.0,0
0,0.0,0
0,0.0,0
0,0.0002728942921681308,0
0,0.0,0
0,0.00024086012238703098,0
0,0.0,0
0,0.0,0
0,0.0,0
0,0.0,0
0,0.0,0
0,0.0,0
0,0.0,0
0,0.023045265416238372,0
0,0.0,0
1,0.9958447861528135,1
0,0.33575824284253825,0
0,0.0,0
0,0.0,0
0,0.00026130872447531386,0
0,0.0,0
1,0.9995547564578169,1
0,0.00037037037037037035,0
0,0.0,0
0,0.0,0
0,0.0,0
1,0.999940513518323,1
0,0.0,0
0,0.0,0
0,0.0,0
0,0.004519259933272672,0
0,0.0,0
0,0.0,0
0,0.08396209071297808,0
0,0.0,0
0,0.0,0
0,0.0,0
0,0.0,0
0,0.0,0
0,0.01196029776674938,0
0,0.004328728303223521,0
0,0.0,0
0,0.0,0
0,0.0005555555555555556,0
0,2.8557728228701013e-05,0
0,0.00057739993022015,0
1,0.9997478970685836,1
0,0.0,0
0,0.0,0
1,0.9997613091006156,1
0,0.0,0
0,0.0,0
0,0.0,0
0,0.0,0
0,0.0,0
0,0.0,0
0,4.0143295921517954e-05,0
0,0.0,0
0,0.15058796044209044,0
0,0.004328728303223521,0
0,0.0,0
0,0.00013666116860414817,0
1,0.9997476002670087,1
0,0.0,0
0,0.0,0
0,0.0,0
0,0.0,0
0,0.0,0
0,0.0,0
1,0.9982881822154342,1
0,0.000588985497912967,0
0,0.0,0
0,0.0,0
0,0.0003741683876158522,0
0,0.00024086012238703098,0
0,0.0,0
0,0.0,0
0,0.0,0
0,0.0,0
0,0.0003741683876158522,0
0,0.0,0
0,0.004328728303223521,0
1,0.8149730021668642,1
0,0.0,0
0,0.0,0
1,0.9992766519337158,1
0,0.010256417245922493,0
0,0.00024086012238703098,0
0,0.0,0
0,0.0,0
0,0.0,0
0,0.0,0
0,0.00048484848484848484,0
0,0.0,0
0,0.005643232902917264,0
0,0.0011757642819004576,0
0,0.00013666116860414817,0
0,0.0,0
0,0.0,0
0,0.0,0
0,0.004328728303223521,0
0,0.0,0
0,0.0,0
0,0.0,0
0,0.00013666116860414817,0
0,0.0,0
0,0.0,0
0,0.0032151808091657715,0
1,0.9997478970685836,1
0,0.0,0
0,0.0,0
0,0.011488095238095236,0
0,0.0,0
0,0.004519259933272672,0
0,0.0,0
0,0.005643232902917264,0
0,0.0,0
0,0.0,0
0,0.0,0
0,0.0014935967900811854,0
0,0.0,0
0,0.0,0
0,4.0143295921517954e-05,0
0,0.0,0
0,0.0,0
0,3.824732390855861e-05,0
0,0.00026130872447531386,0
0,0.0,0
0,0.0,0
0,0.0,0
0,0.11444743532855679,0
0,0.0,0
0,0.0,0
0,0.0,0
0,0.0,0
0,0.0,0
0,0.0,0
0,0.0,0
0,0.0,0
0,0.0,0
0,0.004328728303223521,0
0,0.006437908496732026,0
0,0.00041549429398657903,0
0,0.0,0
0,0.0005555555555555556,0
0,0.005343873517786562,0
0,0.00010472183809310246,0
0,0.0,0
0,0.22295147342827681,0
0,0.005343873517786562,0
0,0.0,0
0,0.0,0
0,0.0,0
0,0.0,0
0,0.0,0
0,0.0,0
0,0.5647149799886072,1
0,0.0,0
0,0.0,0
0,0.0,0
0,0.0012648192812104336,0
0,0.0,0
0,0.0125,0
0,0.0,0
0,0.08866256490815899,0
0,0.0659950572591091,0
0,0.04664172123479888,0
1,0.9997931301141464,1
0,0.0,0
0,0.00022927455469421405,0
0,0.0,0
0,0.08768299608803447,0
0,0.0,0
0,0.0,0
0,0.08232870937285851,0
0,0.0,0
0,0.0,0
0,0.0,0
0,0.006571403752605976,0
0,0.0,0
0,0.0,0
0,0.0,0
0,0.00020313568278869205,0
0,0.0,0
1,0.9997281167878809,1
0,0.0009638833359802168,0
0,0.0,0
1,0.924880329880206,1
0,0.0,0
0,0.0,0
0,0.0,0
1,0.9997478970685836,1
0,0.0014616891216103303,0
0,0.0,0
0,0.0,0
0,0.0,0
0,0.0,0
1,0.9997478970685836,1
0,0.0,0
0,0.0,0
0,0.0,0
0,0.00022927455469421405,0
0,0.0,0
0,0.0,0
1,0.9179012652232342,1
0,0.00013666116860414817,0
0,0.0,0
0,0.0,0
1,0.9989090363994441,1
0,0.0,0
0,0.0,0
0,0.0,0
0,0.0,0
0,0.0,0
0,0.0,0
0,0.00024086012238703098,0
0,0.0,0
0,0.0,0
0,0.0,0
0,0.0,0
0,0.0,0
1,0.9977021405632632,1
0,0.00024086012238703098,0
0,0.0,0
0,0.0,0
0,0.0,0
1,0.9988193905447504,1
0,0.0,0
0,0.00020313568278869205,0
0,0.06268772003971088,0
0,0.0,0
0,0.0,0
0,0.00048484848484848484,0
0,0.00026130872447531386,0
0,0.0,0
0,0.0,0
0,0.00010472183809310246,0
0,0.0,0
0,0.0001711015130075922,0
0,0.01099539496989019,0
0,0.0,0
0,0.0,0
0,0.004328728303223521,0
0,0.1264474684284807,0
0,0.0,0
0,0.00024086012238703098,0
0,0.0,0
0,0.0,0
0,0.0,0
0,0.0,0
0,0.0,0
0,0.00057739993022015,0
0,0.008127724537301702,0
0,0.0,0
0,0.09729067957189938,0
0,0.06856949126741883,0
0,0.0,0
0,0.0,0
0,0.0,0
0,0.0,0
0,0.0,0
0,0.0,0
0,0.0,0
0,0.0,0
0,0.0006114839820858003,0
0,0.0,0
0,0.004328728303223521,0
0,0.0,0
0,0.0,0
0,0.0,0
0,0.0,0
0,0.013155067155067156,0
0,0.0,0
0,0.0009303731313298527,0
0,0.00048484848484848484,0
0,0.0,0
0,0.0,0
0,0.012249999999999999,0
0,0.006571403752605976,0
0,0.0,0
0,0.00037037037037037035,0
0,0.0,0
1,0.7632342519826752,1
0,0.0,0
0,0.0,0
0,0.0,0
0,0.0,0
0,0.00013666116860414817,0
0,0.0,0
0,0.0,0
0,0.0,0
0,0.0005555555555555556,0
0,0.0,0
0,0.0,0
0,0.0002728942921681308,0
1,0.9758370596322032,1
0,0.0,0
0,0.00020313568278869205,0
0,0.00022927455469421405,0
0,0.0,0
0,0.0,0
0,0.0011213573315330561,0
0,0.0,0
0,0.0009638833359802168,0
0,0.06812648659856958,0
0,0.0,0
0,0.0,0
0,0.0,0
0,0.0,0
0,0.0,0
0,0.0,0
0,0.0,0
0,0.0,0
0,0.0,0
0,0.0,0
1,0.8924136223358435,1
0,0.0,0
0,0.0,0
0,0.0,0
0,0.008127724537301702,0
0,0.00022927455469421405,0
0,0.0,0
0,0.0,0
0,0.0,0
0,0.0,0
0,0.0,0
1,0.9935748052144088,1
0,0.0,0
0,0.0,0
0,0.0,0
0,0.0006914287253824927,0
1,0.9937131193410061,1
0,0.006571403752605976,0
0,0.0,0
0,2.8557728228701013e-05,0
0,0.0,0
0,0.0,0
0,0.0002728942921681308,0
0,0.0,0
0,0.004328728303223521,0
0,0.0,0
0,0.0,0
1,0.9997478970685836,1
0,0.00024086012238703098,0
0,0.0,0
0,0.004519259933272672,0
0,0.15342868616161354,0
0,0.0,0
0,0.0,0
0,0.0011557976759365002,0
0,0.0,0
0,0.07913317679137484,0
0,0.00013666116860414817,0
0,0.00042707986167939594,0
0,0.0,0
0,0.0,0
0,0.0,0
0,0.0001711015130075922,0
0,0.0,0
0,0.0,0
0,0.0,0
0,0.0,0
0,0.0,0
0,0.00024086012238703098,0
0,0.0,0
0,0.03425926745707792,0
0,0.0,0
0,0.0002728942921681308,0
0,0.0,0
0,0.0,0
0,0.0,0
0,0.008443365151038952,0
0,0.004328728303223521,0
0,0.0,0
0,0.0006210196676940668,0
0,0.0,0
0,0.0,0
1,0.9995708207148452,1
0,0.0,0
0,0.0,0
0,0.0032151808091657715,0
0,0.00020313568278869205,0
0,0.0,0
0,0.00013666116860414817,0
0,0.0,0
0,0.00022927455469421405,0
0,0.0,0
0,0.0,0
1,0.9810399139600224,1
0,0.0,0
0,0.0,0
0,0.0,0
0,0.0,0
0,0.00020313568278869205,0
0,0.0,0
0,0.0,0
0,0.00016869533838524803,0
0,0.0,0
0,0.00020313568278869205,0
0,0.0,0
0,0.00016869533838524803,0
0,0.0,0
0,0.0,0
0,0.0,0
0,0.0,0
0,0.0,0
0,0.0,0
1,0.9997116279350386,1
0,0.0,0
0,0.0,0
0,0.005643232902917264,0
0,0.00307843137254902,0
0,0.0,0
0,0.00024086012238703098,0
0,0.0008975683701625405,0
0,0.006153846153846154,0
0,0.0,0
0,0.0,0
0,0.0,0
0,0.6818880248330125,1
0,0.0,0
0,0.0,0
0,0.0,0
0,0.0,0
0,0.0,0
0,0.004519259933272672,0
0,0.0,0
0,0.0,0
0,0.0011072398856313633,0
0,0.00020313568278869205,0
1,0.9997405414883264,1
0,0.0012376184414093817,0
1,0.9907525985449208,1
0,0.0,0
0,0.006416275430359938,0
0,0.00037037037037037035,0
0,0.0,0
0,0.0,0
0,0.0001711015130075922,0
0,0.0,0
0,0.00024086012238703098,0
0,0.0,0
0,0.0,0
0,0.0,0
0,0.0,0
1,0.9997395780971895,1
0,0.0,0
0,0.00022927455469421405,0
0,0.0,0
0,0.0,0
0,0.00020313568278869205,0
0,0.00022927455469421405,0
0,0.0,0
0,0.0,0
1,0.9988193905447504,1
0,0.0,0
0,0.0,0
0,0.0,0
0,0.0,0
0,0.0,0
0,0.0,0
0,0.00026130872447531386,0
0,0.0,0
0,0.0,0
0,0.0,0
0,0.0,0
0,0.004328728303223521,0
0,0.0,0
0,0.00022927455469421405,0
0,0.0,0
0,0.0,0
0,0.0014222932767632725,0
0,0.0,0
0,0.0,0
0,0.0,0
0,0.0,0
0,0.0,0
0,0.0,0
0,0.0,0
0,0.0,0
0,0.0,0
0,0.0,0
0,0.0006210196676940668,0
0,0.0,0
0,0.0,0
0,0.0,0
0,0.0,0
0,0.0,0
0,0.0,0
0,0.0,0
0,0.00024086012238703098,0
0,0.0005622489959839357,0
0,0.00013666116860414817,0
0,0.0,0
0,3.158009365131221e-05,0
1,0.9997397607833786,1
0,0.0,0
0,0.0,0
0,0.0,0
0,0.004328728303223521,0
0,0.0,0
0,0.00026130872447531386,0
0,0.0,0
0,0.0,0
0,0.00013666116860414817,0
0,0.00020313568278869205,0
0,0.0,0
0,0.0,0
0,0.0,0
0,0.0002728942921681308,0
0,0.0,0
1,0.9997576905199853,1
0,0.0,0
0,0.0,0
0,0.0,0
0,0.0,0
0,0.0,0
0,0.0,0
0,0.08059769095903739,0
0,0.0,0
0,0.0,0
0,0.15450688596354703,0
0,0.004519259933272672,0
0,0.0,0
0,0.00022927455469421405,0
0,0.0005622489959839357,0
0,0.00013666116860414817,0
0,0.004328728303223521,0
0,0.0,0
1,0.9997579741880749,1
0,0.0,0
1,0.9997478970685836,1
0,0.0,0
0,0.004328728303223521,0
0,0.00022927455469421405,0
0,0.0,0
0,0.007407159675772541,0
0,0.0,0
0,0.0,0
0,0.0,0
1,0.9992900472796064,1
0,0.00022927455469421405,0
0,0.0,0
0,0.0,0
0,0.0,0
0,0.0,0
0,0.00013666116860414817,0
0,0.0,0
0,0.0,0
1,0.9997488015139324,1
1,0.9995444630569538,1
0,0.0,0
0,0.0,0
0,0.0,0
0,0.00013666116860414817,0
0,0.0,0
0,0.8748491739649887,1
0,0.0,0
0,0.006571403752605976,0
0,0.00013666116860414817,0
0,0.10314594012439801,0
0,0.004328728303223521,0
0,0.0,0
0,0.0014616891216103303,0
0,0.0,0
0,0.0,0
0,0.0,0
0,0.0,0
0,0.00022927455469421405,0
0,0.0,0
0,8.703220191470844e-05,0
0,0.0002728942921681308,0
0,0.0,0
0,0.0,0
0,0.0,0
0,0.0,0
0,0.00057739993022015,0
0,0.0,0
0,0.0016536034615666135,0
0,0.11169185869666584,0
0,0.0,0
0,0.0,0
0,0.0,0
1,0.7571483037867441,1
0,0.0,0
0,0.0,0
0,0.0,0
0,0.0,0
0,0.0,0
0,0.005925925925925926,0
0,0.00020313568278869205,0
0,0.00024086012238703098,0
0,0.0005555555555555556,0
0,0.10194238932042353,0
0,0.0,0
1,0.9997405414883264,1
0,0.0,0
0,0.0,0
0,0.0,0
0,0.0,0
0,0.0,0
0,0.0,0
0,0.0,0
0,0.0,0
0,0.00016869533838524803,0
0,0.0,0
0,0.00013666116860414817,0
0,0.00024086012238703098,0
0,0.0,0
1,0.9997405414883264,1
0,0.0,0
0,0.0005555555555555556,0
0,0.00013666116860414817,0
0,0.0,0
1,0.9997478970685836,1
0,0.0,0
0,0.0,0
0,0.0,0
0,0.0,0
0,0.0,0
0,0.13334358663812942,0
0,0.0,0
0,0.0,0
0,0.0,0
0,0.0,0
0,0.0,0
0,0.00024086012238703098,0
0,0.0,0
0,0.0,0
0,0.00045911403146049577,0
0,0.0,0
0,0.0,0
0,0.0,0
0,0.0,0
1,0.9993389748715892,1
0,0.00022927455469421405,0
0,0.017731481481481483,0
0,0.0,0
0,0.0,0
0,0.0,0
0,0.0,0
0,0.0,0
0,0.00024086012238703098,0
0,0.0,0
0,0.0016877637130801688,0
0,0.06279406817714116,0
0,0.0,0
0,0.10062275935899807,0
0,0.0,0
0,0.0011072398856313633,0
0,0.0,0
0,0.0,0
0,0.0,0
0,0.0,0
0,0.0,0
0,0.005454545454545455,0
0,0.0,0
0,0.0,0
0,0.0,0
0,0.0,0
0,0.0,0
0,0.0016666666666666668,0
0,0.0,0
0,0.004519259933272672,0
0,0.0,0
0,0.0,0
0,0.0125,0
0,0.005397676496872207,0
0,0.010952826366839107,0
0,0.006666666666666667,0
0,0.0,0
0,0.0008338839400201156,0
0,0.0,0
0,0.0001711015130075922,0
0,0.0,0
0,0.011852504954823852,0
0,0.0,0
0,0.0,0
0,0.0,0
0,0.0,0
0,0.0,0
0,0.012626913341148089,0
0,0.0009638833359802168,0
0,0.05801499579397073,0
0,0.0,0
0,0.0,0
0,0.00662691334114809,0
0,0.0,0
0,0.0001711015130075922,0
0,0.0,0
0,0.0,0
0,0.0,0
0,0.0,0
0,0.0,0
1,0.9992900472796064,1
0,0.0,0
1,0.9975914299490414,1
0,0.0,0
0,0.0,0
0,0.0001711015130075922,0
0,0.0,0
1,0.941877511337475,1
0,0.0012648192812104336,0
1,0.850562502482794,1
0,0.0,0
0,0.0,0
0,0.00048484848484848484,0
0,0.0,0
0,0.0,0
0,0.0,0
0,0.025632603990276802,0
0,0.0,0
0,0.0,0
0,0.0,0
0,0.0,0
0,0.00020313568278869205,0
1,0.9997579741880749,1
0,0.0006144097167286133,0
0,0.20690531786435937,0
0,0.0,0
0,0.0,0
0,0.0002728942921681308,0
1,0.8699055996762739,1
0,0.0,0
0,0.0,0
0,0.0,0
0,0.0,0
0,0.0,0
0,0.0,0
0,0.0,0
0,0.0,0
0,0.0,0
0,0.0,0
0,0.0,0
0,0.0,0
0,0.0,0
0,0.1597021542568068,0
0,0.0,0
0,0.006190476190476191,0
0,0.0,0
0,0.002169833732487627,0
0,0.0,0
0,0.0,0
0,0.0,0
0,0.0,0
0,0.00024086012238703098,0
0,0.13101750391631473,0
0,0.0,0
1,0.9939152439738818,1
0,0.006571403752605976,0
0,0.0,0
0,0.00030769387343130834,0
0,0.0016536034615666135,0
0,0.0,0
0,0.004328728303223521,0
0,0.007407159675772541,0
0,0.0,0
0,0.0,0
0,0.0005622489959839357,0
0,0.004328728303223521,0
0,0.0,0
0,0.0,0
0,0.0,0
0,0.0,0
0,0.0,0
0,0.004328728303223521,0
0,0.0,0
0,0.0,0
0,0.0,0
0,0.0,0
0,0.0,0
0,0.3148624869893939,0
0,0.2885705374978536,0
0,0.0,0
0,0.0,0
0,0.0,0
0,0.00010472183809310246,0
0,0.0,0
0,0.0,0
0,0.0001711015130075922,0
0,0.0,0
0,0.0,0
0,0.0009303731313298527,0
0,0.006153846153846154,0
0,0.00024086012238703098,0
0,0.016922719833672023,0
0,0.0,0
0,0.0,0
0,0.0,0
0,0.004519259933272672,0
0,0.0,0
0,0.0,0
0,0.5046918459896259,1
0,0.004328728303223521,0
0,0.0,0
0,0.0,0
0,0.0,0
0,0.0,0
0,0.06739878492709828,0
0,0.005397676496872207,0
0,0.0,0
0,0.0,0
0,0.14695869063572012,0
0,0.0,0
0,0.00030769387343130834,0
0,0.0,0
0,0.0,0
0,0.0,0
0,0.0,0
0,0.0,0
0,0.0,0
0,0.00022927455469421405,0
0,0.00024086012238703098,0
0,0.0,0
0,0.0,0
0,0.0032151808091657715,0
0,0.0,0
0,0.0,0
0,0.0005555555555555556,0
1,0.9988033262877224,1
1,0.7551293248816225,1
0,0.00048484848484848484,0
0,0.0,0
0,0.00020313568278869205,0
0,0.0,0
0,0.0,0
0,0.0012648192812104336,0
0,0.0,0
0,0.00022927455469421405,0
0,0.0,0
1,0.9068783726908475,1
0,0.0,0
0,0.0032151808091657715,0
0,0.0,0
0,0.0002728942921681308,0
0,0.0,0
0,0.0,0
0,0.0,0
0,0.00024086012238703098,0
0,0.0,0
0,0.0,0
0,0.0,0
0,0.004328728303223521,0
0,0.00024086012238703098,0
0,0.07225172211493511,0
0,0.005925925925925926,0
0,0.0011188254533241802,0
0,0.0,0
0,0.0,0
0,0.0,0
0,0.0,0
0,0.0,0
0,0.0001711015130075922,0
0,0.2329140699264983,0
0,0.0,0
0,0.00024086012238703098,0
0,0.0,0
0,0.0,0
0,0.005800176834659593,0
0,0.0,0
0,0.0,0
0,0.0,0
0,0.0,0
0,0.0,0
0,0.0,0
0,0.0,0
0,0.0,0
0,0.0,0
0,0.05675783373654781,0
0,0.0,0
0,0.0,0
0,0.0,0
1,0.9986339908147738,1
0,0.0,0
0,0.004328728303223521,0
0,0.0,0
0,0.0,0
0,0.0,0
0,0.0,0
0,0.00024086012238703098,0
0,0.0,0
0,0.00022927455469421405,0
0,0.0,0
0,0.0,0
0,0.12136349442792982,0
0,0.8453749746175316,1
0,0.0,0
0,0.0,0
0,0.0,0
0,0.0,0
0,0.0,0
0,0.00045911403146049577,0
0,0.0,0
0,0.0,0
1,0.9998078874487171,1
0,0.0,0
0,0.0,0
0,0.017596390609838076,0
0,0.0,0
0,0.004328728303223521,0
0,0.00013666116860414817,0
0,0.0,0
0,0.0,0
0,0.0,0
0,0.0,0
0,0.0,0
0,0.0,0
0,0.00307843137254902,0
0,0.0,0
0,0.0,0
0,0.0,0
0,0.00026130872447531386,0
0,0.0,0
0,0.0,0
1,0.9972334985771912,1
0,0.0008975683701625405,0
0,0.0,0
0,0.013222222222222222,0
1,0.9984842210346917,1
0,0.0,0
1,0.9974796799314728,1
0,0.0,0
0,0.00041549429398657903,0
0,0.00024086012238703098,0
0,0.0,0
0,0.0,0
0,0.0,0
0,8.703220191470844e-05,0
0,0.006571403752605976,0
0,0.0,0
0,0.0,0
0,0.00013666116860414817,0
0,0.0,0
0,0.0,0
0,0.00020313568278869205,0
0,0.004328728303223521,0
0,0.0,0
0,0.0,0
0,0.0,0
0,0.0,0
0,0.00026130872447531386,0
0,0.004328728303223521,0
0,0.0,0
0,0.0,0
0,0.00020313568278869205,0
0,0.0,0
0,0.0,0
0,0.004328728303223521,0
0,0.0,0
0,0.0,0
0,0.0,0
0,0.0,0
0,0.0,0
0,0.0,0
0,0.00022927455469421405,0
0,0.0,0
0,0.0,0
0,0.0,0
0,0.00022927455469421405,0
0,0.0,0
1,0.9992883659008758,1
0,0.0002728942921681308,0
0,0.00013666116860414817,0
0,0.0,0
0,0.0,0
0,0.0,0
0,0.0,0
0,0.1075928242541371,0
0,0.0,0
0,0.00022927455469421405,0
0,0.0,0
0,0.0,0
0,0.0,0
0,0.0,0
0,0.0,0
0,0.05886101327473997,0
0,0.00020313568278869205,0
0,0.004328728303223521,0
0,0.0,0
0,0.0,0
1,0.9992489514447285,1
0,0.0,0
0,3.158009365131221e-05,0
0,0.0,0
0,0.0,0
0,0.0,0
0,0.0,0
0,0.0,0
0,0.00022927455469421405,0
0,0.00013666116860414817,0
0,0.0,0
1,0.9992922283960477,1
0,0.0,0
0,0.0,0
0,0.00024086012238703098,0
0,0.0,0
0,0.0012648192812104336,0
0,0.0,0
1,0.9988193905447504,1
0,0.0,0
0,0.005643232902917264,0
0,0.000588985497912967,0
0,0.0,0
0,0.0,0
0,0.01735213005536828,0
1,0.9997405414883264,1
0,0.0064335664335664336,0
0,0.0,0
0,0.0,0
0,0.0,0
0,7.028149368965844e-05,0
0,0.0,0
0,0.062094975791283605,0
0,0.0,0
0,0.27702152332100316,0
0,0.2973677121643724,0
0,0.00022927455469421405,0
0,0.004328728303223521,0
0,0.00022927455469421405,0
0,0.0,0
0,0.0,0
0,0.0,0
0,0.0,0
0,0.0,0
0,0.0,0
0,0.0,0
0,0.0,0
0,0.0,0
0,0.00013666116860414817,0
0,0.0,0
0,0.00065802945420253,0
0,0.00016869533838524803,0
0,0.0,0
0,0.0,0
0,0.00030769387343130834,0
0,0.0,0
0,0.0,0
0,0.00048484848484848484,0
0,0.0,0
1,0.9988193905447504,1
0,0.0001711015130075922,0
0,0.0,0
0,0.0,0
0,0.0,0
0,0.0,0
0,0.004328728303223521,0
0,0.0,0
0,0.005397676496872207,0
0,0.0,0
0,0.0,0
0,0.0,0
0,0.0,0
0,0.0,0
1,0.8026137945049089,1
0,0.0,0
0,0.0,0
0,0.0,0
0,0.0,0
0,0.0,0
0,0.00016869533838524803,0
1,0.9632946731838198,1
0,0.00022927455469421405,0
0,0.00026130872447531386,0
0,0.0,0
0,0.0,0
0,0.0,0
0,0.0,0
0,0.0,0
0,0.0,0
0,0.0,0
0,0.00020313568278869205,0
0,0.00022927455469421405,0
0,0.005555555555555556,0
1,0.9997405414883264,1
0,0.0,0
0,0.0,0
0,0.00037037037037037035,0
0,0.24484210352077884,0
0,0.004328728303223521,0
0,0.0,0
0,0.00020313568278869205,0
0,0.0005555555555555556,0
0,0.0,0
0,0.0,0
0,0.00013666116860414817,0
0,0.0,0
0,0.0,0
0,0.0,0
0,0.0,0
0,0.004328728303223521,0
0,0.0,0
0,0.0,0
0,0.0002728942921681308,0
0,0.00048484848484848484,0
1,0.9997478970685836,1
0,0.0,0
0,0.0,0
1,0.9997475288158256,1
0,0.0,0
0,6.982741755987082e-05,0
1,0.9918747473563818,1
1,0.998429001545814,1
0,0.0,0
0,0.0,0
0,0.0,0
0,0.00022927455469421405,0
0,0.0,0
0,0.0,0
0,0.0,0
0,0.0,0
0,0.0,0
0,0.0,0
0,0.0,0
0,0.0,0
0,0.0,0
0,0.00022927455469421405,0
0,0.0,0
0,0.0,0
0,0.0,0
0,0.0,0
0,0.004328728303223521,0
0,0.0,0
0,0.0,0
0,0.0,0
0,0.00024086012238703098,0
0,0.017622308311038278,0
0,0.0,0
0,0.00024086012238703098,0
0,0.0,0
0,0.0,0
0,0.0,0
0,0.0,0
0,0.0,0
0,0.0,0
0,0.0,0
0,0.0,0
0,0.0,0
0,0.0,0
0,0.0,0
0,0.0,0
0,0.0,0
0,0.0,0
0,0.0,0
0,0.0,0
0,0.0,0
1,0.9997476002670087,1
0,0.00022927455469421405,0
0,0.0,0
0,0.006349206349206349,0
1,0.8354913447580549,1
0,0.0,0
0,0.0003741683876158522,0
0,0.0,0
0,0.0,0
0,0.0012648192812104336,0
0,0.01990473708593931,0
0,0.00020313568278869205,0
0,0.0,0
0,0.0,0
0,0.0,0
0,0.0,0
0,0.0,0
0,0.0,0
0,0.0,0
0,0.0,0
0,0.0,0
0,0.0,0
0,0.0,0
0,0.0,0
0,0.0,0
0,0.07658086491942147,0
0,0.0,0
0,0.0,0
0,0.0,0
0,0.0,0
0,0.0,0
0,0.0,0
0,0.0,0
0,0.0,0
0,0.0,0
0,0.0,0
0,0.0,0
0,0.00024086012238703098,0
0,0.0,0
1,0.9997405414883264,1
0,0.0,0
0,0.0,0
0,0.0,0
0,0.00037037037037037035,0
0,0.0,0
0,0.0,0
0,0.0,0
0,0.0,0
0,0.0,0
0,0.0,0
0,0.00020313568278869205,0
0,0.0,0
0,0.0,0
0,0.0,0
0,0.004519259933272672,0
0,0.00020313568278869205,0
0,0.0,0
0,0.0,0
0,0.0,0
0,0.00015015015015015014,0
1,0.9995708207148452,1
0,0.0,0
0,0.10971945072783887,0
0,0.0,0
0,0.0,0
0,0.012299270656943468,0
0,0.0,0
0,0.0,0
0,0.0,0
0,0.0,0
0,0.00037037037037037035,0
0,0.0,0
0,0.0,0
0,0.0,0
0,0.0,0
0,0.00024086012238703098,0
0,0.0,0
0,0.0,0
0,0.0,0
0,0.0,0
0,0.0,0
0,0.0,0
0,0.0,0
0,0.0,0
0,0.0,0
0,0.0,0
0,0.0009638833359802168,0
0,0.0,0
0,0.0,0
0,0.0,0
0,0.0,0
0,0.0,0
0,0.0,0
1,0.999891198086975,1
0,0.18171256757221685,0
0,0.0,0
0,0.16201979893387122,0
0,0.0,0
1,0.9887369445762513,1
0,0.004328728303223521,0
0,0.0,0
0,0.0,0
0,0.00013666116860414817,0
0,0.00022927455469421405,0
0,0.0,0
0,0.0,0
0,1.6612675471384666e-05,0
0,0.0,0
0,0.0,0
0,0.0,0
0,0.0,0
0,0.0,0
0,0.00024086012238703098,0
0,0.0,0
0,0.0,0
0,0.0,0
0,0.0,0
0,0.0,0
0,0.0,0
0,0.0,0
0,0.0,0
0,0.0,0
0,0.0,0
1,0.9650495615531194,1
0,0.0,0
0,0.0,0
0,0.002169833732487627,0
0,0.0,0
0,0.004328728303223521,0
0,0.0,0
0,0.0016877637130801688,0
0,0.0,0
0,0.0,0
0,0.0,0
0,0.00013666116860414817,0
0,0.0,0
0,0.0,0
0,0.0,0
0,0.0,0
0,0.0,0
0,0.008443365151038952,0
0,0.0,0
0,0.00022927455469421405,0
0,0.0,0
0,0.0,0
0,0.0002728942921681308,0
0,0.0,0
1,0.9992805144288878,1
0,0.0,0
0,0.0,0
0,0.0,0
0,0.0,0
0,0.0,0
0,0.0,0
0,0.0,0
0,0.00024086012238703098,0
0,0.0,0
0,0.0,0
0,0.0,0
0,0.0,0
0,0.0,0
0,0.0,0
0,0.00020313568278869205,0
0,0.0,0
0,0.0,0
0,0.0,0
0,0.00013666116860414817,0
0,0.0,0
0,0.005446009389671362,0
0,0.0,0
0,0.0,0
0,0.0,0
0,0.0,0
0,0.0,0
0,0.0005555555555555556,0
0,0.0,0
0,0.0,0
0,0.0,0
0,0.0,0
0,0.0,0
0,8.703220191470844e-05,0
0,0.0,0
0,0.10087676670040147,0
0,0.0,0
0,0.0,0
0,0.0,0
0,0.0,0
0,0.0,0
0,0.0,0
0,0.0,0
0,0.0,0
0,0.0,0
0,0.0,0
0,0.06995682808749738,0
0,0.0,0
0,0.0,0
0,0.004328728303223521,0
0,0.0,0
0,0.0,0
0,0.010888888888888889,0
0,0.0,0
0,0.004328728303223521,0
1,0.9997478970685836,1
0,0.005643232902917264,0
0,0.0,0
0,0.004328728303223521,0
0,0.0,0
0,0.0,0
0,0.0,0
0,0.0,0
0,0.00024086012238703098,0
0,0.0,0
0,0.00024086012238703098,0
0,0.0,0
0,0.0,0
1,0.9943740902349738,1
0,0.0,0
0,0.12150845202503649,0
0,0.0,0
0,0.006571403752605976,0
0,0.0,0
0,0.0,0
0,0.12261731902254328,0
0,0.0,0
0,8.703220191470844e-05,0
0,0.0,0
0,0.0005555555555555556,0
0,0.0,0
0,0.006666666666666667,0
0,0.0,0
1,0.9997478970685836,1
0,0.0,0
0,0.0,0
0,0.0,0
0,0.37146264310576166,0
0,0.00024086012238703098,0
0,0.0,0
0,0.00013666116860414817,0
0,0.0,0
0,0.0,0
0,0.0,0
0,0.0,0
0,0.0,0
0,0.0,0
0,0.0,0
0,0.0,0
0,0.13497476009326181,0
0,0.0,0
0,0.0010735834559765717,0
0,0.0,0
0,0.0,0
0,0.08114434842902445,0
0,0.0,0
0,0.010496491461118258,0
0,0.0,0
0,0.0,0
0,0.0032151808091657715,0
0,0.0,0
0,0.005343873517786562,0
0,0.0,0
0,0.0,0
0,0.00024086012238703098,0
0,0.08805498915226559,0
0,0.0009638833359802168,0
0,0.00024086012238703098,0
0,8.703220191470844e-05,0
0,0.0,0
1,0.9890764051142262,1
0,0.0,0
0,0.00018621973929236498,0
0,0.013333333333333334,0
0,0.0,0
0,0.011658545960204722,0
0,0.0,0
0,0.0002728942921681308,0
0,0.00024086012238703098,0
0,0.0,0
0,0.0,0
0,0.00020313568278869205,0
0,0.0,0
0,0.0,0
0,0.0,0
0,0.0,0
0,0.0,0
0,0.0,0
0,0.0,0
0,0.0,0
0,0.0,0
0,0.0,0
0,0.00034213421783475237,0
0,0.004328728303223521,0
0,0.0,0
0,0.13684212444799804,0
0,0.005643232902917264,0
0,0.00024086012238703098,0
0,0.0,0
0,0.0,0
0,0.0,0
0,0.0,0
0,0.0,0
0,0.0,0
0,0.0,0
0,0.0,0
0,0.0,0
0,0.0,0
0,0.0,0
0,0.0,0
0,0.0,0
0,0.0,0
0,0.0,0
0,0.00022927455469421405,0
0,0.013333333333333334,0
0,0.010256417245922493,0
0,0.0,0
0,0.0,0
0,0.0,0
0,0.0,0
0,0.0,0
0,0.0,0
0,0.0,0
0,0.0,0
0,0.0,0
0,0.0,0
0,0.0,0
0,0.0,0
0,0.0,0
0,0.00013666116860414817,0
0,0.07663884458754193,0
0,0.0,0
0,0.0,0
0,0.0,0
0,0.0,0
0,0.0,0
0,0.00022927455469421405,0
0,0.00024086012238703098,0
0,0.0,0
0,0.0,0
0,0.0,0
0,0.0,0
0,0.0,0
0,0.0,0
0,0.0,0
0,0.005397676496872207,0
0,0.0,0
0,0.0,0
0,0.0,0
0,0.0,0
0,0.0,0
0,0.0,0
0,0.0,0
1,0.9950461580897758,1
0,0.0,0
0,0.0005555555555555556,0
0,0.0002728942921681308,0
0,0.0,0
0,0.0,0
0,0.0,0
0,0.0,0
0,7.028149368965844e-05,0
0,0.0,0
0,0.0,0
0,0.0,0
0,0.0,0
0,0.00024086012238703098,0
0,0.0,0
0,0.0,0
0,0.00022927455469421405,0
0,0.0,0
0,0.005454545454545455,0
0,0.0,0
0,0.0,0
0,0.0001711015130075922,0
0,0.0,0
0,0.0,0
0,0.0,0
1,0.9992805144288878,1
0,0.004328728303223521,0
0,0.0,0
0,0.0,0
0,0.0002728942921681308,0
0,0.0,0
1,0.9997395780971895,1
0,0.0,0
0,0.004328728303223521,0
0,0.30996829475045523,0
0,0.004328728303223521,0
0,0.0,0
0,0.0,0
1,0.9997529578850903,1
0,0.0,0
0,0.0002728942921681308,0
0,0.0,0
0,0.0,0
0,0.0,0
0,0.00024086012238703098,0
0,0.00022927455469421405,0
0,0.0,0
0,0.0,0
0,0.016753408887087356,0
0,0.005093097257530353,0
1,0.9997405414883264,1
0,0.008127724537301702,0
0,0.0,0
0,0.0,0
0,0.00022927455469421405,0
1,0.999758882210675,1
0,0.0,0
0,0.0,0
0,0.0,0
0,0.006571403752605976,0
0,0.0,0
0,0.0,0
0,0.00026130872447531386,0
0,0.0,0
0,0.0,0
0,0.0,0
0,0.00024086012238703098,0
0,0.0,0
0,0.0,0
0,0.0,0
0,0.0,0
0,0.0,0
0,0.0,0
0,0.0,0
0,0.0,0
0,0.0,0
0,0.027223452816729405,0
0,0.0,0
0,0.010256417245922493,0
0,0.0,0
0,0.0,0
0,0.0,0
0,0.0,0
0,0.0,0
1,0.9997281167878809,1
0,0.0016536034615666135,0
0,0.0,0
0,0.0,0
0,0.0,0
0,0.0,0
0,0.0002728942921681308,0
0,0.0,0
0,0.1892431176387847,0
0,0.0,0
0,0.0,0
0,0.0,0
0,0.0,0
0,0.0012207024979130547,0
0,0.0,0
0,0.0,0
0,0.0,0
0,0.0,0
0,0.0,0
0,0.0,0
0,0.0,0
0,0.0,0
0,0.0,0
0,0.0,0
0,0.00024086012238703098,0
0,0.0,0
0,0.0,0
0,0.0,0
0,0.0,0
0,0.0,0
0,0.0,0
0,0.16148532104100402,0
0,0.6054123145814048,1
0,0.00022927455469421405,0
0,0.0,0
0,0.004328728303223521,0
0,0.0,0
0,0.0,0
0,0.0,0
0,0.0,0
0,0.0,0
0,0.0,0
0,0.0,0
1,0.9992939097747783,1
0,0.00717101933545243,0
0,0.1327211393725866,0
0,0.06011468298600083,0
0,0.0,0
0,0.0,0
0,0.0,0
0,0.0,0
0,0.0,0
0,0.0,0
0,0.0,0
0,0.0,0
0,0.0,0
0,0.0,0
0,0.0,0
0,0.0,0
0,0.0,0
0,0.0,0
0,0.00018621973929236498,0
0,0.0,0
0,0.0,0
0,0.0,0
0,0.0,0
0,0.0,0
0,0.0,0
0,0.0002728942921681308,0
0,0.0,0
0,0.004519259933272672,0
0,0.0,0
0,0.00042707986167939594,0
0,0.0,0
0,0.0,0
0,0.0,0
0,0.0,0
0,0.0,0
0,0.0,0
0,0.0,0
0,0.006666666666666667,0
0,0.004328728303223521,0
0,0.0,0
0,0.0,0
0,0.0012648192812104336,0
0,0.00020313568278869205,0
0,0.005643232902917264,0
0,0.0,0
0,0.0,0
1,0.9934282583133679,1
0,0.0,0
0,0.004519259933272672,0
0,0.0,0
0,0.0,0
0,0.00022927455469421405,0
0,0.23436643294296589,0
0,0.0,0
0,0.0,0
0,0.0,0
0,0.0,0
0,0.0003741683876158522,0
0,0.00022927455469421405,0
1,0.9995708207148452,1
0,0.0,0
0,0.0005555555555555556,0
0,0.0,0
0,0.0,0
0,0.004328728303223521,0
0,0.008443365151038952,0
0,0.4534309695665556,0
0,0.0,0
0,0.0,0
0,0.0,0
0,0.0,0
0,0.0,0
1,0.983201429156083,1
0,0.00016869533838524803,0
0,0.0,0
0,0.0,0
0,0.0,0
0,0.0,0
0,0.00013666116860414817,0
0,0.0,0
0,0.0,0
1,0.9997448234356682,1
0,0.0,0
0,0.0,0
0,0.0,0
0,0.0,0
0,0.0,0
0,0.0,0
0,0.0,0
0,0.0,0
0,0.0,0
0,0.0,0
0,0.0,0
0,0.0,0
0,0.0,0
0,0.0,0
0,0.0,0
0,0.00016869533838524803,0
0,0.004519259933272672,0
0,0.0,0
0,0.0,0
0,0.0,0
0,0.004328728303223521,0
0,0.0,0
0,0.0,0
0,0.0003741683876158522,0
0,0.0,0
0,0.0,0
0,0.0,0
0,0.00024086012238703098,0
0,0.0,0
0,0.00010472183809310246,0
0,0.0,0
0,0.0,0
0,0.0,0
0,0.0,0
0,0.0,0
0,0.0,0
1,0.9982133838301962,1
0,0.0,0
0,0.0,0
0,0.00022927455469421405,0
0,0.0,0
0,3.824732390855861e-05,0
0,0.0,0
0,0.0,0
0,0.0,0
0,0.6831699602258193,1
0,0.00020313568278869205,0
0,0.0,0
0,0.0,0
0,0.0,0
0,0.0,0
0,0.0,0
0,0.0,0
0,0.0,0
0,0.0,0
0,0.0,0
0,0.0,0
0,0.0,0
0,0.0,0
0,0.0,0
0,0.0,0
0,0.1598328261882228,0
1,0.9997478970685836,1
0,0.0,0
0,0.0,0
0,0.0,0
0,0.0,0
0,0.0,0
0,0.0,0
0,0.0,0
0,0.00020313568278869205,0
0,0.0,0
0,0.0,0
0,0.0002728942921681308,0
0,0.011696969696969697,0
0,0.00026130872447531386,0
0,0.0009303731313298527,0
0,0.0,0
0,0.0,0
0,0.0,0
0,0.0,0
0,0.00024086012238703098,0
0,0.22522697775874603,0
0,0.0,0
0,0.0,0
0,0.0,0
0,0.0,0
0,0.0,0
0,0.0,0
0,0.0,0
0,0.00024086012238703098,0
0,0.004519259933272672,0
0,0.0,0
0,0.0,0
0,0.0,0
0,0.008127724537301702,0
0,0.0,0
0,0.0,0
0,0.5469818542318958,1
0,0.0,0
0,0.07683367211319048,0
0,0.0,0
0,0.0,0
0,0.0,0
0,0.0,0
0,0.00266763951811774,0
0,0.0009638833359802168,0
0,0.0,0
0,0.0,0
0,0.008127724537301702,0
0,0.00024086012238703098,0
0,0.0,0
0,0.0008058608058608059,0
0,0.00013666116860414817,0
0,0.01099539496989019,0
0,0.0,0
0,0.00022927455469421405,0
0,0.0,0
0,0.0,0
0,0.0,0
0,0.0,0
0,0.0,0
0,0.0,0
0,0.0,0
0,0.00022927455469421405,0
0,0.0,0
1,0.9986509312455532,1
0,0.0,0
0,0.0,0
0,0.0,0
0,0.005333333333333334,0
0,0.0001711015130075922,0
0,0.0,0
0,0.11626754606013266,0
0,0.0,0
0,0.00024086012238703098,0
0,0.05107204849749369,0
0,0.3636481593357445,0
0,0.0,0
0,0.00022927455469421405,0
0,0.026153846153846156,0
0,0.0,0
0,0.00048484848484848484,0
0,0.0001711015130075922,0
1,0.999744193903285,1
0,0.0,0
0,0.0,0
0,0.006,0
1,0.9886387135409141,1
0,0.0,0
0,0.0010735834559765717,0
0,0.0,0
0,0.0,0
0,0.00024086012238703098,0
0,0.0,0
0,0.0,0
0,1.6612675471384666e-05,0
0,0.0,0
0,0.0,0
0,0.0,0
0,0.0,0
0,0.0,0
0,0.0,0
0,0.0,0
1,0.9997405414883264,1
1,0.9997451019258851,1
0,0.0,0
0,0.0,0
0,0.0005555555555555556,0
0,0.0,0
0,0.0,0
0,0.0,0
1,0.9997478970685836,1
0,0.0,0
0,0.0,0
0,0.0,0
0,0.0,0
0,0.0,0
0,0.0001711015130075922,0
0,0.0,0
0,0.0,0
0,0.0,0
0,0.20784633542786154,0
0,0.0,0
0,0.004328728303223521,0
0,0.00057739993022015,0
0,0.0,0
0,0.0,0
0,0.0,0
0,0.0,0
0,0.0,0
0,0.0,0
0,0.0,0
0,0.0,0
0,0.0,0
0,0.0,0
0,0.00024086012238703098,0
0,0.0,0
0,0.0,0
0,0.0002728942921681308,0
0,0.0,0
0,0.0,0
0,0.00022927455469421405,0
0,0.0005555555555555556,0
0,0.0,0
0,0.0,0
0,0.0,0
0,0.0,0
0,0.0002728942921681308,0
0,0.0,0
0,0.0,0
0,0.0,0
0,0.0,0
0,0.0,0
0,0.0,0
0,0.0,0
0,0.04540638435433587,0
0,0.0,0
0,0.0,0
0,0.0,0
0,0.0,0
0,0.00024086012238703098,0
0,0.0,0
0,0.0,0
0,0.0,0
0,0.0,0
0,0.0,0
0,0.0,0
0,0.0,0
0,0.0,0
0,0.0003741683876158522,0
0,0.0,0
0,0.004328728303223521,0
0,0.0,0
0,0.00020313568278869205,0
0,0.0,0
0,0.0,0
0,0.0,0
0,0.0002728942921681308,0
0,0.00057739993022015,0
0,0.0,0
0,0.00024086012238703098,0
0,0.0,0
0,0.0,0
0,0.00024086012238703098,0
0,0.0,0
0,0.004328728303223521,0
0,0.0,0
0,0.00022927455469421405,0
0,0.00020313568278869205,0
0,0.0005555555555555556,0
0,0.0,0
0,0.0,0
0,0.009852593266606006,0
0,0.004328728303223521,0
0,0.005446009389671362,0
0,0.0,0
0,0.0,0
0,0.0,0
0,0.0009303731313298527,0
0,0.0,0
0,0.0,0
0,0.0,0
0,0.1993141310246097,0
0,0.0,0
0,0.0,0
0,0.0,0
0,0.0001711015130075922,0
1,0.8998577877144197,1
0,0.006666666666666667,0
0,0.0,0
0,0.0,0
0,0.0,0
0,0.0,0
1,0.9987374873815118,1
0,0.0,0
0,0.2520345899677666,0
0,0.0005622489959839357,0
0,0.0,0
0,0.00013666116860414817,0
0,0.0,0
1,0.9997405414883264,1
0,0.00024086012238703098,0
0,0.0005555555555555556,0
0,0.0,0
0,0.0,0
0,0.0,0
0,0.0,0
0,0.0,0
0,0.0,0
0,0.00018621973929236498,0
0,0.0,0
0,0.00024086012238703098,0
0,0.0,0
1,0.9965411719022944,1
0,0.0,0
0,0.0,0
0,0.00022927455469421405,0
0,0.013428024837602004,0
0,0.0,0
0,0.0012648192812104336,0
0,0.0,0
0,0.00048484848484848484,0
0,0.00042707986167939594,0
0,0.00024086012238703098,0
0,0.0,0
0,0.0,0
0,0.0,0
0,0.0,0
0,0.0,0
0,0.0,0
0,0.0,0
0,0.00020313568278869205,0
0,0.00024086012238703098,0
0,0.00015015015015015014,0
0,0.004328728303223521,0
0,0.0,0
0,0.0,0
0,0.0,0
0,0.0,0
0,0.0,0
0,0.005833333333333334,0
0,0.0,0
0,0.0,0
0,0.0032151808091657715,0
0,0.00024086012238703098,0
0,0.0,0
0,0.0,0
0,0.013889374540710311,0
0,0.0,0
0,0.0,0
0,0.0,0
0,0.0,0
0,0.0,0
0,0.0,0
0,0.0,0
1,0.9997488015139324,1
0,0.0785037430233086,0
0,0.0,0
0,0.0,0
0,0.0,0
0,0.0,0
0,0.0,0
0,0.0,0
0,0.004328728303223521,0
0,0.0,0
0,0.0,0
0,0.004328728303223521,0
0,0.0,0
0,0.021871389988640952,0
0,0.0,0
0,0.010496491461118258,0
0,0.0,0
0,0.008127724537301702,0
0,0.0,0
0,0.0,0
0,0.0,0
0,0.0,0
0,0.0,0
0,0.0,0
0,0.0,0
0,0.00013666116860414817,0
0,0.0,0
0,0.0,0
0,0.0,0
0,0.00020313568278869205,0
0,0.00022927455469421405,0
0,0.0,0
0,0.008127724537301702,0
0,0.0,0
0,0.08263690808231638,0
0,0.0,0
0,0.00024086012238703098,0
0,0.00024086012238703098,0
0,0.0,0
0,0.0,0
0,0.0,0
0,0.0,0
0,0.00020313568278869205,0
0,0.0,0
0,0.0,0
0,0.00016869533838524803,0
0,0.0,0
0,0.0,0
0,0.9194398779493228,1
1,0.9989145637352502,1
0,0.004519259933272672,0
0,0.0,0
1,0.9997478970685836,1
1,0.9995444630569538,1
0,0.0,0
0,0.0005555555555555556,0
1,0.9950838434157968,1
0,0.0,0
0,0.0,0
1,0.9689124144511377,1
0,0.0,0
0,0.00057739993022015,0
0,0.0,0
0,0.0,0
0,0.0,0
0,0.0005555555555555556,0
1,0.9997405414883264,1
0,0.0,0
0,0.03907305102100253,0
0,0.3205610015848825,0
1,0.9663092818310566,1
0,0.00026130872447531386,0
0,0.00024086012238703098,0
0,0.01729141281068665,0
0,0.010579865993878732,0
0,0.0,0
0,0.0,0
1,0.9984842210346917,1
0,0.17388103035243668,0
0,0.00307843137254902,0
0,0.0,0
0,0.0,0
0,0.0,0
0,0.0,0
0,0.0032151808091657715,0
0,0.0,0
0,0.0,0
0,0.0,0
0,0.36283915343885226,0
0,0.0,0
0,0.0,0
0,0.0,0
0,0.0,0
0,0.0,0
0,0.004328728303223521,0
0,0.0,0
0,0.0,0
0,0.012043580007814757,0
0,0.0,0
0,0.004519259933272672,0
0,0.0,0
0,0.00015015015015015014,0
0,0.0,0
0,0.0002728942921681308,0
0,0.0,0
0,0.0,0
1,0.9920173200068791,1
0,0.004328728303223521,0
0,0.0,0
0,0.0,0
0,0.0,0
0,0.00041549429398657903,0
0,0.0,0
1,0.9997405414883264,1
0,0.25986863176766484,0
0,0.004328728303223521,0
0,0.004328728303223521,0
0,2.8557728228701013e-05,0
0,0.0,0
0,0.0,0
0,0.0001711015130075922,0
0,0.0,0
0,0.00016869533838524803,0
0,0.0,0
0,0.0,0
0,0.0016536034615666135,0
0,0.0,0
0,0.0,0
0,0.0,0
0,0.00024086012238703098,0
0,0.0,0
0,0.0,0
0,0.0,0
0,0.0,0
0,0.0,0
0,0.004328728303223521,0
0,0.005343873517786562,0
0,0.00026130872447531386,0
0,0.006571403752605976,0
0,0.0,0
0,0.0,0
0,0.0,0
0,0.0012648192812104336,0
1,0.9960850066176209,1
0,0.0,0
0,0.0011852212712954863,0
0,0.0,0
0,0.0,0
0,0.0,0
0,0.00024086012238703098,0
0,0.0,0
0,0.0,0
0,0.0,0
0,0.0,0
0,0.0,0
0,0.0,0
1,0.9992783333124464,1
0,0.0,0
0,0.0,0
0,0.00024086012238703098,0
0,0.0,0
0,0.00020313568278869205,0
0,0.0,0
0,0.0,0
0,0.00013666116860414817,0
0,0.0,0
0,0.0,0
0,0.0,0
0,0.0005555555555555556,0
0,0.0005622489959839357,0
0,0.0,0
0,0.11545801661045063,0
0,0.004519259933272672,0
0,0.0,0
0,0.0,0
0,0.00024086012238703098,0
0,0.0,0
0,0.0,0
0,0.0001711015130075922,0
0,0.0,0
0,0.0,0
0,0.03612643685884096,0
0,0.00020313568278869205,0
0,0.00042707986167939594,0
0,0.0,0
0,0.0,0
0,0.0,0
0,0.0,0
0,0.00015015015015015014,0
0,0.0,0
0,0.0002728942921681308,0
0,0.0,0
0,0.0,0
0,0.0,0
0,0.0,0
0,0.0,0
0,0.0002728942921681308,0
0,0.0,0
0,0.00022927455469421405,0
0,0.0,0
0,0.00022927455469421405,0
0,0.02945451498392675,0
0,0.0,0
0,0.00022927455469421405,0
0,0.0,0
0,0.0,0
0,0.0,0
1,0.998281341191442,1
0,0.0012648192812104336,0
0,0.0,0
0,0.00013666116860414817,0
0,0.0,0
0,0.00026130872447531386,0
0,0.00034213421783475237,0
0,0.0,0
0,0.0,0
0,0.0,0
0,0.0,0
0,0.0002728942921681308,0
0,0.0,0
0,0.0,0
0,0.0,0
0,0.0,0
0,0.004328728303223521,0
0,0.0,0
0,0.5216890139740588,1
0,0.0,0
0,0.0,0
0,0.0,0
0,0.0,0
0,0.0,0
0,0.0032151808091657715,0
0,0.0,0
1,0.9992805144288878,1
0,0.0,0
0,0.0,0
0,0.0,0
0,0.004328728303223521,0
0,0.017343873517786563,0
0,4.0143295921517954e-05,0
0,0.0,0
1,0.8671453134923203,1
0,0.0,0
0,0.0,0
0,0.00266763951811774,0
0,0.0,0
0,0.0,0
0,0.0,0
0,0.0,0
0,0.0,0
0,0.0,0
0,0.00024086012238703098,0
0,0.0,0
0,0.0,0
0,0.0,0
0,0.0,0
0,0.008443365151038952,0
0,0.5697766292614134,1
0,0.0,0
0,0.0,0
0,0.0002728942921681308,0
0,0.0,0
1,0.9971310624405734,1
0,0.0009638833359802168,0
0,0.0,0
0,0.0,0
0,0.0,0
0,0.0,0
0,0.0,0
0,0.0,0
0,0.0,0
0,0.004328728303223521,0
0,0.0,0
0,0.0,0
0,0.0,0
0,0.0,0
0,0.0,0
0,0.008127724537301702,0
0,0.0,0
0,0.0,0
1,0.9991441977325533,1
0,0.0,0
0,0.0,0
0,0.006,0
0,0.0,0
0,0.0,0
0,0.0,0
0,0.0,0
0,0.0,0
0,0.00024086012238703098,0
0,0.00022927455469421405,0
0,0.0,0
0,0.00013666116860414817,0
0,0.23771087250556935,0
0,0.0,0
1,0.9997425125128409,1
0,0.0,0
0,0.0,0
0,0.0,0
0,0.0,0
0,0.002169833732487627,0
0,0.0,0
0,0.0,0
0,0.0,0
0,0.15366578242993442,0
0,0.0,0
0,0.00020313568278869205,0
0,0.0,0
0,0.0,0
0,0.0,0
0,0.6182839455850577,1
0,0.0,0
0,0.006167763157894737,0
0,0.0,0
1,0.9997528420351368,1
0,0.0,0
0,0.0,0
0,0.00022927455469421405,0
0,0.0,0
0,0.00022927455469421405,0
0,0.0,0
0,0.0,0
0,0.0,0
0,0.00024086012238703098,0
0,0.00024086012238703098,0
0,0.0,0
0,0.0,0
0,0.00024086012238703098,0
0,0.0,0
0,0.0005622489959839357,0
0,0.0,0
0,0.2513468683410369,0
0,0.023374185355669996,0
0,0.0,0
0,0.004328728303223521,0
0,0.0,0
0,0.0,0
0,0.0,0
0,0.0,0
0,0.0,0
0,0.00026130872447531386,0
0,0.0,0
0,0.0,0
1,0.9989922946882716,1
0,0.0008058608058608059,0
0,0.019682539682539683,0
1,0.9785775558981972,1
0,0.0,0
0,0.011666666666666667,0
0,0.0,0
0,0.0,0
0,0.0,0
0,0.0,0
0,0.00030404398460890243,0
0,0.00030769387343130834,0
0,0.0016877637130801688,0
0,8.703220191470844e-05,0
1,0.9954912499477928,1
0,0.0,0
0,0.0,0
0,0.0,0
0,0.0032151808091657715,0
0,0.0,0
0,0.0,0
0,0.00013666116860414817,0
0,0.0,0
0,0.0,0
0,0.0,0
0,0.004328728303223521,0
0,0.22087955554173674,0
0,0.00024086012238703098,0
0,0.0,0
0,0.00013666116860414817,0
1,0.8500409487788794,1
1,0.9819936759197153,1
1,0.9997405414883264,1
0,0.0,0
0,0.0,0
0,0.0,0
0,0.0602554987593764,0
0,0.0,0
0,0.0,0
0,0.0,0
0,0.0012648192812104336,0
0,0.0,0
0,0.0,0
0,0.0,0
0,0.0,0
0,0.0,0
0,0.0,0
0,0.004328728303223521,0
0,0.0,0
0,0.0,0
0,0.0,0
0,0.00020313568278869205,0
0,0.0,0
0,0.0,0
0,0.006571403752605976,0
0,0.0,0
0,0.0,0
0,0.0,0
0,0.0,0
0,0.00020313568278869205,0
0,3.824732390855861e-05,0
0,0.0,0
0,0.0,0
0,0.004328728303223521,0
0,0.008127724537301702,0
1,0.9997405414883264,1
0,0.0,0
0,0.0,0
0,0.0,0
0,0.00013666116860414817,0
0,0.00020313568278869205,0
0,0.0,0
0,0.0,0
1,0.9967395780971896,1
0,0.00024086012238703098,0
0,0.0,0
0,0.00024086012238703098,0
0,0.0,0
0,0.0,0
0,0.0,0
0,0.0005555555555555556,0
0,0.0,0
1,0.9997400856229003,1
0,0.0001711015130075922,0
0,0.0,0
0,0.00013666116860414817,0
0,0.0,0
0,0.0,0
0,0.0,0
0,0.0,0
0,0.00022927455469421405,0
0,0.01735213005536828,0
0,0.0,0
0,0.0,0
1,0.6792560052906583,1
0,0.0,0
0,0.0,0
0,0.2140027017445649,0
0,0.012299270656943468,0
0,0.0,0
0,0.0,0
0,0.0,0
0,0.0,0
0,0.0,0
0,0.0,0
0,0.0,0
0,0.0005555555555555556,0
0,0.0,0
0,0.0,0
0,0.0001711015130075922,0
0,0.0,0
0,0.0,0
0,0.010256417245922493,0
0,0.00020313568278869205,0
0,0.0,0
0,0.0,0
0,0.0,0
0,0.0012648192812104336,0
0,0.0,0
0,0.0002728942921681308,0
0,0.2388208084342621,0
0,0.00024086012238703098,0
0,0.0,0
0,0.0,0
0,0.005454545454545455,0
0,0.0,0
0,0.00048484848484848484,0
0,0.00030769387343130834,0
0,0.0002728942921681308,0
0,0.43770910733350404,0
0,0.0,0
0,0.0,0
1,0.9992900472796064,1
0,0.0,0
0,0.0002728942921681308,0
0,0.0,0
0,0.00026130872447531386,0
0,0.0,0
0,0.0032151808091657715,0
0,0.0,0
1,0.999758882210675,1
0,0.0,0
0,0.0,0
0,0.0,0
0,0.0,0
0,0.0,0
0,0.0009638833359802168,0
0,0.0,0
0,0.0,0
0,0.00024086012238703098,0
0,0.0005555555555555556,0
0,0.0,0
0,0.0,0
0,0.0,0
0,0.0,0
0,0.0,0
0,0.0,0
0,0.0,0
0,0.0,0
0,0.0,0
0,0.0,0
0,0.0,0
0,0.0,0
0,0.0,0
0,0.0,0
0,0.0,0
0,0.0,0
0,0.0,0
0,0.0,0
0,0.011658545960204722,0
0,0.0,0
0,0.00022927455469421405,0
0,0.0,0
0,0.0,0
0,0.0,0
0,0.0,0
0,0.0,0
0,0.0,0
0,0.0005555555555555556,0
0,0.0,0
0,0.0,0
1,0.9986468630769639,1
0,0.0,0
0,0.0,0
0,0.0,0
0,0.0011188254533241802,0
0,0.0005555555555555556,0
0,0.0,0
0,0.0,0
0,0.0,0
0,0.0,0
0,0.21834826154483522,0
0,0.0005555555555555556,0
0,0.00030769387343130834,0
0,0.0,0
0,0.0,0
0,0.005343873517786562,0
0,0.010256417245922493,0
0,0.004519259933272672,0
0,0.0,0
0,0.0,0
1,0.9611112388798421,1
0,0.0032151808091657715,0
0,0.0,0
0,0.0,0
0,0.0008058608058608059,0
0,0.07093284454502287,0
0,0.00016869533838524803,0
0,0.0,0
1,0.9936216643387835,1
0,0.00307843137254902,0
0,0.0,0
0,0.0,0
0,0.0,0
0,0.0,0
0,0.0,0
0,0.0,0
0,0.0,0
0,0.0,0
0,0.0,0
0,0.0032151808091657715,0
0,0.0,0
0,0.0,0
0,0.004328728303223521,0
0,0.0,0
0,0.00022927455469421405,0
0,0.0,0
0,0.0,0
0,0.0,0
0,0.0,0
0,0.0,0
0,0.0,0
0,0.005812368184465065,0
0,0.0,0
0,0.004328728303223521,0
0,0.0,0
0,0.000588985497912967,0
1,0.9839262157646008,1
0,0.0,0
0,0.004328728303223521,0
0,0.0,0
0,0.0,0
0,0.0,0
0,0.0,0
0,0.0,0
0,0.013428024837602004,0
0,0.0001711015130075922,0
0,0.004328728303223521,0
0,0.006571403752605976,0
0,0.0,0
0,0.0,0
0,0.0,0
0,0.0,0
0,0.0002728942921681308,0
0,0.0,0
0,0.0,0
0,0.00020313568278869205,0
0,0.0005555555555555556,0
0,0.057823371830206076,0
0,0.0,0
0,0.0,0
0,0.0,0
0,0.4584851297211051,0
0,0.0016666666666666668,0
0,0.0,0
0,0.0,0
0,0.0001711015130075922,0
0,0.0,0
0,0.0012648192812104336,0
0,0.00042707986167939594,0
0,0.004328728303223521,0
0,0.0,0
0,8.703220191470844e-05,0
0,0.0,0
0,0.0,0
0,0.0,0
0,0.0,0
0,0.0,0
0,0.0,0
0,0.0,0
0,0.0,0
0,0.0009638833359802168,0
0,0.00022927455469421405,0
0,0.0002728942921681308,0
0,0.0,0
0,0.0,0
0,0.0,0
0,0.0,0
0,0.0016666666666666668,0
0,0.0,0
0,0.0,0
0,0.0,0
0,0.0,0
0,0.0005555555555555556,0
0,0.0,0
1,0.9992805144288878,1
0,0.0,0
0,0.0,0
0,0.0,0
0,0.0,0
0,0.0005555555555555556,0
0,0.0,0
0,0.0,0
0,0.0,0
0,0.0,0
0,0.0,0
0,0.0,0
0,0.0,0
0,0.00016869533838524803,0
0,0.0,0
0,0.06340618488890895,0
0,0.008127724537301702,0
0,0.06282920015295647,0
0,0.0009638833359802168,0
0,0.3315473742357435,0
0,0.00013666116860414817,0
0,0.00024086012238703098,0
0,0.0,0
0,0.008443365151038952,0
0,0.00026130872447531386,0
0,0.00020313568278869205,0
0,0.0,0
0,0.0,0
0,0.0,0
0,0.0,0
0,0.0,0
0,0.0,0
0,0.00013666116860414817,0
0,0.0001711015130075922,0
0,0.0,0
0,0.0,0
0,0.0,0
0,0.0,0
0,0.0,0
0,0.0,0
0,0.0,0
0,0.0,0
1,0.9997395780971895,1
0,0.0009638833359802168,0
0,0.0,0
0,0.00625,0
0,0.0,0
0,0.0002728942921681308,0
0,0.0,0
0,0.0,0
0,0.0002728942921681308,0
0,0.0,0
0,0.0,0
0,0.0009303731313298527,0
0,0.004519259933272672,0
0,0.004328728303223521,0
0,0.006666666666666667,0
0,0.0,0
0,0.0,0
0,0.0,0
0,0.058301459965137435,0
0,0.0,0
0,0.0,0
0,0.0,0
0,0.006571403752605976,0
0,0.0,0
0,0.0,0
0,0.0,0
0,0.0,0
0,0.0,0
0,0.0,0
0,0.0,0
0,0.26663983800674623,0
0,0.0,0
0,0.0,0
0,0.0,0
0,0.00022927455469421405,0
0,0.02889454933736181,0
0,0.0,0
0,0.0,0
0,0.0,0
0,0.0,0
0,0.0,0
0,0.0,0
0,0.0,0
0,0.0,0
0,0.0,0
0,0.0,0
0,0.0,0
0,0.0,0
0,0.0,0
0,0.011826965290131879,0
0,0.0,0
0,0.0032151808091657715,0
0,0.0,0
0,0.0,0
0,0.0,0
1,0.9997488015139324,1
0,0.0,0
0,0.0,0
0,0.0,0
0,0.0,0
1,0.914182795644316,1
0,0.0,0
0,0.0,0
0,0.06587021774521776,0
0,0.0,0
0,0.00030769387343130834,0
0,0.0,0
0,0.0005555555555555556,0
0,0.0,0
0,0.0,0
0,0.0,0
0,0.0002728942921681308,0
0,0.0,0
0,0.0,0
0,0.0,0
0,0.0,0
0,0.0,0
1,0.9986205377310263,1
0,0.006666666666666667,0
0,0.0,0
0,0.0,0
0,0.0,0
0,0.08565503448341502,0
1,0.989282225158116,1
0,0.0,0
0,0.0,0
0,0.00048484848484848484,0
0,0.00022927455469421405,0
1,0.9711554010412957,1
0,0.0,0
0,0.0,0
0,0.0006114839820858003,0
0,0.0,0
0,0.0,0
0,0.0,0
0,0.00024086012238703098,0
0,0.0,0
0,0.0,0
0,0.0,0
0,0.06639333493468795,0
0,0.0,0
0,0.0,0
0,0.0,0
0,0.006915569713958819,0
0,0.0,0
0,0.01599711878626154,0
0,0.8427126674203246,1
0,0.0,0
0,0.0,0
0,0.00013666116860414817,0
0,0.055643885397164826,0
0,0.0005555555555555556,0
0,0.0,0
0,0.0006210196676940668,0
0,0.0,0
0,0.0061111111111111106,0
0,0.0,0
0,0.0,0
0,0.0,0
0,0.00022927455469421405,0
0,0.0,0
0,0.0,0
0,0.0,0
0,0.0,0
0,0.004328728303223521,0
0,0.00016869533838524803,0
0,0.00022927455469421405,0
0,0.0,0
0,0.0,0
0,0.0,0
0,0.0,0
0,0.0,0
0,0.0,0
0,0.0,0
1,0.9992980092609991,1
0,0.0001711015130075922,0
0,0.0,0
1,0.9997405414883264,1
0,0.14711985458002536,0
0,0.0,0
0,0.0,0
0,0.0,0
0,0.0,0
0,0.0,0
0,0.0,0
0,0.00022927455469421405,0
0,0.0,0
0,0.0,0
0,0.0,0
0,0.0,0
0,0.0,0
0,0.0,0
0,0.0,0
0,0.0,0
0,0.0,0
0,0.0,0
0,0.0,0
0,0.0,0
0,0.00022927455469421405,0
0,0.0,0
0,0.0,0
1,0.9997395780971895,1
0,0.0,0
0,0.0,0
0,0.008127724537301702,0
0,0.0,0
0,0.0,0
0,0.0,0
0,0.0001711015130075922,0
0,0.013333333333333334,0
1,0.997668625209939,1
0,0.0,0
0,0.00048484848484848484,0
0,0.0,0
0,0.0,0
0,0.0,0
0,0.0,0
0,0.0,0
0,0.0,0
0,0.0,0
0,0.0,0
0,3.158009365131221e-05,0
0,0.0,0
0,0.0,0
0,0.0002728942921681308,0
0,0.0,0
0,0.0,0
0,0.0,0
0,0.0,0
0,0.0,0
0,0.0,0
0,0.0011188254533241802,0
0,0.006190476190476191,0
0,0.0,0
0,0.0,0
0,0.0,0
0,0.0,0
0,0.0,0
0,0.0,0
0,0.0,0
0,0.004328728303223521,0
0,0.0,0
0,0.0,0
0,0.0,0
0,0.0,0
0,0.00020313568278869205,0
0,0.0,0
0,0.0,0
0,0.0,0
0,0.0009303731313298527,0
0,0.0,0
0,0.0,0
0,0.0,0
0,0.0,0
0,0.0,0
0,0.0,0
0,0.0,0
0,0.0,0
0,0.0,0
0,0.0,0
0,0.0,0
0,0.0,0
0,0.0,0
0,0.0,0
0,0.0,0
1,0.9917088912593037,1
0,0.004328728303223521,0
0,0.0,0
0,0.0,0
0,0.00024086012238703098,0
0,0.09393377978099213,0
0,0.0032151808091657715,0
0,0.004519259933272672,0
0,0.0,0
0,0.0,0
0,0.0,0
1,0.9991441977325533,1
0,0.0,0
0,0.004328728303223521,0
0,0.00020313568278869205,0
0,0.0,0
0,0.0,0
0,0.0,0
0,0.0,0
0,0.0,0
0,0.0,0
0,0.0,0
0,0.0003741683876158522,0
0,0.0,0
0,0.0014616891216103303,0
0,0.0,0
0,0.0,0
0,0.0,0
1,0.9997478970685836,1
0,0.005925925925925926,0
0,0.0,0
0,0.0,0
0,0.22002843158361662,0
0,0.0,0
0,0.012264957264957266,0
0,0.0,0
0,0.0,0
0,0.00020313568278869205,0
0,0.0,0
0,0.0,0
0,0.0,0
0,0.0,0
0,0.22004693140115825,0
0,0.0002728942921681308,0
0,0.017936179504392327,0
0,0.28797726971721294,0
0,0.0,0
0,4.8192769122696875e-05,0
0,0.0011557976759365002,0
0,0.0,0
0,0.006571403752605976,0
0,0.000588985497912967,0
0,0.0,0
0,0.0,0
0,0.016571089688340656,0
0,0.0,0
0,0.0,0
0,0.26490818308916136,0
0,0.0,0
0,0.0,0
0,0.0,0
0,0.0,0
0,0.008443365151038952,0
0,0.0016666666666666668,0
0,0.010955641644371612,0
0,0.0,0
0,0.0,0
0,0.0,0
0,0.0,0
1,0.9939135625951512,1
0,0.0,0
0,0.0,0
1,0.9997478970685836,1
0,0.0,0
0,0.0,0
0,0.0,0
0,0.0,0
0,0.00020313568278869205,0
0,0.00020313568278869205,0
0,0.0,0
0,0.0,0
0,0.0,0
0,0.00020313568278869205,0
0,0.0009638833359802168,0
0,0.0,0
0,0.0,0
0,0.0002728942921681308,0
0,0.0,0
0,0.006153846153846154,0
0,4.9770180054222616e-05,0
0,0.00375,0
0,0.0,0
0,0.0,0
0,0.00022927455469421405,0
0,0.0,0
0,0.0,0
0,0.0,0
0,0.0,0
0,0.00057739993022015,0
0,0.005343873517786562,0
0,0.00024086012238703098,0
0,0.0,0
0,0.0005555555555555556,0
0,0.0,0
0,0.0,0
0,0.0,0
0,0.41641594145793975,0
0,0.0,0
0,0.00024086012238703098,0
0,0.0,0
0,0.0,0
0,0.00026130872447531386,0
0,0.0,0
0,0.004519259933272672,0
0,0.0,0
0,0.0,0
0,0.0,0
0,0.0014935967900811854,0
0,0.0,0
0,0.0,0
0,0.0,0
0,0.0,0
0,0.0,0
0,0.00030769387343130834,0
0,0.0,0
0,0.0,0
0,0.004328728303223521,0
0,0.0,0
0,0.0,0
0,0.0,0
0,0.00024086012238703098,0
0,0.0,0
0,0.0001711015130075922,0
0,0.00024086012238703098,0
0,0.0,0
0,0.00024086012238703098,0
0,0.0,0
0,0.0,0
0,0.0,0
0,0.0,0
1,0.9997400856229003,1
0,0.0,0
0,0.0,0
0,0.0,0
0,0.0,0
0,0.0,0
0,0.0012648192812104336,0
0,0.0003741683876158522,0
0,0.0,0
0,0.0,0
0,0.0,0
0,0.0,0
0,0.004328728303223521,0
0,0.01125,0
0,0.0,0
0,0.13496783765215983,0
1,0.9997476002670087,1
0,0.0032151808091657715,0
0,0.0,0
0,0.004328728303223521,0
0,0.00024086012238703098,0
0,0.00013666116860414817,0
0,0.0,0
0,0.0009638833359802168,0
0,0.0,0
0,0.0,0
0,0.0,0
1,0.9997543587486994,1
0,0.0,0
0,0.0,0
0,0.0,0
0,0.0,0
0,0.0,0
0,0.00048484848484848484,0
0,0.0,0
0,0.0,0
0,0.017531186664865136,0
0,0.00024086012238703098,0
0,0.00013666116860414817,0
0,0.0,0
0,0.011185926599939338,0
0,0.005,0
0,0.06269387478934506,0
0,0.0,0
0,0.00013666116860414817,0
0,0.00013666116860414817,0
0,0.0,0
0,0.0,0
0,0.0,0
0,0.0,0
0,0.0014935967900811854,0
0,0.0,0
0,0.13374714944049876,0
0,0.016571089688340656,0
0,0.0,0
1,0.9995708207148452,1
0,0.0,0
0,0.008127724537301702,0
0,0.0,0
0,0.0,0
0,0.0,0
0,0.0,0
0,0.00024086012238703098,0
0,0.0,0
0,0.004328728303223521,0
0,0.0,0
0,0.0002728942921681308,0
0,0.0001711015130075922,0
0,0.0,0
0,0.0,0
0,0.0,0
0,0.0,0
0,0.0,0
0,0.005777777777777778,0
0,0.0,0
0,0.0,0
0,0.0,0
0,0.0,0
0,0.15528274851279156,0
0,3.158009365131221e-05,0
0,0.005777777777777778,0
1,0.738927692273705,1
0,0.0,0
0,0.0,0
0,0.0,0
0,0.0,0
0,0.0,0
0,0.00048484848484848484,0
0,0.0,0
0,0.00022927455469421405,0
0,0.0,0
0,0.81639767396341,1
0,0.0,0
0,0.0001711015130075922,0
1,0.989376738139033,1
0,0.0,0
0,0.0,0
0,0.0,0
0,0.0,0
0,0.0,0
0,0.00022927455469421405,0
0,0.19425022778621445,0
0,0.004328728303223521,0
0,0.0,0
0,0.004328728303223521,0
0,0.0,0
0,0.0,0
1,0.9997528420351368,1
0,0.0,0
0,0.0,0
0,0.0,0
0,0.0,0
0,0.00026130872447531386,0
0,0.008127724537301702,0
0,0.0111978533315318,0
0,0.0,0
0,0.0,0
0,0.0,0
0,0.0,0
0,0.0,0
0,0.0006114839820858003,0
0,0.0,0
0,0.0,0
0,0.0,0
0,0.0005622489959839357,0
0,0.0,0
0,0.00022927455469421405,0
0,0.0,0
0,0.0,0
0,0.0,0
0,7.21774657026178e-05,0
0,0.0,0
0,0.0,0
0,0.0,0
0,0.0,0
0,0.0005555555555555556,0
0,0.0,0
0,0.0,0
0,0.0,0
0,0.0,0
0,0.0,0
0,0.0,0
0,0.0,0
0,0.0,0
0,0.0,0
0,0.0,0
0,0.0,0
0,0.0,0
0,0.0,0
0,0.0,0
0,0.0,0
0,0.0,0
0,0.0,0
0,0.0,0
0,0.0,0
0,0.0,0
0,0.0,0
0,0.00024086012238703098,0
0,0.0,0
0,0.0,0
0,0.0,0
0,0.0,0
0,0.279511485729742,0
0,0.0,0
0,0.0,0
1,0.9992939097747783,1
0,0.0,0
0,0.004519259933272672,0
0,0.0,0
0,0.00020313568278869205,0
0,0.00048484848484848484,0
0,0.0006114839820858003,0
0,0.0,0
0,0.0,0
0,0.0,0
0,0.0,0
0,0.012037037037037035,0
0,0.0,0
0,0.0,0
0,0.0,0
0,0.0,0
0,0.0,0
0,0.0,0
0,0.0,0
0,0.0,0
0,0.00020313568278869205,0
0,0.0,0
0,0.0,0
0,0.0,0
0,0.0,0
0,0.00022927455469421405,0
0,0.0,0
0,0.00022927455469421405,0
0,0.0,0
0,0.008443365151038952,0
0,0.0,0
0,0.0,0
0,0.0,0
0,0.0,0
0,0.0,0
0,0.0,0
0,0.0,0
0,0.0,0
0,0.0,0
0,0.004328728303223521,0
0,0.0,0
0,0.0,0
0,0.0,0
0,0.0,0
0,0.0,0
0,0.0,0
0,0.0,0
0,0.0,0
0,0.0,0
1,0.9768732838986621,1
0,0.0,0
0,0.05532612992478131,0
0,0.0016877637130801688,0
0,0.0,0
0,0.0,0
0,0.0,0
0,0.0,0
0,0.0,0
0,0.0,0
0,0.0,0
0,0.0,0
0,0.0,0
0,0.0,0
0,0.0,0
0,0.0,0
0,0.0,0
0,0.0,0
0,0.0,0
0,0.0,0
0,0.00024086012238703098,0
0,0.0005555555555555556,0
0,0.00266763951811774,0
0,0.0,0
0,0.0,0
0,0.00013666116860414817,0
0,0.0012376184414093817,0
1,0.9997158932368088,1
0,0.0,0
0,0.006666666666666667,0
0,0.0,0
1,0.9988862107641321,1
0,0.0,0
0,0.0,0
0,0.0005555555555555556,0
0,0.005555555555555556,0
0,0.0,0
0,0.0,0
0,0.0,0
0,0.008127724537301702,0
0,0.0,0
0,0.013156564460779938,0
0,0.0,0
0,0.0011852212712954863,0
0,0.0,0
0,0.0,0
0,0.0,0
0,0.004519259933272672,0
0,0.0,0
0,0.0,0
0,0.00020313568278869205,0
0,0.0,0
0,0.019166666666666665,0
0,0.0,0
0,0.004519259933272672,0
0,0.0,0
0,0.0,0
0,0.0,0
1,0.9997478970685836,1
0,0.0,0
0,0.0,0
1,0.9804289651489316,1
0,0.00022927455469421405,0
0,0.0,0
0,0.0,0
0,0.0,0
0,0.0,0
0,0.0,0
0,0.1474489401887788,0
0,0.004519259933272672,0
0,0.0,0
0,0.0,0
0,0.0,0
1,0.9618880205423898,1
0,0.0008338839400201156,0
0,0.0,0
0,0.0,0
0,0.0,0
0,0.0,0
0,0.0,0
0,0.0,0
0,0.0,0
0,0.0,0
0,0.0,0
0,0.0,0
1,0.9746386912068158,1
0,0.0,0
0,0.0002728942921681308,0
0,0.0,0
0,0.00022927455469421405,0
0,0.0,0
0,0.0,0
0,0.0005555555555555556,0
0,0.0,0
0,0.0,0
0,0.0,0
0,0.00016869533838524803,0
0,0.0,0
0,0.00024086012238703098,0
0,0.0,0
0,0.0,0
0,0.0,0
0,0.0,0
0,0.012309254424136929,0
0,0.0,0
0,0.0,0
0,0.0,0
1,0.9984486641747597,1
0,0.00037037037037037035,0
0,0.0,0
0,0.0,0
0,0.0,0
0,0.3177295481863904,0
1,0.9242197799177228,1
0,0.00024086012238703098,0
0,0.005343873517786562,0
0,0.0,0
0,0.007139286026932049,0
0,0.004328728303223521,0
0,0.0,0
0,0.00016869533838524803,0
0,0.00016869533838524803,0
0,0.09000326069199066,0
0,0.0,0
0,0.00057739993022015,0
0,0.0,0
0,0.0,0
1,0.99383824729004,1
0,0.0,0
0,0.00024086012238703098,0
0,0.0,0
0,0.0014567336211667166,0
1,0.9997478970685836,1
0,0.0,0
0,0.0,0
0,0.11497693727275722,0
0,0.0,0
0,0.0,0
0,0.0,0
0,0.0,0
0,0.00020313568278869205,0
0,0.0005555555555555556,0
0,0.0,0
0,0.0,0
0,0.0,0
0,0.0,0
1,0.9997404565616338,1
0,0.0005555555555555556,0
0,0.012249999999999999,0
0,0.0,0
0,0.00024086012238703098,0
0,0.0,0
0,0.004328728303223521,0
0,0.0,0
0,0.0009638833359802168,0
1,0.9992900472796064,1
0,0.0,0
0,0.0,0
0,0.0,0
0,0.011658545960204722,0
0,0.0,0
0,0.0,0
0,0.0,0
0,0.0,0
0,0.0,0
0,0.0,0
0,0.011,0
0,0.0,0
0,0.0,0
0,0.0007972333903713858,0
0,0.0,0
0,0.0,0
0,0.0,0
0,0.0,0
0,0.0,0
0,0.0,0
0,0.0,0
0,0.0,0
1,0.9997478970685836,1
0,0.0,0
0,0.0,0
0,0.0,0
0,0.0,0
0,0.0,0
0,0.0,0
0,0.0,0
0,0.0,0
0,0.00307843137254902,0
0,0.0,0
0,0.00048484848484848484,0
0,0.0,0
0,0.623523907697334,1
0,0.013066666666666666,0
0,0.013333333333333334,0
0,0.0,0
0,0.35121897087332177,0
0,0.0,0
0,0.0,0
0,0.004519259933272672,0
0,0.0,0
0,0.045641025641025644,0
0,0.0,0
0,0.0,0
0,0.0,0
0,0.0,0
0,0.0,0
0,0.00013666116860414817,0
0,0.0,0
0,0.0,0
0,0.00024086012238703098,0
0,0.00022927455469421405,0
1,0.9997405414883264,1
0,0.0,0
0,0.00022927455469421405,0
1,0.9996760860336974,1
0,0.005683820009239669,0
0,0.0,0
0,0.0,0
0,0.0,0
0,0.0,0
0,0.0,0
0,0.0,0
0,0.0,0
0,0.0,0
0,0.0,0
0,0.0,0
0,0.0,0
0,0.0,0
0,0.00020313568278869205,0
0,0.41030386696985094,0
0,0.0,0
0,0.0,0
0,0.004519259933272672,0
1,0.9988193905447504,1
0,0.5066172953288383,1
0,0.0,0
0,0.0,0
0,0.0,0
0,0.0,0
0,0.0001711015130075922,0
0,0.0,0
0,0.00024086012238703098,0
0,0.0016666666666666668,0
0,0.0,0
0,0.0,0
0,0.0,0
0,0.0,0
0,0.01599206349206349,0
0,0.0,0
0,0.0,0
0,0.0,0
0,0.1466989040017963,0
0,0.0,0
0,0.0,0
0,0.0,0
0,0.0,0
0,0.0005555555555555556,0
0,0.0,0
0,0.0,0
0,0.0,0
0,0.03333333333333333,0
0,0.0005555555555555556,0
0,0.0,0
0,0.0,0
0,0.016511197199927167,0
0,0.0,0
0,0.0,0
0,0.0005622489959839357,0
0,0.0,0
0,0.0,0
0,0.0,0
0,0.0,0
0,0.0,0
0,0.0,0
0,0.00024086012238703098,0
0,0.0,0
0,0.00013666116860414817,0
0,0.0,0
0,0.00013666116860414817,0
0,0.0,0
0,0.0,0
0,0.0,0
0,0.0,0
0,0.00024086012238703098,0
0,0.00037037037037037035,0
0,0.0005622489959839357,0
0,0.0,0
0,0.0,0
0,0.0,0
0,0.0,0
0,0.0,0
0,0.0,0
0,0.006639194139194139,0
0,4.8192769122696875e-05,0
0,0.0,0
0,0.0,0
1,0.9992805144288878,1
0,0.0,0
0,0.00030769387343130834,0
0,3.158009365131221e-05,0
0,0.0,0
0,0.0,0
0,0.0,0
0,0.0,0
0,0.0,0
0,0.0,0
0,0.0,0
0,0.00024086012238703098,0
0,0.0,0
0,0.0,0
0,0.0,0
0,0.0,0
0,0.00030404398460890243,0
0,0.0,0
0,0.0,0
0,0.0,0
0,0.00030769387343130834,0
0,0.0,0
0,0.0,0
0,0.012010540184453229,0
0,0.0,0
0,0.0,0
0,0.0,0
0,0.0,0
0,0.0,0
1,0.9997478970685836,1
0,0.0,0
0,0.0,0
0,0.4098998052383548,0
0,0.18570136309042412,0
0,2.8557728228701013e-05,0
0,0.0,0
0,0.0010823876386950458,0
0,0.00048484848484848484,0
0,0.0,0
0,2.8557728228701013e-05,0
0,0.0,0
0,0.0,0
0,0.0,0
0,0.00013666116860414817,0
0,0.0,0
0,0.0,0
0,0.0,0
0,0.021871389988640952,0
0,0.0,0
0,0.00037037037037037035,0
0,0.0,0
0,0.0005622489959839357,0
1,0.9997405414883264,1
0,0.00020313568278869205,0
0,0.006571403752605976,0
0,0.0,0
1,0.999016702132204,1
0,0.0,0
0,0.006571403752605976,0
0,0.00024086012238703098,0
0,0.012222222222222223,0
0,0.0,0
0,0.0,0
0,0.0,0
1,0.9845500560103718,1
0,0.0,0
0,0.0,0
0,0.0,0
0,0.0,0
0,0.0,0
0,0.0,0
0,0.0,0
0,0.0,0
0,0.00022927455469421405,0
0,0.0,0
1,0.9997478970685836,1
1,0.9997305436778214,1
0,0.0,0
0,0.0,0
0,0.0005555555555555556,0
0,0.0,0
0,0.0,0
0,0.00010472183809310246,0
0,0.0,0
0,0.0,0
0,0.0,0
0,0.00024086012238703098,0
0,0.004,0
0,0.0,0
0,0.0,0
0,0.0,0
0,0.0,0
0,0.0,0
0,0.0,0
0,0.0,0
0,0.0,0
0,0.0,0
0,0.00022927455469421405,0
0,0.0,0
0,0.0,0
0,0.0008631280257590964,0
0,0.00048484848484848484,0
0,0.0005555555555555556,0
0,0.0,0
0,0.0891685157976127,0
0,0.008443365151038952,0
0,0.0,0
0,0.0,0
0,0.00020313568278869205,0
0,0.0,0
0,0.00024086012238703098,0
0,0.0,0
0,0.0,0
0,0.00024086012238703098,0
0,0.0,0
0,0.0,0
0,0.0,0
0,0.0,0
0,0.0,0
0,0.0,0
0,0.0005555555555555556,0
0,0.0,0
0,0.00022927455469421405,0
0,0.0,0
1,0.9997405414883264,1
0,0.0,0
1,0.9997478970685836,1
0,0.0,0
0,0.0,0
0,0.0,0
0,0.0,0
0,0.0,0
0,0.004328728303223521,0
0,0.8859986069069462,1
0,0.00016869533838524803,0
0,2.8557728228701013e-05,0
0,0.0,0
0,0.0,0
0,0.0,0
0,0.0,0
0,0.0,0
0,0.0,0
0,0.0,0
1,0.9918075866691881,1
0,0.0,0
0,0.0,0
0,0.00020313568278869205,0
0,0.008127724537301702,0
0,0.0,0
0,0.0001711015130075922,0
0,0.008127724537301702,0
0,0.3489801474033682,0
0,0.0,0
0,0.010256417245922493,0
0,0.0,0
0,0.0,0
0,0.0016877637130801688,0
0,0.0,0
0,0.00024086012238703098,0
0,0.0,0
0,0.0014935967900811854,0
0,0.004328728303223521,0
0,0.00034213421783475237,0
0,0.0,0
0,0.0,0
0,0.0,0
0,0.0,0
0,0.0,0
0,0.0,0
0,0.0,0
1,0.7191242029904485,1
1,0.9997478970685836,1
0,0.006333333333333333,0
0,0.0,0
0,0.0,0
0,0.0009638833359802168,0
0,0.2563173094391013,0
0,0.0,0
0,0.0,0
0,0.00022927455469421405,0
0,0.00024086012238703098,0
0,0.0,0
0,0.0,0
0,0.0,0
0,0.0,0
0,0.0,0
0,0.0,0
0,0.0,0
0,0.004519259933272672,0
0,0.0,0
0,0.0,0
0,0.0,0
0,0.0,0
0,0.005643232902917264,0
0,0.0,0
0,0.00022927455469421405,0
0,0.0,0
0,0.0,0
0,0.0,0
0,0.0,0
0,0.0,0
0,0.0,0
0,0.00020313568278869205,0
0,0.0,0
0,0.00020313568278869205,0
0,0.0,0
0,0.0,0
0,0.0005555555555555556,0
0,0.0,0
0,0.0,0
0,0.00013666116860414817,0
0,0.0,0
0,0.006571403752605976,0
0,0.005397676496872207,0
0,0.0,0
0,0.0,0
0,0.0,0
0,0.0,0
0,0.0,0
0,0.14491955817411895,0
0,0.004328728303223521,0
0,0.0,0
0,0.21588117670208268,0
0,0.0,0
0,0.0005555555555555556,0
0,0.0,0
0,0.0,0
0,0.0,0
0,0.0,0
0,0.0,0
0,0.0,0
0,0.19888716929760134,0
0,0.0,0
0,0.19969780282985472,0
0,0.0002728942921681308,0
0,0.0,0
0,0.0,0
0,0.0001711015130075922,0
0,0.0002728942921681308,0
0,0.0,0
0,0.0,0
0,0.00020313568278869205,0
0,0.0,0
0,0.0,0
0,0.00022927455469421405,0
0,0.00024086012238703098,0
0,0.0,0
0,0.0,0
0,0.00013666116860414817,0
0,0.1628016745069667,0
0,0.0,0
0,0.0,0
0,0.0,0
0,0.0,0
1,0.9997478970685836,1
0,0.00030769387343130834,0
0,0.0,0
0,0.0,0
1,0.9990784352592185,1
1,0.9997478970685836,1
0,0.0,0
0,0.0,0
0,0.0,0
1,0.9997405414883264,1
0,0.0,0
0,0.0,0
0,0.00024086012238703098,0
0,0.0,0
0,0.0005555555555555556,0
0,0.0,0
0,0.0,0
0,0.0,0
0,0.0,0
0,0.0,0
0,0.000588985497912967,0
0,0.0,0
0,0.0,0
0,0.0,0
0,0.0,0
0,0.0,0
0,0.0,0
0,0.0,0
0,0.0,0
0,0.0,0
0,0.0,0
0,0.0,0
0,0.0,0
0,0.0,0
0,0.0,0
0,0.19437843009698605,0
0,0.00022927455469421405,0
0,0.00048484848484848484,0
0,0.00020313568278869205,0
0,0.0,0
0,0.0,0
0,0.0,0
0,0.0,0
0,0.0,0
1,0.978380425151538,1
0,0.0001711015130075922,0
0,0.0,0
0,0.0,0
0,0.0,0
0,0.0,0
0,8.703220191470844e-05,0
0,0.0,0
0,0.0,0
0,2.8557728228701013e-05,0
0,0.00020313568278869205,0
0,0.06649033000377746,0
0,0.0,0
0,0.0,0
0,0.0,0
0,0.0,0
0,0.0,0
0,0.0,0
0,0.004328728303223521,0
0,0.0,0
1,0.9986322516981861,1
0,0.0,0
0,0.0,0
1,0.9986322516981861,1
0,0.0,0
0,0.0,0
0,0.0,0
0,0.005358095392049159,0
0,0.0,0
0,0.0,0
0,0.0,0
1,0.8611951397736382,1
0,0.0,0
0,0.0,0
0,0.0,0
0,0.0,0
0,0.0,0
0,0.0002728942921681308,0
0,0.0,0
0,0.0,0
0,0.00024086012238703098,0
0,0.0,0
0,0.0,0
0,0.0,0
0,0.0,0
0,0.0,0
0,0.0,0
0,0.00022927455469421405,0
0,0.0,0
0,0.00022927455469421405,0
0,0.0,0
0,0.0,0
0,0.0014222932767632725,0
0,0.00024086012238703098,0
0,0.004328728303223521,0
0,0.006571403752605976,0
0,0.0,0
0,0.0,0
0,0.001428178916959966,0
0,0.004328728303223521,0
0,0.004328728303223521,0
0,0.0,0
0,0.008127724537301702,0
0,0.0,0
0,0.00022927455469421405,0
0,0.0,0
0,0.004328728303223521,0
0,0.0,0
0,0.0,0
0,0.0,0
0,0.0,0
0,0.012636023494107614,0
0,0.0,0
0,0.00024086012238703098,0
0,0.0,0
0,0.0,0
0,0.0,0
0,0.00024086012238703098,0
0,0.0,0
0,0.004519259933272672,0
0,0.0,0
1,0.9946750028897215,1
0,0.12386682747229773,0
0,0.0,0
0,0.0,0
0,0.0,0
0,0.0,0
0,0.0,0
0,0.0,0
0,0.018854925422397324,0
0,0.0,0
0,0.0,0
0,0.00041549429398657903,0
0,0.0,0
0,0.0,0
0,0.0012648192812104336,0
0,0.0002728942921681308,0
0,0.0,0
0,0.0,0
1,0.9984387996393681,1
0,0.0,0
0,0.0,0
0,0.00048484848484848484,0
0,0.0,0
0,0.004328728303223521,0
0,0.0,0
0,0.0,0
0,0.0014616891216103303,0
0,0.0,0
0,0.0,0
0,0.0,0
0,0.0,0
0,0.00030769387343130834,0
0,0.0,0
0,0.0,0
0,0.0005555555555555556,0
0,0.0,0
0,0.0,0
0,0.0,0
0,0.0,0
0,0.0,0
0,0.004328728303223521,0
0,0.0,0
0,0.0,0
0,0.00016869533838524803,0
0,0.0,0
0,0.0,0
0,0.0,0
0,0.008127724537301702,0
0,0.00020313568278869205,0
0,0.00631578947368421,0
0,0.006571403752605976,0
0,0.0,0
1,0.9972380694314383,1
0,0.0,0
0,0.0,0
0,0.0,0
0,0.0,0
0,0.0,0
0,0.00024086012238703098,0
0,0.00024086012238703098,0
0,0.0002728942921681308,0
0,0.00037037037037037035,0
0,0.00037037037037037035,0
0,0.0,0
0,0.0,0
0,0.0,0
0,0.0,0
0,0.0,0
0,0.0,0
0,0.00020313568278869205,0
0,0.0002728942921681308,0
0,0.00022927455469421405,0
0,0.00013666116860414817,0
0,0.0,0
0,0.0,0
0,0.0,0
0,0.0006914287253824927,0
0,0.00020313568278869205,0
0,0.0,0
0,0.0,0
0,0.0,0
0,0.0,0
0,0.0,0
1,0.9991441977325533,1
0,0.0,0
0,0.0,0
0,0.0,0
0,0.0,0
0,0.0,0
0,0.00022927455469421405,0
0,0.0006459243264892443,0
0,0.0,0
0,0.043812026645653895,0
0,0.0,0
1,0.993042678575293,1
0,0.0006114839820858003,0
0,0.18877341811290746,0
0,0.0,0
0,0.0,0
0,0.0,0
0,0.0,0
0,0.012222222222222221,0
0,0.0,0
0,0.0,0
0,0.0,0
0,0.0,0
1,0.9949958875570102,1
0,0.0,0
0,0.0,0
0,0.0,0
0,0.0005622489959839357,0
0,0.004328728303223521,0
0,0.0,0
0,0.0,0
0,0.0,0
0,0.0,0
0,0.00013666116860414817,0
0,0.00024086012238703098,0
0,0.0,0
0,0.0,0
0,0.005397676496872207,0
0,0.0,0
0,0.14881479274184664,0
0,0.0,0
0,0.0005555555555555556,0
0,0.0,0
0,0.0,0
0,0.0,0
0,0.0,0
0,0.006666666666666667,0
0,0.004328728303223521,0
0,0.0,0
0,0.00020313568278869205,0
0,0.0,0
0,0.0,0
0,0.0,0
0,0.0,0
0,0.0,0
0,4.8192769122696875e-05,0
0,0.0,0
0,8.703220191470844e-05,0
0,0.00026130872447531386,0
0,0.0,0
0,0.0,0
0,0.004328728303223521,0
0,0.00018621973929236498,0
0,0.0,0
0,0.0,0
0,0.004519259933272672,0
0,0.0,0
0,0.0,0
0,0.0,0
0,0.0,0
0,0.0002728942921681308,0
0,0.006730901703495874,0
0,0.0,0
0,0.004519259933272672,0
0,0.0,0
0,0.00022927455469421405,0
0,0.0,0
0,0.10524222723322814,0
0,0.00024086012238703098,0
0,7.21774657026178e-05,0
0,0.00013666116860414817,0
0,0.0,0
0,0.0002728942921681308,0
0,0.0,0
0,0.0,0
0,0.0,0
0,0.00013666116860414817,0
0,0.0,0
0,0.0,0
0,0.0,0
0,0.0,0
0,0.0,0
0,0.0005555555555555556,0
0,0.0,0
0,0.21355141475654013,0
0,0.00034213421783475237,0
0,0.006060606060606061,0
0,0.0,0
0,0.0,0
0,0.0,0
0,0.00024086012238703098,0
0,0.00018621973929236498,0
0,0.0,0
0,0.0,0
0,0.0,0
0,0.00048484848484848484,0
0,0.0,0
0,0.0,0
0,0.0,0
0,4.0143295921517954e-05,0
0,0.004328728303223521,0
0,0.0009638833359802168,0
0,0.0,0
0,0.00022927455469421405,0
0,0.004328728303223521,0
0,0.0,0
0,0.0,0
0,0.07713410465178956,0
0,0.0,0
0,0.00013666116860414817,0
0,0.0,0
0,0.0,0
0,0.0,0
1,0.9997425125128409,1
0,0.004328728303223521,0
0,0.0061111111111111106,0
0,0.0,0
0,0.0,0
0,0.0,0
0,0.0,0
0,0.0,0
1,0.9997405414883264,1
1,0.9997613091006156,1
0,0.0,0
0,0.0,0
0,0.0,0
0,0.0003741683876158522,0
0,0.0,0
0,0.00024086012238703098,0
0,0.0,0
0,0.00020313568278869205,0
0,0.0,0
0,0.0,0
0,0.004328728303223521,0
0,0.0,0
0,0.0064347744482219135,0
0,0.0,0
0,0.00024086012238703098,0
0,0.0,0
0,0.0,0
0,0.0,0
0,0.0,0
1,0.9932245314203085,1
0,0.0,0
0,0.0,0
0,0.0012648192812104336,0
0,0.0011213573315330561,0
0,0.00022927455469421405,0
0,0.00026130872447531386,0
0,0.0,0
1,0.8257714067139462,1
0,0.0,0
0,0.0,0
0,0.0,0
0,0.7171823403068679,1
0,0.0,0
1,0.9920437431141611,1
0,0.0,0
0,0.0,0
0,0.0,0
1,0.9869817819307455,1
0,0.0,0
0,0.0,0
1,0.990329119091414,1
0,0.0,0
0,0.000588985497912967,0
0,0.0,0
0,0.0,0
0,0.00020313568278869205,0
0,0.0,0
0,0.010256417245922493,0
0,0.0,0
0,0.00022927455469421405,0
0,0.0,0
0,0.0,0
0,0.0,0
0,0.0,0
0,0.00024086012238703098,0
0,0.0,0
0,0.0,0
0,0.0,0
0,0.0,0
0,0.0,0
0,0.0,0
0,0.0016536034615666135,0
0,0.1010116268705966,0
0,0.0,0
0,0.1044487954571836,0
1,0.9568748656393632,1
0,0.0,0
0,0.00013666116860414817,0
0,0.0001711015130075922,0
0,0.00020313568278869205,0
0,0.00016869533838524803,0
0,0.0,0
0,0.00022927455469421405,0
0,0.0003741683876158522,0
0,0.07316523822831199,0
0,0.00024086012238703098,0
0,0.0,0
0,0.1593394591235021,0
0,0.00024086012238703098,0
0,0.0,0
0,0.0,0
0,0.0012648192812104336,0
0,0.0,0
0,0.0,0
0,0.004328728303223521,0
0,0.00022927455469421405,0
0,0.02426028642291749,0
0,0.0,0
0,0.0,0
0,0.1523582822538475,0
0,0.0,0
0,0.00013666116860414817,0
0,0.10239260108083638,0
0,0.00018621973929236498,0
0,0.5938021103511187,1
0,0.0,0
0,0.0009638833359802168,0
0,0.007540559694654528,0
0,0.0,0
0,0.0,0
0,0.0,0
0,0.0,0
0,0.0,0
0,0.0,0
1,0.9972220051744101,1
0,0.0,0
0,0.0,0
0,0.0,0
0,0.0,0
0,0.0,0
0,0.5672275625745902,1
0,0.0,0
0,0.0,0
0,0.0,0
1,0.9960292392120965,1
0,0.03332820118039517,0
0,0.0,0
0,0.1064198370935044,0
0,0.01964769649817472,0
0,0.0,0
0,0.004328728303223521,0
0,0.0,0
0,0.005536469016122026,0
0,0.0,0
0,0.0,0
1,0.9997093452419595,1
0,0.0,0
0,0.00022927455469421405,0
0,0.0,0
0,0.0,0
0,0.00024086012238703098,0
0,0.0,0
0,0.0,0
0,0.0,0
0,0.0,0
0,0.0,0
0,0.0,0
0,0.0,0
0,0.00013666116860414817,0
0,0.0,0
0,0.0,0
0,0.0,0
0,0.0,0
0,2.8557728228701013e-05,0
0,0.0,0
0,0.00042707986167939594,0
0,0.00020313568278869205,0
0,0.0,0
0,0.00020313568278869205,0
0,0.0,0
0,0.0,0
0,0.0,0
0,0.00022927455469421405,0
0,0.0,0
0,0.00022927455469421405,0
0,0.0,0
0,0.0011757642819004576,0
0,0.0,0
0,0.0,0
0,0.0,0
0,0.0,0
0,0.0,0
0,0.0001711015130075922,0
0,0.0,0
0,0.0,0
0,0.0,0
0,0.0,0
0,0.00015015015015015014,0
0,0.14251967323250628,0
0,0.0,0
0,0.010888888888888889,0
0,0.00024086012238703098,0
0,0.0,0
0,0.0,0
0,0.0,0
0,0.0002728942921681308,0
0,0.0,0
0,0.021871389988640952,0
0,0.21390953480104463,0
0,0.0,0
0,0.0,0
0,0.0,0
0,0.0,0
0,0.0,0
0,0.0,0
0,0.0,0
0,0.0,0
0,0.0,0
0,0.0,0
0,0.0,0
0,0.0,0
0,0.0,0
0,0.0,0
0,0.0005555555555555556,0
0,0.0,0
0,0.00307843137254902,0
0,0.0005555555555555556,0
0,0.0,0
0,0.00020313568278869205,0
0,0.0,0
0,0.0032151808091657715,0
0,0.0,0
0,0.0,0
0,0.0,0
0,0.0001711015130075922,0
0,0.0,0
0,0.0,0
0,0.0,0
0,0.0,0
0,0.0,0
0,0.0,0
0,0.0,0
0,0.0,0
0,0.0,0
0,0.00022927455469421405,0
0,0.0,0
0,0.0,0
0,0.0,0
0,0.0,0
0,0.0,0
0,0.0,0
0,0.0,0
0,0.0,0
1,0.865071480661869,1
0,0.0,0
0,0.0,0
0,0.0,0
0,0.0005555555555555556,0
0,0.0,0
0,0.0032151808091657715,0
0,0.0,0
0,0.0,0
0,0.00024086012238703098,0
0,0.0,0
0,0.0,0
0,0.0,0
0,0.004519259933272672,0
0,0.0,0
0,0.0,0
0,0.00013666116860414817,0
0,0.006097027438933518,0
0,0.0,0
0,0.08923372702184695,0
1,0.9997478970685836,1
0,0.0,0
0,0.005333333333333334,0
0,0.0,0
0,0.0,0
0,0.006386456509048453,0
0,0.0,0
0,0.02666666666666667,0
0,0.0,0
0,0.012380952380952381,0
0,0.0,0
0,0.0,0
0,0.0,0
0,0.0,0
0,0.0,0
0,0.0,0
0,0.0,0
0,0.0,0
0,0.001428178916959966,0
0,0.0,0
0,0.0,0
1,0.9997405414883264,1
0,0.0,0
0,0.0,0
0,0.0,0
0,0.00013666116860414817,0
0,0.0,0
0,0.0,0
0,0.0,0
0,0.00048484848484848484,0
0,0.0,0
0,0.0,0
0,0.0,0
0,0.05238095238095238,0
0,0.0016146337687286032,0
0,0.0,0
1,0.9330728279257827,1
0,0.008443365151038952,0
0,0.0,0
0,0.061872950826061285,0
0,0.0,0
0,0.0,0
0,0.0005555555555555556,0
0,0.0,0
0,0.0,0
0,0.0,0
0,0.008127724537301702,0
0,0.0,0
0,0.0,0
0,0.0,0
0,0.0,0
0,0.0,0
0,0.0,0
0,0.0,0
0,0.0,0
0,0.0,0
0,0.0,0
0,0.00057739993022015,0
0,0.0,0
1,0.9995603613081462,1
0,0.0,0
0,0.7980880719359721,1
0,0.0,0
0,0.0,0
0,0.0,0
0,0.0,0
0,0.09752089870210093,0
0,0.006571403752605976,0
0,0.0,0
0,0.0,0
0,0.0,0
1,0.9827873195518512,1
0,0.0,0
0,0.004519259933272672,0
0,0.0,0
0,0.0,0
0,0.0,0
0,0.006060606060606061,0
0,0.0,0
0,0.00013666116860414817,0
0,0.0,0
0,0.0,0
0,0.0,0
0,0.0,0
0,0.0,0
0,0.0,0
0,0.0,0
0,0.0,0
0,0.09706349317772368,0
0,0.0,0
0,0.0,0
0,0.00024086012238703098,0
0,0.0,0
0,0.0,0
0,0.089423150425444,0
1,0.9977190560400722,1
0,0.0,0
0,0.0,0
0,0.0,0
0,0.0,0
0,0.1108582266598008,0
0,0.0,0
0,0.0,0
0,0.0,0
0,0.0,0
0,0.0,0
0,0.0,0
0,0.0,0
0,0.0,0
0,0.011791577656460162,0
0,0.0,0
0,0.0,0
0,0.0,0
0,0.0,0
0,0.0,0
0,0.0001711015130075922,0
0,0.00022927455469421405,0
0,0.0002728942921681308,0
0,0.0,0
0,0.0001711015130075922,0
0,0.0,0
0,0.0,0
0,0.0,0
0,0.008443365151038952,0
1,0.8363502250121643,1
0,0.1452102941153782,0
0,0.0,0
0,0.006666666666666667,0
0,0.0,0
0,0.00013666116860414817,0
0,0.0,0
0,0.0,0
1,0.8694820959112814,1
0,0.0,0
0,0.0,0
0,0.0,0
0,0.0,0
0,0.0,0
0,0.0,0
0,0.0753696828032044,0
0,0.0,0
0,0.004328728303223521,0
0,0.0,0
0,0.0,0
0,0.00024086012238703098,0
0,0.0,0
0,0.00024086012238703098,0
0,0.0,0
0,0.0,0
0,0.0,0
0,0.0005555555555555556,0
0,0.0,0
0,0.0,0
0,0.00024086012238703098,0
0,0.0,0
0,0.00022927455469421405,0
0,0.0,0
0,0.0,0
0,0.398857518484454,0
1,0.995022202304497,1
1,0.985118254563341,1
0,0.012573599240265907,0
0,0.0032151808091657715,0
1,0.9992805144288878,1
0,0.0,0
0,0.00026130872447531386,0
0,0.0,0
0,0.013328201180395176,0
0,0.0,0
0,0.00024086012238703098,0
0,0.0,0
0,0.0,0
0,0.004328728303223521,0
0,0.0,0
0,0.0,0
0,0.0002728942921681308,0
0,0.0,0
0,0.0,0
0,0.0002728942921681308,0
0,0.0,0
0,0.0,0
0,0.06644850572387528,0
0,0.0,0
0,0.0,0
0,0.004519259933272672,0
0,0.0,0
0,0.00024086012238703098,0
0,0.0,0
0,0.000588985497912967,0
0,0.0,0
0,0.0,0
1,0.9997478970685836,1
0,0.0,0
0,0.0,0
0,0.0001711015130075922,0
0,0.0,0
0,0.0,0
0,0.0,0
0,0.0,0
0,0.0,0
0,0.00026130872447531386,0
0,0.0,0
0,0.0,0
0,0.0,0
0,0.0,0
0,0.08112587801871106,0
0,0.0,0
0,0.0,0
0,0.0,0
0,0.0,0
0,0.005397676496872207,0
0,0.0,0
0,0.0,0
0,0.0,0
1,0.999758882210675,1
0,0.0,0
0,0.0,0
0,0.0,0
0,0.11182660574536354,0
0,0.0,0
0,0.0,0
0,0.0,0
0,0.0,0
0,0.0,0
0,0.0,0
0,0.0,0
0,0.0,0
0,0.009275786869771832,0
0,0.0,0
0,0.0,0
0,0.0,0
0,0.0,0
0,0.0,0
0,8.703220191470844e-05,0
0,0.004328728303223521,0
1,0.961377883576004,1
0,0.0,0
0,0.0005622489959839357,0
0,0.0,0
0,0.0,0
0,0.0,0
0,0.0,0
0,0.05604655624094138,0
0,0.0,0
0,0.0,0
0,0.0,0
0,0.0,0
0,0.0,0
0,0.0002728942921681308,0
0,0.0,0
0,0.0,0
1,0.9997478970685836,1
0,0.0,0
0,0.0,0
0,0.0,0
0,0.0,0
0,0.00020313568278869205,0
0,0.00016869533838524803,0
0,0.0,0
0,0.0,0
0,0.00024086012238703098,0
1,0.9984337503686023,1
0,0.0,0
0,0.0,0
0,0.16459818299473386,0
0,0.0,0
0,0.0,0
0,1.6612675471384666e-05,0
0,0.12953875951484772,0
0,0.0,0
0,0.7785962342314438,1
0,0.0009638833359802168,0
0,0.0,0
0,0.0,0
0,0.0,0
0,0.0,0
0,0.0,0
0,0.00022927455469421405,0
0,0.00011660393109849997,0
0,0.0,0
0,0.0,0
0,0.0,0
0,0.00024086012238703098,0
0,0.0,0
0,0.00022927455469421405,0
0,0.0,0
0,0.0,0
0,0.0,0
1,0.9997478970685836,1
0,0.0,0
0,0.004328728303223521,0
0,0.0,0
0,0.0,0
0,0.0,0
0,0.004328728303223521,0
0,0.0,0
0,0.0,0
0,0.0,0
0,0.0,0
0,0.00011660393109849997,0
0,0.0,0
0,0.0,0
0,0.005098039215686274,0
0,0.0,0
0,0.0,0
0,0.008127724537301702,0
0,0.00013666116860414817,0
0,0.00022927455469421405,0
0,0.0,0
0,0.0,0
0,0.0001711015130075922,0
0,0.06724801547331981,0
0,0.0,0
0,0.01099539496989019,0
1,0.8878314822775489,1
0,0.0001711015130075922,0
0,0.0,0
0,0.0,0
0,0.0,0
0,0.0,0
0,0.0,0
0,0.0,0
1,0.9997478970685836,1
0,0.0,0
0,0.0,0
1,0.9986761352015577,1
0,3.824732390855861e-05,0
0,0.0,0
0,0.0,0
0,0.0,0
0,0.1679099140240567,0
0,0.0,0
0,0.0,0
0,0.0,0
0,0.0,0
0,0.0,0
0,0.0,0
0,0.00024086012238703098,0
0,0.061753815262084115,0
0,0.0,0
0,0.005643232902917264,0
0,0.0,0
0,0.0,0
0,0.0,0
0,0.0,0
0,0.006167763157894737,0
0,0.0008338839400201156,0
0,0.0,0
0,0.004328728303223521,0
0,0.0006114839820858003,0
0,0.0,0
0,0.0,0
0,0.0009638833359802168,0
1,0.9925376831756533,1
0,0.00016869533838524803,0
0,0.0,0
0,0.0,0
0,0.0,0
0,0.00024086012238703098,0
0,0.0,0
0,0.0,0
0,0.0,0
0,0.0,0
0,0.00307843137254902,0
0,0.0011213573315330561,0
0,0.0,0
0,0.0,0
0,0.00024086012238703098,0
0,0.0,0
0,0.0,0
1,0.9844017253128038,1
0,0.004328728303223521,0
0,0.0002728942921681308,0
0,0.049637631151468194,0
0,0.0,0
0,0.0,0
0,0.00020313568278869205,0
0,0.0,0
0,0.00013666116860414817,0
0,0.0,0
0,0.0,0
0,0.0,0
0,0.0,0
0,0.0,0
0,0.0,0
0,0.00020313568278869205,0
0,0.0,0
0,0.0,0
0,0.0,0
0,0.0,0
0,0.00020313568278869205,0
0,0.0,0
0,0.0,0
0,0.00010472183809310246,0
0,0.0,0
1,0.0011213573315330561,0
0,0.0,0
0,0.0,0
0,0.00013666116860414817,0
0,0.0,0
0,0.0,0
0,0.0,0
0,0.0,0
0,0.0,0
0,0.00013666116860414817,0
0,0.0,0
0,0.10484575605681865,0
0,0.0,0
0,0.0,0
0,0.005397676496872207,0
0,0.0,0
0,0.0,0
0,0.07627462914867024,0
1,0.9864699941032453,1
0,0.0,0
0,0.0,0
0,0.0,0
0,0.0,0
0,0.00048484848484848484,0
0,0.0,0
0,0.0,0
0,0.0,0
0,0.0005622489959839357,0
0,0.004519259933272672,0
0,0.0,0
0,0.0,0
0,0.0,0
0,0.004328728303223521,0
0,0.0,0
0,0.004328728303223521,0
0,0.004328728303223521,0
0,0.0,0
0,0.004328728303223521,0
0,0.0,0
0,0.524204290771061,1
0,0.0,0
0,0.012376068376068377,0
0,4.8192769122696875e-05,0
0,0.0,0
0,0.0032151808091657715,0
0,0.0,0
0,0.0,0
0,0.0,0
0,0.0,0
0,0.004328728303223521,0
0,0.0,0
0,0.0,0
0,0.0,0
1,0.998508139489344,1
0,0.0,0
0,0.0,0
0,0.0,0
0,0.0,0
0,0.0,0
0,0.0,0
0,0.0,0
0,0.0,0
0,0.00016869533838524803,0
0,0.005343873517786562,0
0,0.0,0
0,0.0,0
0,0.0,0
0,0.0,0
0,0.0,0
0,0.0,0
0,0.0,0
0,0.0,0
0,0.0005555555555555556,0
0,0.0,0
0,0.0,0
0,0.0032151808091657715,0
0,0.0,0
0,0.005643232902917264,0
0,0.0,0
0,0.0,0
0,0.0,0
0,0.00030769387343130834,0
0,0.0,0
0,0.0,0
0,0.0,0
0,0.0,0
0,0.16443913155090442,0
0,0.017531186664865136,0
0,0.0,0
0,0.0,0
0,0.00018621973929236498,0
0,0.0,0
0,0.0003741683876158522,0
0,0.0,0
0,0.00026130872447531386,0
0,0.0,0
0,0.012010540184453229,0
0,0.0,0
0,0.0,0
0,0.0016877637130801688,0
0,0.0,0
0,0.008127724537301702,0
0,0.00024086012238703098,0
0,0.03118592659993934,0
0,0.0,0
0,0.0,0
0,0.004328728303223521,0
0,0.0002728942921681308,0
0,0.0032151808091657715,0
0,0.0,0
0,0.0,0
0,0.0,0
0,0.00024086012238703098,0
0,0.0,0
0,0.0,0
0,0.0005555555555555556,0
1,0.9992199435218627,1
0,0.0,0
0,0.0,0
0,0.0,0
0,0.005454545454545455,0
0,0.0,0
0,0.0,0
0,0.0,0
0,0.0,0
0,0.0,0
0,0.008443365151038952,0
0,0.0,0
0,0.0,0
0,0.0,0
0,0.00013666116860414817,0
0,0.0,0
0,0.004519259933272672,0
0,0.0,0
0,0.0,0
0,0.00022927455469421405,0
0,0.0,0
0,0.0061391941391941394,0
0,0.0,0
0,0.0,0
1,0.9984842210346917,1
0,0.0,0
0,0.0,0
0,0.0,0
0,0.0,0
0,0.0,0
0,0.0,0
0,0.00020313568278869205,0
0,0.004328728303223521,0
1,0.9992805144288878,1
0,0.12987895288330475,0
0,0.0,0
0,0.20348812273793823,0
0,0.0,0
0,0.0,0
0,0.0,0
0,0.0,0
0,0.0,0
0,0.0,0
0,0.0,0
0,0.00022927455469421405,0
0,0.0,0
0,0.0,0
0,0.11471104632540817,0
0,0.22807510694454966,0
0,0.0,0
0,0.0,0
0,0.0,0
0,0.08616208466196341,0
0,0.0,0
0,0.0,0
0,0.0,0
0,0.0,0
0,0.0,0
0,0.0,0
0,0.0,0
0,0.0,0
0,0.0,0
0,0.0,0
0,0.004328728303223521,0
0,0.0,0
0,0.0,0
0,0.0,0
0,0.006386456509048453,0
0,0.0,0
0,0.0,0
0,0.0,0
1,0.9946623906472536,1
0,0.0,0
0,0.0,0
0,0.0002728942921681308,0
0,0.0,0
0,0.273648252390459,0
0,0.00020313568278869205,0
0,0.0011557976759365002,0
0,0.0008058608058608059,0
0,0.14361309587152674,0
0,0.0,0
0,0.0,0
0,0.0,0
0,0.0006144097167286133,0
0,0.45638268417222266,0
0,0.0,0
0,0.0,0
0,0.0,0
0,0.00026130872447531386,0
0,0.0,0
0,0.0,0
1,0.9997281167878809,1
0,0.0,0
0,0.0,0
0,0.0,0
0,0.0,0
0,0.0,0
0,0.0,0
0,0.0,0
0,0.0,0
0,0.0,0
0,0.0,0
0,0.0,0
0,0.12506447841906718,0
0,0.0,0
0,0.0,0
0,0.13233910907717805,0
0,0.0,0
0,0.0,0
0,0.0,0
0,0.0,0
0,0.0,0
0,0.00024086012238703098,0
0,0.0,0
0,0.004328728303223521,0
0,0.0,0
0,0.0,0
0,0.0,0
0,0.0,0
0,0.00022927455469421405,0
0,0.008443365151038952,0
0,0.00024086012238703098,0
0,4.8192769122696875e-05,0
0,0.00024086012238703098,0
1,0.9966841952546135,1
0,0.0,0
0,0.0,0
0,0.0,0
1,0.997119586338892,1
0,0.0,0
0,0.0,0
0,0.006571403752605976,0
0,0.0,0
0,0.0,0
0,0.0,0
0,0.00026130872447531386,0
0,0.0,0
0,0.0,0
0,0.004328728303223521,0
0,0.0,0
0,0.0,0
0,0.004328728303223521,0
0,0.0,0
0,0.00024086012238703098,0
1,0.9997478970685836,1
0,0.0,0
0,0.0,0
0,0.0064026402640264025,0
1,0.9985763714469016,1
0,0.07856988651333105,0
0,0.0,0
0,0.0,0
1,0.9075340455610761,1
0,0.0,0
0,0.0,0
0,0.005643232902917264,0
0,0.0,0
0,0.0001711015130075922,0
0,0.0,0
0,0.0,0
0,0.00020313568278869205,0
0,0.0,0
0,0.0,0
0,0.00037037037037037035,0
0,0.004328728303223521,0
0,0.0,0
0,0.0,0
0,0.0,0
0,0.0,0
0,0.0,0
0,0.0,0
0,0.0,0
0,0.00024086012238703098,0
0,0.0,0
0,0.0,0
1,0.9991923415130279,1
0,0.0,0
0,0.0,0
0,0.00024086012238703098,0
0,0.0,0
0,0.00024086012238703098,0
0,0.0,0
0,0.0002728942921681308,0
0,0.12379818481785666,0
0,0.008443365151038952,0
0,0.00020313568278869205,0
0,0.0,0
0,0.0,0
0,0.0,0
0,0.0,0
0,0.00016869533838524803,0
0,0.004328728303223521,0
0,0.0,0
0,0.0,0
0,0.004328728303223521,0
0,0.20195687801582557,0
0,0.0,0
0,0.0,0
0,0.0,0
0,0.0,0
0,0.008127724537301702,0
0,0.0,0
0,0.0,0
0,0.0,0
0,0.010955641644371612,0
0,0.00024086012238703098,0
0,0.0,0
0,0.0,0
0,0.004328728303223521,0
0,0.0014935967900811854,0
0,0.00022927455469421405,0
0,0.0,0
0,0.0,0
0,0.004328728303223521,0
1,0.9256761862210748,1
0,0.0,0
0,0.0,0
0,0.0,0
0,0.0,0
0,0.0,0
0,0.0,0
0,0.0,0
1,0.8056383635968487,1
0,0.0,0
0,0.0,0
0,0.0003741683876158522,0
0,0.0009638833359802168,0
0,0.0,0
0,0.0,0
0,0.0,0
0,0.0,0
0,0.0,0
0,0.00024086012238703098,0
0,0.0,0
0,0.0,0
0,0.0,0
0,0.0,0
0,0.0,0
0,0.0002728942921681308,0
0,0.011196581196581196,0
0,0.0,0
0,0.0,0
0,0.0,0
0,0.0002728942921681308,0
0,0.0,0
0,0.0,0
0,0.0,0
0,0.0,0
1,0.9997478970685836,1
0,0.0002728942921681308,0
0,0.0,0
0,0.0,0
0,0.0,0
0,0.0,0
0,0.0032151808091657715,0
1,0.9924728066560431,1
0,0.0,0
0,0.0,0
0,0.004519259933272672,0
0,0.0,0
0,0.0,0
0,0.0016877637130801688,0
0,0.0,0
0,0.00020313568278869205,0
0,0.0,0
0,0.0,0
0,0.00020313568278869205,0
0,0.00012818949879131694,0
0,0.00024086012238703098,0
0,0.0,0
0,0.0,0
0,0.0,0
0,0.0,0
0,0.0,0
0,0.0,0
0,0.0,0
0,0.0,0
0,0.0,0
0,0.0,0
0,0.0,0
0,0.0,0
0,0.0,0
0,0.005428178916959966,0
0,0.004328728303223521,0
1,0.8866821718252009,1
0,0.00030404398460890243,0
0,0.0,0
0,0.0,0
0,0.0,0
0,0.0,0
0,0.0,0
0,0.0,0
0,0.0,0
0,0.0011852212712954863,0
0,0.0,0
0,0.0,0
0,0.3844439178329376,0
0,0.0,0
0,0.0,0
0,0.0,0
0,0.0,0
0,0.0,0
0,0.24612099339065527,0
0,0.0,0
0,0.0,0
0,0.0,0
0,0.0,0
0,0.0,0
0,0.0,0
1,0.9997158932368088,1
0,0.0,0
1,0.9997405414883264,1
0,0.0,0
0,0.0,0
0,0.0,0
0,0.10531002180400333,0
0,0.00020313568278869205,0
0,0.0,0
0,0.0014820112223883687,0
0,0.0,0
0,0.0,0
0,0.005643232902917264,0
0,0.0,0
0,0.00024086012238703098,0
0,0.0,0
0,0.0,0
0,0.0005555555555555556,0
0,0.0,0
0,0.0,0
0,0.0,0
0,0.0,0
0,0.0,0
0,0.0,0
0,0.0,0
0,0.00013666116860414817,0
0,0.0,0
0,0.0,0
0,0.0008631280257590964,0
0,0.0,0
0,0.006416275430359938,0
0,0.0,0
0,0.0,0
0,0.00022927455469421405,0
0,0.0007760958238443881,0
0,0.0,0
0,0.0,0
0,0.0,0
0,0.00307843137254902,0
1,0.9980776436102577,1
0,0.0,0
1,0.9997405414883264,1
0,0.0,0
0,0.0,0
0,0.0,0
0,0.00020313568278869205,0
0,0.0,0
0,0.0,0
0,0.0,0
0,0.0,0
0,0.0,0
0,0.0,0
0,0.0,0
0,0.0,0
0,0.0,0
0,0.00013666116860414817,0
1,0.9997405414883264,1
0,0.0,0
0,0.0,0
0,0.2872533759078532,0
0,0.0,0
0,0.0009638833359802168,0
0,0.0,0
0,0.0,0
0,0.004328728303223521,0
0,0.00016869533838524803,0
0,0.0,0
0,0.0,0
0,0.0,0
0,0.0,0
0,0.004328728303223521,0
0,0.0,0
0,0.20960228109160894,0
0,0.0032151808091657715,0
0,0.0,0
0,0.0,0
0,0.0,0
0,0.0,0
0,0.0,0
0,0.0,0
0,0.0,0
0,0.0,0
0,0.0,0
1,0.9997478970685836,1
0,0.0,0
0,0.0,0
0,0.0,0
1,0.9997613091006156,1
0,0.0,0
0,0.0,0
0,0.0005555555555555556,0
0,0.0,0
0,0.0,0
0,0.0,0
0,0.0,0
0,0.0,0
0,0.0,0
0,0.00041549429398657903,0
0,0.0,0
0,0.0,0
0,0.006153846153846154,0
0,0.0,0
0,0.0,0
0,0.0005555555555555556,0
0,0.0,0
0,0.0,0
0,0.0,0
0,0.0,0
0,0.6765569600828039,1
0,0.0,0
0,0.005343873517786562,0
0,0.0,0
0,0.0,0
0,0.004328728303223521,0
0,0.0,0
0,0.004328728303223521,0
0,0.004328728303223521,0
0,0.0,0
0,0.0,0
0,0.011658545960204722,0
0,0.0,0
0,0.0,0
0,0.00026130872447531386,0
0,0.000588985497912967,0
1,0.9971111146917644,1
0,0.0,0
0,0.0,0
0,0.0,0
0,0.0002728942921681308,0
0,0.04626207126207126,0
0,0.0,0
0,0.0,0
0,0.0,0
0,0.0,0
0,0.0,0
0,0.0,0
0,0.2664544240220451,0
0,0.0,0
0,0.0,0
0,0.0,0
0,0.0,0
0,0.0,0
0,0.03277039374705692,0
0,0.002169833732487627,0
0,0.0,0
0,0.004328728303223521,0
0,0.0,0
0,0.0,0
0,0.0,0
0,0.0,0
0,0.0,0
0,0.0002728942921681308,0
1,0.9989713107190956,1
0,0.0,0
0,0.004328728303223521,0
0,0.0,0
0,0.06974915473357295,0
0,0.00013666116860414817,0
0,0.0,0
0,0.0,0
0,0.0,0
0,0.00022927455469421405,0
0,0.0,0
0,0.0,0
1,0.9986284669860784,1
0,0.0,0
0,0.0,0
0,0.0,0
0,0.0,0
0,0.0,0
0,0.0,0
0,0.00024086012238703098,0
0,0.0011213573315330561,0
0,0.0009638833359802168,0
0,0.004328728303223521,0
0,0.00013666116860414817,0
0,0.0005555555555555556,0
0,0.008443365151038952,0
0,0.0,0
0,0.0,0
0,0.0,0
0,0.0,0
0,0.0,0
0,0.0,0
0,0.0,0
0,0.0,0
0,0.0,0
0,0.00042707986167939594,0
0,0.0,0
0,0.0,0
0,0.0,0
0,0.0,0
0,0.0,0
0,0.0,0
0,0.0,0
0,0.0,0
0,0.00020313568278869205,0
0,0.0005555555555555556,0
0,0.10720510692816126,0
0,0.0,0
0,0.0,0
0,0.0,0
0,0.0,0
0,0.05721282890155886,0
0,0.0,0
0,0.0,0
0,0.0,0
0,0.0,0
0,0.0005555555555555556,0
0,0.0,0
1,0.9965645911150034,1
0,0.004328728303223521,0
0,0.0,0
0,0.0,0
0,0.0,0
0,0.0,0
0,0.0,0
0,0.09209573184162202,0
0,0.0,0
0,0.0,0
0,0.1117192543203384,0
0,0.0,0
0,0.017852593266606008,0
0,0.0,0
0,0.0,0
0,0.0,0
0,0.005925925925925926,0
0,0.0,0
0,0.0,0
0,0.0,0
0,0.0,0
0,0.5358054172652412,1
0,0.00041549429398657903,0
1,0.8288047109052014,1
0,0.006571403752605976,0
0,0.00013666116860414817,0
0,0.010955641644371612,0
0,0.0062785577282287,0
0,0.0,0
0,0.0,0
0,0.00048484848484848484,0
0,0.0,0
0,0.0,0
0,0.0009638833359802168,0
0,0.0,0
0,0.0,0
0,0.0,0
0,0.004519259933272672,0
0,0.0,0
0,0.0,0
0,0.07315251269290063,0
0,0.0,0
0,0.00022927455469421405,0
1,0.9222320283818578,1
0,0.0,0
0,0.0,0
0,0.00016869533838524803,0
0,0.0,0
0,0.0,0
1,0.9997405414883264,1
1,0.9503256409998548,1
0,0.0,0
0,0.0,0
0,0.23479749841095207,0
0,0.0,0
0,0.0,0
1,0.9997395780971895,1
0,0.0,0
0,0.00022927455469421405,0
0,4.8192769122696875e-05,0
0,0.0,0
0,0.0,0
0,0.00020313568278869205,0
0,0.0001711015130075922,0
0,0.0,0
1,0.9997478970685836,1
1,0.9967395780971896,1
0,0.0007972333903713858,0
0,0.006666666666666667,0
0,0.059654414914898396,0
0,0.0,0
0,0.0,0
0,0.0,0
0,0.9929962212328074,1
0,0.0,0
0,0.004519259933272672,0
0,0.004328728303223521,0
0,0.0,0
0,0.0,0
0,0.00020313568278869205,0
0,0.004519259933272672,0
0,0.0,0
0,0.0,0
0,0.0,0
0,0.005555555555555556,0
0,0.00024086012238703098,0
0,0.00024086012238703098,0
0,0.045879553175330774,0
0,0.0,0
0,0.0,0
0,0.0,0
0,0.0017626250668405466,0
0,0.0,0
0,0.2676410836890037,0
0,0.0,0
0,0.05699022214323783,0
0,0.0,0
0,0.0,0
0,0.0,0
0,0.0,0
0,0.006571403752605976,0
1,0.9736972234523694,1
0,0.0,0
0,8.703220191470844e-05,0
0,0.0,0
0,0.0,0
0,0.0,0
0,0.00026130872447531386,0
0,0.0,0
0,0.0,0
0,4.8192769122696875e-05,0
0,0.0,0
0,0.0,0
0,0.0,0
0,0.0,0
0,0.0,0
0,0.0,0
0,0.0,0
0,0.004328728303223521,0
0,0.0,0
0,0.0,0
0,0.00024086012238703098,0
0,0.0001711015130075922,0
0,0.00016869533838524803,0
0,0.0,0
0,0.0,0
0,0.0003741683876158522,0
0,0.011986531986531986,0
0,0.0,0
0,0.0,0
0,0.08888989654190006,0
1,0.9777603506505661,1
0,0.0,0
0,0.00022927455469421405,0
0,0.0,0
0,0.0,0
0,0.0,0
0,0.00057739993022015,0
0,0.0,0
0,0.0919000746074467,0
0,0.0,0
0,0.00030769387343130834,0
0,0.00026130872447531386,0
0,0.0,0
0,0.0,0
0,0.0,0
0,0.0,0
0,0.0010823876386950458,0
0,0.0,0
0,0.00022927455469421405,0
0,0.0,0
0,0.0,0
0,0.0,0
0,0.0,0
0,0.0,0
0,0.0,0
0,0.0,0
0,0.0,0
0,0.0,0
0,0.0,0
0,0.0,0
0,0.0005555555555555556,0
0,0.0005555555555555556,0
0,0.0,0
0,0.0012648192812104336,0
0,0.0,0
0,0.0,0
1,0.8912485448638546,1
0,0.0,0
1,0.8342315980130576,1
0,0.0,0
0,0.0,0
0,0.008127724537301702,0
0,2.8557728228701013e-05,0
0,0.0,0
0,0.0,0
0,0.0,0
0,0.0,0
0,0.0,0
0,0.0,0
0,0.0,0
0,0.0,0
0,0.00024086012238703098,0
0,0.008443365151038952,0
0,0.00013666116860414817,0
0,0.0,0
0,0.00024086012238703098,0
0,0.0016666666666666668,0
0,0.02666666666666667,0
0,0.0,0
0,0.0,0
0,0.004519259933272672,0
0,0.00020313568278869205,0
0,0.0,0
0,0.0,0
0,0.0,0
0,0.0,0
0,0.0,0
0,4.0143295921517954e-05,0
0,0.0,0
0,0.004328728303223521,0
0,0.0,0
0,0.0,0
0,0.0,0
1,0.9997613091006156,1
0,0.0,0
0,0.0,0
1,0.9934219047848905,1
0,0.5861329981599109,1
0,0.010256417245922493,0
0,0.0,0
0,0.004328728303223521,0
1,0.9840461882052793,1
0,0.0,0
0,0.0,0
0,0.0,0
0,0.004328728303223521,0
0,0.2745777183645892,0
0,0.0,0
0,0.0,0
0,0.0,0
0,0.0,0
0,0.0,0
0,0.0,0
0,0.0,0
0,0.0,0
0,0.0,0
0,0.0,0
0,0.0,0
0,0.00022927455469421405,0
0,0.0,0
0,0.0,0
0,0.0,0
0,0.0,0
0,0.0,0
0,0.0,0
1,0.9997405414883264,1
0,0.0,0
0,0.004328728303223521,0
0,0.0,0
0,0.0,0
0,0.0,0
0,0.0,0
0,0.004328728303223521,0
0,3.158009365131221e-05,0
0,0.0,0
0,0.12462805973770012,0
0,0.051856438630510183,0
1,0.9972380694314383,1
0,0.0,0
1,0.9988193905447504,1
0,0.059191983185661566,0
0,0.0,0
0,0.008127724537301702,0
0,0.004328728303223521,0
0,0.0,0
0,0.0,0
0,0.0,0
0,0.0,0
0,0.0,0
0,0.00024086012238703098,0
0,0.00375,0
0,0.0,0
0,0.0,0
0,0.0,0
0,0.0,0
1,0.999896639342942,1
0,0.0,0
0,0.0,0
0,0.0,0
0,0.0,0
0,0.00013666116860414817,0
0,0.0,0
0,0.0,0
0,0.00057739993022015,0
0,0.0,0
0,0.0,0
0,0.0,0
0,0.0005622489959839357,0
0,0.00015015015015015014,0
0,0.00013666116860414817,0
0,0.0,0
0,0.0,0
0,0.0006114839820858003,0
0,0.00020313568278869205,0
0,0.0005555555555555556,0
0,0.0,0
0,0.0,0
0,0.0,0
0,0.0,0
0,0.0,0
0,0.0,0
0,0.00045911403146049577,0
0,0.0,0
0,0.0,0
0,0.004519259933272672,0
0,0.008443365151038952,0
0,0.00022927455469421405,0
0,0.00020313568278869205,0
0,0.0,0
0,0.032867840518113735,0
0,0.008127724537301702,0
0,0.0,0
0,0.0,0
0,0.008127724537301702,0
0,0.0,0
0,0.0,0
0,0.0,0
0,0.0,0
0,0.00307843137254902,0
0,0.00013666116860414817,0
0,0.0,0
0,0.0,0
0,0.004328728303223521,0
0,0.0,0
0,0.011515151515151515,0
0,0.002169833732487627,0
0,0.00024086012238703098,0
0,0.016089750579255827,0
0,0.0,0
0,0.0,0
0,0.0,0
1,0.9969503390101031,1
0,0.0,0
0,0.0,0
0,0.0,0
0,0.004328728303223521,0
0,0.0,0
0,0.0,0
0,0.004328728303223521,0
0,0.0,0
0,0.09415812565504511,0
0,0.0,0
0,0.0,0
0,0.127864568922286,0
0,0.0,0
0,0.00024086012238703098,0
0,0.00016869533838524803,0
0,0.0014222932767632725,0
0,0.00024086012238703098,0
0,0.0,0
0,0.0,0
0,0.004519259933272672,0
0,0.0,0
0,0.0002728942921681308,0
0,0.0,0
0,0.0,0
0,0.00266763951811774,0
0,0.2645094518422456,0
0,0.0,0
0,0.0,0
0,2.8557728228701013e-05,0
0,0.0,0
0,0.0,0
0,0.0,0
0,0.0,0
0,0.0,0
0,0.0,0
0,0.014442258228620686,0
0,0.005446009389671362,0
0,0.0,0
0,0.0,0
0,0.8676058504078372,1
1,0.9997116279350386,1
0,0.0,0
0,0.0,0
0,0.0,0
0,0.00020313568278869205,0
0,0.0,0
0,0.0,0
0,0.0,0
0,0.0006114839820858003,0
1,0.9987862631298289,1
0,0.0,0
0,0.0,0
0,0.004328728303223521,0
0,0.0,0
0,0.0,0
0,0.0,0
0,0.0,0
0,0.0,0
0,0.0,0
1,0.9997400856229003,1
0,0.0,0
0,0.0,0
0,0.006666666666666667,0
0,0.0032151808091657715,0
0,0.00020313568278869205,0
0,0.0,0
0,0.0,0
0,0.0,0
1,0.9988193905447504,1
1,0.9879728318212118,1
0,0.0,0
0,0.0,0
0,0.00048484848484848484,0
0,0.0,0
0,0.0,0
0,0.09438922435030192,0
0,0.0,0
0,0.0,0
0,0.0,0
0,0.0,0
0,0.0,0
0,0.0,0
0,0.0,0
0,0.0,0
0,0.0,0
0,0.0,0
0,0.0,0
0,0.0,0
0,0.14577823992271977,0
0,0.0,0
0,0.0,0
0,0.00013666116860414817,0
0,0.0,0
0,0.19726407481584446,0
0,0.0,0
0,0.0,0
0,0.0,0
0,0.0,0
0,0.00016869533838524803,0
0,0.0,0
0,0.004328728303223521,0
0,0.0,0
0,0.0,0
0,0.0,0
0,0.0,0
0,0.00026130872447531386,0
0,0.0,0
0,0.0009638833359802168,0
0,0.0003741683876158522,0
0,0.0,0
0,0.0,0
0,0.0,0
0,0.0,0
0,0.0,0
0,0.0001711015130075922,0
0,0.0,0
0,0.0,0
0,0.0,0
0,0.0,0
0,0.0001711015130075922,0
0,0.004328728303223521,0
0,0.0,0
0,0.0,0
0,0.21020468893173885,0
0,0.0,0
0,0.0,0
0,0.0,0
0,0.0,0
0,0.0,0
0,0.0,0
0,0.0,0
0,0.0,0
0,0.0005555555555555556,0
0,0.0074597310752170555,0
0,0.0,0
0,0.0,0
0,0.0,0
0,0.0,0
0,0.0,0
0,0.00026130872447531386,0
0,0.0,0
0,0.0,0
0,0.0,0
0,0.0,0
0,0.0,0
0,0.0,0
0,0.05387946985613302,0
0,0.0,0
0,0.00022927455469421405,0
0,0.0,0
0,0.0,0
0,0.0,0
0,0.0,0
0,0.0,0
0,0.0,0
0,0.0,0
0,0.0,0
0,0.0,0
0,0.0,0
0,0.00048484848484848484,0
0,0.0,0
0,0.0,0
0,0.00024086012238703098,0
0,0.0,0
0,0.00030769387343130834,0
0,0.00022927455469421405,0
0,0.0009638833359802168,0
0,0.0,0
0,0.0,0
0,0.0,0
1,0.9986468630769639,1
0,0.005343873517786562,0
1,0.9997476002670087,1
0,0.0,0
0,0.0,0
0,0.1623993426279061,0
0,0.0,0
0,0.0,0
1,0.9992783333124464,1
0,0.0,0
0,0.004519259933272672,0
0,0.012906920359177782,0
1,0.9997931301141464,1
0,0.1082476118702332,0
0,0.0,0
0,0.0,0
0,0.00020313568278869205,0
1,0.9992840813987468,1
0,0.004328728303223521,0
0,0.0,0
0,0.0,0
0,0.004328728303223521,0
0,0.0,0
0,0.00018621973929236498,0
0,0.0,0
0,0.0,0
0,0.0,0
0,0.00022927455469421405,0
0,0.0,0
0,0.005397676496872207,0
0,0.0,0
0,0.041582194121667804,0
0,0.0,0
0,0.0,0
0,0.0,0
0,0.0,0
0,0.056064935888692206,0
0,0.0,0
0,0.0,0
0,0.004328728303223521,0
0,0.0001711015130075922,0
0,0.00042707986167939594,0
0,0.0,0
0,0.0,0
0,0.00024086012238703098,0
0,0.0,0
0,0.0,0
0,0.0,0
0,0.0,0
0,0.0,0
0,0.0,0
0,0.0,0
0,0.0,0
0,0.0,0
0,0.0,0
0,0.0,0
0,0.0,0
0,0.15330795027006083,0
0,0.0,0
0,0.0,0
0,0.005333333333333334,0
0,0.0011852212712954863,0
0,0.0002728942921681308,0
0,0.0,0
0,0.0,0
0,0.007407159675772541,0
0,0.0,0
0,0.0,0
0,0.0,0
0,0.0,0
0,0.0,0
0,0.06324846597680785,0
0,0.0,0
0,0.0,0
0,0.0,0
0,0.00022927455469421405,0
0,0.00013666116860414817,0
0,0.00013666116860414817,0
0,0.0,0
0,0.0,0
0,0.010703703703703705,0
0,0.11269736651456654,0
0,0.00030769387343130834,0
0,0.15682500788884973,0
1,0.9997405414883264,1
1,0.9986339330769167,1
0,0.00048484848484848484,0
0,0.0,0
0,0.0,0
0,0.0,0
0,0.0,0
0,0.0,0
0,0.00020313568278869205,0
0,0.0,0
0,0.0,0
0,0.0,0
1,0.7955263782823626,1
0,0.0,0
0,0.007407159675772541,0
0,0.0032151808091657715,0
0,0.006666666666666667,0
0,0.0,0
1,0.9908910389426664,1
0,0.0,0
0,0.2671927146216951,0
0,0.0,0
0,0.0,0
0,0.0,0
1,0.9951942962647143,1
0,0.0,0
0,0.0,0
0,0.0,0
0,0.0,0
0,0.0,0
0,0.00022927455469421405,0
0,0.00013666116860414817,0
0,0.0,0
0,0.0012648192812104336,0
0,0.0,0
0,0.0,0
0,0.0,0
0,0.0,0
0,0.0,0
0,0.0,0
0,0.00020313568278869205,0
0,0.0,0
0,0.0,0
0,0.00024086012238703098,0
0,0.0,0
0,0.0,0
0,0.0,0
0,0.0,0
0,0.0,0
1,0.810018807589074,1
0,0.0,0
0,0.0,0
0,0.0,0
1,0.9997495343159402,1
0,0.0,0
0,0.0,0
0,0.0,0
1,0.9916996724421305,1
0,0.0,0
0,0.0,0
0,0.0,0
0,0.0,0
0,0.0,0
0,0.0,0
0,0.004519259933272672,0
0,0.0,0
0,0.004328728303223521,0
0,0.00048484848484848484,0
0,0.0,0
0,0.0,0
0,0.006153846153846154,0
0,0.0,0
0,0.0,0
0,0.0010735834559765717,0
0,0.0,0
0,0.00307843137254902,0
0,0.0,0
0,0.0,0
0,0.0,0
0,0.3825809678942403,0
0,0.0,0
0,0.0,0
0,0.00020313568278869205,0
0,0.0,0
0,0.0,0
0,0.0,0
0,0.0,0
0,0.0,0
0,0.0001711015130075922,0
0,0.0,0
1,0.9997405414883264,1
0,0.0,0
0,0.0,0
0,0.0,0
0,0.0,0
0,0.06301393571186328,0
0,0.0,0
0,0.0,0
0,0.0,0
0,0.0,0
0,0.0,0
0,0.0,0
0,0.0,0
0,0.0,0
0,0.004328728303223521,0
0,0.0,0
0,0.00013666116860414817,0
0,0.0,0
0,0.0,0
0,0.0,0
0,0.0,0
0,0.0,0
0,0.0009638833359802168,0
0,0.010256417245922493,0
0,0.0,0
0,0.0,0
0,0.0,0
0,0.0,0
0,0.0,0
0,0.0,0
0,0.0,0
0,0.0,0
0,0.0,0
0,0.0,0
0,0.0,0
0,0.0,0
0,0.0,0
0,0.0,0
0,0.0,0
0,2.8557728228701013e-05,0
0,0.0,0
1,0.9995708207148452,1
0,0.008127724537301702,0
0,0.0,0
0,0.0,0
0,0.0,0
0,0.15699292970146914,0
0,0.00022927455469421405,0
0,0.0009638833359802168,0
0,0.0,0
0,0.0005555555555555556,0
0,0.0,0
0,0.0009303731313298527,0
1,0.9901731666707311,1
0,0.0,0
0,0.0,0
0,0.0,0
0,0.0,0
0,0.0005622489959839357,0
0,0.0,0
0,0.0005555555555555556,0
0,0.0,0
0,0.0,0
0,0.0,0
0,0.1089980154733198,0
0,0.00024086012238703098,0
0,0.0,0
0,0.0,0
0,0.0,0
0,0.0,0
0,0.0,0
0,0.0,0
0,0.0,0
0,0.00048484848484848484,0
1,0.9997425125128409,1
0,0.0,0
0,0.0,0
0,0.0,0
0,0.0,0
0,0.1274538595450537,0
0,0.0,0
1,0.999705972157765,1
0,0.0005555555555555556,0
0,0.0,0
0,0.0,0
0,0.0,0
0,0.006571403752605976,0
0,0.01126984126984127,0
0,0.0,0
0,0.0,0
0,0.0,0
0,0.0,0
0,0.0,0
0,0.00024086012238703098,0
0,2.8557728228701013e-05,0
0,0.1254622154591015,0
0,0.0,0
0,0.0,0
0,0.00013666116860414817,0
0,0.0,0
0,0.0,0
0,0.00013666116860414817,0
0,0.15254506925930403,0
0,0.0,0
0,0.0,0
0,0.0,0
0,0.00037037037037037035,0
0,0.33495391555432413,0
0,0.0,0
0,0.0,0
0,0.0,0
0,0.0,0
0,0.0002728942921681308,0
0,0.0,0
0,0.0,0
0,0.0,0
0,0.00022927455469421405,0
0,0.0,0
1,0.9988193905447504,1
0,0.006333333333333333,0
0,0.0,0
0,0.0,0
0,0.0,0
0,0.010519259933272674,0
0,0.0,0
0,0.0,0
0,0.0,0
0,0.0,0
0,0.00024086012238703098,0
0,0.0,0
0,0.0,0
0,0.0,0
0,0.0,0
0,0.0,0
0,0.0,0
0,0.0,0
0,0.0005555555555555556,0
0,0.0,0
0,0.0,0
0,0.0,0
0,0.00022927455469421405,0
0,0.0,0
0,0.0,0
1,0.9997391776003002,1
0,0.0,0
0,0.0,0
0,0.0001711015130075922,0
0,0.0,0
0,0.0,0
0,0.00020313568278869205,0
0,0.004519259933272672,0
0,0.0,0
1,0.9992821958076183,1
0,0.0,0
0,0.0,0
0,0.017404239775212733,0
0,0.0,0
0,0.0,0
0,0.0,0
0,0.0,0
0,0.0,0
0,0.0,0
0,0.0002728942921681308,0
0,0.0,0
0,0.0,0
1,0.9997576905199853,1
0,0.00013666116860414817,0
0,0.0,0
0,0.006666666666666667,0
0,0.0,0
1,0.9370038760251578,1
0,0.0,0
0,0.0,0
0,0.0,0
0,0.0002728942921681308,0
0,0.0,0
0,0.0012207024979130547,0
0,0.5939019757245787,1
0,0.0,0
0,0.0,0
0,0.0,0
0,0.0,0
0,0.0,0
0,0.00021779983294367719,0
0,0.00016869533838524803,0
0,0.0009303731313298527,0
0,0.0,0
1,0.9930393054910983,1
0,0.004328728303223521,0
0,0.0,0
0,0.0,0
0,0.0,0
0,0.0,0
0,0.00022927455469421405,0
0,0.004519259933272672,0
0,0.0,0
0,0.0,0
0,0.0,0
0,0.0032151808091657715,0
0,0.0,0
0,0.0,0
0,0.0,0
0,0.0,0
0,0.00022927455469421405,0
0,0.0,0
1,0.9925376831756533,1
0,0.07063866890962626,0
0,0.0004939136127236732,0
0,0.0003741683876158522,0
0,0.0,0
0,0.0008631280257590964,0
0,0.0,0
0,0.0,0
0,0.0012648192812104336,0
0,0.004328728303223521,0
0,0.0,0
0,0.0,0
0,0.0,0
0,0.0,0
0,0.004328728303223521,0
0,0.0,0
0,0.0,0
0,0.0006914287253824927,0
0,0.0,0
0,0.0,0
1,0.9997405414883264,1
0,0.0,0
0,0.0,0
0,0.004328728303223521,0
0,0.0,0
0,0.0,0
0,0.0,0
0,0.0,0
0,0.0,0
0,0.0,0
1,0.9997476002670087,1
0,0.0,0
0,0.0,0
0,0.0002728942921681308,0
0,0.004328728303223521,0
0,0.35599208238672814,0
0,0.0,0
0,0.17945388440532098,0
0,0.0,0
0,0.0,0
0,0.0,0
1,0.9997488015139324,1
0,0.0005555555555555556,0
0,0.0,0
0,0.00266763951811774,0
0,0.00030404398460890243,0
0,0.00022927455469421405,0
0,0.0,0
0,0.0,0
0,0.00016869533838524803,0
0,0.0,0
0,0.0,0
0,0.0,0
0,0.0,0
0,0.0,0
0,0.0,0
0,0.00022927455469421405,0
0,0.0,0
0,0.00034213421783475237,0
0,0.0,0
0,0.010256417245922493,0
0,0.0,0
0,0.0,0
0,0.00020313568278869205,0
0,0.0,0
0,0.005726657068563149,0
0,0.0,0
0,0.0,0
0,0.0,0
0,0.0,0
0,0.127273241590775,0
0,0.0011188254533241802,0
0,0.00022927455469421405,0
0,0.0,0
0,0.0,0
0,0.0,0
0,0.0,0
0,0.0,0
0,4.0143295921517954e-05,0
0,0.0,0
0,0.00016869533838524803,0
0,0.0,0
0,0.0,0
0,0.0009638833359802168,0
0,0.0,0
0,0.0,0
0,0.0,0
0,0.0,0
0,0.5413851640295335,1
0,0.12519941990836736,0
0,0.0,0
1,0.9530969041295949,1
0,0.0,0
0,0.0002728942921681308,0
0,0.0,0
0,0.00020313568278869205,0
0,0.004328728303223521,0
0,0.0,0
0,0.0061111111111111106,0
0,0.0,0
0,0.0,0
0,0.00024086012238703098,0
0,0.0,0
0,0.0,0
0,0.0,0
0,0.0,0
0,0.004328728303223521,0
0,0.00024086012238703098,0
0,0.0,0
0,0.005397676496872207,0
0,0.1789432883270141,0
0,0.0,0
0,4.8192769122696875e-05,0
0,0.0002728942921681308,0
0,0.0,0
0,0.0,0
0,0.00037037037037037035,0
0,0.0,0
0,0.0,0
0,0.005343873517786562,0
0,0.0,0
0,0.0,0
0,0.0,0
0,0.0,0
0,0.0,0
0,0.0,0
0,0.0,0
0,0.0,0
1,0.9997462721861209,1
1,0.9997405414883264,1
0,0.0,0
0,0.0,0
0,0.0,0
0,0.0,0
0,0.0,0
0,0.0,0
0,0.0005555555555555556,0
0,0.0,0
0,0.0,0
0,0.0,0
0,0.0,0
0,0.0,0
0,0.0,0
0,0.0,0
0,0.0,0
0,0.0,0
0,0.0,0
0,0.0,0
0,0.0,0
0,0.00020313568278869205,0
1,0.923108285398349,1
0,0.0,0
0,0.001428178916959966,0
0,0.0,0
0,0.0,0
0,0.0,0
0,0.0,0
1,0.975516547531578,1
0,0.0,0
0,0.013323139653414882,0
0,0.0,0
0,0.0,0
1,0.939829163338441,1
0,0.0,0
0,0.0782791864244011,0
0,0.006274509803921568,0
1,0.9907582026348024,1
1,0.9997405414883264,1
0,0.0,0
0,0.0005555555555555556,0
0,0.00013666116860414817,0
0,0.0,0
0,0.0,0
0,0.5920204189996859,1
0,0.0,0
0,0.0,0
0,0.0,0
0,0.0,0
0,0.004328728303223521,0
0,0.0,0
0,0.0,0
0,0.0,0
0,0.0,0
0,0.00048484848484848484,0
0,0.0,0
0,0.0,0
0,0.0005555555555555556,0
0,0.00528425895497864,0
0,0.0,0
0,0.0,0
1,0.9968419541491412,1
0,0.0,0
0,0.0,0
0,0.00022927455469421405,0
1,0.9997405414883264,1
0,0.00024086012238703098,0
0,0.0,0
0,0.0,0
0,0.08009489086472,0
0,0.0,0
0,0.004328728303223521,0
0,0.0,0
0,0.0,0
0,0.0,0
0,0.0,0
0,0.004328728303223521,0
0,0.0,0
0,0.0,0
0,0.004328728303223521,0
0,0.0,0
0,0.0019545394067968297,0
0,0.010496491461118258,0
1,0.9997281167878809,1
0,0.00024086012238703098,0
0,0.0,0
0,0.0,0
0,0.0,0
0,0.0,0
0,0.0,0
0,0.0,0
1,0.9995708207148452,1
0,0.0,0
0,0.0,0
0,0.004328728303223521,0
0,0.0,0
0,4.0143295921517954e-05,0
0,0.004519259933272672,0
1,0.9985780194762917,1
0,0.0,0
0,0.0,0
0,0.0005555555555555556,0
0,0.1884945290802369,0
0,0.0,0
0,0.0061752136752136755,0
1,0.9878461310219956,1
0,0.00024086012238703098,0
0,0.0,0
0,0.0,0
0,0.00307843137254902,0
0,0.0,0
0,0.0,0
0,0.0,0
0,0.0,0
0,0.0,0
0,0.0,0
0,0.0,0
0,0.0005555555555555556,0
0,0.0,0
0,0.0,0
0,0.0,0
0,0.00024086012238703098,0
0,0.0005622489959839357,0
0,0.08631614543794877,0
0,0.00041549429398657903,0
0,0.00024086012238703098,0
0,0.00631578947368421,0
0,0.0032151808091657715,0
0,0.0,0
0,0.0,0
0,0.0032151808091657715,0
0,0.0,0
0,0.07606556595469224,0
0,0.0,0
0,0.0,0
0,0.0,0
0,0.0,0
0,0.00024086012238703098,0
0,0.0,0
0,0.0,0
0,0.004328728303223521,0
1,0.9988645363293261,1
1,0.9997478970685836,1
0,0.004328728303223521,0
0,0.0,0
0,0.0,0
1,0.9992900472796064,1
0,0.001428178916959966,0
0,0.0,0
0,0.00048484848484848484,0
0,0.0,0
0,0.01735213005536828,0
0,0.0,0
0,0.0,0
0,0.005925925925925926,0
0,0.0005555555555555556,0
0,0.0,0
0,0.00022927455469421405,0
0,0.0,0
0,0.0,0
0,0.0,0
0,0.0,0
0,0.0,0
0,0.13574087906597743,0
0,0.0,0
0,0.0032151808091657715,0
0,0.00013666116860414817,0
0,0.0,0
0,0.0,0
0,0.0,0
0,0.0,0
0,0.0,0
0,0.0002728942921681308,0
0,0.0,0
0,0.004328728303223521,0
0,0.0,0
0,0.0,0
0,0.004519259933272672,0
0,0.005643232902917264,0
0,0.0,0
0,0.0,0
0,0.0,0
0,0.0,0
0,0.0,0
0,0.0,0
0,0.0,0
0,0.0,0
0,0.0,0
0,0.005555555555555556,0
0,0.0,0
0,0.0,0
0,0.0,0
0,0.0,0
0,0.0,0
0,0.0,0
0,0.0,0
0,0.0,0
0,0.0,0
0,0.08384295690698253,0
0,0.0,0
1,0.9973149351760577,1
0,0.0,0
0,0.00013666116860414817,0
0,0.0,0
0,7.268766831200264e-05,0
0,0.0,0
0,0.00024086012238703098,0
0,0.004328728303223521,0
1,0.9997476002670087,1
0,0.003924105217766278,0
0,0.00024086012238703098,0
0,0.13864841738982045,0
0,0.0,0
0,0.0,0
0,0.0,0
0,0.006274509803921568,0
0,0.0,0
0,0.0,0
0,0.0,0
0,0.00022927455469421405,0
0,0.0,0
0,0.0,0
0,0.0,0
0,0.0,0
0,0.0,0
0,0.0,0
0,0.0,0
0,0.00048484848484848484,0
1,0.9997613091006156,1
0,0.00022927455469421405,0
0,0.00030769387343130834,0
0,0.0,0
0,0.0,0
1,0.9995708207148452,1
0,0.0,0
0,0.0,0
0,0.004328728303223521,0
0,0.0014820112223883687,0
0,0.0,0
0,0.00034213421783475237,0
0,0.0,0
0,0.004328728303223521,0
0,0.0,0
0,0.004328728303223521,0
0,0.0,0
0,0.0,0
0,0.0,0
1,0.9997534252182152,1
0,0.0,0
1,0.9997478970685836,1
0,0.0,0
0,0.00013666116860414817,0
0,0.0,0
0,0.00013666116860414817,0
0,0.0,0
0,0.0,0
0,0.0,0
0,0.0,0
0,0.0,0
0,0.0,0
0,0.0,0
0,0.0,0
0,0.0,0
0,0.010955641644371612,0
0,0.0,0
0,0.0,0
0,0.0,0
0,0.0,0
1,0.954292825364313,1
0,0.0,0
0,0.004519259933272672,0
0,0.00018621973929236498,0
0,0.0,0
0,0.0001711015130075922,0
0,0.0001711015130075922,0
0,0.0,0
0,0.005643232902917264,0
0,0.0012648192812104336,0
0,0.008127724537301702,0
0,0.0,0
0,0.1881848648936095,0
0,0.0,0
0,0.0003741683876158522,0
0,0.005343873517786562,0
0,0.004328728303223521,0
0,0.0,0
1,0.9992819002823056,1
0,0.0001711015130075922,0
0,0.04132423979612235,0
0,0.0,0
0,0.0,0
0,0.00018621973929236498,0
1,0.9997534252182152,1
0,0.0,0
0,0.0,0
0,0.00013666116860414817,0
0,0.0,0
0,0.0,0
0,0.17386691384606903,0
0,0.0,0
0,0.00034213421783475237,0
0,0.0,0
0,0.0,0
0,0.00045911403146049577,0
0,0.0,0
0,0.00034213421783475237,0
0,0.004328728303223521,0
0,0.008443365151038952,0
0,0.0,0
0,0.0,0
0,0.0,0
0,0.0,0
0,0.0012648192812104336,0
0,0.0,0
0,0.0,0
0,0.0,0
0,0.0,0
0,0.06178581000004475,0
0,0.0,0
0,0.0,0
0,0.0,0
0,0.0,0
0,0.0,0
0,0.018114913426984645,0
0,0.0,0
0,0.0,0
0,0.0061111111111111106,0
0,0.0016536034615666135,0
0,0.0,0
0,0.0,0
0,0.0,0
0,0.0,0
0,0.00013666116860414817,0
0,0.0,0
0,0.0,0
0,0.0,0
0,0.0,0
0,0.0,0
0,0.0,0
0,0.0,0
1,0.9976922151766113,1
0,0.0001711015130075922,0
0,0.00022927455469421405,0
0,0.00034213421783475237,0
0,0.0,0
0,0.007109483494650744,0
0,0.0,0
0,0.0005555555555555556,0
0,0.0,0
0,0.0,0
0,0.0,0
0,0.005643232902917264,0
0,0.0,0
0,0.0,0
0,0.0,0
0,0.0,0
0,0.0,0
0,0.00013666116860414817,0
0,0.0,0
0,0.0,0
0,0.0,0
0,0.004328728303223521,0
0,0.0,0
0,0.0,0
0,0.0,0
0,0.013333333333333334,0
0,0.0,0
0,0.0,0
0,0.0,0
0,0.0,0
0,0.0036752136752136754,0
0,0.0,0
0,0.0,0
0,0.0,0
0,0.004328728303223521,0
0,0.0,0
0,0.0,0
0,0.0002728942921681308,0
0,0.00022927455469421405,0
0,0.004519259933272672,0
0,0.0,0
0,0.00024086012238703098,0
0,0.0,0
0,0.0032151808091657715,0
0,0.008127724537301702,0
0,0.0005555555555555556,0
0,0.004328728303223521,0
0,0.0,0
0,0.0,0
0,0.0,0
0,0.0,0
0,0.0,0
0,4.8192769122696875e-05,0
0,0.0,0
0,0.0,0
0,0.0,0
0,0.0005555555555555556,0
0,0.0,0
0,3.824732390855861e-05,0
0,0.0,0
0,0.0,0
0,0.0,0
0,0.006129061608714618,0
0,0.00022927455469421405,0
0,0.0,0
0,0.0,0
0,0.00010472183809310246,0
0,0.0,0
0,0.0,0
0,0.0,0
1,0.9997405414883264,1
0,0.00020313568278869205,0
0,0.004519259933272672,0
0,0.0,0
0,7.028149368965844e-05,0
0,0.0,0
0,0.0,0
0,0.0,0
0,0.01125051111332472,0
0,0.0,0
0,0.0,0
0,0.0,0
1,0.9997211417755519,1
0,0.0,0
0,0.004519259933272672,0
0,0.0,0
0,0.0,0
0,0.38271249440038974,0
0,0.0,0
0,0.00020313568278869205,0
1,0.9997478970685836,1
0,0.018636023494107614,0
0,0.0,0
0,0.0,0
0,0.0,0
0,0.0,0
0,0.0,0
0,0.0,0
0,0.0,0
0,0.0,0
0,0.0,0
0,0.0032151808091657715,0
0,0.0,0
0,0.0,0
0,0.0,0
0,0.0,0
0,0.0,0
0,0.0,0
0,0.0,0
0,0.0,0
0,0.0,0
0,0.0,0
0,0.004328728303223521,0
0,0.00022927455469421405,0
0,0.0,0
0,0.00024086012238703098,0
0,0.0,0
0,0.06465701116029059,0
0,0.0005622489959839357,0
0,0.0,0
0,0.0,0
0,0.0,0
0,0.0,0
0,0.004328728303223521,0
0,0.0,0
0,0.0008338839400201156,0
1,0.9997585573711534,1
0,0.0,0
0,0.0,0
0,0.0,0
0,0.0,0
0,0.00020313568278869205,0
0,0.0,0
0,0.0,0
0,7.21774657026178e-05,0
0,0.0,0
0,0.0,0
0,0.0,0
0,0.0,0
0,0.0,0
0,0.0,0
0,0.0002728942921681308,0
1,0.999744193903285,1
0,0.0,0
0,0.0,0
0,0.00024086012238703098,0
0,0.0549508974221784,0
0,0.0,0
0,0.0,0
0,0.0,0
0,0.006666666666666667,0
0,0.2155671878318618,0
0,0.0,0
0,0.0,0
0,0.0005555555555555556,0
0,0.0,0
1,0.9997405414883264,1
0,0.0,0
0,0.0,0
0,0.0,0
0,0.0,0
0,0.0,0
0,0.0,0
0,0.0,0
0,0.0,0
0,0.0,0
0,0.0,0
0,0.0,0
0,0.0,0
0,0.0,0
0,0.0,0
0,0.0,0
0,0.008127724537301702,0
0,0.0032151808091657715,0
0,0.10428897497770495,0
0,0.0,0
0,0.0,0
0,0.0,0
0,0.0,0
0,0.00024086012238703098,0
0,0.00013666116860414817,0
0,0.0002728942921681308,0
0,0.0001711015130075922,0
0,0.0,0
0,0.0,0
1,0.8960354581731803,1
0,0.0,0
0,0.0001711015130075922,0
0,0.0,0
0,0.00026130872447531386,0
0,0.004328728303223521,0
0,0.0005555555555555556,0
0,0.0,0
0,4.9770180054222616e-05,0
0,0.0,0
0,0.0,0
0,0.0,0
0,0.0,0
1,0.9963719526729723,1
0,0.0,0
0,0.0005555555555555556,0
1,0.9986205377310263,1
0,0.0,0
0,0.0,0
0,0.0,0
0,0.0,0
0,0.0,0
0,0.004328728303223521,0
0,0.0,0
0,0.0,0
0,0.0,0
0,0.0,0
1,0.998622219109757,1
0,0.0,0
0,0.0,0
0,0.00013666116860414817,0
0,0.0,0
0,0.0,0
0,0.0,0
0,0.0,0
0,0.0005555555555555556,0
0,0.00022927455469421405,0
0,0.00020313568278869205,0
0,0.004328728303223521,0
0,0.0,0
0,0.00022927455469421405,0
0,0.0,0
0,0.0,0
0,0.0,0
0,0.0,0
0,0.0,0
0,0.0,0
0,0.0,0
0,0.0,0
0,0.0,0
0,0.0001711015130075922,0
0,0.00024086012238703098,0
0,0.00020313568278869205,0
0,0.0,0
0,0.013333333333333334,0
0,0.0005622489959839357,0
0,0.0,0
0,0.0,0
0,0.0,0
0,0.00013666116860414817,0
0,0.00020313568278869205,0
0,0.00037037037037037035,0
0,0.0,0
0,0.0,0
0,0.0,0
0,0.0,0
0,0.0,0
0,0.0005622489959839357,0
0,0.0,0
0,0.0,0
0,0.0,0
0,0.0,0
0,0.0,0
0,0.0,0
0,0.0,0
0,0.0,0
0,0.0,0
1,0.982905248494555,1
1,0.9950588856968181,1
0,0.0,0
0,0.0,0
0,0.0,0
0,0.00013666116860414817,0
0,0.0,0
0,0.0,0
0,0.1405169125327371,0
0,0.00022927455469421405,0
0,0.15363486303224963,0
0,0.0,0
0,0.0,0
0,0.00024086012238703098,0
0,0.0,0
0,0.00018621973929236498,0
0,0.0,0
0,0.0011188254533241802,0
0,0.0,0
0,0.0,0
0,0.0,0
0,0.0,0
0,0.0001711015130075922,0
0,0.0,0
0,0.0,0
0,0.0,0
0,0.0,0
0,0.0,0
0,0.0,0
0,0.0,0
0,0.0,0
0,0.0,0
0,0.0,0
0,0.0,0
0,0.0,0
0,0.0,0
0,0.0,0
0,0.0,0
0,0.0,0
0,0.0,0
0,0.0,0
0,0.0,0
0,0.0,0
0,0.0,0
0,0.0,0
0,0.004519259933272672,0
0,0.00024086012238703098,0
0,0.0,0
0,0.0,0
0,0.00022927455469421405,0
0,0.0,0
0,0.0009303731313298527,0
0,0.0,0
0,0.0,0
0,0.0,0
0,0.0,0
0,0.0,0
0,0.03333333333333333,0
0,0.0003741683876158522,0
0,0.0,0
0,0.0,0
0,0.00016869533838524803,0
0,0.0,0
0,0.0,0
1,0.9965198840880085,1
0,0.0,0
0,4.0143295921517954e-05,0
0,0.00024086012238703098,0
0,0.0,0
1,0.9800515495522971,1
1,0.9965807826078414,1
0,0.0,0
1,0.0,0
0,0.0,0
0,0.0,0
1,0.9997405414883264,1
0,0.0,0
0,0.0,0
0,0.007407159675772541,0
0,0.0,0
0,0.0032151808091657715,0
0,0.0,0
0,0.010256417245922493,0
0,0.0,0
0,0.0,0
0,0.0,0
0,0.0,0
0,0.0,0
0,0.0,0
0,0.00024086012238703098,0
0,0.0,0
0,0.0,0
0,0.00631578947368421,0
1,0.8387120763430198,1
1,0.9995708207148452,1
0,0.23921733746250454,0
0,0.00022927455469421405,0
0,0.013333333333333334,0
0,0.0,0
0,0.0,0
0,0.0,0
0,0.12523142670779722,0
0,0.00022927455469421405,0
0,0.0,0
0,0.0,0
0,0.0005555555555555556,0
0,0.0,0
0,0.0001363019317444147,0
0,0.0,0
0,0.0032151808091657715,0
0,0.0,0
0,0.0,0
0,0.00020313568278869205,0
0,0.0,0
0,0.0,0
0,0.0,0
0,0.0,0
0,0.0,0
0,0.0,0
0,0.00013666116860414817,0
0,0.006222222222222223,0
0,0.0,0
0,0.0001711015130075922,0
0,0.0004939136127236732,0
1,0.9930794133987062,1
0,0.0,0
0,0.0,0
0,0.00013666116860414817,0
0,0.0,0
0,0.0,0
0,0.0,0
0,0.0,0
0,0.0,0
0,0.0,0
0,0.0,0
0,0.0,0
0,0.0,0
0,0.004328728303223521,0
0,0.004328728303223521,0
0,0.00048484848484848484,0
0,0.0,0
1,0.9992922283960477,1
0,0.0,0
0,0.00024086012238703098,0
1,0.8374790601783011,1
0,0.0,0
0,0.0012648192812104336,0
0,0.06681305145442695,0
0,0.0,0
0,0.0,0
0,0.0,0
0,0.0,0
0,0.04920278549856309,0
0,0.0,0
0,0.0005622489959839357,0
1,0.9970643714944724,1
0,0.007678178916959965,0
0,0.00022927455469421405,0
0,0.0,0
0,0.012299270656943468,0
0,0.5259811078561489,1
0,0.0,0
0,0.004328728303223521,0
0,0.0012376184414093817,0
0,0.08779207312846164,0
0,0.005397676496872207,0
0,0.0,0
0,0.0,0
0,0.008127724537301702,0
0,0.0,0
1,0.9992799549778967,1
0,0.00022927455469421405,0
0,0.0,0
0,0.0,0
0,0.0,0
0,0.0014222932767632725,0
0,0.0,0
0,0.0,0
0,0.0,0
0,8.703220191470844e-05,0
0,0.0,0
0,0.006666666666666667,0
1,0.9997405414883264,1
0,0.005486125548196767,0
0,0.0,0
0,0.004519259933272672,0
0,0.0,0
0,0.0,0
0,0.01964912280701754,0
0,0.0,0
0,0.0,0
0,0.0,0
0,0.0,0
0,0.0,0
0,0.00048484848484848484,0
0,0.0,0
0,0.00022927455469421405,0
0,0.0,0
0,0.006479274554694214,0
0,0.0,0
0,0.0,0
0,0.011555555555555557,0
0,0.06962674362674363,0
0,0.00024086012238703098,0
0,0.00018621973929236498,0
0,0.0,0
0,0.0,0
0,0.0008058608058608059,0
0,0.0,0
0,2.8557728228701013e-05,0
0,0.0,0
0,0.0,0
0,0.00022927455469421405,0
0,0.0,0
0,0.09664609508053708,0
0,0.0,0
0,0.00022927455469421405,0
0,0.00026130872447531386,0
0,0.0,0
0,0.0,0
0,0.00024086012238703098,0
0,0.0,0
0,0.0,0
0,0.0,0
0,0.00013666116860414817,0
0,0.22531985512480862,0
0,0.0,0
0,0.0005555555555555556,0
0,0.0,0
0,0.0,0
0,0.0,0
0,0.004328728303223521,0
0,0.0,0
0,0.0002728942921681308,0
0,0.0,0
0,0.0,0
0,0.0,0
0,0.0,0
0,0.0,0
0,0.0,0
0,0.00020313568278869205,0
0,0.00020313568278869205,0
0,0.005420365535248042,0
1,0.9997405414883264,1
0,0.0,0
0,0.0,0
0,0.0,0
0,0.0,0
0,0.0,0
0,0.0,0
0,0.0,0
1,0.9997405414883264,1
0,0.00042707986167939594,0
0,0.0,0
0,0.0,0
0,0.00662691334114809,0
0,0.0,0
0,0.0,0
0,0.0,0
0,0.0,0
0,0.0,0
0,0.005643232902917264,0
0,0.0,0
0,0.0,0
0,0.0,0
0,0.0,0
1,0.9988645363293261,1
0,0.0,0
0,0.0,0
0,0.12621970451357217,0
0,0.0,0
0,0.0,0
0,0.008127724537301702,0
1,0.728915783610839,1
0,0.0,0
0,0.005397676496872207,0
0,0.0,0
0,0.0,0
0,0.0,0
0,0.0,0
1,0.9685493115040612,1
0,0.0001711015130075922,0
0,0.14777755003288875,0
0,0.0,0
0,4.8192769122696875e-05,0
0,0.0,0
0,0.0,0
0,0.004328728303223521,0
0,0.0,0
0,0.0,0
0,0.0006914287253824927,0
0,0.0,0
0,0.00024086012238703098,0
0,0.0,0
0,0.0,0
0,0.0,0
0,0.0,0
0,0.0,0
0,0.0,0
0,4.0143295921517954e-05,0
0,0.0,0
0,0.0,0
0,0.0,0
0,0.0,0
0,0.0,0
0,0.0,0
0,0.0,0
1,0.9997093452419595,1
0,0.0,0
0,0.0,0
0,0.0,0
0,0.0,0
0,0.0,0
0,0.00022927455469421405,0
0,0.005925925925925926,0
1,0.9997490423881333,1
0,0.0,0
0,0.0,0
0,0.0,0
0,0.00024086012238703098,0
0,0.0,0
0,0.0,0
0,0.0,0
0,0.0,0
0,0.004328728303223521,0
0,0.00024086012238703098,0
0,0.0,0
0,0.0,0
0,0.0005555555555555556,0
0,0.0002728942921681308,0
0,0.0,0
0,0.0003360781543900022,0
0,0.018958392262607742,0
0,0.0,0
0,0.0,0
0,0.0006094341000012499,0
0,0.0,0
0,0.004328728303223521,0
1,0.9891860521138919,1
0,0.0,0
0,0.00013666116860414817,0
0,0.0,0
0,0.0,0
0,0.0,0
0,0.0,0
0,0.0,0
0,0.0,0
0,0.0,0
0,0.0,0
0,0.0,0
0,0.0,0
0,0.0002728942921681308,0
0,0.005643232902917264,0
0,0.0,0
0,0.00022927455469421405,0
0,0.0,0
1,0.8783208411247402,1
0,0.0,0
0,0.00013666116860414817,0
0,0.0,0
0,0.0,0
0,0.0,0
0,0.008127724537301702,0
0,0.0005555555555555556,0
0,0.0,0
0,0.00013666116860414817,0
0,0.0,0
0,0.0,0
0,0.0,0
0,0.0,0
0,0.0,0
0,0.0,0
0,0.0,0
0,0.0,0
0,0.0,0
0,0.0,0
0,0.0,0
0,0.0,0
0,0.0,0
0,0.00018621973929236498,0
0,0.0,0
0,0.007117729489826371,0
0,0.0,0
0,0.00024086012238703098,0
0,0.031100714749837555,0
0,0.0,0
1,0.9997405414883264,1
0,0.00024086012238703098,0
0,0.11348620559210562,0
0,0.0,0
0,0.0,0
0,0.00013666116860414817,0
0,0.0005555555555555556,0
0,0.0,0
0,0.0,0
0,0.00024086012238703098,0
0,0.0,0
0,0.004328728303223521,0
0,0.0001711015130075922,0
0,0.0,0
0,0.0,0
0,0.0,0
0,0.0002728942921681308,0
0,0.012037037037037035,0
0,0.0,0
0,0.0002728942921681308,0
0,0.0011213573315330561,0
0,0.0,0
0,0.0,0
0,0.0,0
1,0.9988108923248201,1
0,7.21774657026178e-05,0
0,0.0,0
0,0.00022927455469421405,0
0,0.0002696036402054584,0
0,0.0,0
0,0.565630860582094,1
0,0.10604735007802343,0
0,0.0,0
0,0.0,0
0,0.0,0
0,0.0,0
0,0.0,0
0,0.0,0
0,0.0,0
0,0.0,0
0,0.0,0
1,0.9984842210346917,1
0,0.0,0
0,0.004328728303223521,0
0,0.0,0
0,0.0,0
0,0.0,0
1,0.9997451019258851,1
0,0.00022927455469421405,0
0,0.0,0
0,0.0,0
0,0.017238095238095236,0
0,0.0,0
0,0.0,0
0,0.0,0
0,0.0,0
0,0.0,0
0,0.0,0
0,0.0,0
0,0.0,0
0,0.0,0
0,0.0002728942921681308,0
0,0.0,0
0,0.0,0
0,0.0,0
0,0.0,0
0,0.005555555555555556,0
0,0.00034213421783475237,0
1,0.8993214305576192,1
0,0.0,0
0,0.0,0
0,0.0,0
0,0.0,0
0,0.0,0
0,0.00057739993022015,0
0,0.00065802945420253,0
0,0.0,0
0,0.0,0
0,0.0,0
0,0.0,0
0,0.0,0
0,4.8192769122696875e-05,0
0,0.0,0
1,0.8669781448237159,1
0,0.008127724537301702,0
0,0.0,0
0,0.00010472183809310246,0
0,0.0,0
0,0.00022927455469421405,0
0,0.0,0
0,0.0,0
0,0.0,0
0,0.2422011383472156,0
0,0.0,0
0,0.00013666116860414817,0
0,0.004328728303223521,0
0,0.0,0
0,3.158009365131221e-05,0
0,0.2293946030164634,0
0,0.0,0
0,0.00022927455469421405,0
0,0.0001711015130075922,0
0,0.0,0
0,0.10122510616539993,0
0,0.0002728942921681308,0
0,0.0,0
0,0.0,0
0,0.0,0
0,0.0,0
0,0.0,0
0,0.0,0
0,0.0,0
0,0.0,0
0,0.0,0
0,0.0005555555555555556,0
0,0.008127724537301702,0
0,0.0,0
0,0.0,0
0,0.0,0
0,0.010955641644371612,0
0,0.0,0
0,0.0,0
0,0.0,0
0,0.0,0
0,0.0,0
0,0.0,0
0,0.0,0
0,0.0,0
1,0.9984615582153825,1
0,0.0,0
0,0.00013666116860414817,0
0,0.0,0
0,0.0,0
0,0.0,0
0,0.0,0
0,0.0,0
0,0.0,0
0,0.0,0
0,0.0,0
0,0.0,0
0,0.006,0
0,0.005343873517786562,0
0,0.006633469393887892,0
1,0.9997478970685836,1
0,0.0,0
0,0.0002728942921681308,0
1,0.9997510238361588,1
0,0.0008338839400201156,0
0,0.0,0
0,0.0,0
0,0.0,0
0,0.0,0
0,0.0,0
0,0.0,0
0,0.0,0
0,0.0,0
0,0.01305312317571512,0
0,0.0,0
0,0.34905374951277435,0
0,0.0,0
0,0.00022927455469421405,0
0,0.0,0
0,0.0,0
0,0.0,0
0,0.0,0
0,0.0,0
0,0.0,0
0,0.00026130872447531386,0
0,0.12911525178540778,0
0,0.0,0
0,0.0,0
0,0.0,0
0,0.0,0
0,0.215639075772288,0
0,0.0,0
0,0.00022927455469421405,0
0,0.0,0
0,0.0,0
0,0.0,0
1,0.9969106398081425,1
0,0.0,0
0,0.0,0
0,0.0003741683876158522,0
0,0.0,0
0,0.00022927455469421405,0
0,0.0009303731313298527,0
0,0.0,0
0,0.0,0
0,0.0,0
0,0.0,0
0,0.008127724537301702,0
1,0.9997478970685836,1
0,0.0,0
0,0.0002728942921681308,0
0,0.0,0
0,0.00020313568278869205,0
0,0.0,0
0,0.0,0
0,0.0,0
1,0.9992783333124464,1
0,0.005643232902917264,0
0,0.0,0
0,0.0,0
0,0.005343873517786562,0
0,0.0,0
0,0.0,0
0,0.0,0
0,0.00022927455469421405,0
0,0.0,0
0,0.028138252112747335,0
0,0.00022927455469421405,0
0,0.004328728303223521,0
0,0.00037037037037037035,0
0,0.0,0
0,0.0,0
0,0.0,0
0,0.0,0
0,0.0,0
0,0.0,0
0,0.0,0
0,0.0,0
0,0.0,0
0,0.0,0
0,0.0,0
0,0.0,0
0,0.0,0
0,0.00020313568278869205,0
0,0.0,0
0,0.00042707986167939594,0
0,0.0,0
0,0.00024086012238703098,0
0,0.0,0
0,0.0,0
0,0.00013666116860414817,0
0,0.0,0
0,0.0,0
0,0.0005555555555555556,0
0,0.0,0
0,0.0,0
0,0.0,0
0,0.0,0
0,0.0,0
0,0.0009638833359802168,0
0,0.0,0
0,0.00013666116860414817,0
0,0.0,0
0,0.0,0
0,0.0,0
0,0.0005622489959839357,0
0,0.005397676496872207,0
0,0.00024086012238703098,0
1,0.9984449999791131,1
0,0.0,0
0,0.0,0
1,0.9917311651439363,1
0,0.0,0
0,0.004328728303223521,0
0,0.0,0
0,0.0,0
0,0.0,0
0,0.0,0
0,0.0,0
0,0.01678114478114478,0
0,0.0,0
0,0.0,0
0,3.158009365131221e-05,0
0,0.0,0
0,0.0,0
0,0.0,0
0,0.004328728303223521,0
0,0.0,0
0,0.0,0
0,0.004328728303223521,0
0,0.0,0
0,0.0,0
0,0.0,0
0,0.0009638833359802168,0
0,0.0,0
0,0.0,0
0,0.0,0
0,0.008443365151038952,0
0,0.0,0
0,0.00024086012238703098,0
0,0.0,0
0,0.0,0
0,0.00022927455469421405,0
0,0.0,0
0,0.0,0
0,0.0,0
0,0.00013666116860414817,0
0,0.0,0
0,0.0,0
0,0.0,0
0,0.0,0
0,0.0,0
0,0.0,0
0,0.0,0
0,0.0,0
0,0.00024086012238703098,0
0,8.703220191470844e-05,0
0,0.0,0
0,0.004328728303223521,0
0,0.0002728942921681308,0
0,0.0,0
0,0.0,0
0,0.00020313568278869205,0
0,0.0,0
0,0.0005555555555555556,0
0,0.00041549429398657903,0
0,0.37611588453886874,0
0,0.0,0
1,0.997516955378078,1
0,0.0,0
0,0.0,0
0,0.0,0
1,0.9992766519337158,1
1,0.9994922155440082,1
0,0.0,0
0,0.0,0
0,0.00024086012238703098,0
0,0.0,0
0,0.00022927455469421405,0
0,0.0,0
0,0.0,0
0,0.0,0
0,0.0,0
0,0.0,0
0,0.0,0
0,0.00048484848484848484,0
0,0.004761904761904762,0
0,0.0002728942921681308,0
0,0.0,0
0,0.10484392993469643,0
0,0.0,0
0,0.0,0
0,0.0,0
0,0.8155922673471696,1
0,0.0,0
0,0.004328728303223521,0
0,0.0,0
0,0.0,0
0,0.0005555555555555556,0
0,0.0,0
0,0.0,0
1,0.9997405414883264,1
0,0.0,0
0,0.0,0
0,0.0,0
0,0.0,0
0,0.00024086012238703098,0
0,0.06263236760488365,0
0,0.0,0
0,0.0,0
0,0.00020313568278869205,0
0,0.0,0
0,0.0,0
0,0.0,0
1,0.9743425039026787,1
0,0.0,0
0,3.158009365131221e-05,0
0,0.00042707986167939594,0
0,0.00013666116860414817,0
0,0.0,0
0,0.0,0
0,0.680248845543718,1
0,0.004328728303223521,0
0,0.00013666116860414817,0
0,0.0002728942921681308,0
0,0.0,0
0,0.0,0
0,0.0,0
0,0.004328728303223521,0
0,0.0,0
0,0.004328728303223521,0
0,0.00020313568278869205,0
0,0.0,0
0,0.0,0
0,0.0,0
0,0.0,0
0,0.0017626250668405466,0
0,0.0,0
0,0.0005555555555555556,0
0,0.0,0
0,0.0005555555555555556,0
0,0.00013666116860414817,0
0,0.0,0
0,0.0,0
0,0.4323652202285506,0
0,0.00030769387343130834,0
0,0.0,0
0,0.0002728942921681308,0
0,0.0,0
0,0.0,0
0,0.0,0
0,0.0,0
0,0.05821252165220167,0
0,0.0,0
0,0.0,0
0,0.004328728303223521,0
0,0.0,0
0,0.0,0
0,0.0,0
1,0.9997478970685836,1
0,0.0,0
1,0.9972397508101689,1
0,0.0,0
0,0.0,0
0,0.0,0
0,0.0,0
0,0.0,0
0,0.008127724537301702,0
0,0.004328728303223521,0
0,0.0001711015130075922,0
0,0.0,0
0,0.0,0
0,0.0,0
0,0.0,0
0,0.0,0
0,0.0,0
0,0.0,0
0,0.00024086012238703098,0
0,0.0,0
0,0.09436172787069634,0
0,0.0,0
0,0.0,0
0,0.0,0
0,0.0,0
0,0.0,0
0,0.0,0
0,0.0008058608058608059,0
0,0.0,0
0,0.16158327876432924,0
0,0.0,0
0,0.005343873517786562,0
0,0.0,0
0,0.000588985497912967,0
0,0.0,0
0,0.0,0
0,0.01735213005536828,0
0,0.0,0
0,0.3325197410815093,0
0,0.0,0
0,0.0,0
0,0.0,0
0,0.0,0
0,0.0,0
0,0.0,0
0,0.0008631280257590964,0
0,0.0,0
0,0.0,0
0,0.0,0
0,0.0,0
0,0.0,0
0,0.0,0
0,0.0,0
0,0.0,0
0,0.0,0
0,0.0,0
0,0.097365140712668,0
0,0.00013666116860414817,0
0,0.0,0
0,0.0012648192812104336,0
0,0.00013666116860414817,0
0,0.0,0
0,0.0,0
0,0.0,0
0,0.0,0
0,0.0,0
0,0.003924105217766278,0
0,0.0016536034615666135,0
0,0.0,0
0,0.0,0
0,0.0,0
0,0.0,0
0,0.20920587548976297,0
0,0.0,0
0,0.0,0
0,0.0002728942921681308,0
0,0.004328728303223521,0
0,0.0,0
0,0.0,0
0,0.0,0
0,0.0,0
1,0.9997395780971895,1
0,0.0,0
0,0.0,0
0,0.0,0
0,0.0,0
0,0.011547619047619048,0
0,0.0,0
0,0.0,0
0,0.005555555555555556,0
0,0.0,0
0,0.1097394478710921,0
0,0.0,0
0,0.0,0
0,0.03572154093893225,0
0,0.0,0
0,0.000588985497912967,0
0,0.0,0
0,0.0,0
0,0.0,0
0,0.0,0
0,0.0001711015130075922,0
0,0.0,0
1,0.9997931301141464,1
0,0.00024086012238703098,0
0,0.13050398337122376,0
0,0.0,0
0,0.0,0
0,0.0,0
0,0.0,0
0,0.004328728303223521,0
0,0.007407159675772541,0
0,0.0,0
0,0.00016869533838524803,0
0,0.0,0
0,4.0143295921517954e-05,0
0,0.0,0
0,0.0,0
0,0.005343873517786562,0
1,0.9988899601246789,1
0,0.0,0
0,0.00020313568278869205,0
0,0.0,0
0,0.0,0
0,0.0,0
1,0.9997814751024913,1
0,0.0,0
0,0.0,0
0,0.005343873517786562,0
0,0.00022927455469421405,0
0,0.1402036047423834,0
0,0.0,0
0,0.00022927455469421405,0
1,0.9992939097747783,1
0,0.0,0
0,0.0,0
0,0.0,0
0,0.0,0
0,0.0,0
0,0.00041549429398657903,0
1,0.999744193903285,1
0,0.0,0
1,0.9997391776003002,1
0,0.0,0
0,0.0,0
0,0.0,0
0,0.00042707986167939594,0
0,0.0,0
1,0.681059010573118,1
0,0.0,0
0,0.0,0
0,0.0,0
0,0.0,0
1,0.9992821958076183,1
0,0.00020313568278869205,0
0,0.0,0
0,0.004519259933272672,0
0,0.06396284647521398,0
0,0.0001711015130075922,0
0,0.0,0
0,0.00024086012238703098,0
0,0.004519259933272672,0
0,0.0,0
0,0.0,0
0,0.0,0
0,0.005397676496872207,0
0,0.0,0
0,0.0005874989942888049,0
0,0.0,0
0,0.0,0
0,0.07755646941726115,0
0,0.0,0
0,0.00022927455469421405,0
0,0.0,0
0,0.00045911403146049577,0
0,0.006638694638694639,0
0,0.0,0
0,0.0,0
0,0.0,0
0,0.00024086012238703098,0
1,0.9997405414883264,1
0,0.0,0
0,0.0,0
0,0.0,0
0,0.0,0
1,0.9997475288158256,1
0,0.0,0
1,0.9991220561818203,1
0,0.0,0
0,0.0,0
0,0.0,0
0,0.00016869533838524803,0
0,0.0,0
0,0.0,0
0,0.0,0
0,0.0,0
0,0.004328728303223521,0
0,0.0,0
0,0.0,0
0,0.011185926599939338,0
0,0.0,0
0,0.0,0
0,0.0001711015130075922,0
0,0.0,0
0,0.0,0
0,0.0,0
0,0.0,0
0,0.0,0
0,0.0005555555555555556,0
0,0.0,0
0,0.0,0
0,7.268766831200264e-05,0
0,0.0,0
0,0.0,0
0,0.004328728303223521,0
0,0.0,0
0,0.0,0
0,0.0,0
0,0.0009638833359802168,0
0,0.00013666116860414817,0
0,0.0,0
0,0.0,0
0,0.0,0
0,0.0005555555555555556,0
0,0.0,0
0,0.0,0
0,0.0,0
0,0.10144682984587247,0
0,0.0,0
0,0.0,0
0,0.0,0
0,0.0,0
0,0.0,0
0,0.0,0
0,0.0002728942921681308,0
0,0.0,0
0,0.0,0
0,0.0,0
0,0.06932395626428715,0
0,0.0,0
0,0.0,0
0,0.0006459243264892443,0
0,0.0,0
0,0.0,0
0,0.0,0
0,0.0,0
0,0.0,0
0,0.0,0
0,0.0,0
1,0.9647761661317014,1
0,0.0,0
0,0.004328728303223521,0
1,0.9269516966608828,1
0,0.017,0
0,0.0,0
0,0.0,0
0,0.0,0
0,0.0,0
0,0.0032151808091657715,0
0,0.0,0
0,0.0,0
0,0.00026130872447531386,0
0,0.0,0
0,0.00024086012238703098,0
0,0.0,0
0,0.0,0
0,0.0,0
0,0.0,0
0,0.006759358288770054,0
0,0.0,0
0,0.0,0
0,0.00024086012238703098,0
0,0.0,0
0,0.0,0
1,0.9977190560400722,1
0,0.006060606060606061,0
0,0.0005555555555555556,0
0,0.005185185185185185,0
0,0.0,0
0,0.00024086012238703098,0
0,0.004328728303223521,0
0,0.006153846153846154,0
0,0.0,0
0,0.0,0
0,0.0,0
0,0.0,0
0,0.0,0
0,0.0,0
0,0.0,0
0,0.0,0
0,0.0,0
0,0.00022927455469421405,0
0,0.0,0
0,0.0,0
0,0.0,0
0,0.0,0
0,0.0,0
0,0.0,0
0,0.006666666666666667,0
0,0.0,0
0,0.0,0
0,0.00024086012238703098,0
0,0.0,0
0,0.004328728303223521,0
0,0.0,0
0,0.0,0
0,0.00057739993022015,0
0,0.0,0
0,0.0,0
0,0.0,0
0,0.0,0
0,0.06974915473357295,0
0,0.004328728303223521,0
0,0.0,0
0,0.01836829836829837,0
0,0.0001711015130075922,0
0,0.0,0
1,0.9990178166304126,1
0,0.0,0
1,0.9906652587022664,1
0,0.0060030840193232345,0
0,0.0,0
0,0.0,0
1,0.8769431761871764,1
0,0.0,0
0,8.703220191470844e-05,0
0,0.00048484848484848484,0
1,0.9983681212496396,1
0,0.0,0
0,0.0,0
0,0.0009638833359802168,0
0,0.0061111111111111106,0
0,0.0,0
0,0.5198141913500156,1
0,0.0,0
0,0.0,0
0,0.006060606060606061,0
0,0.005643232902917264,0
0,0.0,0
0,0.0,0
0,0.0,0
0,0.1071839354423414,0
0,0.0,0
0,0.0,0
0,0.0,0
0,0.0,0
0,0.0,0
0,0.0014616891216103303,0
0,0.0,0
0,0.0,0
1,0.9997478970685836,1
0,0.008127724537301702,0
0,0.0111978533315318,0
1,0.9928613573217707,1
0,0.0,0
0,0.0,0
0,0.0,0
0,0.0,0
0,0.0,0
0,0.0,0
0,0.0,0
0,0.00034213421783475237,0
0,0.0,0
0,0.0,0
0,0.0,0
0,0.0,0
0,0.0,0
0,0.0,0
0,0.0,0
0,0.0,0
0,0.0,0
0,0.0,0
0,0.012249999999999999,0
0,0.0,0
0,0.0,0
0,0.004328728303223521,0
0,0.0,0
0,0.0,0
0,0.0,0
0,0.46039156419040095,0
0,0.0,0
0,0.0,0
0,0.0,0
1,0.9997576905199853,1
0,0.0,0
0,0.0,0
0,0.0,0
1,0.9988193905447504,1
0,0.0,0
0,0.0002728942921681308,0
1,0.9954091675814235,1
0,0.0,0
1,0.9588038397470342,1
0,0.00020313568278869205,0
0,0.0,0
0,0.0,0
0,0.0,0
0,0.0,0
0,0.0,0
0,0.0002728942921681308,0
0,0.0,0
0,0.0,0
0,0.0,0
0,0.0,0
0,0.0,0
0,0.0009638833359802168,0
0,0.0,0
0,0.09730473296243386,0
0,0.0,0
0,0.0,0
0,0.01099539496989019,0
0,0.0,0
0,0.0,0
0,0.00048484848484848484,0
0,0.0,0
0,0.0,0
0,0.0,0
0,0.0,0
0,0.0,0
0,0.0,0
0,0.0001711015130075922,0
1,0.9997425125128409,1
0,0.0,0
0,0.0,0
0,0.0,0
0,0.0,0
0,0.00024086012238703098,0
0,0.006666666666666667,0
0,0.10769549556815636,0
0,0.0,0
0,0.0,0
0,0.0,0
0,0.0,0
0,0.004328728303223521,0
0,0.0,0
0,0.050415482840928026,0
0,0.0,0
0,0.006571403752605976,0
0,0.013333333333333334,0
0,0.0002728942921681308,0
0,0.0,0
1,0.9881121607752467,1
0,0.0,0
0,0.0,0
0,0.0,0
0,0.0,0
0,0.0,0
0,0.0,0
1,0.9997405414883264,1
0,0.0,0
0,0.0,0
0,0.0,0
0,0.0012207024979130547,0
0,0.0,0
0,0.0,0
0,0.0,0
0,0.0,0
0,0.004328728303223521,0
0,0.0,0
0,0.0,0
0,0.0,0
0,0.011185926599939338,0
0,0.0005555555555555556,0
0,0.0,0
0,0.0,0
0,0.0,0
0,0.0,0
0,0.0,0
0,0.0,0
0,0.0,0
0,0.0,0
0,0.0,0
0,0.0,0
0,0.00048484848484848484,0
0,0.0,0
0,0.0,0
0,2.8557728228701013e-05,0
0,0.0,0
0,0.012,0
0,0.0,0
0,0.0,0
0,0.0,0
0,0.0,0
0,0.37457732998091114,0
0,0.0,0
0,0.13999712428575198,0
0,0.0,0
0,0.0,0
0,0.0,0
0,0.0,0
1,0.9997462721861209,1
0,0.00022927455469421405,0
0,0.0,0
0,0.0,0
0,0.00024086012238703098,0
0,0.0,0
0,0.0,0
0,0.0,0
0,0.0,0
0,0.0,0
0,0.0,0
0,0.0,0
0,0.0,0
0,0.0,0
0,0.0,0
0,0.0,0
0,0.36278714182045907,0
0,0.0,0
0,0.0,0
0,0.0,0
0,0.00013666116860414817,0
0,0.0,0
0,0.0,0
0,0.0,0
0,0.0,0
0,0.00022927455469421405,0
0,0.0,0
0,0.0,0
0,0.0,0
0,0.0,0
0,0.0,0
0,0.0005622489959839357,0
0,0.00015015015015015014,0
0,0.0,0
1,0.9951208675675332,1
0,0.0,0
0,0.1569185464569342,0
0,0.0,0
0,0.00020313568278869205,0
0,0.007407159675772541,0
0,0.00013666116860414817,0
0,0.0,0
0,0.0,0
0,0.18853325203878468,0
0,0.0,0
0,0.0,0
0,0.0,0
0,0.0,0
0,0.05513248115019189,0
0,0.0,0
0,0.0,0
0,0.0,0
0,0.3053749773359056,0
0,0.19063073119300888,0
0,0.0,0
0,0.0016877637130801688,0
0,0.0,0
0,0.0,0
0,0.0,0
0,0.004328728303223521,0
0,0.0,0
0,0.0,0
1,0.998081230401917,1
0,0.0,0
0,0.00022927455469421405,0
0,0.0,0
0,0.10691026701608275,0
0,0.0,0
1,0.9992900472796064,1
0,0.00024086012238703098,0
0,0.0,0
0,0.0,0
0,0.0,0
0,0.0,0
0,0.0,0
0,0.0,0
0,0.0,0
0,0.00018621973929236498,0
0,0.0,0
1,0.9991023543669727,1
1,0.9997495343159402,1
0,0.00013666116860414817,0
1,0.9997478970685836,1
1,0.9997460800653729,1
0,0.00022927455469421405,0
0,0.004519259933272672,0
0,0.3277138424265912,0
0,0.0,0
0,0.0,0
0,0.0,0
0,0.0,0
1,0.9997576905199853,1
0,0.3041044824175356,0
0,0.0,0
0,0.00024086012238703098,0
0,0.0,0
0,0.0,0
0,0.00020313568278869205,0
0,0.0,0
0,0.0,0
0,0.0,0
1,0.9991537896864039,1
0,0.004328728303223521,0
0,0.0008058608058608059,0
0,0.0,0
0,0.0,0
0,0.0,0
0,0.0,0
0,0.0017626250668405466,0
0,0.0,0
0,0.00013666116860414817,0
0,0.0,0
1,0.9745907807462731,1
0,0.0,0
0,0.0,0
0,0.0,0
0,0.0,0
0,0.0,0
0,0.0,0
0,0.0,0
0,0.0,0
0,0.0,0
0,0.0,0
0,0.0,0
0,0.01361868040933843,0
0,0.0,0
0,0.0,0
0,0.0,0
0,0.0,0
0,0.0,0
0,0.0,0
0,0.0,0
0,0.00016869533838524803,0
0,0.0,0
1,0.9992883659008758,1
0,0.00041549429398657903,0
0,0.0,0
1,0.998153479247045,1
0,0.0001711015130075922,0
0,0.0,0
0,0.0005555555555555556,0
0,0.000588985497912967,0
0,0.0009638833359802168,0
0,0.0,0
0,0.0,0
0,0.0,0
0,0.12987049987049987,0
0,0.0,0
0,0.3603678260867392,0
0,0.00013666116860414817,0
0,0.0,0
0,0.0,0
0,0.0,0
0,0.0,0
0,0.0,0
0,0.00020313568278869205,0
0,0.0,0
0,0.0,0
0,0.0005622489959839357,0
0,0.0,0
0,0.0,0
0,0.0,0
0,0.00024086012238703098,0
0,0.0,0
0,0.0,0
0,0.0,0
0,0.0,0
0,0.0,0
0,0.0,0
0,0.0,0
0,0.0,0
0,0.0,0
0,0.0,0
0,0.0005555555555555556,0
0,0.0005874989942888049,0
1,0.9997528420351368,1
0,0.0,0
0,0.0,0
0,0.0001711015130075922,0
0,0.0,0
0,0.00024086012238703098,0
0,0.004328728303223521,0
0,0.00015015015015015014,0
0,0.0,0
0,0.004328728303223521,0
0,0.007407159675772541,0
1,0.33295780488395216,0
0,0.0012376184414093817,0
0,0.0,0
1,0.9881621299140411,1
0,0.0,0
0,0.0,0
0,0.0,0
0,0.0,0
0,0.0,0
0,0.0032151808091657715,0
0,0.0,0
0,0.00024086012238703098,0
0,0.0002728942921681308,0
0,0.0,0
0,0.0,0
0,0.0008928930077755142,0
0,0.0,0
0,0.0,0
0,0.0,0
0,0.0,0
0,0.0,0
1,0.7568920623938655,1
0,0.0,0
0,0.0,0
0,0.0,0
0,0.004328728303223521,0
0,0.00013666116860414817,0
0,0.0,0
0,0.0,0
0,0.00024086012238703098,0
0,0.00024086012238703098,0
0,0.0,0
0,0.00024086012238703098,0
0,0.0,0
0,0.0,0
0,0.0,0
0,0.0,0
0,0.0,0
0,0.0,0
0,0.0,0
0,0.0,0
0,0.0,0
0,0.0,0
0,0.4167655917317123,0
0,0.0,0
0,0.0,0
0,0.0,0
0,0.00022927455469421405,0
0,0.0,0
0,0.00013666116860414817,0
0,0.0,0
0,0.0,0
0,0.0,0
0,0.0,0
0,0.0,0
0,0.005777777777777778,0
0,0.004328728303223521,0
0,0.0,0
0,0.13739419242550688,0
0,0.0,0
0,0.00042707986167939594,0
0,0.00020313568278869205,0
0,0.0,0
0,0.0,0
0,0.0,0
0,0.005343873517786562,0
0,0.00024086012238703098,0
0,0.0,0
0,0.0,0
0,0.0,0
0,0.00013666116860414817,0
0,0.00307843137254902,0
0,0.0,0
0,0.004328728303223521,0
1,0.8284178121668245,1
0,0.0,0
0,0.0,0
0,0.00042707986167939594,0
0,0.0,0
0,0.0,0
0,0.0,0
0,0.0,0
0,0.0,0
0,0.0,0
0,0.0008338839400201156,0
0,0.0,0
0,0.0,0
0,0.0,0
0,0.1052625943939352,0
0,0.0,0
0,0.0,0
0,0.0032151808091657715,0
0,0.0,0
0,0.0,0
0,0.5185675178805905,1
0,0.0,0
0,0.004328728303223521,0
0,0.0,0
0,0.0,0
0,0.0,0
0,0.0,0
0,0.0,0
0,0.006194162531269279,0
0,0.0,0
0,0.0,0
0,0.0,0
0,0.0,0
0,0.0,0
0,0.00013666116860414817,0
0,0.0,0
0,0.0,0
0,0.004328728303223521,0
0,0.0,0
0,0.00016869533838524803,0
0,0.0032151808091657715,0
0,0.0005622489959839357,0
0,0.0,0
0,0.0,0
0,0.0,0
0,0.0,0
0,0.0,0
1,0.9838284044635139,1
0,0.00022927455469421405,0
0,0.0,0
0,0.0,0
0,0.0,0
0,0.0,0
0,0.055224760294606066,0
0,0.0001711015130075922,0
0,0.0,0
0,0.0,0
0,0.024519259933272673,0
0,0.00013666116860414817,0
0,0.0,0
0,0.24747225314318816,0
0,0.0,0
0,0.00013666116860414817,0
0,0.0,0
1,0.9997488015139324,1
1,0.9997478970685836,1
0,0.0,0
0,0.0,0
0,0.010256417245922493,0
0,0.007725389288043183,0
0,0.00048484848484848484,0
0,0.0,0
0,0.0,0
0,0.0,0
0,0.0005555555555555556,0
0,0.0,0
0,0.01091886435764529,0
0,0.0,0
0,0.00013666116860414817,0
0,0.004328728303223521,0
0,0.0,0
0,0.0,0
0,0.0,0
0,0.0,0
0,0.0,0
0,0.0,0
1,0.9997478970685836,1
0,0.0,0
0,0.0,0
0,0.0,0
0,0.0,0
0,0.0,0
0,0.006190476190476191,0
0,0.0,0
0,0.00048484848484848484,0
0,0.0,0
0,0.00020313568278869205,0
0,0.0,0
0,0.0,0
0,0.05991593896863329,0
0,0.0,0
0,0.00024086012238703098,0
0,0.0,0
0,0.0,0
0,0.008127724537301702,0
0,0.0,0
0,0.00020313568278869205,0
0,0.00026130872447531386,0
0,0.0002728942921681308,0
0,0.0,0
0,0.0,0
0,0.00026130872447531386,0
0,0.00057739993022015,0
0,0.008127724537301702,0
0,0.00024086012238703098,0
0,0.0,0
0,0.0,0
0,0.0,0
0,0.31611290226395394,0
0,0.00038856045677328075,0
0,0.0,0
0,0.023291358955036423,0
0,0.00026130872447531386,0
0,0.03907305102100253,0
0,0.0,0
1,0.9067079971735444,1
0,0.0,0
0,0.03333333333333333,0
0,0.0,0
0,0.0009638833359802168,0
0,0.006571403752605976,0
0,0.0,0
0,0.0,0
0,0.0,0
1,0.9989090363994441,1
0,0.0,0
0,0.0,0
0,0.0,0
0,0.0,0
0,0.0,0
1,0.9972715436824285,1
0,0.0,0
0,0.0,0
0,0.00013666116860414817,0
0,0.0,0
0,0.0,0
0,0.0,0
0,0.0,0
0,0.0,0
1,0.9992826917344845,1
0,0.0,0
0,0.00013666116860414817,0
0,0.0002728942921681308,0
0,0.0,0
0,0.0,0
0,0.0,0
0,0.0,0
0,0.0,0
0,0.00013666116860414817,0
1,0.9997405414883264,1
0,0.0,0
0,0.0,0
0,0.0,0
0,0.0,0
0,0.0,0
0,0.0,0
0,0.00013666116860414817,0
0,0.0,0
0,0.0,0
0,0.00013666116860414817,0
0,0.11031452817384099,0
0,0.0,0
0,0.0,0
0,0.16988873336344612,0
0,0.0,0
1,0.9995708207148452,1
0,0.00024086012238703098,0
0,0.0,0
0,0.0,0
0,0.0,0
0,0.2570933456546875,0
0,0.0,0
0,0.0,0
0,0.0,0
0,0.004328728303223521,0
0,0.0,0
0,0.0,0
0,0.0,0
0,0.008127724537301702,0
0,0.0005555555555555556,0
0,0.0,0
0,0.00024086012238703098,0
0,0.00024086012238703098,0
0,0.0,0
0,0.0,0
1,0.7949698298443768,1
0,0.00013666116860414817,0
0,0.0,0
0,0.0,0
0,0.0,0
0,0.00013666116860414817,0
0,0.0,0
0,0.05798010091735588,0
0,0.0,0
0,0.0,0
0,0.0,0
0,0.0,0
0,0.0,0
0,0.0,0
0,0.0,0
0,0.017662061636556856,0
0,0.0002728942921681308,0
0,0.0,0
0,0.0,0
0,0.0,0
0,0.0064335664335664336,0
0,0.0,0
0,0.0,0
0,0.0,0
0,0.0,0
0,0.0,0
0,0.0,0
0,0.0,0
0,0.0,0
1,0.9664353500451731,1
0,0.00013666116860414817,0
0,0.0,0
0,0.00013666116860414817,0
0,0.0,0
0,0.0,0
0,0.0,0
0,0.011177206851119895,0
0,0.00022927455469421405,0
0,0.0,0
0,0.0,0
0,0.0,0
0,0.0,0
0,0.0,0
0,0.0,0
0,0.01577506041060835,0
0,0.12790954746957595,0
0,0.06496199391605496,0
0,0.0,0
0,0.00048484848484848484,0
0,0.0,0
0,0.004328728303223521,0
0,0.0,0
0,0.0,0
0,0.00024086012238703098,0
0,0.0,0
0,0.0006210196676940668,0
0,0.0,0
0,0.12843449230002327,0
0,0.13689014562904114,0
0,0.0,0
0,0.0002728942921681308,0
0,0.0,0
0,0.013238070419272642,0
1,0.9972236865531406,1
0,0.0,0
0,0.0005555555555555556,0
0,0.0,0
0,0.0,0
0,0.0005555555555555556,0
0,0.0,0
1,0.9906778419283302,1
0,0.0005555555555555556,0
0,0.00016869533838524803,0
0,0.013333333333333334,0
0,0.00013666116860414817,0
0,0.012010540184453229,0
0,0.0,0
0,0.0,0
0,0.0,0
0,0.0,0
0,0.0,0
0,0.0,0
0,0.0,0
0,0.0,0
0,0.0,0
0,0.0,0
0,0.0,0
0,0.443056375475285,0
0,0.00034213421783475237,0
0,0.0,0
0,0.0,0
0,0.0,0
0,0.0032151808091657715,0
0,0.0,0
0,0.0,0
0,0.7333883860528265,1
0,0.0,0
0,0.04587860657655809,0
0,0.0,0
0,0.00020313568278869205,0
0,0.00024086012238703098,0
0,0.0,0
0,0.0003418803418803419,0
0,0.0,0
0,0.0032151808091657715,0
0,0.00013666116860414817,0
0,0.23881521853997673,0
0,0.0,0
0,0.0,0
0,0.500879045168649,1
0,0.0005555555555555556,0
0,0.0,0
0,0.0,0
0,0.0,0
0,0.0,0
0,0.0,0
0,0.0,0
0,0.0,0
0,0.00024086012238703098,0
0,0.00024086012238703098,0
0,0.0,0
0,0.004328728303223521,0
0,0.0,0
0,0.0,0
0,0.0,0
0,0.0,0
0,0.0,0
0,0.0,0
0,0.0,0
0,0.0,0
0,0.0,0
0,0.0,0
0,0.0,0
0,0.0,0
0,0.0,0
0,0.0,0
0,0.00026130872447531386,0
0,0.0,0
0,0.0,0
0,0.0005555555555555556,0
0,0.0,0
0,0.0001711015130075922,0
0,0.0,0
0,0.0,0
0,0.00024086012238703098,0
0,0.0,0
0,0.15870503873526356,0
0,0.0,0
0,0.0,0
0,0.00013666116860414817,0
0,0.0,0
0,0.09477441812315046,0
0,0.0,0
0,0.0,0
0,0.0,0
0,0.0,0
0,0.00013666116860414817,0
0,0.0,0
0,0.006074193455720364,0
0,0.0,0
0,0.0,0
0,0.0,0
0,0.00024086012238703098,0
0,0.0,0
0,0.006666666666666667,0
0,0.0,0
0,0.0005622489959839357,0
0,0.00020313568278869205,0
0,0.0,0
0,0.0,0
0,0.013333333333333334,0
0,0.0,0
0,0.0,0
0,0.0,0
0,0.0005555555555555556,0
0,0.0,0
0,0.0,0
0,0.0,0
0,0.0,0
0,0.6943918476522887,1
0,0.0,0
0,0.0,0
0,0.0,0
0,0.0,0
0,0.0,0
0,0.0,0
0,0.0,0
0,0.0,0
0,0.0,0
0,0.0,0
0,0.0,0
0,0.0,0
0,0.00013666116860414817,0
0,0.0,0
0,2.8557728228701013e-05,0
0,0.0,0
0,0.004519259933272672,0
0,0.00022927455469421405,0
0,0.0,0
1,0.9946931020617408,1
0,0.0,0
0,0.0,0
0,0.00020313568278869205,0
0,0.0,0
0,0.0,0
0,0.0,0
1,0.9992805144288878,1
0,0.00013666116860414817,0
0,0.0,0
0,0.00024086012238703098,0
0,0.0,0
0,0.0,0
0,0.00020313568278869205,0
0,0.0,0
1,0.9992805144288878,1
0,0.0,0
0,0.011523809523809525,0
0,0.0,0
0,0.0,0
0,0.00026130872447531386,0
0,0.0,0
0,0.00048484848484848484,0
0,0.003924105217766278,0
0,0.0,0
0,0.0,0
0,0.0,0
0,0.00022927455469421405,0
0,0.0,0
0,0.0,0
1,0.9957870242602782,1
0,0.00013666116860414817,0
0,0.00020313568278869205,0
0,0.0,0
0,0.0,0
0,0.0,0
0,0.0,0
1,0.9939152439738818,1
1,0.997516955378078,1
0,0.0,0
0,0.00022927455469421405,0
0,0.010256417245922493,0
0,0.00022927455469421405,0
0,0.0,0
0,0.0,0
0,0.0,0
0,0.0,0
0,0.0,0
0,0.10814473916530572,0
0,0.0,0
0,0.004328728303223521,0
0,0.0,0
0,0.0,0
0,0.0,0
0,0.0,0
0,0.0,0
1,0.9910490323337688,1
1,0.9945740367297814,1
0,0.0,0
0,0.15150148333630953,0
0,0.00026130872447531386,0
0,0.0,0
0,0.004328728303223521,0
0,0.0,0
0,0.006870083390222213,0
0,0.004328728303223521,0
0,0.0005555555555555556,0
0,0.0,0
0,0.07679691927744778,0
0,0.0,0
0,0.0,0
0,0.0,0
0,0.0,0
0,4.0143295921517954e-05,0
0,0.00662691334114809,0
0,0.0,0
0,0.0,0
0,0.0,0
1,0.9997478970685836,1
0,0.0,0
0,0.0,0
0,0.0,0
0,0.0,0
1,0.9988193905447504,1
0,0.004328728303223521,0
0,0.004328728303223521,0
0,0.0,0
0,0.0,0
0,0.00022927455469421405,0
0,0.0,0
1,0.9972627451528323,1
0,0.0,0
0,0.0,0
0,0.0,0
0,0.0,0
0,0.0,0
0,0.0,0
0,0.0,0
0,0.00022927455469421405,0
1,0.9808505602652021,1
0,0.0,0
0,0.00024086012238703098,0
0,0.0,0
0,0.004519259933272672,0
0,0.0,0
0,0.0,0
0,0.0014820112223883687,0
0,0.0005555555555555556,0
0,0.00024086012238703098,0
0,0.00013666116860414817,0
0,0.1634544961219906,0
0,0.0,0
0,0.0,0
0,0.0,0
0,0.0005555555555555556,0
0,0.0,0
0,0.0,0
0,0.34238754843744235,0
0,0.0,0
0,0.00024086012238703098,0
0,0.0,0
0,0.0,0
0,0.005454545454545455,0
0,3.158009365131221e-05,0
0,0.004328728303223521,0
0,0.0,0
0,0.0,0
0,0.00048484848484848484,0
0,0.01287691334114809,0
0,0.008127724537301702,0
0,0.00030769387343130834,0
0,0.012010540184453229,0
1,0.9906578725719167,1
0,0.0,0
0,3.158009365131221e-05,0
0,0.0002728942921681308,0
0,0.0005622489959839357,0
1,0.9435335066215728,1
0,0.00057739993022015,0
0,0.0,0
0,0.0,0
1,0.9988193905447504,1
0,0.0,0
0,0.0,0
0,0.0,0
0,0.0,0
0,0.0,0
0,0.00024086012238703098,0
0,0.0,0
0,0.0,0
0,0.00022927455469421405,0
0,0.0,0
0,0.0,0
0,0.0,0
0,0.0009303731313298527,0
0,0.0061111111111111106,0
0,0.0014616891216103303,0
0,0.00020313568278869205,0
0,0.0,0
0,0.0,0
0,0.09943705324900612,0
0,0.0,0
0,0.6496011159830334,1
0,0.0,0
0,0.00024086012238703098,0
0,0.0,0
0,0.8321462670089745,1
0,0.08904470184179747,0
0,0.0,0
0,0.00022927455469421405,0
0,0.0,0
0,0.0,0
0,0.0,0
0,0.0,0
0,0.0,0
0,0.0,0
0,0.0,0
0,0.0,0
0,0.0,0
0,0.0,0
0,0.0,0
0,0.0,0
0,0.9598911980869752,1
0,0.0,0
0,0.0,0
0,0.00016869533838524803,0
0,0.0,0
0,0.00048484848484848484,0
1,0.9997478970685836,1
0,0.0,0
0,0.0,0
0,0.0,0
0,0.0,0
0,0.0,0
0,0.06658780172787662,0
0,0.0,0
0,0.02,0
0,0.0032151808091657715,0
0,0.00013666116860414817,0
0,0.0,0
0,0.0,0
0,0.00016869533838524803,0
0,6.059189800980085e-05,0
0,0.0,0
0,0.0,0
1,0.9907265263488244,1
0,0.0,0
0,0.0,0
0,0.0,0
0,0.0,0
0,0.0,0
0,0.0,0
0,0.0,0
0,0.0,0
0,0.0,0
0,0.0,0
0,0.0,0
0,0.0,0
0,0.0,0
0,0.0,0
0,0.0,0
0,0.0,0
0,0.0,0
0,0.0032151808091657715,0
0,0.0,0
0,0.0,0
0,3.158009365131221e-05,0
0,0.01735213005536828,0
0,0.0,0
0,0.0,0
0,0.0,0
0,0.0,0
0,0.0,0
0,0.0,0
0,0.004328728303223521,0
0,0.0,0
0,0.036059690684083566,0
0,0.03565253789131894,0
0,0.0,0
0,0.0,0
0,0.0,0
0,0.004328728303223521,0
0,0.009946160518067994,0
0,0.11626754606013266,0
0,0.0,0
0,0.0,0
1,0.8951987573806199,1
0,0.0,0
0,0.0,0
0,0.0,0
0,0.0,0
0,0.0,0
0,0.0,0
0,0.00024086012238703098,0
0,0.0,0
0,0.0,0
0,0.00020313568278869205,0
0,3.158009365131221e-05,0
0,0.0,0
0,0.0,0
1,0.9997405414883264,1
0,0.0,0
0,0.0002728942921681308,0
0,0.0,0
0,0.0,0
0,0.0,0
0,0.017864519998198467,0
0,0.0,0
0,0.0,0
0,0.0,0
0,0.0,0
0,0.0,0
0,0.0,0
0,0.11851296772268045,0
0,0.0,0
1,0.9997478970685836,1
0,0.0,0
0,0.0,0
0,0.0,0
0,0.00013666116860414817,0
0,0.3454401101337427,0
0,0.0011213573315330561,0
0,0.0,0
0,0.004328728303223521,0
1,0.9997405414883264,1
0,0.0,0
0,0.0001711015130075922,0
0,0.0,0
0,0.00041549429398657903,0
0,0.0001711015130075922,0
0,0.0,0
0,0.0,0
0,0.0,0
0,0.0,0
0,0.0,0
0,0.0005555555555555556,0
0,0.008443365151038952,0
0,0.0,0
1,0.9997405414883264,1
0,0.5275941397264832,1
0,0.0,0
0,0.004519259933272672,0
0,0.0,0
0,0.07112844206421966,0
0,0.0,0
0,0.00024086012238703098,0
0,0.0019545394067968297,0
0,0.0,0
0,0.0,0
0,0.00030769387343130834,0
0,0.0,0
0,0.0,0
0,0.0,0
0,0.6717793115570622,1
0,0.0,0
0,0.0,0
0,0.0,0
0,0.00016869533838524803,0
0,0.00030769387343130834,0
0,0.0,0
0,0.0,0
0,0.006277508392390899,0
0,0.0885869209622646,0
0,0.0,0
1,0.9937270568428318,1
0,0.518427950403191,1
0,0.0005555555555555556,0
0,0.0,0
0,0.0,0
0,0.0,0
0,0.0,0
0,0.0,0
0,0.0,0
0,0.0,0
0,0.00018621973929236498,0
0,0.0,0
0,0.00020313568278869205,0
0,0.0,0
0,0.0,0
0,0.0,0
0,0.0,0
1,0.9992883659008758,1
0,0.0,0
0,0.008127724537301702,0
0,0.0,0
0,0.0,0
0,4.0143295921517954e-05,0
0,0.0,0
0,0.0,0
0,0.00026130872447531386,0
0,0.0,0
0,0.0,0
0,0.0,0
0,0.0,0
0,0.10408307393014336,0
0,0.0,0
0,0.0,0
0,0.0,0
0,0.0,0
0,0.0,0
0,0.0,0
0,0.00030769387343130834,0
0,0.0,0
0,0.0,0
0,0.0,0
0,0.0,0
0,0.0,0
0,0.4521002211451875,0
0,0.0,0
0,0.0,0
0,0.0,0
0,0.0,0
0,0.0,0
0,0.00022927455469421405,0
0,0.0,0
0,0.0,0
0,0.0,0
0,0.0,0
0,0.0,0
0,0.0,0
0,0.0,0
0,0.0,0
0,0.0,0
0,3.158009365131221e-05,0
0,0.0,0
0,0.0,0
0,0.0,0
0,0.0,0
0,0.0,0
0,0.00026130872447531386,0
0,0.0,0
0,0.0,0
0,0.0,0
0,0.0,0
0,0.0,0
0,0.0,0
0,0.0,0
0,0.0,0
1,0.8940213375907363,1
0,0.2343952562956186,0
0,0.0,0
0,0.0,0
0,0.0,0
0,0.01744949494949495,0
0,0.0,0
0,0.0,0
0,0.0,0
0,0.0,0
0,0.0,0
0,0.006666666666666667,0
0,0.0,0
0,0.0002728942921681308,0
0,0.005643232902917264,0
0,0.0,0
0,0.0,0
0,0.0,0
0,0.0,0
0,0.0009638833359802168,0
0,0.00024086012238703098,0
0,0.008443365151038952,0
0,0.0,0
0,0.0,0
0,0.004328728303223521,0
0,0.0,0
1,0.9992766519337158,1
0,0.0,0
0,0.0,0
0,0.0,0
0,0.0,0
0,0.0,0
0,0.0005622489959839357,0
0,0.0,0
0,0.0,0
0,0.0,0
0,0.0,0
0,0.0005555555555555556,0
0,0.0,0
0,0.00022927455469421405,0
0,0.00022927455469421405,0
0,0.0,0
0,0.0,0
0,0.0,0
0,0.08751934711547138,0
0,0.0,0
0,0.0,0
0,0.0033333333333333335,0
0,0.0,0
0,0.011433566433566434,0
0,0.00018621973929236498,0
0,0.4859569065789218,0
0,0.004328728303223521,0
0,0.2731758497831447,0
0,0.0,0
0,0.0002728942921681308,0
0,0.0,0
0,0.0,0
0,0.006666666666666667,0
1,0.9353190855361542,1
0,0.0,0
0,0.0,0
0,0.0005555555555555556,0
0,0.0,0
0,0.00020313568278869205,0
0,0.0002728942921681308,0
0,0.0,0
0,0.0,0
0,0.00022927455469421405,0
0,0.0,0
0,0.0,0
0,0.0,0
0,0.0,0
0,0.00026130872447531386,0
0,0.0,0
0,0.00020313568278869205,0
0,0.00022927455469421405,0
1,0.9997475288158256,1
0,0.0,0
0,0.0,0
0,0.0,0
0,0.0,0
0,0.0,0
0,0.018697169630904568,0
0,0.0,0
0,0.0,0
0,0.0,0
0,0.0,0
0,0.0,0
0,0.0,0
0,0.0,0
0,0.2954823144471973,0
0,0.0,0
0,0.0,0
0,0.0016877637130801688,0
0,0.0,0
0,0.0,0
0,0.0,0
0,0.006666666666666667,0
0,0.0,0
0,0.00020313568278869205,0
0,0.0,0
0,0.0,0
0,0.0,0
0,0.0,0
0,0.0,0
0,0.0,0
0,0.0,0
0,0.0,0
0,0.006666666666666667,0
0,0.0,0
0,0.0,0
0,0.004328728303223521,0
0,0.00020313568278869205,0
1,0.9953647087279387,1
0,0.00026130872447531386,0
0,0.0,0
0,0.0,0
0,0.0,0
0,0.0,0
1,0.9997476002670087,1
0,0.0,0
0,0.005777777777777778,0
0,0.010868466282479021,0
0,0.00013666116860414817,0
0,0.00022927455469421405,0
0,0.0,0
0,0.1582635652937624,0
0,0.0,0
0,0.004328728303223521,0
0,0.004328728303223521,0
0,0.0,0
0,0.0,0
1,0.9996760860336974,1
0,0.21628316510953913,0
0,0.0,0
0,0.0,0
0,0.004328728303223521,0
1,0.9945151313255449,1
0,0.012299270656943468,0
0,0.0,0
0,0.004328728303223521,0
0,0.0,0
0,0.00013666116860414817,0
0,0.0,0
0,0.0,0
0,0.00041549429398657903,0
0,0.0,0
0,0.0,0
0,0.0,0
0,0.0012648192812104336,0
0,0.08203235096765282,0
0,0.004328728303223521,0
0,0.0,0
0,0.08191104583207515,0
1,0.975516547531578,1
0,0.00022927455469421405,0
0,0.0,0
0,0.0005555555555555556,0
0,0.00013666116860414817,0
0,0.0,0
0,0.06331896992378255,0
0,0.0,0
0,2.8557728228701013e-05,0
0,0.0,0
0,0.0,0
0,0.0,0
0,0.0,0
0,0.0,0
0,0.0,0
0,0.0,0
0,0.19729690872943614,0
0,0.0,0
0,0.0,0
0,0.0,0
0,0.0,0
0,0.0,0
0,0.0001711015130075922,0
0,0.005643232902917264,0
0,0.0,0
0,0.0,0
0,0.004328728303223521,0
0,0.0,0
0,0.0,0
0,0.0,0
0,0.0,0
0,0.00024086012238703098,0
0,0.0032151808091657715,0
0,0.0,0
0,0.004519259933272672,0
0,0.00024086012238703098,0
0,0.0001711015130075922,0
0,0.10370805471644286,0
0,4.8192769122696875e-05,0
0,0.0,0
0,0.0,0
0,0.0,0
0,0.0,0
0,0.0005555555555555556,0
0,0.00022927455469421405,0
0,0.00024086012238703098,0
0,0.004519259933272672,0
0,0.0,0
0,0.0,0
0,0.0,0
0,0.0002728942921681308,0
0,0.0005622489959839357,0
0,0.0003741683876158522,0
0,0.0,0
0,0.0,0
0,0.004328728303223521,0
0,0.0,0
0,3.158009365131221e-05,0
0,0.0,0
0,0.006666666666666667,0
0,0.0,0
0,0.0,0
0,0.0,0
0,0.0009638833359802168,0
0,0.07766576558969306,0
0,0.0,0
0,0.0,0
1,0.9997488015139324,1
0,0.0,0
0,0.0,0
0,0.0,0
0,0.00024086012238703098,0
0,0.0,0
0,0.00013666116860414817,0
0,0.0002728942921681308,0
0,0.0,0
0,0.00022927455469421405,0
0,0.0,0
0,0.0,0
0,0.0,0
0,0.0,0
0,0.0,0
0,0.0,0
0,0.0,0
0,0.0,0
0,0.0,0
0,0.0,0
0,0.0,0
0,0.0,0
0,0.0,0
0,0.004328728303223521,0
0,0.0,0
0,0.0,0
0,0.00024086012238703098,0
0,0.16331362399164445,0
1,0.9997488015139324,1
0,0.0,0
0,0.0,0
0,0.0,0
0,0.0,0
0,0.0,0
0,0.0,0
0,0.0,0
0,0.0,0
0,0.0003741683876158522,0
0,0.0,0
0,0.0,0
0,0.00022927455469421405,0
0,0.0,0
0,0.0,0
0,0.0,0
0,0.0,0
0,0.0,0
0,0.0,0
0,0.0,0
0,0.0,0
0,0.0,0
0,0.0,0
0,0.004328728303223521,0
0,0.0,0
0,0.0,0
0,0.0,0
0,0.00030769387343130834,0
0,0.09130539886213825,0
0,0.00022927455469421405,0
0,0.0032151808091657715,0
0,0.0,0
0,0.004328728303223521,0
0,0.0,0
0,0.0,0
0,0.0,0
0,0.0005555555555555556,0
0,0.0,0
0,0.0,0
0,0.0,0
0,0.0005555555555555556,0
0,0.0,0
0,0.006,0
0,0.0,0
0,0.00022927455469421405,0
0,0.00042707986167939594,0
0,0.0,0
0,0.006264819281210434,0
0,0.0,0
0,0.0,0
0,0.0,0
0,0.0,0
0,0.004328728303223521,0
0,0.0,0
1,0.9997405414883264,1
0,0.0002728942921681308,0
0,0.0,0
0,0.0,0
0,0.00041549429398657903,0
0,0.00022927455469421405,0
0,0.0,0
0,0.19367265725719765,0
0,0.0,0
0,0.00022927455469421405,0
0,0.0,0
0,0.00016869533838524803,0
0,0.0,0
0,0.0,0
0,0.0003741683876158522,0
0,0.0,0
0,0.0,0
0,0.0,0
0,0.0,0
1,0.9986205377310263,1
0,0.0,0
0,0.0,0
0,0.0032151808091657715,0
0,0.0,0
0,0.0,0
0,0.0,0
0,0.0,0
0,0.4044694146814866,0
0,0.0,0
0,0.0,0
0,0.0,0
1,0.9997613091006156,1
0,0.004519259933272672,0
0,0.0,0
0,0.017930408410061417,0
0,0.006666666666666667,0
0,0.0066310160427807486,0
0,0.16988921845202465,0
0,0.0,0
0,0.0,0
0,0.00030769387343130834,0
0,0.0,0
0,0.00024086012238703098,0
0,0.12845540312838657,0
0,0.005343873517786562,0
0,0.0,0
0,0.0,0
0,0.0,0
0,0.0,0
0,0.0,0
0,0.0,0
0,0.00030769387343130834,0
0,0.0,0
0,0.0,0
0,0.0,0
1,0.9992916689450569,1
0,0.0,0
0,0.0,0
0,0.0005555555555555556,0
0,0.0,0
0,0.0,0
0,0.00020313568278869205,0
0,0.0,0
0,0.0008058608058608059,0
0,0.0,0
0,4.8192769122696875e-05,0
0,0.0016666666666666668,0
0,0.0,0
1,0.8797307378049334,1
0,0.0,0
0,0.00013666116860414817,0
0,0.0,0
0,0.00057739993022015,0
0,0.0,0
0,0.0,0
0,0.0,0
0,0.0,0
0,0.0,0
0,0.0,0
0,0.0,0
0,0.0,0
0,0.0,0
0,0.0,0
0,0.0,0
0,0.0,0
0,0.0,0
0,0.0,0
0,0.0,0
1,0.9997478970685836,1
0,0.10334493419168984,0
0,0.0,0
0,0.0,0
0,0.0,0
0,0.0,0
0,0.00013666116860414817,0
0,0.0,0
0,0.0,0
0,0.0,0
0,0.00030769387343130834,0
0,0.0,0
0,0.0,0
0,0.008127724537301702,0
0,0.0,0
0,0.0,0
0,0.0,0
0,0.0008058608058608059,0
0,0.0,0
0,0.00013666116860414817,0
0,0.0,0
0,0.004519259933272672,0
0,0.0,0
0,0.00010661781010606182,0
0,0.0,0
0,0.0,0
0,0.0,0
0,0.0,0
0,0.00022927455469421405,0
0,0.0,0
0,0.00024086012238703098,0
1,0.9972380694314383,1
0,0.04933748171167532,0
0,0.0,0
0,0.02238421307294304,0
0,0.0,0
0,0.0016146337687286032,0
0,0.00020313568278869205,0
0,0.0005555555555555556,0
0,0.004328728303223521,0
0,0.0,0
0,0.0,0
0,0.00022927455469421405,0
0,0.0,0
0,0.17379270253219187,0
0,0.0002728942921681308,0
0,0.0,0
0,0.0,0
0,0.0,0
0,4.0143295921517954e-05,0
0,0.0,0
0,0.0,0
0,4.8192769122696875e-05,0
1,0.9925578647536417,1
0,0.0,0
0,0.0,0
0,0.0,0
0,0.0,0
0,0.004328728303223521,0
1,0.9989255488773416,1
0,0.0,0
0,0.00021779983294367719,0
0,0.0,0
0,0.0,0
0,0.0,0
0,0.0,0
0,0.0,0
0,0.00013666116860414817,0
0,0.0,0
0,0.12872252527586453,0
0,0.0,0
0,0.0,0
0,0.0005555555555555556,0
0,0.0,0
0,0.0,0
0,0.0,0
0,0.17826213023681922,0
0,0.07728260654483347,0
0,0.0,0
0,0.00026130872447531386,0
0,0.0,0
0,0.0004939136127236732,0
0,0.0,0
0,0.0,0
0,0.0,0
0,0.00024086012238703098,0
0,0.0,0
0,0.0,0
0,0.0,0
0,0.0,0
0,0.0,0
0,0.0,0
0,0.0,0
0,0.0,0
0,0.0011557976759365002,0
0,0.0,0
0,0.0,0
0,0.0,0
0,0.0,0
1,0.987248331133924,1
0,0.00024086012238703098,0
0,0.0003741683876158522,0
0,0.0,0
0,0.00024086012238703098,0
0,0.00013666116860414817,0
0,0.0,0
0,0.0,0
0,0.0,0
0,0.0,0
0,0.0005555555555555556,0
1,0.649229644211425,1
0,0.0,0
0,0.0,0
0,0.0,0
0,0.0,0
0,0.0,0
0,0.0,0
0,0.0,0
0,0.0,0
0,0.0,0
0,0.0,0
0,0.0,0
0,0.0005555555555555556,0
0,0.0,0
0,0.0,0
0,0.00013666116860414817,0
0,0.0,0
0,0.00022927455469421405,0
0,0.0,0
0,3.824732390855861e-05,0
0,0.0005555555555555556,0
0,0.00020313568278869205,0
0,0.0,0
0,0.0,0
0,0.0032151808091657715,0
0,0.0,0
0,0.0003741683876158522,0
0,0.0,0
1,0.9986205377310263,1
0,0.0,0
0,0.0,0
0,0.0,0
0,0.0,0
0,0.0,0
0,0.0,0
0,0.00024086012238703098,0
0,0.0,0
0,4.0143295921517954e-05,0
0,0.0,0
0,0.012299270656943468,0
0,0.0,0
0,0.0,0
0,0.00034213421783475237,0
0,7.268766831200264e-05,0
1,0.994759975447844,1
0,0.0,0
0,0.0,0
0,0.2026318557886393,0
0,0.0,0
0,0.0,0
0,0.008127724537301702,0
0,0.0,0
0,0.004328728303223521,0
0,0.004328728303223521,0
0,0.00020313568278869205,0
0,0.0002728942921681308,0
0,0.0005622489959839357,0
0,0.00022927455469421405,0
0,0.0,0
0,0.0,0
1,0.9979614549058892,1
0,0.0,0
0,0.0,0
0,0.0,0
0,0.01305312317571512,0
0,0.0,0
0,0.007407159675772541,0
0,0.0,0
0,0.008443365151038952,0
0,0.0,0
0,0.0,0
0,0.0,0
0,0.0,0
0,0.0,0
0,0.0,0
0,0.0,0
0,0.0009638833359802168,0
0,0.00022927455469421405,0
0,0.0,0
0,0.0,0
0,0.00024086012238703098,0
0,0.0,0
1,0.9971806555382668,1
0,0.0,0
0,0.0,0
0,0.0,0
0,0.0,0
0,0.0,0
0,0.006060606060606061,0
0,0.0,0
0,0.0,0
0,0.0,0
0,0.0,0
0,0.0,0
0,0.0,0
0,0.0,0
0,0.0,0
0,0.582796791957731,1
1,0.9864921867131036,1
0,0.000588985497912967,0
0,0.0,0
0,0.0,0
0,0.00024086012238703098,0
0,0.0,0
1,0.9988193905447504,1
0,0.08703295718597287,0
0,0.0,0
0,0.0,0
0,0.0,0
0,0.0,0
0,0.0,0
0,0.0,0
0,0.0,0
0,0.0,0
0,0.00022927455469421405,0
0,0.0,0
0,0.0,0
0,0.0,0
0,0.0,0
0,0.0,0
0,0.0,0
0,0.0032151808091657715,0
0,0.0,0
0,0.0,0
0,0.0014616891216103303,0
0,0.0,0
0,0.0,0
0,0.0,0
0,0.0,0
0,0.0,0
0,0.0,0
0,0.0,0
0,0.0,0
0,0.004328728303223521,0
0,0.0,0
0,0.0,0
0,0.0,0
1,0.9962378117046586,1
1,0.9989630541114275,1
0,0.0,0
0,0.0,0
0,0.0,0
0,0.0,0
0,0.00022927455469421405,0
0,0.0,0
0,0.021227272727272727,0
0,0.00022927455469421405,0
0,0.0,0
0,7.21774657026178e-05,0
0,0.0019545394067968297,0
0,0.0,0
0,0.024288974977704946,0
0,0.0,0
0,0.46199322827151934,0
0,0.0,0
0,0.008127724537301702,0
0,0.00024086012238703098,0
0,0.0,0
0,0.0,0
0,0.00042707986167939594,0
0,0.0005555555555555556,0
0,0.0002728942921681308,0
0,0.0,0
0,0.0,0
1,0.9997478970685836,1
0,0.0,0
0,0.0,0
0,0.0,0
0,0.0,0
0,0.0,0
0,0.0,0
0,0.00022927455469421405,0
0,0.0,0
0,0.00020313568278869205,0
0,0.0,0
0,0.0,0
0,0.0,0
0,0.0,0
0,0.0,0
0,0.05777560272765189,0
0,0.0,0
0,0.0,0
0,0.0,0
0,0.0,0
0,0.0,0
1,0.9887521570899611,1
0,0.0,0
0,0.0,0
0,0.00013666116860414817,0
0,0.00013666116860414817,0
0,0.0,0
0,0.0,0
0,0.0,0
0,0.0,0
0,0.0,0
0,0.0,0
0,0.00013666116860414817,0
0,0.0,0
0,0.0005555555555555556,0
0,0.0,0
0,0.0,0
0,0.0064026402640264025,0
0,0.0549508974221784,0
0,0.12120503181337018,0
0,0.0,0
0,0.0,0
0,0.0005622489959839357,0
0,0.00021779983294367719,0
0,0.0,0
0,0.0,0
0,0.011185926599939338,0
0,0.0,0
0,0.00034213421783475237,0
0,0.0,0
0,0.0,0
0,0.0,0
0,0.0,0
0,0.0,0
0,0.0,0
0,0.0,0
0,0.0,0
0,0.0,0
1,0.9996495855667249,1
1,0.998035241483156,1
0,0.0,0
0,0.07555652977631343,0
0,0.0,0
0,0.00022927455469421405,0
0,0.0,0
0,0.12049179724650629,0
1,0.9997093452419595,1
0,2.8557728228701013e-05,0
0,0.0032151808091657715,0
0,0.0,0
0,0.0008631280257590964,0
0,0.00020313568278869205,0
0,0.0,0
1,0.9488366340715372,1
0,0.0012648192812104336,0
0,0.012834429824561405,0
0,0.0,0
0,0.00030769387343130834,0
0,0.00013666116860414817,0
0,0.0,0
0,0.0,0
0,0.0,0
0,0.0,0
0,0.006298192769122697,0
0,0.0,0
0,0.0,0
0,0.0,0
0,0.0,0
0,0.08436599412094573,0
0,0.0,0
0,0.004328728303223521,0
0,0.0,0
0,0.0,0
0,0.00024086012238703098,0
0,0.0,0
0,7.268766831200264e-05,0
0,0.0,0
0,0.0,0
0,0.0,0
0,0.0005555555555555556,0
0,0.0,0
0,0.004328728303223521,0
0,0.0,0
0,0.0009638833359802168,0
0,0.094184716006154,0
0,0.0011213573315330561,0
0,0.0,0
0,0.0,0
0,0.0,0
0,0.0,0
0,0.0,0
0,0.005643232902917264,0
0,0.0,0
0,0.0,0
0,0.004328728303223521,0
0,0.0,0
0,0.0,0
0,0.0,0
0,0.0,0
0,0.0,0
0,0.0,0
0,0.0,0
0,0.0,0
0,0.010888888888888889,0
0,0.0005555555555555556,0
0,0.0,0
0,0.0,0
0,0.0,0
0,0.00022927455469421405,0
0,0.0,0
0,0.0,0
0,0.0,0
0,0.004328728303223521,0
0,0.00013666116860414817,0
0,0.004328728303223521,0
0,0.0,0
0,0.00022927455469421405,0
0,0.5117142272775778,1
0,0.0,0
0,0.0,0
0,0.0002728942921681308,0
0,0.0,0
0,0.0,0
0,0.0,0
0,0.0,0
0,0.00024086012238703098,0
0,0.00024086012238703098,0
0,0.0,0
0,0.0,0
0,0.004328728303223521,0
0,0.0,0
0,0.0,0
1,0.9992821958076183,1
0,0.00013666116860414817,0
0,0.0,0
0,0.006666666666666667,0
0,0.0,0
0,0.0,0
0,0.0,0
0,0.0,0
0,0.0,0
0,0.0,0
0,0.004328728303223521,0
0,0.0,0
0,0.0,0
0,0.004328728303223521,0
0,0.0,0
0,0.011946637463028615,0
0,0.0,0
0,0.0,0
0,0.0,0
1,0.9556804625093637,1
0,0.0,0
0,0.0,0
0,0.0,0
0,0.00013666116860414817,0
0,0.1573496578780716,0
0,0.0,0
0,0.1521220402107669,0
0,0.0,0
0,0.0,0
0,0.00024086012238703098,0
0,0.0,0
0,0.0,0
0,0.00024086012238703098,0
0,0.0,0
0,0.0,0
0,0.004328728303223521,0
0,0.0,0
0,0.0,0
1,0.9997405414883264,1
0,0.0,0
1,0.9997397607833786,1
0,0.0,0
0,0.0,0
0,0.0,0
1,0.9980729113924495,1
0,0.0,0
0,0.0,0
0,0.0,0
0,0.0,0
0,0.00024086012238703098,0
0,0.0,0
0,0.00010472183809310246,0
0,0.0,0
0,0.0,0
0,0.0,0
0,0.0,0
0,0.0,0
0,0.0,0
0,0.00024086012238703098,0
0,0.0,0
0,0.00026130872447531386,0
0,0.0,0
0,0.0,0
0,0.00024086012238703098,0
0,0.00024086012238703098,0
0,0.05414229131250315,0
0,0.0,0
0,0.0,0
0,0.0,0
0,0.0,0
0,0.0,0
0,0.0,0
0,0.005666666666666666,0
0,0.00020313568278869205,0
0,0.0,0
0,0.0,0
0,0.004328728303223521,0
0,0.006571403752605976,0
0,0.006666666666666667,0
0,0.0,0
0,0.0,0
0,0.0,0
0,0.0,0
0,0.015110031817705618,0
0,0.0,0
0,0.0,0
0,0.0,0
0,0.0,0
0,0.0,0
0,0.0,0
0,0.0,0
0,0.0,0
0,0.0,0
0,0.011555555555555557,0
0,0.0,0
0,0.00022927455469421405,0
0,0.0,0
0,0.0,0
0,0.0,0
0,0.0,0
0,0.00020313568278869205,0
0,0.0009638833359802168,0
0,0.0,0
0,0.0,0
0,0.0,0
0,0.0,0
0,0.0,0
0,0.0,0
1,0.9983306933196815,1
0,0.00016869533838524803,0
0,0.0,0
0,0.00013666116860414817,0
0,0.0,0
0,0.005643232902917264,0
0,0.0,0
0,0.0,0
0,0.0,0
0,0.16184522152386877,0
1,0.874522101637707,1
0,0.004328728303223521,0
0,0.0011213573315330561,0
0,0.0,0
0,0.0,0
0,0.0,0
0,0.0,0
0,0.0009638833359802168,0
0,0.0,0
0,0.0,0
0,0.0,0
0,0.013155067155067156,0
0,0.0,0
0,0.0,0
0,0.0,0
0,0.0005555555555555556,0
0,0.0,0
0,0.0,0
0,0.0,0
0,0.0,0
0,0.0,0
0,0.0005555555555555556,0
0,0.0,0
0,0.0,0
0,0.0,0
0,0.13779074520979817,0
0,0.0,0
0,0.0,0
0,0.004328728303223521,0
0,0.0,0
0,0.005643232902917264,0
0,0.0,0
0,0.0,0
0,0.006485928686885407,0
0,0.0,0
0,0.0,0
0,0.0,0
0,0.0,0
0,0.0,0
0,0.0,0
0,0.0,0
0,0.0,0
0,0.00013666116860414817,0
0,0.0,0
0,0.0,0
0,0.00013666116860414817,0
0,0.0,0
0,0.0,0
0,0.0,0
0,0.0005555555555555556,0
0,0.008127724537301702,0
0,0.0,0
0,0.0,0
0,0.0002728942921681308,0
0,0.0,0
0,0.0,0
0,2.8557728228701013e-05,0
0,0.0,0
0,0.0,0
0,0.004328728303223521,0
0,0.004328728303223521,0
0,0.006571403752605976,0
0,0.0,0
0,0.0,0
0,0.006264819281210434,0
0,0.0,0
0,0.00016869533838524803,0
0,0.0,0
1,0.999701958373344,1
0,0.0,0
0,0.00024086012238703098,0
0,0.0,0
0,0.0,0
0,0.00042707986167939594,0
0,0.0,0
0,0.0,0
0,0.00013666116860414817,0
0,0.0,0
0,0.0,0
0,0.0,0
0,0.0,0
0,0.01282051282051282,0
0,0.0,0
0,0.0,0
0,0.0,0
0,0.004328728303223521,0
0,0.2588606753426945,0
0,0.0,0
0,0.0,0
0,0.0,0
0,0.0,0
0,0.0,0
0,0.0,0
0,0.0,0
0,0.00020313568278869205,0
0,0.0,0
0,0.00022927455469421405,0
0,0.0,0
0,0.004328728303223521,0
0,0.00020313568278869205,0
0,0.0,0
0,0.00307843137254902,0
0,0.00024086012238703098,0
0,0.0,0
0,0.2646202284290767,0
0,0.0,0
0,0.0002728942921681308,0
0,0.0,0
0,0.006571403752605976,0
0,0.13271925202827684,0
0,0.0,0
0,0.0,0
0,0.00020313568278869205,0
0,0.004328728303223521,0
0,0.0,0
0,0.00020313568278869205,0
0,0.0,0
0,0.0,0
0,0.0,0
0,0.0,0
1,0.9982447379351362,1
0,0.0,0
0,0.0002728942921681308,0
0,0.00013666116860414817,0
0,0.00022927455469421405,0
0,0.0,0
0,0.0,0
0,0.0,0
0,0.0,0
0,0.0005555555555555556,0
0,0.27093578954549774,0
0,0.0,0
0,0.01175925925925926,0
0,0.00024086012238703098,0
0,0.0,0
0,0.14908270208341642,0
0,0.0,0
0,0.0,0
0,0.0,0
0,0.0,0
0,0.00010472183809310246,0
0,0.0,0
0,0.0,0
0,0.0,0
0,0.0,0
0,0.0,0
0,0.36083588954577406,0
0,0.0,0
0,0.0,0
0,0.00022927455469421405,0
0,0.0,0
0,0.0,0
0,0.00022927455469421405,0
0,0.0,0
0,0.0,0
0,0.0,0
1,0.9892603660341168,1
0,0.0,0
0,0.0,0
0,0.00021779983294367719,0
0,0.0001711015130075922,0
1,0.998632268896887,1
0,0.006666666666666667,0
0,0.00307843137254902,0
0,0.0,0
1,0.8162799988969942,1
0,0.004519259933272672,0
0,0.0,0
0,0.0,0
0,0.0,0
0,0.004328728303223521,0
0,0.0,0
1,0.9995708207148452,1
0,0.0,0
0,0.0,0
0,0.0,0
0,0.0,0
0,0.00022927455469421405,0
0,0.00020313568278869205,0
0,0.0005555555555555556,0
0,0.00037037037037037035,0
0,0.0,0
0,0.0,0
0,0.0,0
0,0.00022927455469421405,0
0,0.0,0
0,0.00048484848484848484,0
0,0.0,0
0,0.0,0
0,0.0,0
0,0.0,0
0,0.0,0
0,0.0,0
0,0.0,0
1,0.9745549106876316,1
0,0.0,0
0,0.0,0
0,0.010256417245922493,0
0,0.0,0
0,0.0,0
0,0.0,0
0,0.00013666116860414817,0
0,0.0,0
0,0.008127724537301702,0
0,0.00048484848484848484,0
0,0.0016536034615666135,0
1,0.9969101494981449,1
0,0.0,0
0,0.0,0
0,0.02319299465254779,0
0,0.0,0
0,0.00022927455469421405,0
0,0.0002728942921681308,0
0,0.0,0
0,0.0,0
0,0.0,0
0,0.0,0
0,0.0,0
0,0.0,0
1,0.9986213861717984,1
0,0.0012648192812104336,0
0,0.0032151808091657715,0
0,0.0,0
0,0.0,0
0,8.703220191470844e-05,0
0,0.00022927455469421405,0
0,0.0,0
0,0.0,0
0,0.0,0
0,0.0005555555555555556,0
0,0.00022927455469421405,0
0,0.1639561068167727,0
0,0.00024086012238703098,0
0,0.0,0
0,0.0,0
0,0.0,0
0,0.0,0
0,0.06878898701532853,0
0,0.0,0
0,0.0,0
0,0.0,0
0,0.0001711015130075922,0
0,0.0,0
0,0.0001711015130075922,0
0,0.00011660393109849997,0
0,0.00024086012238703098,0
0,0.0,0
0,0.008443365151038952,0
0,0.0,0
0,0.0,0
0,0.0,0
0,0.00024086012238703098,0
0,0.0,0
0,0.00022927455469421405,0
0,0.0,0
0,0.00013666116860414817,0
0,0.006060606060606061,0
0,0.0,0
0,0.0,0
0,0.0,0
0,0.0,0
0,2.8557728228701013e-05,0
0,0.0,0
0,0.0,0
0,0.00018621973929236498,0
0,0.0,0
0,0.00034213421783475237,0
0,0.0,0
0,0.0,0
0,0.0,0
0,0.006666666666666667,0
0,0.0,0
0,0.33509677326465026,0
0,0.0,0
0,0.0,0
0,0.0,0
0,0.0002728942921681308,0
0,0.004519259933272672,0
0,0.0,0
0,0.2774828193022391,0
0,0.0001711015130075922,0
0,0.00022927455469421405,0
0,0.0,0
0,0.16914302290092287,0
0,0.00020313568278869205,0
0,0.0,0
0,0.0,0
0,0.0,0
0,0.0,0
0,0.00020313568278869205,0
0,0.0,0
0,0.0,0
0,0.0,0
0,0.18121685595256495,0
0,0.0,0
0,0.00024086012238703098,0
0,0.0,0
0,0.006666666666666667,0
0,0.0,0
0,0.18948965768661327,0
0,0.0,0
0,0.0,0
0,0.0,0
0,0.0,0
1,0.9997405414883264,1
0,0.0,0
0,0.0,0
0,0.0984304383632254,0
1,0.9536681863009071,1
0,0.0,0
0,4.8192769122696875e-05,0
0,0.0,0
0,0.0,0
0,0.00020313568278869205,0
0,0.0,0
0,0.0,0
0,0.0,0
0,0.0,0
0,0.00024086012238703098,0
0,0.0,0
0,0.0,0
0,0.04611111111111111,0
0,0.0,0
0,0.0003741683876158522,0
0,0.0,0
0,0.006759358288770054,0
0,0.0,0
0,0.0005555555555555556,0
0,0.0,0
0,0.004328728303223521,0
0,0.00013666116860414817,0
0,0.0,0
0,0.00013666116860414817,0
0,0.0,0
0,0.00057739993022015,0
0,0.0,0
0,0.0,0
0,0.00024086012238703098,0
0,0.0,0
0,0.008127724537301702,0
0,0.0,0
0,0.0,0
0,0.0005555555555555556,0
0,0.0,0
0,0.0,0
0,0.0009638833359802168,0
0,0.0,0
0,0.0,0
0,0.0,0
0,0.0,0
0,0.008443365151038952,0
0,2.8557728228701013e-05,0
0,0.18965364397275175,0
0,0.00022927455469421405,0
0,0.06894655806273488,0
0,0.07493566942803755,0
0,0.0,0
0,0.0,0
0,0.0,0
0,0.0,0
0,0.00024086012238703098,0
0,0.03775658893779116,0
0,2.8557728228701013e-05,0
0,0.0,0
0,0.00024086012238703098,0
0,0.0,0
0,0.0,0
0,0.0011213573315330561,0
0,0.00020313568278869205,0
0,0.0,0
0,0.0,0
0,0.0,0
0,0.0,0
0,0.0,0
0,0.00013666116860414817,0
0,0.0,0
0,0.34105328304415866,0
0,0.0,0
0,0.0,0
0,0.0,0
0,0.0,0
0,0.0,0
0,0.00022927455469421405,0
0,0.0,0
0,0.00016869533838524803,0
0,0.0,0
0,0.0,0
0,0.0,0
0,0.0,0
0,0.00022927455469421405,0
0,0.0003741683876158522,0
0,0.0,0
0,0.0,0
0,0.0,0
0,0.0,0
0,0.0,0
0,0.0,0
0,0.0,0
0,0.00015015015015015014,0
0,0.0,0
0,0.0,0
0,0.0,0
0,0.03319399328428642,0
0,0.004328728303223521,0
0,0.0,0
1,0.8003906939125633,1
0,0.0,0
0,0.004328728303223521,0
0,0.0,0
0,0.0,0
0,0.0,0
0,0.00057739993022015,0
0,0.0,0
0,0.0,0
0,0.0032151808091657715,0
0,0.0,0
0,0.0,0
0,0.0,0
0,0.00030769387343130834,0
0,0.0,0
0,0.0,0
0,0.0014222932767632725,0
0,0.24751347968173074,0
0,0.004328728303223521,0
0,0.0,0
0,0.0,0
0,0.0,0
0,0.0,0
0,0.00013666116860414817,0
0,0.01735213005536828,0
0,0.0,0
0,0.004328728303223521,0
0,0.0,0
0,0.0,0
0,0.0,0
0,0.0,0
0,0.00041549429398657903,0
0,0.5860150599695889,1
0,0.0,0
0,0.0,0
0,0.0,0
0,0.0,0
0,0.0,0
0,0.0,0
0,0.0,0
0,0.023831908831908832,0
0,0.004328728303223521,0
0,0.0,0
0,0.004328728303223521,0
0,0.0,0
0,0.0,0
0,0.0,0
0,0.0,0
0,0.0010735834559765717,0
0,7.21774657026178e-05,0
0,0.0,0
0,0.0,0
0,0.0,0
0,0.0,0
0,0.0001711015130075922,0
0,0.0,0
0,0.0,0
0,0.0,0
0,0.00024086012238703098,0
0,0.004328728303223521,0
0,0.0,0
0,0.00022927455469421405,0
0,0.0,0
0,0.0005555555555555556,0
0,0.010496491461118258,0
0,0.0,0
0,7.4583640324962e-05,0
0,0.005343873517786562,0
0,0.0,0
0,0.0,0
0,0.0,0
0,0.00042707986167939594,0
0,0.00020313568278869205,0
0,0.0,0
0,0.0,0
0,0.0,0
1,0.7497099952602158,1
0,0.0,0
0,0.0,0
0,0.0,0
0,0.0,0
0,0.0,0
0,0.0,0
0,0.0,0
0,0.0,0
0,0.0,0
0,0.0,0
0,0.0,0
0,0.0,0
0,0.0,0
0,0.0,0
0,0.0,0
0,0.0,0
0,0.012299270656943468,0
0,0.0,0
0,0.0,0
0,0.0,0
0,0.0003741683876158522,0
0,0.0,0
0,0.005343873517786562,0
0,0.0,0
0,0.0,0
1,0.8590109429019182,1
0,0.0,0
0,0.0,0
0,0.0012648192812104336,0
0,0.44635294811711135,0
0,0.0,0
0,0.00024086012238703098,0
1,0.999758882210675,1
0,0.0,0
0,0.0,0
0,0.0,0
0,0.0,0
0,0.0,0
0,0.0,0
0,0.0,0
0,0.0882298379914301,0
0,0.004519259933272672,0
0,0.006419753086419753,0
1,0.9992622690554184,1
0,0.017622308311038278,0
0,0.0,0
0,0.0,0
0,0.0,0
0,0.0,0
0,0.00022927455469421405,0
0,0.0,0
0,0.0,0
0,0.0,0
0,0.0,0
0,0.00013666116860414817,0
0,0.0016536034615666135,0
0,0.0,0
0,0.0,0
0,3.158009365131221e-05,0
0,0.0,0
0,0.0,0
0,0.00307843137254902,0
0,0.0,0
0,0.0,0
0,0.0,0
0,0.0,0
0,0.0,0
0,0.0,0
1,0.9995708207148452,1
0,0.00022927455469421405,0
0,0.0,0
0,0.0,0
0,0.0,0
0,0.0,0
0,0.0,0
0,0.001395374155792654,0
0,0.0,0
0,0.0,0
0,0.0,0
1,0.9972394788562113,1
0,0.0,0
0,0.0008631280257590964,0
0,0.0,0
0,0.0,0
0,0.0032151808091657715,0
0,0.0,0
0,4.8192769122696875e-05,0
0,0.0,0
0,0.0904730505212862,0
0,0.00024086012238703098,0
0,0.0,0
0,0.036752735282147043,0
0,0.0,0
0,0.0,0
0,0.0,0
0,0.00024086012238703098,0
0,0.07683439434184695,0
1,0.9997478970685836,1
0,0.0,0
0,0.00024086012238703098,0
0,0.0,0
0,0.0,0
0,0.0,0
0,0.0,0
0,0.0,0
0,0.0,0
0,0.0,0
0,0.004328728303223521,0
0,0.00020313568278869205,0
0,0.0005555555555555556,0
0,0.0,0
0,0.0,0
0,0.0,0
0,0.0,0
0,0.0,0
0,0.0,0
0,0.00020313568278869205,0
0,0.0,0
0,0.0,0
0,0.0,0
0,0.0,0
0,0.0,0
0,0.0,0
0,0.005397676496872207,0
0,0.0,0
0,0.0,0
0,0.0,0
0,0.0,0
0,0.0,0
0,0.0,0
0,0.0,0
0,0.0,0
0,0.0,0
0,0.17824478484050715,0
0,0.0,0
0,0.00016869533838524803,0
0,0.00013666116860414817,0
0,0.0,0
0,0.0,0
0,0.0,0
0,0.008960784313725491,0
0,0.0,0
0,0.0,0
0,0.0,0
0,0.0,0
0,0.0,0
0,0.0,0
0,0.0,0
0,0.0,0
0,0.0,0
0,0.0,0
0,0.0005555555555555556,0
0,8.703220191470844e-05,0
0,0.0,0
0,0.0,0
0,0.0,0
0,0.0,0
0,0.0,0
0,0.0,0
0,0.0016666666666666668,0
0,0.0005555555555555556,0
1,0.9977984734964152,1
0,0.0,0
0,0.004328728303223521,0
0,0.0,0
0,0.0,0
0,0.0,0
0,0.10123674265431643,0
0,0.0,0
0,0.0,0
0,0.004328728303223521,0
0,0.0,0
0,0.00024086012238703098,0
0,0.00024086012238703098,0
0,0.0,0
0,0.0,0
0,0.0,0
0,0.0,0
0,0.00018621973929236498,0
0,0.0,0
0,0.0,0
0,0.0,0
0,0.0,0
0,0.0,0
0,0.00018621973929236498,0
0,0.0,0
0,0.0,0
0,0.00024086012238703098,0
0,0.0,0
0,0.00013666116860414817,0
0,0.00020313568278869205,0
0,0.09529598806283754,0
0,0.0008058608058608059,0
0,0.0,0
0,0.0005283539571271173,0
0,0.0,0
0,0.0,0
0,0.0,0
0,0.0,0
0,0.07052324150289453,0
0,0.0,0
0,0.0,0
0,0.0,0
0,0.008773172747667965,0
0,0.0,0
0,0.00022927455469421405,0
0,0.0,0
0,0.0,0
0,0.0,0
0,0.0,0
0,0.0,0
0,0.0,0
0,0.0,0
0,0.00024086012238703098,0
0,0.32738588656279544,0
0,0.0,0
0,0.00037037037037037035,0
0,0.0005555555555555556,0
0,0.0,0
0,0.0,0
0,0.0,0
1,0.9995708207148452,1
0,0.0,0
0,0.0,0
0,0.0,0
0,0.0,0
0,0.0,0
0,0.0,0
0,0.0,0
0,0.0,0
0,0.00013666116860414817,0
0,0.008127724537301702,0
0,0.0010823876386950458,0
0,0.0,0
0,0.0012648192812104336,0
1,0.8692082250846388,1
0,0.00013666116860414817,0
0,0.006341880341880342,0
0,0.0,0
0,0.0005565901096627353,0
0,0.00026130872447531386,0
0,0.00026130872447531386,0
0,0.0,0
0,0.0,0
0,0.0,0
0,0.0,0
0,0.0,0
0,0.00016869533838524803,0
0,0.0,0
0,0.0,0
0,0.0010823876386950458,0
0,0.0,0
0,0.00020313568278869205,0
0,0.0,0
0,0.0,0
0,0.00022927455469421405,0
0,0.0,0
1,0.9988193905447504,1
0,0.00024086012238703098,0
0,0.0,0
0,0.0,0
0,0.0,0
0,0.00022927455469421405,0
0,0.0,0
0,0.0,0
0,0.0005555555555555556,0
0,0.005454545454545455,0
0,0.0,0
0,0.0,0
0,0.0,0
1,0.9209036461273761,1
0,0.0,0
0,0.010256417245922493,0
0,0.0,0
0,0.00020313568278869205,0
0,0.0001711015130075922,0
0,0.0,0
0,0.0,0
0,0.0,0
0,0.0,0
0,0.0,0
0,0.0,0
0,0.0,0
0,0.00022927455469421405,0
0,0.0,0
0,0.0,0
0,0.0,0
1,0.7030798407771643,1
1,0.9997405414883264,1
0,0.0002728942921681308,0
0,0.0,0
0,0.0,0
0,0.0,0
0,0.0,0
0,0.2618816969314842,0
0,0.0,0
0,0.0,0
0,0.0012648192812104336,0
0,0.0,0
0,0.0,0
0,0.0,0
0,0.0,0
0,0.00013666116860414817,0
0,0.0,0
0,0.00020313568278869205,0
0,0.0,0
0,0.0,0
0,0.00022927455469421405,0
1,0.9911271624179934,1
0,0.0,0
0,0.0,0
0,0.0,0
0,0.0,0
0,0.0,0
0,0.0,0
0,0.0,0
0,0.10023831516149691,0
0,3.158009365131221e-05,0
0,0.0,0
0,0.0,0
0,0.0,0
0,0.0,0
0,0.008443365151038952,0
0,0.0,0
0,0.31420982256993113,0
1,0.8174164275532761,1
0,0.0010735834559765717,0
0,0.14396668496633838,0
0,0.00024086012238703098,0
0,0.0,0
0,0.00015015015015015014,0
0,0.018854925422397324,0
0,0.0,0
0,0.0,0
0,0.0,0
0,0.0,0
0,0.0,0
1,0.9997476002670087,1
0,8.703220191470844e-05,0
0,0.0,0
0,0.0,0
0,0.0,0
0,0.0009638833359802168,0
0,0.0,0
0,0.0,0
0,0.0,0
0,0.0,0
0,0.0,0
0,0.0,0
0,0.00024086012238703098,0
0,0.0,0
0,0.0,0
0,0.00022927455469421405,0
0,0.0,0
0,0.0,0
0,0.0,0
0,0.0,0
0,0.0,0
0,0.0,0
0,0.0,0
0,0.0,0
0,0.0,0
0,0.0,0
0,0.0,0
1,0.9996131609524674,1
0,0.0,0
1,0.9988193905447504,1
0,0.0,0
0,0.00013666116860414817,0
0,0.0,0
0,0.004328728303223521,0
0,0.0,0
0,0.0,0
0,0.0,0
0,0.0,0
0,0.00307843137254902,0
0,7.268766831200264e-05,0
0,0.0032151808091657715,0
0,0.00013666116860414817,0
0,0.0,0
0,0.0,0
0,0.0,0
0,0.0,0
0,0.0,0
1,0.9974821068214133,1
0,0.0,0
0,0.0,0
0,0.0,0
0,0.0,0
0,0.0,0
0,0.006060606060606061,0
0,0.007109483494650744,0
0,0.0,0
0,0.0,0
0,0.4791595319182172,0
0,0.0,0
0,0.0005622489959839357,0
0,0.0,0
0,0.0,0
0,0.0,0
0,0.0,0
0,0.0,0
0,0.0,0
0,0.004519259933272672,0
1,0.6561088185671542,1
0,0.0,0
0,0.0,0
0,0.0005622489959839357,0
0,0.0,0
0,0.0,0
0,0.0,0
1,0.999701958373344,1
0,0.0005622489959839357,0
0,0.0,0
0,0.0,0
0,0.00013666116860414817,0
0,0.0,0
0,0.0,0
0,0.0,0
1,0.9811951009568937,1
0,0.006342134217834752,0
0,0.0,0
1,0.9907488333434554,1
0,0.00030769387343130834,0
0,0.0,0
0,0.0,0
0,0.0,0
0,0.0,0
1,0.9992766515589464,1
0,0.005333333333333334,0
0,0.0,0
0,0.0,0
0,0.0,0
0,0.0,0
0,0.0,0
0,0.0,0
0,0.00041549429398657903,0
0,0.0,0
1,0.9997478970685836,1
0,0.0,0
0,0.0,0
0,0.00013666116860414817,0
0,0.2846376754996166,0
0,0.0,0
0,0.0,0
0,0.0,0
0,0.0,0
0,0.0,0
0,0.0,0
1,0.9980776436102577,1
0,0.0,0
0,0.0,0
0,0.004328728303223521,0
0,0.0,0
0,0.0,0
0,0.0,0
0,0.00024086012238703098,0
0,0.0,0
1,0.9671450889037115,1
0,0.3655241851511207,0
0,0.0,0
0,0.0,0
0,0.0,0
0,0.0,0
0,0.0,0
0,0.0,0
0,0.019259259259259257,0
0,0.0,0
0,0.0,0
0,0.005643232902917264,0
1,0.9962378117046586,1
0,0.0,0
0,0.0,0
0,0.0,0
1,0.9886138446368328,1
0,0.008127724537301702,0
0,0.0,0
0,0.0,0
0,0.0,0
0,0.0,0
0,0.004328728303223521,0
0,0.004328728303223521,0
0,0.0,0
0,0.0,0
0,0.005643232902917264,0
0,0.0,0
0,0.0011557976759365002,0
0,0.0002728942921681308,0
0,0.0,0
0,0.0,0
0,0.000588985497912967,0
0,0.0,0
0,0.0003741683876158522,0
0,0.0,0
1,0.9995708207148452,1
0,0.0,0
0,0.4556385486717686,0
0,0.3227942771917742,0
0,0.0,0
0,0.0,0
0,0.0,0
0,0.0,0
0,0.00013666116860414817,0
0,0.0,0
0,0.0,0
0,0.0,0
0,0.0,0
0,0.0,0
0,0.0,0
0,0.0,0
0,0.0,0
0,0.0,0
0,0.0,0
0,0.0,0
0,0.0,0
0,0.0,0
0,0.0,0
0,0.0,0
0,0.0,0
0,0.00024086012238703098,0
0,0.0,0
0,0.004328728303223521,0
0,0.004328728303223521,0
0,0.0032151808091657715,0
0,0.03290210766529071,0
0,0.004328728303223521,0
0,0.0,0
0,0.0,0
1,0.9835868172559297,1
0,4.8192769122696875e-05,0
0,0.0,0
0,0.0016877637130801688,0
0,0.0,0
0,0.16333513959923618,0
0,0.0,0
0,0.0,0
0,0.0,0
0,0.011566951566951568,0
0,0.0001711015130075922,0
0,0.0,0
0,0.0,0
0,0.00026130872447531386,0
0,0.0,0
0,0.00037037037037037035,0
0,8.703220191470844e-05,0
0,0.0,0
0,0.0,0
0,0.0,0
1,0.9997405414883264,1
0,0.0,0
0,0.0,0
0,0.0,0
0,0.0,0
0,0.0002728942921681308,0
0,0.0,0
0,0.0002728942921681308,0
0,0.0,0
0,0.004519259933272672,0
0,0.0,0
0,0.006222222222222223,0
0,0.0,0
0,0.0,0
0,0.0,0
0,0.00024086012238703098,0
0,0.00048484848484848484,0
0,0.00037037037037037035,0
0,0.0,0
0,0.005998613594237929,0
0,0.0,0
0,0.0,0
0,0.0,0
0,0.0002728942921681308,0
0,0.0,0
0,0.0,0
0,0.0,0
1,0.9969106398081425,1
0,0.0,0
0,0.0,0
0,0.0,0
0,0.0,0
0,0.004328728303223521,0
0,0.0,0
0,0.0,0
1,0.9997528420351368,1
0,0.0,0
0,0.0,0
0,0.0,0
0,0.00015015015015015014,0
0,0.006666666666666667,0
0,0.0,0
0,0.00018621973929236498,0
0,0.017330447330447328,0
0,0.006222222222222223,0
0,0.0,0
0,0.0,0
0,0.0,0
0,0.08350899728616727,0
0,0.0,0
0,0.0,0
0,0.05482876614149961,0
0,0.0,0
0,0.0,0
0,0.00013666116860414817,0
0,0.004328728303223521,0
0,0.0,0
0,0.004328728303223521,0
0,0.0,0
0,0.0011213573315330561,0
0,0.0,0
0,0.0,0
0,0.0,0
0,0.0,0
0,0.0,0
0,0.0,0
0,0.0,0
0,0.3341809785188736,0
0,0.005,0
1,0.9958702982066537,1
0,0.0,0
0,0.0,0
0,0.04617805493133435,0
0,0.0,0
0,0.0,0
0,0.0,0
0,0.00042707986167939594,0
0,0.20342447615671977,0
0,0.0,0
0,0.0,0
0,0.0016536034615666135,0
0,0.0,0
0,0.0,0
0,0.00016869533838524803,0
0,0.00034213421783475237,0
0,0.0,0
0,0.0,0
0,0.0,0
0,0.0,0
0,0.0,0
0,0.0,0
0,0.0,0
0,0.006321914785081375,0
0,0.0,0
0,0.0,0
0,0.0,0
0,0.0,0
0,0.0,0
0,0.0,0
0,0.0,0
0,0.0,0
