y_true,fraud_probability,prediction_at_0_50
0,3.847701268207945e-06,0
0,0.0633337332538327,0
0,0.0016508656463338502,0
0,0.009854108678063028,0
1,0.9898830665321695,1
0,0.01596227630517567,0
0,6.131380884881022e-06,0
0,0.012478352791438578,0
0,1.0194186514466402e-11,0
0,0.000978348103851761,0
0,7.412544567348408e-05,0
0,0.0007176994008079445,0
0,3.4622632649229103e-12,0
0,1.9674644870170734e-15,0
0,0.006745078861782353,0
0,1.0410976600839469e-10,0
0,0.0022716860018462647,0
0,8.168436060718159e-06,0
0,0.0014796832071967032,0
0,4.332583948494235e-06,0
0,1.7830475917909932e-15,0
0,0.011746947150163608,0
0,9.900198835743066e-16,0
0,3.299184395596487e-06,0
0,0.018860854317984906,0
0,0.024271409916928697,0
0,7.414694074472116e-12,0
0,4.307165427183943e-05,0
0,0.006489395824586025,0
0,0.014532479511703096,0
0,8.559386874911927e-06,0
0,0.05041669747028838,0
0,6.381137738299833e-16,0
0,1.0324533029208585e-15,0
0,0.006251674866643153,0
0,5.788160238195865e-06,0
0,1.945358308974446e-07,0
1,0.9817163946524071,1
0,1.4770913846594656e-06,0
0,0.0022194274825154806,0
0,0.00046888695233531695,0
0,1.564802778304321e-11,0
0,2.809821887098604e-05,0
0,0.0013883187275831991,0
0,0.044162342056369035,0
0,6.396249263293775e-06,0
0,1.3706320407407378e-09,0
0,1.206877545357059e-06,0
0,0.024185919625370686,0
0,1.7062007853020036e-15,0
0,3.6885122418623756e-16,0
0,4.0510270988698086e-16,0
1,0.9999888947910901,1
0,0.000797938829253106,0
0,2.2633394641483816e-12,0
1,0.9994829041701201,1
0,0.0009747809278555234,0
1,0.9999999969126374,1
1,0.9094792329751263,1
0,0.0030717184948915325,0
0,7.50351118463718e-12,0
0,2.509805618671383e-12,0
0,0.0005076806058242837,0
0,0.00044934652102889797,0
0,5.790098962961852e-05,0
0,1.4898349791940342e-11,0
0,0.8720058032131556,1
0,4.313359379021636e-06,0
0,0.0005730481699332729,0
0,1.0260974756516786e-07,0
0,9.64096431270052e-16,0
0,3.5222332890357144e-12,0
0,5.628586047120523e-12,0
0,0.000900788652823145,0
1,0.9849659410474302,1
0,2.1621690091908644e-06,0
0,3.287897459988454e-15,0
0,0.0067011442697252266,0
0,1.6503748708878524e-15,0
1,0.998847735768493,1
0,4.078969950827948e-12,0
0,1.0395759039003597e-11,0
0,3.704543660125239e-06,0
0,0.00935175174450162,0
0,4.024182577207522e-06,0
0,4.360230050769678e-05,0
0,6.694099544048281e-16,0
0,0.0009356564420739219,0
0,0.0005969006001469979,0
0,0.021172833445875273,0
0,4.979196603533503e-05,0
0,0.00048364096406460644,0
0,1.3216032614468914e-12,0
0,3.580224739225446e-06,0
0,0.8954749244384475,1
0,0.01737039007535344,0
0,0.7580032368424535,1
0,1.2874825792593907e-15,0
0,0.0002658547255019072,0
0,0.0005652922390599731,0
0,3.299522374065598e-16,0
0,6.336765442441322e-06,0
0,0.7818299599554068,1
0,0.05027920781870795,0
0,7.143161410872731e-16,0
0,0.9339803399431674,1
0,0.0016127902395077754,0
0,3.503607813034038e-11,0
0,0.014050265080034291,0
0,0.0014696206488087453,0
1,0.9999999999898226,1
0,0.014305375304007122,0
0,0.03550128344723756,0
0,2.084002095713599e-06,0
0,1.2851006842161151e-11,0
0,5.185075944455619e-12,0
0,0.0010767867082804136,0
0,0.01501330144790756,0
0,4.211818385997206e-05,0
0,2.009516024307536e-06,0
0,0.0004445890368574225,0
0,2.829401642648058e-06,0
0,1.2462617282286194e-11,0
0,1.0165436796256311e-15,0
0,1.3618519607242868e-15,0
0,0.9403341137247341,1
0,0.01714227222273148,0
0,8.868230823676715e-16,0
0,0.0003047916477949918,0
0,4.899728920605109e-06,0
0,8.180755367988808e-16,0
0,5.835787573566404e-06,0
0,6.491879594079453e-05,0
0,2.7398147629601628e-14,0
0,0.01321996762726162,0
0,7.345486643111215e-15,0
0,1.3078971773452166e-14,0
0,4.6685286455514966e-05,0
0,2.7647561402891167e-12,0
0,3.566146837310821e-11,0
0,6.584578269518669e-16,0
0,6.316502574504776e-15,0
0,0.0006769756934445792,0
0,0.0007591280245906838,0
0,1.8798381884435534e-07,0
1,0.9815640707441563,1
0,3.794058836285352e-05,0
0,5.140828401386651e-16,0
0,1.7106728230885054e-06,0
0,0.9304143766250389,1
0,0.0006949473685770063,0
0,3.90120924970097e-06,0
0,0.018716202218413996,0
0,3.1433625059467148e-12,0
0,0.021662371578951276,0
0,3.5899202657040044e-12,0
0,3.198185003292509e-15,0
0,1.8280880728812997e-06,0
0,0.0004916651861892824,0
0,0.0012279422651693345,0
0,1.842882679535615e-06,0
0,0.0006139350478536633,0
0,3.406724261303065e-06,0
0,0.01587149610618862,0
0,0.0008188878936199758,0
0,1.0628915280717676e-05,0
1,0.9990127091290764,1
0,2.671497184616737e-06,0
0,1.6290265934817947e-06,0
0,6.606194191083555e-11,0
0,4.782007230813964e-12,0
0,8.880277970715026e-16,0
0,0.017654418353446572,0
0,3.194506943928947e-05,0
0,4.918016183511439e-06,0
0,1.3366554905187777e-14,0
0,0.015540933006452755,0
0,0.021821942891715133,0
0,9.890658115746937e-08,0
0,3.710520191974548e-06,0
0,3.671613541636828e-09,0
0,3.756388096570989e-16,0
0,4.249776255440251e-12,0
0,0.0013349056641430398,0
0,0.018493978682618144,0
0,0.00040597067975992453,0
0,2.8002402687442216e-12,0
0,7.346789527814693e-05,0
0,0.7763842813423101,1
0,3.852786502126168e-06,0
1,0.999919452521168,1
0,8.302154386945256e-06,0
0,0.0002517783154079861,0
0,0.0010386877094544181,0
0,6.660535190722828e-12,0
0,5.388960151491375e-06,0
0,1.5476399484142572e-06,0
0,2.8417329431699655e-11,0
0,2.441404176718739e-06,0
0,2.1031736876233025e-15,0
0,1.8112380616857667e-15,0
0,1.3204161696526884e-15,0
0,4.885102121732928e-06,0
0,1.0383149113983093e-11,0
0,0.0006292117195767485,0
0,3.982150721618692e-06,0
0,1.8556043949233625e-10,0
0,0.0006644078716089455,0
0,0.002125893980822652,0
0,0.007446252829826714,0
0,9.15037565602886e-16,0
0,0.0004935493819211295,0
0,0.015702524471010847,0
0,4.040798780347395e-12,0
0,0.0022780071963528254,0
0,0.00018055973261255873,0
0,2.675636894732821e-06,0
0,1.3232260669693704e-11,0
0,0.0007925435864823787,0
0,7.871625704634491e-16,0
0,0.0018580462861303114,0
0,5.788173573544151e-06,0
0,8.136736924127894e-06,0
0,0.7649044650236974,1
0,0.00034447995549020624,0
0,0.0006195441894677648,0
0,0.018523754478055196,0
0,0.018170199477961176,0
0,0.0010233641743984364,0
0,1.1145634372511823e-15,0
0,0.7865654369265526,1
0,0.0002380839383818769,0
0,4.491497101494758e-12,0
0,0.00038659371949816847,0
0,7.510001364033268e-11,0
0,3.961724817999997e-06,0
0,6.3410112135912735e-12,0
0,5.623516659470511e-12,0
0,3.657740559401345e-06,0
0,0.0006392265664632148,0
0,0.028251065361565436,0
0,1.7234908526147373e-06,0
0,6.129968702397984e-16,0
0,0.00039313549674935267,0
0,0.00850893881561198,0
0,0.0003373972998684939,0
0,2.1996228559897103e-15,0
0,1.1586368782304312e-15,0
0,0.013538507356550822,0
0,0.016357980918278562,0
0,1.1607716075560556e-10,0
1,0.9871975664014874,1
0,2.1265382429309612e-05,0
0,0.0006815828335352673,0
0,0.019454554687182046,0
0,7.88887800478952e-06,0
0,6.213134366458806e-06,0
0,0.014038828242104116,0
0,4.6831702509057736e-11,0
0,3.2821686983399955e-06,0
1,0.9019032994681372,1
0,0.00021738698189197443,0
0,2.833702347204906e-11,0
0,3.719938395852304e-11,0
0,3.329360394748264e-06,0
0,0.009020984898333867,0
0,0.010349940038993026,0
0,1.1120594863116469e-10,0
0,0.8223781443847606,1
0,0.01891811685827462,0
0,1.0427169956472197e-11,0
0,7.551642738344063e-12,0
0,0.023340846878711213,0
0,5.2920648984626775e-12,0
0,0.0006317837686232654,0
0,4.0676956175266675e-12,0
0,2.507652203302834e-06,0
0,2.9386917470132393e-16,0
0,0.009734784332295758,0
0,0.01805244686453288,0
0,7.42218833769513e-08,0
0,5.6265383724289155e-11,0
0,7.591941036430775e-15,0
0,0.0011092652390110008,0
1,0.996998237578408,1
0,1.179028458024841e-15,0
0,0.00012428095065722682,0
0,0.0011614026059154619,0
0,3.157107201902039e-15,0
0,1.3293255949567415e-15,0
0,9.04346364300313e-10,0
0,5.936064755734223e-11,0
0,9.697851438606574e-05,0
0,0.00024236387113273777,0
0,0.017329180966197982,0
0,0.001551372496483228,0
0,1.878861706721158e-12,0
0,0.000491758289758808,0
0,5.9429334294749126e-12,0
0,0.00031968035776180247,0
0,1.7370162436929306e-05,0
0,1.0406082143273524e-15,0
0,8.077180965328484e-11,0
0,0.0006881139395241058,0
0,0.010261210965251111,0
0,9.683402321625093e-12,0
0,1.5254030458175456e-15,0
0,4.508203848617943e-06,0
0,0.0009348484117761086,0
0,0.021915824840802636,0
0,0.00061686889411865,0
0,0.0002679116353130987,0
0,0.7852046139096048,1
0,1.6058873864315168e-06,0
0,1.705804889634563e-05,0
0,0.010629956856565629,0
0,1.6901281368754348e-15,0
0,0.001341817203551274,0
0,0.0003562101701729492,0
0,7.040834891028643e-05,0
0,0.004495112981794139,0
0,0.010566087859156682,0
0,2.3489419519622513e-06,0
1,0.9419435888488046,1
0,2.494423314873783e-12,0
0,5.887017932567328e-16,0
0,0.010849079557444522,0
0,0.039633648446827124,0
0,4.697173819424796e-16,0
0,0.0006010116273408188,0
0,0.020362630630915514,0
0,1.3416411726982803e-08,0
0,1.4639517498284146e-11,0
0,0.03071612276405934,0
1,0.9919069987385561,1
0,0.001335932514220079,0
0,0.009703071827848471,0
0,0.00017830426034118942,0
0,0.0024749322880546166,0
0,0.00093589423362346,0
0,0.03439812130407413,0
0,0.009691567894744447,0
0,2.617718552728803e-06,0
0,1.113641014564514e-15,0
0,2.350582571372413e-15,0
0,0.01194328592760228,0
0,5.1721526569146825e-06,0
0,1.0025523110656261e-05,0
0,3.819995740230247e-12,0
0,2.7675780956792844e-11,0
0,1.032185033778881e-11,0
0,2.180734691766445e-12,0
0,4.127962631842663e-06,0
0,5.981385883171015e-07,0
0,6.278983085425402e-11,0
0,0.0003291312112760752,0
0,3.7862979771714715e-06,0
1,0.9854784182338285,1
0,0.03763464315033855,0
0,0.8923305225222755,1
0,0.008427295486507457,0
0,9.964454308751601e-08,0
0,0.7855954018771802,1
0,2.272295057066961e-05,0
0,1.4252268514100219e-15,0
0,0.9395611058416452,1
0,8.099057184851858e-16,0
0,2.669967935694602e-15,0
0,1.410231308141554e-15,0
0,8.945551251758233e-16,0
1,0.9999316289291295,1
0,1.5215434962603168e-05,0
0,0.01194706311367682,0
0,0.00023726485898324195,0
0,1.386145032612118e-12,0
0,4.165663451597536e-06,0
0,0.0008390488087827079,0
0,0.026868250965157894,0
0,1.9234984999367494e-11,0
0,0.0010254284468246269,0
0,3.2070749887250226e-12,0
0,0.010691098224081897,0
0,2.9831626989487605e-11,0
0,0.0003191015038342099,0
1,0.9997704370838357,1
0,7.735686603688982e-06,0
0,0.013162145188542135,0
0,1.886072015666354e-12,0
0,0.00015494472424043763,0
0,0.0004962135921239925,0
0,9.66232042271591e-15,0
0,8.432036367847632e-05,0
0,0.0189977879080615,0
0,0.000703950551753643,0
0,1.241210387400212e-15,0
0,0.0008571158937374419,0
0,5.399023496415628e-12,0
0,0.014472017660646359,0
0,0.013360101190852982,0
0,0.0008059057363279427,0
0,0.0005637449624468663,0
0,0.00014085744487401703,0
0,7.058830792829214e-06,0
0,0.0001894267320339799,0
0,6.504094937983858e-05,0
0,0.04299952477458392,0
0,4.999380718618259e-06,0
0,3.3096951870365607e-16,0
0,8.806714570013924e-12,0
0,3.067781844149796e-06,0
0,0.0006050715539732237,0
0,4.42345786256149e-16,0
0,8.803691143967576e-16,0
0,0.02790779551661758,0
0,0.0015986516134337179,0
0,0.0024335740403029285,0
0,0.661432903745274,1
0,9.76992284504022e-12,0
0,4.3932560798424506e-12,0
0,0.000589822526638661,0
0,1.903014161194717e-11,0
0,5.575738484139216e-16,0
0,0.9762216382716858,1
0,0.010702338727271684,0
0,0.0008186899371402544,0
0,0.0005743853600037743,0
0,0.0008474257126059687,0
1,0.9871988389139366,1
0,3.004346982166741e-12,0
0,1.374825902672881e-15,0
0,8.17346984969514e-12,0
0,3.268252274952237e-06,0
0,0.0006315328714617079,0
0,7.258776326139553e-15,0
1,0.9157154624479553,1
0,0.002035508464616855,0
0,2.128458477962997e-15,0
0,2.3297779736909545e-15,0
0,1.387083443088409e-15,0
0,0.00162618971008411,0
0,0.00826353012875091,0
0,0.0002498759666770917,0
0,0.017931707397241734,0
0,0.00041353107253874787,0
0,0.0005083195603574114,0
0,0.0002096097319777287,0
0,0.043985003502608304,0
0,0.0007321361905774771,0
0,1.6854271671029716e-05,0
0,0.016672439653757306,0
0,0.025662932254383663,0
0,0.02363304169394867,0
0,0.0009577139483582757,0
0,1.1828644571700585e-11,0
0,8.164140624582607e-16,0
0,0.000870031645455091,0
0,0.0013442631588061627,0
0,4.132328770274999e-11,0
0,0.7998788947317117,1
0,0.010084745311839621,0
0,0.011961013536394893,0
0,1.726439563303563e-06,0
0,1.1118019858436527e-11,0
0,0.0015255335161422931,0
0,0.0002892466572473663,0
0,3.0070607090382535e-12,0
0,7.29845852562888e-06,0
0,1.2429287161114335e-11,0
0,0.012058151365920967,0
0,4.1831075136505e-12,0
0,0.0006504548108412355,0
0,7.482659978493086e-12,0
0,2.814150397268429e-06,0
0,4.6212247537993e-16,0
0,0.004214333579026967,0
0,0.0021758069448620052,0
0,5.879274369150796e-12,0
0,0.0005671083354538376,0
0,8.274014942450124e-12,0
0,0.012589446713771832,0
0,0.026424447290982554,0
0,0.0007992478899911963,0
0,5.128646309364204e-05,0
0,7.394696604153408e-12,0
0,5.32858665243995e-12,0
0,0.012703093925592485,0
0,0.009800218976775413,0
0,4.64530340381908e-05,0
0,0.7030172311691418,1
0,1.1537347355956728e-11,0
0,0.00891679850031972,0
0,0.0004838046232769275,0
0,0.011406643539069637,0
0,0.021746382025924854,0
0,3.592507497615077e-11,0
0,1.4675567812509766e-14,0
0,0.00029264232218794437,0
0,2.3322553906622927e-10,0
0,3.499465221122755e-05,0
0,8.86551066019777e-12,0
1,0.9991732474889838,1
0,7.683765057609774e-16,0
0,0.006117437856765838,0
0,4.412512960994632e-06,0
0,2.2907153442526457e-15,0
0,2.462110959197519e-06,0
0,0.0007749696791225061,0
0,6.177472369841366e-05,0
0,3.4175375163280366e-12,0
0,0.000890161224895128,0
0,2.0648535616933905e-11,0
0,0.022406409682460382,0
0,9.087852965937134e-16,0
0,3.9921412032656517e-16,0
0,0.01138744394675424,0
0,5.542228138867997e-06,0
0,0.00013009137360071738,0
0,4.086595402862118e-06,0
0,8.045380647867233e-16,0
0,3.871887430587341e-12,0
0,0.0002697649919153398,0
0,6.029423320602077e-15,0
0,1.0660517551409203e-05,0
0,3.5240136820310277e-12,0
0,0.017727415122485157,0
0,6.987072268672045e-16,0
0,0.018374243286479526,0
0,9.12400204768107e-05,0
0,1.3774805442912425e-11,0
0,0.016831760325026316,0
0,5.395994828254427e-16,0
0,0.0005195114310847467,0
0,1.4000514885622527e-05,0
0,2.6497496390882367e-15,0
0,1.7207551719316647e-12,0
0,3.0293632970851357e-12,0
0,5.650869429729804e-16,0
0,0.0007295384730800628,0
0,0.0002252975674502959,0
0,0.008713547102455609,0
0,0.013508287520290272,0
0,1.3887806867624366e-11,0
0,1.607825957251425e-15,0
0,0.038965512707404504,0
0,1.2054314652835104e-15,0
1,0.8589997983691023,1
0,7.172229058673237e-16,0
0,1.511410913576852e-14,0
0,6.91771350926756e-05,0
0,6.9203656158014485e-12,0
0,1.8363497496884388e-06,0
0,2.214224304369125e-12,0
0,1.2157722540661876e-11,0
0,0.017559350502633877,0
0,0.0019125484345645211,0
0,9.348176161943694e-16,0
0,0.018879676492287965,0
0,9.915707206280587e-12,0
0,8.27498905375483e-15,0
0,0.006652975067270027,0
0,0.010091461694233871,0
0,0.0063448748116491545,0
0,0.014463181811429925,0
0,7.995996857976066e-16,0
0,0.9109689894835228,1
0,2.3879384907387287e-12,0
0,4.900922438133304e-12,0
0,7.5748802222945715e-06,0
0,2.4690284550842118e-15,0
0,0.8684204237105521,1
0,0.022846746012021052,0
0,0.0002052007019557021,0
0,0.0007788319437649914,0
0,9.243320209174916e-16,0
0,1.5506460859664033e-15,0
1,0.9319057497584267,1
0,1.2567730209195465e-15,0
0,4.692532378925691e-12,0
0,6.10504041131807e-12,0
0,0.00031532993124656146,0
1,0.9796628136665829,1
0,7.084021520496639e-16,0
0,0.013615716641703355,0
0,3.982412776539587e-06,0
0,0.9801658951732939,1
0,0.0008555486826475618,0
0,0.024511005253969532,0
1,0.993955210845704,1
0,0.736111019390682,1
0,0.0007560909233708492,0
0,0.013593616341683906,0
0,3.7040042746169374e-12,0
0,0.7943494203779123,1
1,0.9912545468187433,1
0,0.00037176775952929293,0
0,3.731050283013691e-06,0
0,0.0308970885537639,0
0,0.0002893920139814792,0
0,1.5788661644143243e-15,0
0,3.154459488366487e-11,0
0,0.023600657420639173,0
0,0.018929579271363337,0
0,0.01638156976011998,0
0,0.0005171369886926928,0
0,3.76385188854259e-15,0
0,0.0011255733992184356,0
0,4.413995995468788e-06,0
0,2.3737047463572847e-15,0
0,0.022801833818345565,0
0,8.788685992729092e-06,0
0,1.974116163812128e-15,0
0,0.0014992664028497527,0
0,0.0006823563920171711,0
0,3.4438391663349926e-11,0
0,1.2777258168502852e-06,0
0,0.0006251355863495687,0
0,0.016109387796189964,0
0,3.6463950232936246e-06,0
0,0.0008708303723221984,0
0,0.00046481578995363445,0
0,0.0005186230955349922,0
0,7.946295986950386e-06,0
0,2.710223798532191e-06,0
0,5.77627532079117e-05,0
0,1.1021130064024384e-15,0
1,0.9434935280495315,1
0,1.0404180427231438e-14,0
0,1.9538032802364722e-11,0
0,7.630604037941489e-16,0
0,1.8127848772041147e-12,0
0,3.3045875628295124e-11,0
0,0.02751877388393724,0
0,0.014335488740193933,0
0,1.356086138999351e-14,0
0,0.0007324575979626377,0
0,3.5009239680700685e-12,0
0,0.025690796181201382,0
0,0.02180062561546287,0
0,3.351273391950131e-06,0
0,0.017875322276132144,0
1,0.7523118685165571,1
0,8.26090322405045e-12,0
0,0.0005933509152155189,0
0,1.3173404955986943e-15,0
0,1.2274477146557637e-11,0
0,0.00030601185491626514,0
0,0.0011621647061851722,0
0,1.895756398083469e-12,0
0,7.18765115110868e-16,0
0,0.0010250916845001784,0
0,0.000560908144592624,0
0,1.1233795700335013e-15,0
0,1.1505247011457724e-14,0
0,0.0007445417654855728,0
0,0.000523015986578028,0
0,1.4850040223258573e-15,0
0,4.673621926887947e-06,0
0,0.0003581897771272274,0
0,1.4021606042749445e-15,0
0,0.0007743861693462061,0
0,1.283278468256822e-11,0
0,4.315246734606516e-06,0
0,3.42162064009053e-15,0
0,0.016699284834600675,0
0,6.669802645885882e-11,0
0,0.001117468830179756,0
0,1.0804077906001179e-11,0
0,0.00019422333764524758,0
0,5.727501968618549e-05,0
1,0.9999973562702926,1
0,2.85733740329032e-06,0
0,2.234848045150921e-11,0
0,2.9939922602353046e-07,0
0,6.227369862202135e-16,0
0,2.301919245197959e-12,0
0,0.9370312736659406,1
0,5.376469403588921e-11,0
0,6.037322225907644e-15,0
0,0.0005255422249181744,0
0,0.023827746600729904,0
0,0.018342733237318578,0
0,3.899308616664147e-06,0
0,0.0010508084862496157,0
0,3.1526759289750232e-12,0
0,0.0015381404859888263,0
0,0.001174554668238458,0
0,3.2309551120403733e-06,0
0,0.0009325564561101485,0
0,0.0005713152045115798,0
0,0.0018910896378225288,0
0,0.0002750197910980589,0
0,2.6295221757676092e-11,0
0,9.659882460630434e-16,0
0,1.0397004840212268e-11,0
0,0.007988166535338905,0
0,0.0011464858775100512,0
0,0.007750352404293291,0
0,0.0003501959459001619,0
0,0.015501466652226136,0
0,2.1123354689975144e-11,0
0,0.0010444028214368205,0
0,0.027971221041049685,0
0,3.9283201431536e-06,0
0,3.1981409523614703e-06,0
0,7.702766912246295e-12,0
0,0.5212647737732099,1
0,2.8190838839626444e-06,0
0,7.734011816548404e-06,0
0,8.282685750245941e-11,0
0,0.9912603952455934,1
0,0.023342158576811437,0
0,9.897742990960223e-12,0
0,1.4574831663525965e-15,0
0,0.0005000462557463174,0
0,0.9443120031385037,1
0,0.0010515647513760452,0
0,1.7686406999580625e-11,0
0,0.0009686603286296601,0
0,0.01673870761105426,0
0,1.7496821798078777e-15,0
0,0.035812081906647024,0
0,0.011293411645614117,0
0,4.210565041352032e-12,0
0,3.1473244324722933e-11,0
0,0.033913442324085524,0
0,0.008499426918465612,0
0,0.0005220412877950817,0
0,0.02440741990882924,0
1,0.9901983824491172,1
0,0.0020644124358988655,0
0,5.500371177535936e-12,0
0,0.0005674526997587813,0
0,0.00029774863904072173,0
0,4.906902796590325e-10,0
0,4.604439124581071e-15,0
1,0.994951540081009,1
0,0.026100313416623347,0
0,4.480252048879738e-12,0
0,9.780723042274227e-16,0
0,0.01448249416458051,0
0,0.016407645086577386,0
0,0.0006594439080377288,0
0,7.573354718394443e-07,0
0,0.9034821999389123,1
0,0.0005319422878994777,0
0,0.0009202185290893744,0
0,0.020210675386678204,0
0,4.3418402645912905e-12,0
0,6.5670389743805026e-06,0
0,8.378264169311731e-05,0
0,0.01348813416663517,0
0,0.008029875795684212,0
1,0.9999999999273841,1
1,0.999975450203611,1
0,2.8537821499608554e-05,0
0,4.45880139294225e-06,0
0,3.833451943626069e-11,0
0,3.3146851813108294e-05,0
0,0.007851298701899259,0
0,0.6480733032420112,1
0,5.326604994952175e-06,0
0,0.02241004210400828,0
0,4.771742485894072e-06,0
0,0.0008383781232625103,0
0,0.000667236563817862,0
0,1.4660394634766552e-11,0
0,0.052422848090414066,0
0,0.022551136324930277,0
0,1.8408300912738425e-14,0
0,0.026623025718756917,0
0,3.5819314700189746e-05,0
0,0.0008745535793976673,0
0,8.16803936691222e-10,0
0,0.001267508322717192,0
0,1.2274608592357114e-11,0
0,5.38027325310957e-16,0
0,0.010291877583364634,0
0,0.016973531002946473,0
0,0.0004938426753951743,0
0,5.016896472778741e-16,0
0,4.534032914846542e-12,0
0,0.0007851746016980215,0
1,0.8016634944701524,1
0,0.017294014301154542,0
0,1.848451814301985e-05,0
0,4.417462314584698e-12,0
0,0.0012215150752942694,0
0,2.996665545103882e-12,0
0,4.23377583416472e-16,0
0,0.03162284102503009,0
1,0.9992722779338012,1
0,0.8373877188722835,1
0,0.03822995271777096,0
0,0.024087691654139286,0
0,2.3965148221771006e-06,0
0,2.8925274288327494e-16,0
0,0.02202050603156654,0
0,7.21957540887787e-06,0
0,5.525782699277343e-05,0
0,0.0007560198944889147,0
0,0.8036560195042831,1
0,0.0008638202352442283,0
0,3.364720483196697e-06,0
0,5.889055101911554e-16,0
0,0.8797775384916071,1
0,2.115899315739072e-06,0
0,0.0006640201560763073,0
0,3.880315901652348e-06,0
0,3.998456567167747e-06,0
0,0.0004297173449249678,0
1,0.9988833393243018,1
0,0.0004004282989111596,0
0,5.360371752564746e-06,0
0,0.0013396706984364116,0
0,0.0035878142164998046,0
0,0.00032646183476213854,0
0,0.0031626245039116695,0
0,3.2970935524077848e-09,0
0,1.70378710110384e-06,0
0,1.9102939449365465e-11,0
0,2.4058091563451693e-12,0
0,2.248576950455873e-06,0
0,2.475102205316879e-12,0
1,0.9978018598654668,1
0,2.1553929359337802e-12,0
0,2.5458302796715447e-06,0
0,3.294271423897222e-06,0
0,4.672933202030132e-12,0
0,0.02657908554771973,0
0,9.816221422812642e-16,0
0,0.025052351555823995,0
0,4.978719679074197e-06,0
0,1.370969504321044e-15,0
0,0.0006911009553506823,0
0,8.278488195776963e-12,0
0,3.166179222475211e-15,0
1,0.9970466309281607,1
0,4.429014945276696e-12,0
0,0.010293396287928396,0
0,4.104185175407012e-06,0
0,1.3459321513496925e-15,0
0,0.00044475545968942077,0
0,0.01481325229591891,0
0,0.9438099281471245,1
0,0.813869861542078,1
0,0.0006201268714026857,0
0,0.8231891732839746,1
0,1.4107805826443668e-15,0
0,5.3215972135870395e-06,0
0,8.834943125737893e-12,0
0,3.011765981946049e-11,0
0,1.1455167328144694e-06,0
0,5.161715741056535e-12,0
0,1.7627284706449361e-12,0
0,0.00046058176840320456,0
0,4.8323045296582095e-15,0
0,1.3187557211510279e-15,0
0,0.0011679261238927339,0
0,3.6315900761549017e-06,0
0,2.2823883221198426e-06,0
0,3.160733095024007e-15,0
0,7.971800632076488e-16,0
0,0.9471675875850916,1
1,0.9995331606851813,1
0,0.00027873196130456123,0
0,0.0009375789755943106,0
0,3.6829307021115345e-06,0
0,3.457051766100782e-11,0
0,0.0007729733890473851,0
0,5.8076595551780845e-12,0
0,1.9951771730807503e-05,0
0,0.0029510018998385253,0
0,0.013611344968356389,0
0,0.00026126505735011554,0
0,0.009977761899432246,0
0,0.0016201038250188771,0
0,0.00034561259584812537,0
0,1.3763951747179027e-15,0
0,3.300651125203007e-10,0
0,0.03848912286304271,0
0,8.429785412190024e-07,0
0,0.0015414645594268195,0
0,0.013838312831722425,0
0,3.0400335001322503e-06,0
0,3.717405673694337e-12,0
0,4.783237449788387e-06,0
1,0.8208957958869517,1
0,0.043572056874365724,0
0,5.577167397600468e-16,0
0,0.018995869274990744,0
1,0.9915212186194539,1
0,5.355322267070953e-06,0
0,2.255167394444054e-06,0
0,0.015403982972187516,0
0,0.7510862304319378,1
1,0.9957119599286818,1
0,0.03155644411944788,0
0,0.014358601129300215,0
1,0.7993349146109783,1
0,0.0084606147928595,0
0,9.361778701248676e-16,0
0,1.425250994955862e-10,0
0,1.5753497732842116e-15,0
0,0.0002141261862425911,0
0,4.170029213477549e-06,0
0,0.01418017123247472,0
0,0.028845909369450824,0
0,0.0003815971773683079,0
0,3.6922316597086428e-06,0
0,6.387582532251176e-05,0
0,0.00021661555072129203,0
0,1.1705357165659653e-11,0
1,0.9995681839565681,1
0,1.3470370053073726e-11,0
0,2.3718386885962948e-11,0
0,1.7710671206083823e-15,0
0,0.0004761273503852723,0
0,0.0011135086782689716,0
0,0.000793089216202011,0
0,0.0014987541975999548,0
0,6.673291815815912e-12,0
0,4.152865929981126e-12,0
0,3.412371584358394e-06,0
0,2.14103965209583e-06,0
0,0.6418772938744992,1
0,6.887658356387956e-16,0
0,0.0002701151818607527,0
0,0.0015130810729204653,0
0,0.00017306900615511966,0
1,0.9342655197786519,1
0,8.89015006271498e-06,0
0,0.02054778862267575,0
0,3.970601488196446e-06,0
0,2.903256932980479e-11,0
0,2.731510299734722e-15,0
0,0.00025511395477593925,0
0,1.84820461205929e-15,0
0,0.8379692741408089,1
0,0.009719605684992551,0
1,0.999999993285231,1
0,4.148135493417041e-06,0
0,0.01804650121081359,0
0,0.019203998963491967,0
0,1.0687404983370696e-15,0
0,0.00024924602520919644,0
0,0.001171737073972379,0
0,0.0005704035838535472,0
0,2.7154954302813443e-05,0
0,4.7546934452079955e-12,0
0,0.00016481963532109095,0
0,0.01833455614460505,0
0,0.0006480181037777042,0
0,0.0010073177312882144,0
0,0.00018519957009291215,0
0,5.520956018502715e-10,0
0,7.143214644583414e-05,0
0,0.9541232337325951,1
0,0.010490771636742965,0
0,3.8523205071757586e-05,0
0,0.01961606505781711,0
0,6.072787479142086e-05,0
0,4.105704032486088e-06,0
0,0.013757730337653883,0
0,3.575095789464862e-06,0
0,0.014878420763353994,0
1,0.8012765137732082,1
0,3.835015636743437e-06,0
0,6.340412191581669e-06,0
0,1.2534035808431826e-15,0
0,0.9665878932895492,1
0,0.018734742660923835,0
0,7.461882782200996e-06,0
0,0.029356492800817806,0
0,4.508781029610715e-16,0
0,0.00021711686258653548,0
0,0.02890661190656778,0
0,1.5136884768757566e-15,0
0,4.28182234438625e-12,0
0,4.264026611643655e-06,0
1,0.9930676429930271,1
0,0.010952584243214035,0
0,6.772310927776939e-06,0
0,0.0005946054347311436,0
0,0.9205164560077886,1
0,6.589773054886104e-06,0
0,3.182936854864903e-11,0
0,0.0004370065467664154,0
0,1.9720446415019044e-11,0
0,2.751422827084406e-06,0
0,0.9548848504847239,1
1,0.754791052240703,1
0,0.011137576411874102,0
0,0.0007376239707740061,0
1,0.9219244169592274,1
0,0.00926115285685655,0
0,1.2559240577679913e-11,0
0,4.772348542399729e-16,0
0,5.512910278490144e-11,0
0,0.0004654715603487958,0
0,0.005532846232880591,0
0,0.0003132600904696649,0
0,0.0015932018340146159,0
0,0.0006265210001148527,0
0,8.940120450646784e-16,0
0,9.649092432417077e-06,0
0,1.2143795374686849e-14,0
0,1.888431000205393e-11,0
0,5.044881032949587e-06,0
0,3.314303368614923e-12,0
0,4.2899183310941425e-06,0
0,0.00015130418035995486,0
0,7.623380711987492e-12,0
0,0.0009416549670509869,0
0,0.0003684669882244464,0
0,2.3494824444508148e-15,0
0,0.01175838842722465,0
0,7.299807816374387e-15,0
0,4.014212301690919e-05,0
0,1.4146438029522404e-06,0
0,0.0005786516480896331,0
0,0.000857453516407541,0
0,4.078475907966592e-06,0
0,0.0010285153386336966,0
0,0.7228865482875348,1
0,2.694716599129631e-06,0
1,0.9702061544992518,1
0,1.9244996222235577e-12,0
0,0.017223153850387665,0
0,0.012507317007440778,0
0,3.8733899809480925e-11,0
0,3.1868960323950942e-06,0
0,0.004493582501003074,0
0,1.8463768809225555e-06,0
0,8.179717367263304e-16,0
0,3.972076216635167e-12,0
0,2.2502396576364443e-15,0
1,0.9383398592536708,1
0,0.00036366504255905485,0
0,0.813563980333955,1
0,1.6283543824853619e-12,0
0,0.012501115356605492,0
0,0.0002655649857888522,0
0,0.000609713946039301,0
0,0.017454731632095606,0
0,0.03002756443641866,0
0,7.933091531883327e-06,0
0,0.8352353166364842,1
0,3.919984490577564e-12,0
0,0.0009651707628198903,0
0,7.47021623735847e-15,0
0,6.928006327748386e-16,0
0,2.5124964056659146e-12,0
0,0.0007821330552748526,0
0,0.0007647958994816355,0
0,0.0011341518240573056,0
0,1.173552956425298e-11,0
0,0.0003514590885047444,0
0,6.657237860199816e-12,0
1,0.6939692031963313,1
0,0.026803755731479143,0
0,6.716939684443957e-12,0
0,1.7031454838154353e-15,0
0,7.77609895726064e-06,0
1,0.9892614304347181,1
0,0.030077342534549363,0
0,1.069789411247408e-11,0
0,5.4214020601336944e-11,0
0,2.580040923600802e-11,0
0,0.0006508339980205135,0
0,6.913680284868724e-16,0
0,0.019487695161926697,0
0,0.006708986388925037,0
0,3.2949739894153903e-16,0
0,1.543472748031617e-11,0
0,4.711618961197691e-12,0
0,2.3148732315643268e-10,0
0,1.83619545719791e-15,0
0,9.71789379612489e-16,0
1,0.9999840871617774,1
0,0.0011559616684468533,0
0,0.0005766285056283882,0
0,6.072609184743015e-15,0
0,0.0016242837383287172,0
0,0.03172871107477361,0
0,2.7377793341345453e-06,0
1,0.9999999990422026,1
0,0.016299722714095067,0
0,0.0009540043753291225,0
0,0.00013757142319238065,0
0,8.253850040124128e-12,0
0,0.0005453620964403551,0
0,2.532265360061223e-06,0
0,0.0003922025517791916,0
0,1.9495088719253613e-11,0
0,0.0373434023641447,0
0,6.151089422759617e-12,0
1,0.756217843078968,1
0,0.000708345236238944,0
0,1.1260311202759585e-14,0
0,4.679347892394763e-16,0
0,2.4769065025376906e-12,0
0,4.0622784051565366e-16,0
0,5.7396373668441975e-11,0
0,4.668152638592783e-06,0
1,0.9981976807197234,1
0,0.001195885337428451,0
0,0.0007675815219878524,0
0,0.0009740288870145462,0
0,0.0007908149351020129,0
0,0.0022394448995054455,0
0,0.03298077081880901,0
0,0.00011366224188001466,0
0,2.435703304878789e-06,0
0,0.023299678377971412,0
0,1.928964414260585e-11,0
0,6.3391217108899e-12,0
0,1.2041977852976378e-11,0
0,0.02096961074134482,0
0,0.9409429186220395,1
0,2.7617706219609054e-11,0
0,7.540164791687805e-15,0
0,1.9032999095822402e-11,0
0,3.4487565454868323e-06,0
0,0.0009679436542294099,0
0,0.019694894767142326,0
0,0.0007101555133702864,0
0,4.614852501707971e-12,0
0,0.0004596694603256096,0
0,0.002889868514634894,0
0,0.0007564324007572691,0
0,9.648112348003227e-06,0
0,4.566671146751431e-16,0
0,0.870694107685636,1
0,3.735786213416033e-11,0
0,9.653757307404673e-12,0
0,6.064420344540195e-16,0
0,0.011401155818838426,0
0,6.445127625034625e-16,0
0,1.5062655157526408e-10,0
0,0.02813408165707378,0
0,9.704126385677754e-05,0
0,0.0007532587801913235,0
0,0.001958524732057396,0
0,8.116237904708763e-12,0
0,4.522455844816648e-12,0
0,3.4528536514567655e-12,0
0,4.595901852555419e-12,0
0,4.736459766405519e-06,0
0,6.75970285912804e-11,0
0,0.02761953320876691,0
0,5.878481499315276e-12,0
0,7.046023218053253e-15,0
0,0.022421234565270863,0
1,0.9786839864639957,1
0,0.013648088510864374,0
0,0.03709724298090827,0
0,2.743223322338938e-05,0
0,0.019941140430164695,0
0,0.00012286820950130513,0
0,0.0173240893394426,0
0,2.263984995128154e-15,0
0,4.5894666267858454e-11,0
0,0.03707712600571776,0
0,7.097154923224874e-12,0
0,9.542122548810657e-12,0
0,1.880642872488169e-15,0
0,0.0011418670151635165,0
0,0.003436096735576555,0
0,0.01158206679829459,0
0,0.00139368518687402,0
0,0.0001194999484898375,0
0,0.010898922528947747,0
0,3.228272149531262e-11,0
0,1.2226977777639842e-15,0
1,0.9996195066214212,1
0,0.014983490779159002,0
0,0.028958858902280105,0
0,0.0006132970933886943,0
0,0.0009036492162354516,0
0,7.528221001818654e-16,0
0,0.00048737763164414226,0
0,6.193649122028836e-11,0
0,0.024528771328900408,0
0,1.8136840694104374e-11,0
0,0.030395827375327422,0
0,0.02069578507680544,0
0,4.717185813374252e-12,0
0,1.8360673870442496e-10,0
0,1.5687259945170512e-11,0
1,0.9991493978630046,1
0,0.014069879643459338,0
0,0.0006471344451792166,0
0,6.301353870571016e-16,0
0,4.080677064164876e-06,0
0,0.013032636597785453,0
0,1.1956851386127528e-05,0
0,0.0003593740652672344,0
0,8.311633311458265e-05,0
0,2.7336705495288826e-12,0
0,2.6077349932634063e-06,0
0,5.286948440830106e-16,0
0,0.9086382626564934,1
0,0.012987093143303768,0
0,0.0008837659759351195,0
0,2.5640657383201024e-06,0
0,0.012237985591092015,0
0,0.0014265576701855127,0
0,0.01827692969363698,0
0,0.01035038731007437,0
0,0.0009299210411763387,0
0,5.329893699591406e-12,0
0,0.0004704721223239247,0
0,0.00046725774812649153,0
0,8.561602378238515e-05,0
0,0.0013585419943713175,0
0,9.98472819703423e-05,0
0,0.01512685321639005,0
0,2.4081075663942367e-06,0
0,0.01622547859838677,0
0,0.024568070956091564,0
0,0.0004510559970747595,0
0,8.464830740986801e-16,0
0,4.061145699801919e-07,0
0,2.753898805913389e-06,0
0,5.759487500269371e-16,0
0,0.019758340493407953,0
0,0.01381107004989855,0
0,0.017228132815152047,0
0,0.0005913918495155044,0
0,3.57528335476799e-15,0
0,0.022575649060157996,0
0,0.00813664758764081,0
0,5.317594408644755e-16,0
0,0.000668528647868365,0
0,0.0001673185237810636,0
0,8.853207877945102e-16,0
0,0.006283052978566057,0
0,3.879708754767547e-15,0
0,0.02712066666987751,0
0,2.0351963052025987e-15,0
0,0.00035983996972892827,0
0,0.012912995891920083,0
1,0.9788942254334178,1
0,3.1437299495508395e-11,0
0,0.0003203016594516245,0
0,4.171015373008442e-06,0
0,0.0002518063286129757,0
0,2.4996144133774952e-05,0
0,0.00043602085210051137,0
0,0.0005653209846088324,0
0,0.01863715607556812,0
0,5.377534694106586e-15,0
0,1.7379765106824562e-11,0
0,0.018126976417309437,0
0,0.00013705535233272983,0
0,3.4286441727221536e-05,0
0,0.0003055021453563291,0
0,4.832559690710033e-06,0
0,3.4279956040663868e-15,0
0,6.652966628050207e-16,0
0,6.549613202822004e-15,0
0,3.499838385858231e-16,0
0,0.008376770941844946,0
0,9.335353310221163e-15,0
0,4.286966230833028e-06,0
0,0.00037118380434680664,0
0,0.007802883742549905,0
0,0.00045535432784247923,0
0,7.066518382696894e-12,0
0,0.00011666320236367798,0
0,0.027642900291381518,0
0,0.0006593183303895972,0
0,0.036613854359525355,0
0,1.7017477122409195e-06,0
0,0.016779218990425136,0
1,0.9279856636452996,1
0,0.02178732845950433,0
0,1.3614433861391596e-15,0
0,0.01872411550510014,0
0,0.014825875780755407,0
0,0.000434487671259894,0
0,0.016688594156203388,0
0,0.014046666884901854,0
0,0.02390589918695589,0
0,0.0004040849722877932,0
0,0.0006842243266546185,0
1,0.9966323915829025,1
0,0.02616444715356951,0
0,0.016060137253289832,0
0,8.674239798303227e-06,0
0,0.44991807322706684,0
0,0.9227524789907191,1
0,2.609392227328764e-11,0
0,1.5429433798962604e-12,0
0,0.001368061347779736,0
0,0.9492918139765204,1
0,1.9214375144384667e-15,0
0,0.0018943964843215247,0
0,5.973450069767458e-06,0
0,0.7616884689176795,1
0,9.342454916814742e-06,0
0,0.0011433893415738938,0
0,0.0004971111365638767,0
0,0.009803947324060097,0
0,0.0007346082981133521,0
0,4.0407832137255123e-16,0
0,0.0017227535888877357,0
0,5.21488964272043e-12,0
0,0.0012889040774024135,0
0,3.8937419351135175e-06,0
0,4.035813101282958e-05,0
0,1.779945385620645e-15,0
0,0.00045190294275422377,0
0,8.24013457266274e-12,0
0,3.2718602424700965e-06,0
0,0.01982815736035446,0
0,0.0006107023919851997,0
0,1.8727464194303986e-05,0
0,2.0083947611980436e-11,0
0,0.0007861915602057876,0
0,0.9596996412615503,1
0,0.016434743437374146,0
0,9.156858537607647e-11,0
0,1.036927941059539e-11,0
0,6.932310784694151e-12,0
0,0.0008408471671798507,0
1,0.818620923777902,1
0,1.1172685450203056e-11,0
0,0.02428261700406718,0
0,2.2668515712704453e-12,0
0,0.012612823227043749,0
0,0.00013239727714961212,0
0,0.019296260576371772,0
0,5.41920354349436e-12,0
0,9.145930891575805e-16,0
0,5.04483574317362e-16,0
1,0.9999999999025342,1
0,0.0005035622815903955,0
0,2.2974300879177426e-06,0
0,2.7177129694647593e-11,0
0,5.831212200155369e-16,0
0,0.01632778503829936,0
0,0.00108377815913547,0
0,0.6911936018504196,1
0,0.3141136010761972,0
0,7.030150023944714e-15,0
0,5.343781974338507e-15,0
0,1.3247153474201792e-11,0
0,7.144205069125382e-11,0
0,7.383895036936471e-11,0
0,6.773955057706415e-16,0
0,2.7185080842373173e-11,0
0,0.0003055930654846303,0
0,0.0011209378444025624,0
0,1.0313847915942452e-15,0
0,4.806670402447073e-16,0
0,1.1861932399098816e-15,0
1,0.9999999999560654,1
0,4.502209506642069e-06,0
0,3.709697335318902e-12,0
0,0.0016674079910229285,0
0,2.2945311109391986e-11,0
0,7.169148502765894e-12,0
0,7.5648310559564e-05,0
0,0.0005580462862245185,0
0,1.362306654213354e-11,0
0,0.01770514100902631,0
0,2.937517084294285e-11,0
0,1.47724987439431e-15,0
0,0.019672314016546736,0
0,3.369529114807201e-06,0
0,0.000252158139241306,0
0,3.748560114105443e-08,0
0,0.0008199308651507536,0
0,0.014636873037517813,0
0,0.027335477063009782,0
0,0.0006016574530360681,0
0,1.663697554868531e-15,0
0,0.00024757752018378945,0
0,0.001507341495705194,0
0,9.29476715024551e-12,0
0,0.022466048194653906,0
0,0.00045214966930505365,0
0,8.133401484643496e-12,0
0,3.7786174377274816e-06,0
0,1.926732446168098e-06,0
0,0.0015780989193755518,0
0,0.0004314300611423906,0
0,0.019920541714554083,0
0,2.6576821129826015e-09,0
0,1.5846517550407148e-15,0
0,0.9219749834604481,1
0,4.638704696776464e-09,0
0,0.010428635803147178,0
0,2.319679553960677e-11,0
0,2.3356619682110315e-06,0
0,6.328378919498651e-16,0
0,2.1809370816996425e-12,0
0,0.00035042440076766895,0
0,0.0014030704517061724,0
0,7.422824184876063e-12,0
0,0.0006480618207356578,0
0,0.03150433277427837,0
0,1.6660454589569218e-11,0
0,0.021324590591978432,0
0,0.9009416143772647,1
0,0.02461800325925925,0
0,0.0008773870105506273,0
0,1.5400092823723975e-12,0
0,6.867587281983108e-12,0
0,3.6261574429388266e-16,0
0,0.0010336010714467932,0
0,0.0016056669602654064,0
0,7.246407740008928e-06,0
0,9.543287233682496e-16,0
0,0.00963246949135052,0
0,2.1186109034390762e-06,0
0,6.145236121567767e-12,0
1,0.9926237277625665,1
0,9.935138568426975e-05,0
0,4.2386393631656865e-06,0
0,0.0004430921117952806,0
0,0.013306692532012892,0
0,0.001383388118505946,0
0,1.052411697275294e-05,0
0,2.9672345914069672e-15,0
0,1.2865772456765537e-11,0
1,0.9999999938018449,1
0,0.0007063612501835711,0
0,2.603087665413554e-06,0
0,9.756735292959939e-05,0
0,0.004137815942989878,0
0,5.355354167930133e-05,0
0,0.038638916999228966,0
0,0.0001844542159394946,0
0,2.31995859712197e-06,0
0,0.0013312263185891885,0
0,6.619970322307918e-05,0
0,0.0005508675138879604,0
0,6.0825302148648096e-05,0
0,0.001230091957356725,0
0,5.26670900711949e-06,0
0,8.103205224750216e-05,0
0,0.0006898772972836177,0
0,3.762765989587971e-12,0
0,3.625711759460191e-16,0
0,3.4088336027648513e-06,0
0,2.161829598313468e-11,0
0,2.7140283458525e-15,0
0,0.01715238982738978,0
0,4.238625064425158e-11,0
0,8.707318422552938e-12,0
0,0.7780489620241503,1
0,9.04373960337254e-06,0
0,5.8204117258476445e-12,0
0,0.0005526834989362842,0
0,0.00041686769598205564,0
0,9.690136848284146e-05,0
0,0.00030130702126220294,0
0,0.0005966275200216512,0
1,0.9999392419164991,1
0,2.7970391115330605e-10,0
0,0.8906264890842737,1
0,0.0004319807156694763,0
0,0.029228716090649896,0
1,0.9817921606923984,1
0,0.0027216792435860028,0
0,0.0006852935698298969,0
0,0.6074620269091593,1
0,2.716193328882093e-12,0
0,0.016279697616380737,0
0,0.0185453372548855,0
0,0.028916350746188077,0
0,0.01533066268883148,0
0,3.4999270535891515e-12,0
1,0.9683795636452469,1
0,0.015526418542204481,0
0,2.838958656081123e-14,0
0,9.259229696838463e-06,0
0,0.009563757302263833,0
0,0.0551489512785616,0
0,0.012959327257256913,0
0,1.3168164668260653e-06,0
0,4.456733472270163e-06,0
0,0.013063837552507276,0
0,0.0008318786074233532,0
0,5.656123604792755e-15,0
0,0.0005893859958952894,0
0,6.459581170248254e-06,0
0,3.060436999195971e-06,0
0,0.0006471142650129875,0
0,0.023652505810432458,0
0,0.0005913612143248308,0
0,4.872804252455433e-07,0
0,0.000422167592696541,0
0,0.0007265152509054198,0
0,0.020334916500649343,0
0,6.46723782069856e-12,0
0,3.2644430990821455e-06,0
0,0.9839739448933158,1
0,0.02291261660317976,0
0,0.01303662168131829,0
0,0.0007838815266777509,0
0,0.016570625973015937,0
0,0.018971987001270094,0
0,0.0008350511502133113,0
0,9.195499912920829e-16,0
0,8.694603626439457e-06,0
0,0.0037279123307237443,0
0,0.2826946201184316,0
0,1.7017189747810459e-06,0
0,2.159974420080015e-15,0
0,0.0018738815021386505,0
0,3.4737831414216474e-08,0
0,8.631438223121242e-16,0
0,4.004675159230887e-06,0
0,1.8808428809999833e-06,0
1,0.9718709999036811,1
0,3.928145597410373e-06,0
0,0.0004310317517580148,0
0,0.9143055384658592,1
0,4.270836916849641e-12,0
0,0.008814726276426096,0
1,0.7944910495266789,1
0,0.000502449000816461,0
0,0.770694069570452,1
0,0.0006490869514337602,0
0,0.02761662066121393,0
0,0.7287180075140355,1
0,0.01490296749229616,0
0,2.065121535993065e-08,0
0,2.7911973762213283e-06,0
0,0.019217440933730713,0
0,5.647715365153826e-15,0
0,0.00022772248603848049,0
0,0.044022255695487664,0
0,0.02037293809929626,0
0,1.7298157889455493e-11,0
0,0.012591948911322693,0
0,5.687991534506886e-06,0
0,0.0007085707657399966,0
0,1.1537313013895009e-11,0
0,5.273591808285381e-06,0
0,6.494988600981006e-16,0
1,0.9608912067263375,1
1,0.9999997533589378,1
0,0.7770536601583574,1
0,0.026346818034572873,0
0,0.0003346644584751845,0
0,0.017305948263063385,0
0,0.0006830021161736479,0
0,0.015728858143862278,0
0,0.0002786375902904592,0
0,0.012265919164501857,0
1,0.9994035624162926,1
0,9.237935585936573e-12,0
0,0.000570250286738903,0
0,0.0003264457519806248,0
0,7.50599334974265e-12,0
0,0.0005551943257578002,0
0,4.327368767193977e-06,0
0,0.0013007539083082413,0
0,0.01724834553455282,0
1,0.9885105139033976,1
0,0.00040244990594156827,0
0,9.93989305182234e-12,0
0,0.03071410770152712,0
0,0.001073674039545612,0
0,0.7336269793040329,1
0,2.3692327665668545e-06,0
0,0.01216382598078017,0
0,0.017224490245147536,0
0,0.022258038309578343,0
0,0.017782072674462388,0
0,1.949415869718768e-06,0
0,0.0016861332989219996,0
0,5.054841689882863e-06,0
0,0.0001698731471931982,0
0,1.7317794591044056e-12,0
0,0.0007793214369113951,0
0,3.515392029211958e-06,0
0,6.540352785056774e-11,0
0,0.02857312182151678,0
0,1.6624474663402358e-11,0
0,6.414428177883341e-15,0
0,0.01759714154361929,0
0,5.542724504474934e-16,0
0,0.031954934815775285,0
1,0.9999985217637499,1
0,0.9187192398600682,1
0,2.8222480473249945e-12,0
0,9.382681224593383e-05,0
0,5.076808873859475e-06,0
0,7.096992872448568e-16,0
0,3.15038989066346e-06,0
0,3.627507492401073e-12,0
0,0.013950978755093418,0
0,1.5474139039735876e-15,0
0,3.6738298377896782e-06,0
0,4.995105354732274e-16,0
0,8.027097627806099e-06,0
0,7.52688004866796e-12,0
0,6.5006282723394795e-12,0
0,6.690347386696958e-12,0
0,0.6880727890402252,1
0,4.857116066101524e-06,0
0,0.006350956709553365,0
0,0.010061062696601421,0
0,1.0215217272231725e-06,0
0,0.0018894353957748084,0
0,0.7505194695646663,1
0,7.665020641313013e-12,0
0,0.0012035912356886166,0
0,0.018864730096692015,0
0,3.855156712726463e-05,0
0,0.0005432854427734502,0
1,0.9844618323997253,1
0,0.0122065321568059,0
0,0.021565662657059125,0
0,0.000974604031547372,0
0,4.634405778200389e-12,0
0,2.2129541644693625e-06,0
0,0.0004966279684357687,0
1,0.8413931751877513,1
0,0.0001327238564211498,0
0,0.0004218604368012003,0
0,0.0007540041567512939,0
0,2.0451250380078034e-06,0
0,8.954782152242454e-16,0
0,0.019457339703490076,0
0,0.0007271512128757972,0
0,0.0009712246526665735,0
0,7.686111983869086e-10,0
1,0.9988647849353186,1
0,1.5828865402559703e-11,0
0,7.177230476896179e-12,0
0,0.021350930292836048,0
0,2.9955461644351004e-11,0
0,3.4681608650500325e-06,0
0,2.6612574765455644e-12,0
0,0.012508686044587106,0
0,2.9254300976861816e-06,0
0,4.815257361411642e-12,0
0,1.3412698670813598e-15,0
0,2.4273032174518063e-06,0
0,5.36604997864141e-12,0
0,3.977912370538704e-06,0
1,0.8661426853185668,1
0,0.021321374492877625,0
1,0.9994201245149114,1
0,0.011560006803350512,0
0,0.00944079179831189,0
1,0.9999580380170294,1
1,0.9995766009288366,1
0,0.000293983492943536,0
0,0.03246542828584807,0
0,4.798642375983866e-06,0
0,8.517211013391163e-12,0
0,0.012416873558518017,0
0,4.279775854460022e-05,0
0,0.008576893022657192,0
0,2.448719896683018e-06,0
0,0.00041392080716438743,0
0,2.6337330688453033e-06,0
0,0.025005812523148267,0
0,2.5826893006238326e-06,0
0,7.217363392922059e-16,0
0,2.833105698985445e-06,0
0,0.014258649535120838,0
0,0.0005850509076019265,0
0,4.97087529177276e-06,0
0,2.625488160594728e-12,0
0,1.180443996683959e-14,0
0,0.000542624650525582,0
1,0.99999999999162,1
0,9.608582734412881e-10,0
0,3.246814811499292e-15,0
0,8.118719910954976e-06,0
0,4.104149894996725e-06,0
0,0.025484973048344937,0
0,8.294778478507981e-05,0
0,0.014823010444484488,0
0,3.9029407974127117e-10,0
0,1.3552814067054626e-11,0
0,0.010663262635917945,0
1,0.9900515881110032,1
0,1.1637153755074235e-15,0
0,7.811436860314305e-06,0
0,1.3008864984788475e-06,0
0,2.0671382079032747e-12,0
0,0.00040417414027455384,0
0,0.0005664784417012466,0
0,3.6370559739719133e-06,0
0,0.0009280961414938201,0
0,4.915868961060479e-10,0
0,4.381008505775118e-06,0
0,6.832317095439225e-15,0
0,0.01078788845378352,0
0,0.0006413392646845901,0
0,4.781353392820537e-12,0
0,0.01344388548440787,0
0,0.00044257584224200645,0
0,0.0012205825879460439,0
0,0.920366910097493,1
0,0.0008261672661916292,0
0,0.03424343945588198,0
0,2.5534080293221894e-16,0
0,0.011753015750497833,0
0,5.978902936463534e-16,0
0,4.553108003610389e-15,0
0,0.0007770071982654134,0
0,9.343921871392622e-15,0
1,0.9999623762328157,1
0,2.445980768620958e-12,0
0,0.02364909001665544,0
0,0.01839540689399596,0
0,2.9520323178388984e-10,0
0,0.030081149641357382,0
0,0.0013277981774485145,0
0,8.847462478977169e-12,0
0,8.435667567928122e-16,0
0,0.02275111251867493,0
0,0.020499447066762044,0
0,9.58148736920916e-06,0
0,0.0002205613696027049,0
0,3.3243135908712603e-06,0
0,1.9665960292535567e-11,0
0,0.018618807723192514,0
1,0.9871310773862889,1
0,1.1693085506471846e-15,0
0,1.2592940313738303e-11,0
0,1.9447700971682256e-12,0
0,3.6257269339138707e-06,0
0,3.1040287603166934e-11,0
0,2.2915135135924964e-06,0
0,3.795623876221988e-12,0
0,0.012013912198495541,0
0,0.00039586908213308655,0
0,0.0006580153499834083,0
0,3.1516395352493395e-12,0
0,0.0007668515680917077,0
0,0.013609048375143111,0
0,5.017551686509076e-12,0
0,0.016442731932620632,0
0,0.7154607872643075,1
0,6.19632696874998e-15,0
0,0.0008536027497113968,0
0,4.156407394676013e-06,0
0,8.550454042583065e-12,0
0,0.847334756254147,1
0,0.014359120712995208,0
0,0.010606519273637129,0
0,5.4016513984601324e-11,0
0,4.573082559939177e-05,0
0,0.013870169382613573,0
1,0.9024478711876291,1
1,0.9980922142256087,1
0,3.7555326835436274e-06,0
0,0.012006258009743748,0
0,0.015757871490219764,0
0,4.178042047606706e-15,0
1,0.9999999969864122,1
0,0.0014591554518200993,0
0,0.02187077000363367,0
0,0.0008083908660749152,0
0,0.0006702479918744641,0
0,3.8128858547930745e-06,0
0,4.1508941400544067e-16,0
0,0.0004864719482876906,0
0,4.934169457445047e-16,0
0,0.011574775659995545,0
0,2.027823251528144e-11,0
0,2.7311715591746168e-11,0
0,1.1147205961863475e-05,0
0,0.01859579739166335,0
0,2.9889792335559544e-11,0
1,0.9278909465460635,1
0,0.0012874396753905818,0
0,0.014383372659204675,0
0,0.0008151696451335649,0
0,1.8414418487398988e-06,0
0,0.020754698363317284,0
0,0.015407878303325477,0
1,0.9805537862298651,1
0,7.381441256489831e-06,0
0,7.396742719400418e-16,0
0,0.9364384822784563,1
0,0.008075358417110776,0
0,1.2190719670217604e-06,0
0,0.00022152579295180673,0
0,3.901417675632936e-12,0
0,0.0010127113809838097,0
0,8.224237736206418e-12,0
0,0.023076574112454208,0
0,5.5264805746092975e-06,0
0,0.0027637397352179593,0
0,0.00013203063681917952,0
0,0.0005086179721349985,0
0,1.5964701987242486e-11,0
0,0.0010291295429645253,0
0,3.887386195768501e-06,0
0,1.864357341764155e-06,0
0,0.030829266060723514,0
1,0.9664170967163956,1
0,0.0361399067831158,0
0,7.719120100590957e-07,0
1,0.9795113407738623,1
0,5.172820650228969e-12,0
0,0.0007968867217094162,0
0,0.00044897837614570795,0
0,1.3286225998569649e-11,0
0,0.0006172398453164403,0
0,1.7604479155775123e-06,0
0,5.818376008213813e-06,0
0,6.989296489276586e-06,0
0,8.713226664968073e-06,0
0,7.642118992999858e-15,0
0,0.01400120742296181,0
0,0.02051946321914113,0
0,0.00027886506843685345,0
0,7.766807316796191e-15,0
0,2.640618570979612e-06,0
0,0.045975289133713744,0
0,1.1462350077674005e-09,0
0,0.016576215332298437,0
0,1.1481859482700349e-10,0
0,0.001136012112073101,0
0,0.0010233412288586901,0
0,0.05876253697658105,0
0,8.156668722382017e-11,0
0,0.0008762158866321229,0
0,7.415356586047195e-12,0
0,1.093478657270049e-15,0
0,0.00037020173664279745,0
0,3.0761299477094464e-06,0
0,0.0004979327772349406,0
0,3.836298726802196e-06,0
0,0.0036076268283387457,0
0,7.118772317176079e-15,0
0,1.41659014318155e-15,0
0,1.1205204831701387e-15,0
0,6.195041398638866e-05,0
0,1.1408400252720724e-10,0
0,1.6779880031023349e-12,0
0,0.032277414405005624,0
0,0.018698375787187676,0
0,9.363043416101883e-05,0
0,3.705626285402825e-12,0
0,2.077440241482775e-12,0
0,0.011763532261962965,0
0,3.967579093200842e-15,0
0,1.26864130600515e-12,0
0,3.7811461664048475e-06,0
0,0.0003722394356189424,0
0,3.462290780717266e-11,0
0,1.7259712794998396e-06,0
0,5.778567650211144e-16,0
0,0.00048633392545065316,0
0,0.0011501348662569895,0
0,0.0005633696505540507,0
0,8.874207417398804e-16,0
0,4.804745667505757e-06,0
0,5.239363236634373e-16,0
0,1.342110133007941e-11,0
0,0.02895395204524958,0
0,0.014235548836094639,0
0,3.014415093938156e-08,0
0,1.0913791816727577e-11,0
0,0.04053356725721688,0
1,0.9622643327190292,1
0,3.6312529835396127e-12,0
0,0.024089533713794367,0
0,0.011310750142270962,0
0,1.2340415894840131e-15,0
0,0.00013619313529459004,0
0,0.0014709864089457484,0
0,0.0002101068020826709,0
0,0.0009220701378703197,0
0,0.0005063166854861232,0
0,4.1443542658161387e-16,0
0,0.7139606620312823,1
0,1.2510378936533035e-15,0
1,0.8508980844012317,1
0,9.32278470223631e-11,0
0,0.00027920825449471125,0
0,3.2474314437575065e-06,0
0,4.013750454322889e-12,0
0,0.0003613139753436366,0
0,4.536788119109057e-06,0
0,1.6793787147349622e-15,0
0,2.790715850499752e-06,0
0,0.03326308057122,0
0,1.9458498764383534e-12,0
0,1.9657263127537627e-05,0
0,0.0006815884800992297,0
0,5.9346912341860045e-06,0
0,0.8317638843008636,1
0,0.03297076905430238,0
0,3.244356226219565e-06,0
0,0.00046868186738882784,0
0,3.4655535121041353e-06,0
0,0.0001854116538110922,0
0,2.162862052732934e-15,0
0,0.0005774490581356759,0
0,4.231209774075065e-12,0
0,0.0005905051911132272,0
0,0.0003699183946306042,0
0,7.82008310080855e-12,0
0,0.00028159638969218835,0
1,0.9469386341083662,1
0,6.371072882359473e-13,0
0,4.043669306452794e-06,0
0,6.326378771217565e-06,0
0,0.016630774224546438,0
0,2.1436017477616644e-15,0
0,0.000268532134867822,0
0,0.0002758936183036299,0
0,0.00016981583955886354,0
0,6.939222315137707e-16,0
0,3.372867620440273e-12,0
0,3.8985768770803535e-11,0
0,3.0276693631483694e-15,0
1,0.8411327890626406,1
0,1.3760674053756666e-15,0
0,4.821087682832823e-11,0
0,0.016159512707517885,0
0,0.0007025394920666304,0
0,0.0004613370186260793,0
0,0.008465957180203766,0
0,0.0008280714430935391,0
0,5.960141229872147e-06,0
0,1.4218048777077207e-11,0
0,5.301529814492343e-06,0
0,4.5507527693682864e-08,0
0,0.000339746659156157,0
0,4.626228288269496e-06,0
1,0.9999638371201303,1
0,2.607772658930979e-16,0
1,0.9821466424150687,1
0,0.018614971476913555,0
0,4.487086923276103e-12,0
0,1.6209713212470094e-11,0
0,0.03659849141803446,0
0,7.696206028356017e-11,0
0,0.01362297803737049,0
0,9.89890178351296e-05,0
0,8.22942224526318e-05,0
0,3.817048591253797e-06,0
0,0.026914767634491858,0
0,4.347519111394302e-16,0
0,0.0007437613574875557,0
0,0.010458515110314806,0
0,0.0015522505950092483,0
0,3.635166148719313e-12,0
0,1.744173779743383e-06,0
0,0.00047834995630214336,0
0,1.3622786799085804e-15,0
0,1.789353410262679e-08,0
0,0.000642576073518933,0
0,0.000448428402996151,0
0,0.036744661625928966,0
0,0.017168709394021747,0
0,0.011834141037471416,0
0,0.8499500572711635,1
0,0.01611867728386643,0
0,0.5861790082714989,1
0,1.1905269322581423e-15,0
0,5.1726089447331744e-06,0
0,0.7922284424061488,1
0,0.0005496434259334266,0
0,5.001318082366123e-11,0
0,0.0006955243938841331,0
0,4.673634621108953e-06,0
0,0.0004995450332373118,0
0,0.000110491384080652,0
0,0.010976595715018926,0
0,1.0594857340130686e-10,0
0,6.316532645108269e-06,0
0,6.120975153428541e-15,0
0,0.028429279596345974,0
0,2.3920210348218856e-12,0
0,0.018686313430079968,0
0,0.0006749157718939328,0
0,0.02172165889870795,0
1,0.7723423469398859,1
0,2.657895383903012e-06,0
0,6.665568569789192e-06,0
0,2.3934523939092445e-11,0
0,1.2534179720939167e-08,0
0,0.0010611103767704615,0
0,2.4937362999507976e-15,0
0,0.0016947100851980432,0
0,1.595259785947454e-11,0
1,0.9973500757718081,1
0,0.7906925093817009,1
0,9.357193887688817e-05,0
0,0.0008934326958289785,0
0,0.0535124724589374,0
0,0.039102533831815736,0
0,9.299747719728877e-12,0
0,0.022375477871046098,0
0,3.187455951500965e-06,0
0,1.1288108982060044e-15,0
0,0.012404721340699355,0
0,0.01899231332762983,0
0,0.0006172748756034266,0
0,0.00017337973018804743,0
0,0.02029562745873795,0
0,0.0007489276501297528,0
0,7.113670906902995e-16,0
0,5.891500998053155e-12,0
0,7.222243159874397e-12,0
0,3.3130585285567344e-12,0
0,0.000319050427182938,0
0,0.02320356976701781,0
0,0.019503717658069665,0
0,0.0006134733816526508,0
0,0.009368664635955834,0
0,5.04814115993997e-06,0
0,0.00019098377296743893,0
0,6.958716382377741e-06,0
0,0.0019413859934138467,0
0,0.0004249939679106921,0
0,3.0038812378370906e-06,0
0,3.511154817463981e-12,0
0,0.00014677495612163292,0
0,0.00039992245531007364,0
0,0.01666413925174667,0
0,1.2944907212013566e-15,0
0,0.0008049798192247425,0
0,0.01984560589184439,0
0,3.4195390318829016e-12,0
0,1.2923389935446193e-05,0
0,0.007345313664179407,0
0,2.753183958658216e-10,0
0,0.0004061277974029131,0
0,0.0006081083600923378,0
1,0.9999231973991256,1
0,0.0014051061489603511,0
0,5.383763781660415e-16,0
1,0.9966679015726714,1
0,6.793332282863075e-06,0
0,1.5592401362870234e-12,0
0,0.0005993434107963743,0
0,2.4125747642534253e-11,0
0,7.09252854312186e-12,0
0,6.960194006469314e-16,0
0,0.00025433871370872293,0
0,0.11055720771125875,0
0,0.0005190022045598804,0
0,0.035865333826333265,0
0,1.014335234934714e-11,0
0,0.000606657935416108,0
0,0.0004865300073886357,0
0,0.001138019464653174,0
0,0.000542285585820984,0
0,0.0015431113373234578,0
0,8.4408875170333e-16,0
0,5.112248425686802e-06,0
0,2.6832500863480104e-12,0
0,3.6657714203772885e-11,0
0,2.0287180058465424e-12,0
0,0.022237164557983528,0
0,0.0007592473128578966,0
0,2.5800295302503483e-06,0
0,4.5240529680610695e-06,0
0,0.0008607559279125026,0
0,8.529863571324616e-16,0
0,1.1260056740031645e-15,0
0,0.0014055113138010924,0
0,7.309640728150809e-12,0
0,0.00030254984841532453,0
0,0.0004129899089086058,0
0,0.009050795370761514,0
0,1.2562764831254287e-15,0
0,0.024464310040267605,0
0,0.00023216418795515554,0
0,2.537220395673843e-06,0
0,3.6721432811894526e-06,0
0,0.0017791518737201072,0
0,5.920627002655352e-10,0
0,0.016284026030179227,0
0,0.015833769531236032,0
0,0.011355003896310703,0
0,2.8164188869197073e-12,0
0,5.392446513689002e-16,0
0,4.042962265171276e-06,0
0,2.476754527615378e-06,0
0,0.006543484755337948,0
0,0.0006595441388714863,0
0,0.01344657354933199,0
0,3.4658079787181466e-06,0
0,2.1834797048776823e-12,0
0,2.552870770405618e-12,0
0,4.739049125362046e-16,0
0,0.0005800632525780179,0
0,0.002882835160298581,0
0,0.7470001669996759,1
0,0.0001606786901894366,0
0,0.024185592669816926,0
0,2.7694373255589273e-06,0
0,0.01259527027682933,0
0,1.6946021171277165e-11,0
0,0.02042028774364215,0
0,5.772360356927961e-16,0
0,0.0134675552173819,0
0,0.0021904854415024074,0
0,7.857061609927776e-15,0
0,2.724639919855543e-06,0
0,0.00014255267104632316,0
0,3.280174285379244e-05,0
0,0.013985783489747054,0
0,3.39994722039127e-06,0
0,6.064442784657458e-16,0
0,2.8488889275279354e-10,0
0,9.984706654353673e-16,0
0,0.0028110143983335954,0
0,3.0354193885275373e-12,0
0,2.321871478406043e-06,0
0,0.02537217711529476,0
0,0.012665642667654266,0
0,5.524582220111095e-11,0
0,0.029254663159132176,0
0,0.001040213424580638,0
0,0.00019170710217023522,0
0,1.5988976231660357e-10,0
0,8.509284944179478e-12,0
0,3.5504971017110267e-16,0
0,0.021124042993881487,0
0,1.1065812450849618e-11,0
0,0.7733736618499574,1
0,0.007748530499241491,0
0,0.015230017096635077,0
0,0.001690729085937074,0
1,0.9999999981526209,1
0,1.3645248559784974e-15,0
0,0.0008852573489477518,0
0,0.0007859764883919202,0
0,0.0003891792231631482,0
0,0.027585886590813846,0
0,8.877683278348826e-16,0
0,0.013717531474220928,0
0,0.0013354602917740686,0
0,7.150247212516798e-12,0
0,2.015604108048741e-06,0
0,0.8377173756563437,1
0,5.177488094231458e-06,0
0,2.9870248987375625e-11,0
0,0.025346919929304226,0
0,6.072730531819269e-06,0
0,1.262563717101728e-15,0
0,0.00012542040839476324,0
0,0.010449794432775541,0
0,0.0003858508387808751,0
0,0.015327279846517983,0
0,7.268544736060774e-16,0
0,0.00017420389036339437,0
0,0.00020600896240548084,0
0,7.2124121232789e-16,0
0,0.8958440679877929,1
0,0.025947922536186527,0
0,0.00038662507061836915,0
0,0.00027307349170159766,0
0,0.05490952736703536,0
0,7.918035788296201e-16,0
0,0.01717986227464611,0
0,5.16254678278902e-12,0
0,8.217528770737739e-16,0
0,0.0006036674551254159,0
0,0.0006885882092586444,0
0,1.796148017166995e-15,0
0,2.2119036410370975e-08,0
0,1.126699549922301e-06,0
1,0.9999868497498724,1
0,0.00033927648506161377,0
0,0.0005848783020362773,0
1,0.9837333741044354,1
1,0.9983899380720821,1
0,1.9155741511380405e-11,0
0,0.02714220392612002,0
0,5.840309891687862e-05,0
0,0.016531110080203356,0
0,3.1054010368542255e-12,0
0,0.001749882895351927,0
0,0.021355138893166686,0
0,0.021129481945777524,0
0,0.0009021235621937965,0
0,1.9697432022712256e-06,0
0,0.0002573735187378435,0
0,0.025479179418040402,0
0,1.0414720689648752e-15,0
0,5.344722366318083e-11,0
0,3.3243114249160153e-06,0
0,2.9947986822732462e-12,0
0,0.0004526065113070024,0
0,0.03904130527247672,0
0,0.00010878641535483401,0
0,0.0007794564413943607,0
0,1.789429065504527e-11,0
0,2.4697822184352484e-06,0
0,0.0004875894184979382,0
0,0.0015115081815459915,0
0,5.985305363217522e-12,0
0,0.013059149716134373,0
0,2.675900513687369e-06,0
0,0.0019654553786300306,0
0,9.463996807705258e-16,0
0,0.00022909616128465927,0
1,0.9997030441897549,1
0,4.604969034561898e-12,0
0,3.749438655198986e-11,0
0,2.7096625525440147e-06,0
0,1.1397687760111201e-10,0
1,0.9808447818191555,1
0,0.0002276595351802434,0
0,0.01164513820855918,0
0,0.0006037679306614233,0
0,0.018808370477496946,0
0,7.258776702794937e-16,0
0,4.919387289004772e-06,0
0,0.00014949879191229336,0
0,1.2021343095054071e-11,0
0,0.00012242732413126177,0
0,8.7557925442417e-12,0
0,0.000833608662328129,0
1,0.9999999999833173,1
0,0.0060056541063509,0
0,0.017709613602273435,0
0,4.100127192896659e-06,0
0,3.4896787935041365e-06,0
0,1.4134423090992263e-11,0
0,0.020132966408393373,0
0,0.01886409723516727,0
0,2.7533126399412596e-12,0
0,2.274473502746407e-06,0
0,3.0943147567282825e-12,0
0,0.016455924732113394,0
0,0.0006458202492172107,0
0,1.0233661321998901e-15,0
0,0.01918784553478116,0
0,0.0005885370193297141,0
0,4.331200887130103e-06,0
0,0.00015987552710580835,0
0,0.0017823018602459927,0
0,7.295625001889658e-16,0
0,0.0011624872862580936,0
0,0.9617120764709288,1
0,8.413652499165426e-08,0
0,0.0011074404966454675,0
0,0.0014043585627160897,0
0,0.013010538190756326,0
0,0.00020405426951389586,0
0,8.07482038957823e-16,0
0,0.0003657269706226669,0
0,0.8165963605219771,1
0,0.0005749781747908224,0
0,5.071327999592934e-12,0
0,9.041584711665874e-12,0
0,0.0006363537606279962,0
0,7.77968830666915e-06,0
0,0.07782729111802815,0
0,1.1753617938984904e-12,0
0,0.0007558353853246261,0
1,0.9904419335042147,1
0,0.022138243263893093,0
0,0.016145164339101892,0
0,0.014020156045853577,0
0,2.492485176722461e-10,0
0,0.013364463664348824,0
0,0.0003094409205756219,0
0,0.01269941368419999,0
0,3.837478857138033e-12,0
0,0.0004995711280312272,0
0,0.001576889748522247,0
0,6.944275872248597e-16,0
0,3.5388654479076586e-05,0
0,5.394675331724118e-12,0
1,0.9594915154039205,1
0,0.001140154320637592,0
0,1.931679925917859e-06,0
0,1.133471856913181e-06,0
1,0.9895691465381754,1
0,0.004304207107773541,0
0,1.610129860097068e-11,0
0,5.6585473942279366e-12,0
0,0.0014072147213169501,0
0,0.017103375483734404,0
0,0.0009401911527141894,0
0,1.035967298628784e-15,0
0,1.9061271947316427e-12,0
0,0.02208648528803647,0
1,0.9980101753028007,1
0,6.163159411016067e-12,0
0,0.002220126580944654,0
0,0.0002237704719746718,0
0,0.00048270244410248233,0
0,4.49133264691515e-16,0
0,0.025303339392864103,0
0,5.0894004490824366e-15,0
0,5.83314877930111e-16,0
0,7.280822968239142e-12,0
0,3.819608205278597e-06,0
0,8.997620372901451e-05,0
0,0.000170300960309958,0
0,0.0003292848552639961,0
0,3.152045129300475e-06,0
0,0.0010743370346288244,0
0,0.0011633986658750744,0
0,0.016399561955585576,0
0,1.1045675728583335e-15,0
0,3.8551308782057955e-12,0
0,1.582152244365474e-10,0
0,1.1875980905101343e-05,0
0,2.945301051240071e-06,0
1,0.9502139874887183,1
0,7.602526009630737e-07,0
0,3.0937406970803688e-12,0
0,0.0005675749330303307,0
0,9.685961460803607e-12,0
0,0.023898715795340232,0
0,0.0011425784941002189,0
0,0.0224511822741786,0
0,0.0017977046404415054,0
0,0.0008394746686333351,0
0,2.518803054546766e-11,0
0,5.10592484069411e-06,0
0,0.0006876624608502053,0
0,0.0008556798143935921,0
0,0.006849342913470246,0
0,0.0004021516359878308,0
0,0.911775752364887,1
0,1.2971540883834166e-05,0
0,0.010585713858835626,0
0,0.00020403770337032028,0
0,0.015877203752803666,0
0,0.0007329471530090672,0
0,0.7686948844781669,1
0,0.0006185058495625129,0
0,6.299762485487628e-10,0
0,0.022912580850462293,0
0,3.0776980119386542e-06,0
0,5.482249532661771e-16,0
0,1.9537265342750955e-11,0
1,0.9692097510962775,1
0,0.011541730154850827,0
0,0.0006773641738854203,0
0,1.4448834309581227e-10,0
0,3.752580609816934e-11,0
0,2.394908712794572e-12,0
0,0.0048767721678096435,0
0,0.0011046080919507027,0
0,3.194158247924918e-16,0
0,0.000497049908059461,0
0,3.829729243225135e-11,0
0,0.021772089879662147,0
0,0.000865249203053592,0
0,0.009620429225492073,0
0,0.0007255391850407174,0
0,4.689199346017344e-06,0
0,0.0003635250987819233,0
0,2.0422260231559724e-06,0
0,3.7208056010718897e-06,0
0,3.0099626921158036e-06,0
0,1.4069000794247272e-15,0
0,0.00014502563202268125,0
0,3.540570810666333e-06,0
0,0.00028837881065080543,0
0,0.8263318855734412,1
0,0.0008110339643765274,0
0,1.5055785884835925e-09,0
0,2.968396523684719e-11,0
0,0.025960159775820675,0
0,5.953833822223801e-06,0
0,4.529896644131493e-15,0
1,0.9920150216651521,1
0,0.03158793278299839,0
0,0.003671527842619585,0
0,0.016181347522656285,0
0,0.0005025373056089738,0
0,0.010647941001604043,0
0,2.492761731752249e-06,0
0,1.018469030750514e-11,0
0,4.8022472575395886e-11,0
1,0.9996077243797864,1
0,0.01419591067555165,0
0,7.080582917558269e-16,0
0,0.00040145130193308865,0
0,0.02348255599449532,0
0,8.62224647548675e-12,0
0,0.019481938392513328,0
0,0.01217228767403268,0
0,0.0004179663837386313,0
0,0.7230864130215628,1
0,6.504233101917329e-12,0
0,0.0012724425884387228,0
0,1.2760701413492758e-11,0
0,0.0004894723701075862,0
0,0.9429696139851217,1
0,6.6476557832706974e-06,0
0,5.053828152057313e-16,0
1,3.223804441784032e-12,0
0,5.1307042397632597e-11,0
0,3.9177381264422764e-16,0
0,0.013022310667171915,0
0,0.0005732110835556784,0
0,5.480436899634096e-10,0
0,0.0005943135275909247,0
0,0.018747813438456246,0
0,1.451041609559497e-15,0
0,1.4581156853799867e-08,0
0,2.1553475939772176e-15,0
0,0.00890717743110045,0
0,0.00022437795269983506,0
0,2.538998955244709e-15,0
0,0.0365975183386543,0
0,1.4859821727970815e-05,0
0,3.093175807297341e-12,0
0,2.254212199866912e-06,0
0,0.0005467662507786902,0
0,0.014015568502838343,0
0,3.466846515288353e-11,0
0,0.00042262672590791245,0
0,0.012883960835063941,0
0,4.653439332066576e-05,0
0,3.752371819413283e-06,0
0,5.126222769605096e-16,0
0,0.0005391875095180057,0
0,0.0006338541930086128,0
0,5.287852597556363e-06,0
0,0.00042503566624328736,0
0,6.420872979771344e-12,0
0,2.516946320678338e-11,0
0,0.0009432952891872758,0
0,3.0781737667425353e-06,0
0,0.0012414665673413207,0
0,0.0003810298668844067,0
0,1.5126827969501408e-14,0
0,0.0016575791685333467,0
0,0.7694853671276842,1
0,6.796634000250453e-16,0
1,0.9845459666260172,1
0,2.6669766438519948e-05,0
0,9.122643127144032e-11,0
0,0.01393377543482074,0
0,0.8145658110665798,1
0,7.975762318035343e-16,0
0,0.008525620630933458,0
0,0.00011043523336456759,0
0,0.008885453325836207,0
0,0.020231759249351087,0
1,0.9910363313303152,1
0,2.3073124985813222e-06,0
0,0.0173745501812265,0
0,0.000262990020967186,0
0,2.2358122573699794e-12,0
0,7.849582296877996e-12,0
0,6.642729655774331e-12,0
0,0.017789454949768708,0
0,7.0320310907238215e-15,0
0,0.03608986131253724,0
0,0.015961111899096846,0
0,3.39890548605261e-06,0
0,0.0018004573072332747,0
0,3.0799795154028337e-11,0
0,1.0580948195065537e-11,0
1,0.9999994578936898,1
0,0.01911281448873315,0
0,3.2325249614830995e-12,0
0,4.218016157361093e-12,0
0,3.029403525981651e-12,0
0,0.021373356722313507,0
0,0.00012602276535476667,0
0,0.02737692312887897,0
0,1.796375322220518e-11,0
0,0.0014050125983249154,0
0,6.037902846790182e-15,0
0,0.7680641818293835,1
0,0.0008407956209991642,0
0,0.00038802831542036914,0
0,0.0005134924902409334,0
0,0.0007368070799019268,0
0,0.01449079242172253,0
0,4.602075513047542e-06,0
0,0.014779463351466912,0
0,3.309623833000764e-05,0
0,0.01854918076255523,0
0,0.010938879432091706,0
0,3.913730227594232e-06,0
0,0.0018879327512850584,0
0,0.017982707430317886,0
0,3.218200710234867e-06,0
0,6.010724403165178e-12,0
0,0.01570504531531739,0
0,0.03911436303895113,0
0,0.0006053171409776288,0
0,0.0008158990876924963,0
0,0.018724500725592595,0
0,1.1733703866658822e-15,0
0,0.0005513048295904309,0
0,1.0046578725046177e-11,0
0,2.9745903859427888e-06,0
0,4.660800213761043e-06,0
0,0.022805710838811083,0
0,5.241563996744857e-06,0
0,0.01389372573741886,0
0,0.0005105632320394024,0
0,0.017273789079737912,0
0,0.8476782527696826,1
0,0.00027409815578600526,0
0,9.311679427875252e-09,0
0,5.07980749217542e-12,0
0,0.8567830303816669,1
0,0.7938868329017359,1
0,0.0003686695399843625,0
0,3.02635444190924e-06,0
0,0.0005998941812900222,0
0,6.212693316559687e-16,0
0,0.02290440416999106,0
0,0.015016178145131528,0
0,7.861294113725862e-16,0
0,0.0065497082248131885,0
0,0.010026508506951477,0
0,0.012630500531733561,0
0,6.975577856293359e-15,0
0,1.0433998250965702e-06,0
0,1.2403958071157719e-11,0
0,1.7940923652297184e-11,0
0,3.712542449538701e-06,0
0,1.7079761284648087e-05,0
0,0.9798978719960653,1
0,3.813164219299228e-06,0
0,2.5698523878623654e-06,0
1,0.9643228672812869,1
0,0.005635478568908285,0
0,8.303373991891556e-12,0
0,4.4012667929099135e-12,0
0,1.1059043592330309e-14,0
0,6.938829400627819e-06,0
0,2.0144417836469776e-12,0
0,0.01555503227431407,0
0,0.009528622717693806,0
0,0.012130653066739733,0
0,3.595068423144763e-11,0
1,0.9778217696038944,1
0,0.00039326045422993495,0
0,0.012249455266855065,0
0,2.9176445950847883e-06,0
0,0.0006760676819835038,0
0,6.62526643134095e-05,0
0,3.3107514846352638e-12,0
0,4.039631773031654e-06,0
0,4.350882929195195e-06,0
0,3.657424917549406e-11,0
0,0.0179231569847812,0
1,0.9981348048672198,1
0,2.4712058259625746e-06,0
0,2.620328427274169e-15,0
0,3.7814642596981353e-06,0
0,0.0007049727647867094,0
0,7.102260474751087e-11,0
0,0.0002462329688135385,0
0,0.9720939217269685,1
0,5.546822991987288e-06,0
0,0.0006702692573199532,0
0,0.013266192199012405,0
0,1.8934789179201443e-14,0
0,8.957307664297268e-12,0
1,0.9999954108250383,1
1,0.996172895354496,1
0,0.0004827016882375306,0
0,2.227849257706397e-06,0
0,0.0003347930192554659,0
0,4.403215042100177e-06,0
0,4.173070738999118e-06,0
0,0.015349302425078325,0
0,0.0007868807676260975,0
1,0.9992285303362234,1
0,2.1617939397131197e-15,0
0,0.00947826961037064,0
0,3.60695866868323e-11,0
0,5.7820532399563886e-12,0
0,0.013000340081383038,0
0,4.313342050466295e-12,0
0,4.584299886626434e-12,0
0,1.9190593119127938e-14,0
0,0.022843736143085467,0
0,1.0914803828464484e-15,0
0,5.264785443031597e-16,0
0,0.0012418922017191337,0
0,4.4456030460772225e-12,0
0,6.1237334095984905e-06,0
0,6.479201957289191e-07,0
0,1.6174585139501732e-15,0
0,0.014320430293585111,0
0,7.6356319331077e-12,0
0,0.015938459230799902,0
0,3.4131102476473823e-12,0
0,0.008357956082050996,0
0,5.485590948288153e-10,0
0,2.6471804795024523e-11,0
0,0.0009621605680630091,0
0,0.010545047151453765,0
1,0.9651019242480767,1
0,0.016628006444350113,0
0,0.00052815732077062,0
0,3.327674003854567e-11,0
0,3.707957810012394e-12,0
0,0.0007524538825151224,0
0,3.76962273955854e-06,0
0,0.011353615938577151,0
0,0.9436697167249758,1
0,0.020828326376117257,0
1,0.9217850420579535,1
0,0.007819863789629844,0
0,3.8799199401151234e-06,0
0,0.0003267296310604599,0
0,4.704113869747832e-06,0
0,4.108218056544125e-15,0
0,0.012445490686686283,0
0,2.1260607188288553e-05,0
0,0.015305007538698836,0
0,1.709816195064754e-10,0
0,0.0006984689021019425,0
0,0.011458645867359726,0
0,0.0010202336945449159,0
0,6.280041778181163e-16,0
0,0.0010613540522732192,0
0,7.390187441758223e-12,0
1,0.937754373737539,1
0,6.201566981513584e-11,0
0,0.01189968864244387,0
0,3.902397197293638e-06,0
0,0.019139468326526465,0
0,6.344774092351598e-15,0
0,0.6511911377392411,1
0,5.778553304101538e-12,0
0,0.6157442913850175,1
0,0.018821312481479075,0
0,0.0009249024881624301,0
0,4.951649550972415e-16,0
0,0.012110516609820014,0
0,0.020124534978656024,0
0,3.4374894653532096e-15,0
0,5.039381651792743e-12,0
0,2.1301254540755637e-15,0
0,0.01698294385288283,0
0,3.910615705401351e-05,0
0,1.6489708876031007e-14,0
0,2.4832642717031065e-06,0
0,0.0006643543439439814,0
1,0.9999999988760979,1
0,3.183835900046248e-06,0
0,5.363078272977845e-06,0
0,0.0002206911363309869,0
0,7.834178100235884e-15,0
0,9.353661388727435e-12,0
0,3.2138393752945924e-06,0
0,0.6359059489918548,1
0,0.9492150123084967,1
0,0.03573364643320308,0
0,2.7019448725236346e-11,0
0,5.5673954073747955e-12,0
0,0.7868298685314387,1
0,0.0007010822829310046,0
0,0.012048230021752955,0
0,6.799254434130099e-16,0
0,0.03111407875975353,0
0,5.203292275195853e-06,0
0,0.0005190016458193272,0
0,2.656926366059313e-15,0
0,0.011363590134489456,0
0,0.024808363047838115,0
0,0.0011189949726140842,0
0,0.02570706569964321,0
0,0.0004566192835533786,0
0,0.0010291144463576041,0
0,0.021713976875390346,0
0,6.151481836417435e-11,0
1,0.6490639077080501,1
0,0.03788989814030768,0
0,0.019383755316423806,0
0,4.986165393335881e-12,0
0,3.883045147456803e-11,0
0,0.9540992421916604,1
0,0.6534194183316485,1
0,1.2205579574126445e-11,0
0,5.734645608242842e-06,0
0,0.02344955146613972,0
0,1.8772609786286895e-14,0
0,0.00036750840463878364,0
0,0.009477201399240003,0
0,2.8933332538762024e-06,0
0,0.04677897872312566,0
0,0.0013844726885047824,0
0,0.0004793241520748277,0
0,0.0023175975677717235,0
0,3.391694526717161e-12,0
0,2.458166000406376e-06,0
0,0.8800717001264164,1
0,1.273991898424139e-15,0
1,0.9999903912954289,1
0,0.01085729912972246,0
0,0.02508182760956236,0
0,0.0013410526487469424,0
0,0.00019395530355418948,0
0,9.3712157049345e-10,0
1,0.9922410738031644,1
0,0.004548983489266434,0
0,2.3221232298580074e-05,0
0,0.0003857025778025417,0
0,0.018374954880083772,0
0,0.0004515136302417673,0
0,2.0653878506928326e-05,0
0,5.727059814120369e-12,0
0,1.1311135418971136e-15,0
0,8.026884151116982e-16,0
0,0.01899885993521835,0
0,1.84004838111777e-06,0
0,2.3492280359891698e-11,0
0,0.0007534171924720361,0
0,2.4063334540803864e-11,0
0,0.0003090508435384509,0
0,0.00044720393831496156,0
0,2.557285638898908e-15,0
0,3.779025862479942e-06,0
0,6.849949474856645e-12,0
0,0.8101084755081288,1
0,7.999085242219599e-12,0
0,0.008056832578625309,0
0,0.8882695118423793,1
0,7.738393790129288e-12,0
0,0.020288692727543748,0
0,0.02153437649330858,0
0,2.8167921493589633e-06,0
0,4.029050116414686e-06,0
0,3.0050291010671117e-06,0
0,0.00037457327700367017,0
0,0.0008591558411209497,0
0,1.0721499988628905e-14,0
0,2.5140292935149513e-15,0
0,0.0005610610837424601,0
0,2.82472777844522e-11,0
1,0.9913211242982274,1
0,0.0399706645382591,0
0,2.3647276065580337e-12,0
0,0.010100601438878639,0
0,3.478000003242142e-06,0
0,0.026952662982163273,0
0,6.126750168883299e-16,0
0,3.6897506137261877e-06,0
0,2.522411380671808e-05,0
0,0.000932102193909919,0
0,0.0009719295821417353,0
0,2.2793071553747826e-06,0
0,0.028486422787472498,0
0,0.014635075437504384,0
0,7.385754496843774e-06,0
0,5.106465700259052e-12,0
0,2.6118019923393237e-05,0
0,0.0003834519272367829,0
0,0.0005371710633760365,0
0,3.168023959581441e-05,0
0,0.0025201537519335747,0
0,3.995050262127114e-12,0
0,0.020630017277336828,0
0,0.001594336198096778,0
0,0.0010628594112369106,0
0,1.4112981741459705e-11,0
0,0.0010428576352595209,0
0,0.8726522047903036,1
0,2.0485793347364494e-06,0
0,0.0002540701974931337,0
0,3.2725570426187784e-11,0
0,1.0141102249123823e-11,0
0,2.347170551954318e-06,0
0,1.1683742488837484e-07,0
0,3.9243599460759746e-11,0
0,0.04352307460193737,0
0,0.012503308759921216,0
0,7.694975151122103e-15,0
0,0.0003474536990172096,0
0,0.0009546186169181179,0
0,2.932011114572291e-06,0
0,0.003219833322471169,0
0,8.655333877859085e-16,0
0,3.4064467232593732e-06,0
1,0.8685965772878864,1
0,9.9760556155762e-16,0
0,0.954448471491422,1
0,3.648674680640575e-11,0
0,1.054745394628091e-09,0
0,0.019336157807890705,0
0,0.020941023835708835,0
0,0.001225340975528775,0
0,0.000722871611954736,0
0,0.0009778048763633086,0
0,0.013307486545746839,0
0,5.1545202781426e-11,0
0,0.00027235166962397844,0
0,0.000848753661662485,0
0,0.00043283879342169727,0
0,4.121034464139415e-11,0
0,1.975756482814202e-15,0
0,8.080519371074253e-16,0
0,0.000437437713104883,0
0,4.437344070190569e-06,0
0,2.904002933496896e-06,0
0,0.015268072887632168,0
0,6.907780073182122e-06,0
0,2.420666871761617e-06,0
0,5.844982243432647e-06,0
0,0.0006057753310897773,0
0,1.0931658181669391e-05,0
0,0.0010989755679558586,0
0,7.344278313732875e-11,0
0,0.024392695798068464,0
0,2.1521043967561895e-06,0
0,0.0007113951992576716,0
0,5.939666722147827e-06,0
0,0.012128815095869109,0
0,0.029793921011557215,0
0,0.016697165170198452,0
0,0.00036043960188524574,0
0,0.0006126970755785447,0
0,0.7764057502813887,1
0,1.1675046490725086e-11,0
0,0.8405785950363324,1
0,0.01969495866078481,0
0,5.52443112813537e-16,0
0,0.0071599645432799805,0
0,0.0005221146867569083,0
0,0.0008421389559058141,0
0,0.0006078652372956218,0
0,6.03941567356494e-12,0
0,0.000635072652436381,0
0,3.037437881193628e-15,0
0,0.00010415415732502445,0
0,0.8599342300577992,1
0,1.016692013349471e-15,0
0,6.030013681940522e-12,0
0,0.00038347912481242243,0
0,0.6051329366140672,1
0,8.852473539838027e-16,0
0,0.021188237581090164,0
0,0.020859860288550205,0
0,4.101771022427523e-11,0
0,4.107467339917909e-06,0
1,0.9864042179684368,1
0,4.1032489303378076e-15,0
0,0.0010842248629065387,0
0,0.0008757795804926684,0
0,0.0011645328241260088,0
0,2.577158561924331e-11,0
0,5.050138390755278e-06,0
0,3.74204852361964e-06,0
0,0.0007607569900759825,0
0,0.7016968955490408,1
0,2.923329703174435e-06,0
0,1.8316098895753473e-15,0
0,0.0285016631664981,0
0,0.012325665208544412,0
0,7.351744700499026e-07,0
0,3.199884417220774e-05,0
0,1.9850957864837863e-06,0
0,5.81579687723936e-15,0
0,4.983933853429245e-16,0
0,0.027838946299417223,0
0,0.029661976808931918,0
0,3.032704311216521e-06,0
0,1.558162309559905e-15,0
0,0.0003855182889095174,0
0,3.710796350718967e-06,0
0,0.015376870902209202,0
0,2.8238987728158166e-11,0
0,0.001052515961004115,0
0,0.00099469929202542,0
0,9.44382646687575e-11,0
0,0.014327411816884855,0
0,0.00019539099375854077,0
0,0.023245717979467607,0
0,0.0005910554977032906,0
0,4.448430993286362e-16,0
0,0.01345723610003288,0
0,5.91423269290115e-11,0
0,4.824779484360244e-05,0
0,0.011005807238264755,0
0,0.018449359129522214,0
0,0.011650162089516978,0
1,0.999907172178553,1
0,2.508207609507468e-06,0
0,1.8753215275827886e-15,0
0,0.0010611573320526992,0
0,2.6153591436076046e-05,0
0,0.00963858979086487,0
0,1.0157938751265828e-15,0
0,4.376495621018786e-15,0
0,3.548351827863823e-06,0
0,1.5796071800127742e-06,0
0,0.0008047590509941964,0
0,2.1139456628204817e-05,0
0,7.260661978960318e-12,0
0,0.028238751099252866,0
0,1.331826894161684e-06,0
0,2.986003683463817e-12,0
0,0.0002880472687381042,0
0,2.535901645270345e-12,0
0,0.021955914617877093,0
0,0.0018009546284444955,0
0,1.0227505816606398e-11,0
0,2.4705828180275926e-12,0
0,4.664080374421844e-06,0
1,0.9999927240365075,1
0,0.6728496793723867,1
0,0.902378860193285,1
0,0.042454939697775126,0
0,0.0013734505530232078,0
0,0.0014749456328762478,0
0,0.006743045428475167,0
0,4.658860936256225e-05,0
0,3.042273366674648e-11,0
0,8.820534928139365e-12,0
0,5.726222807985416e-06,0
0,4.508551838679847e-15,0
0,0.02662336124755081,0
0,0.011142188440497648,0
0,0.00039230599388194047,0
0,3.92900060678722e-06,0
0,4.449725158743365e-11,0
0,6.829124749403767e-16,0
0,0.0006114868895839212,0
0,3.949402372189167e-06,0
0,0.00033404249752436215,0
0,4.371430501016343e-06,0
0,0.012662189215167747,0
0,1.7383330303155254e-11,0
0,0.00042390776639172434,0
0,1.5391097046145182e-12,0
0,0.012426338796101465,0
0,3.923290594509763e-06,0
0,0.001626641829128785,0
1,0.9987702934809113,1
0,4.610070079916316e-12,0
0,6.5091101970106e-05,0
1,0.9999999983133747,1
0,0.0006770862704584754,0
0,2.9067018814016445e-12,0
0,4.691814784386553e-06,0
0,0.638341514056025,1
0,0.015127559550030126,0
0,3.445478441959238e-05,0
0,2.7684486748533626e-06,0
0,0.0007500068371249197,0
0,0.015433836869451604,0
0,8.243219351319183e-12,0
0,0.019002875627987775,0
0,4.299770482203117e-06,0
0,0.00039615667113033354,0
0,4.196311121152478e-06,0
0,0.0012760482841501666,0
0,1.874880391959849e-11,0
0,4.9475201515417075e-12,0
0,7.780839619086972e-16,0
0,0.0007441706530180138,0
0,0.009496965700555566,0
0,0.011673469861000886,0
0,2.0814966949432148e-06,0
0,4.519845077861128e-12,0
0,0.9633378300651178,1
0,0.026750558722644147,0
0,0.000878164806107988,0
0,0.03634804256387893,0
0,5.346256380598921e-05,0
0,0.028722044182882267,0
0,0.018306722975766986,0
0,1.309183572150458e-15,0
0,1.5079388343376215e-06,0
0,0.02064617765283328,0
0,3.5075588605683877e-12,0
0,0.00021315802083388054,0
0,0.006924660199071058,0
0,0.0257876453156477,0
0,0.9611962135195292,1
0,3.705903259524536e-06,0
0,0.0016142230843027472,0
0,0.015534514529252237,0
0,2.3722222429027712e-12,0
0,0.0003029987237389171,0
0,0.022890196287797104,0
1,0.9860146904350988,1
0,0.00017488539762501901,0
0,6.002237417433765e-06,0
0,0.0008486279148760853,0
0,6.471525072537597e-11,0
0,6.721664712935567e-06,0
0,2.9700396377758577e-06,0
0,1.3128779880869132e-10,0
0,3.738173542891055e-12,0
0,2.1277072158415544e-12,0
0,7.127431603573161e-16,0
0,0.0002302362933445492,0
0,5.516134730019693e-12,0
0,0.00044010368019929165,0
0,0.028108080875039753,0
0,5.5682689057474535e-12,0
0,1.6195951196408798e-06,0
0,1.8040196471214367e-09,0
0,1.3695791161738452e-15,0
0,2.9300815770348035e-10,0
0,0.027415680430692563,0
0,2.7000875311086784e-05,0
0,0.7351967200270816,1
0,0.00016033076185453454,0
0,0.0007760714239701057,0
0,5.1602593889995253e-11,0
0,2.2502499974414577e-05,0
0,0.0002694780362094823,0
0,2.1438762753604352e-15,0
0,0.7864377899411781,1
0,0.014044807183164252,0
0,0.015317443025088888,0
0,0.009174769643527179,0
0,1.5584664245467896e-06,0
0,0.040386744851720224,0
0,2.589774259254141e-15,0
0,0.011758685234689465,0
0,0.0004906920141429425,0
0,3.5765621369003177e-06,0
0,4.0902700861726615e-15,0
0,3.4532585269396197e-06,0
0,2.1999258522628753e-15,0
0,2.27427160281652e-06,0
0,4.385083045465042e-06,0
0,0.01673217158958024,0
0,0.0010008671243062867,0
0,0.01999541760797922,0
1,0.9648511754898317,1
0,0.009759537657172667,0
0,0.01490378181944274,0
0,0.000587089684377728,0
0,3.906374500923683e-12,0
0,4.049261682095141e-06,0
0,0.00021376519259779208,0
0,2.0436410071110033e-12,0
0,0.9118889829961025,1
1,0.994375361177715,1
0,1.0553768354904831e-06,0
0,0.01429511729200597,0
0,0.02532192352009728,0
0,0.0007588665297728837,0
0,8.711528135264705e-06,0
0,0.0006667983469247138,0
1,0.9996189286359456,1
0,0.01002192219368158,0
0,6.710181784030088e-16,0
0,1.6171563577655243e-11,0
0,1.2540804362894292e-06,0
0,0.0014029094432022832,0
0,0.0004146698531473766,0
0,0.0109073491304688,0
0,1.5174605818629931e-15,0
0,0.0171623071356491,0
0,0.021501936110140247,0
0,5.663890281975713e-06,0
0,0.00015466578724971446,0
0,4.058882078813862e-06,0
0,2.9839874268683996e-15,0
0,0.6182784505443479,1
0,0.03111009502063378,0
0,0.0010532093016873715,0
0,0.0003678613761834092,0
1,0.9882681197505461,1
0,8.442364425744684e-06,0
0,3.1803364837153016e-10,0
0,0.0001290504750307042,0
0,1.6452450548133853e-15,0
0,0.02289054554312639,0
0,0.015589212044724922,0
0,0.04237941265479634,0
0,0.01628366357684124,0
0,3.5602257065478517e-06,0
0,0.01957990537828207,0
0,8.296632699484789e-07,0
0,7.324429977857126e-16,0
0,0.8722482176781307,1
0,6.160529903843466e-16,0
0,2.049831573473259e-15,0
0,1.1312883931361384e-15,0
0,4.559455364736298e-06,0
0,0.025613978910987954,0
0,4.27829053027155e-12,0
0,0.0010646423402708852,0
0,3.1030208698966324e-11,0
0,0.02065335534947606,0
0,0.0007991638393473314,0
0,0.0007803592110001575,0
0,5.669450355531717e-16,0
0,8.385451124972286e-12,0
0,4.708048336451729e-06,0
0,1.6622434469443707e-10,0
0,0.00039945399977661347,0
0,0.011810241443333078,0
0,0.011096615596141855,0
0,0.0255771380313328,0
0,0.012172699599825941,0
0,0.009959667976421324,0
0,0.012236078776130229,0
0,9.053456838600453e-16,0
0,8.053721365688325e-05,0
0,2.1439539088343433e-12,0
0,7.23985211067479e-16,0
0,5.9866442194655505e-16,0
0,0.0003277830177708361,0
1,0.9999998462574503,1
0,0.00774790254530042,0
0,5.844126287428759e-12,0
0,2.200002087043506e-06,0
0,0.00045899887854884615,0
0,0.014840330186970322,0
0,2.7991370301366593e-06,0
0,0.00044082707103364086,0
1,0.9999999995395199,1
0,4.714195074317975e-12,0
0,0.018192211772487914,0
0,2.208509426215301e-06,0
0,0.0003018807264545177,0
0,7.94284593384806e-12,0
0,4.018372803067467e-11,0
0,9.696354126994617e-16,0
0,5.942952041824138e-06,0
0,7.264902280050381e-12,0
0,0.016065716253698938,0
0,2.47852029614809e-06,0
0,0.8630244287216821,1
0,0.00038168532929928797,0
0,1.4423537966508912e-11,0
0,4.972635043696575e-12,0
0,0.0010185764383048698,0
0,1.137708210285019e-11,0
0,0.0003993083717000723,0
0,0.021132276860654622,0
0,0.04447795040608776,0
0,0.0006107263807887091,0
0,8.056625511082608e-07,0
1,0.991504578557222,1
0,0.001023379285035574,0
0,2.8713971833149974e-06,0
0,1.973491576522285e-15,0
0,0.00012984783003767555,0
0,0.0006082242930416165,0
0,2.870298692220321e-10,0
1,0.7853304940117455,1
0,0.00042837735759737285,0
0,3.849124526696047e-12,0
0,0.00015951037126503182,0
0,0.0001521334066623737,0
0,0.002198686431497024,0
0,0.6242997622758295,1
0,0.0007794975143989137,0
0,0.018430158013297584,0
0,6.768562423830329e-15,0
0,2.5686739698485546e-06,0
0,0.012881735785472715,0
0,1.1548172749249961e-06,0
0,1.44911021306741e-11,0
0,7.987099804367142e-16,0
0,8.097602816769853e-08,0
0,0.8021771792606207,1
0,4.205296243581329e-11,0
0,1.9276112110202745e-11,0
0,3.4469211754982767e-06,0
1,0.7870197966223378,1
0,5.452784093073344e-12,0
0,5.199805451499789e-15,0
0,1.9854034022978884e-11,0
0,8.460764137511541e-12,0
0,2.2947579849531904e-06,0
1,0.6772204427072439,1
0,5.143317040296001e-06,0
0,0.009633830082625599,0
0,0.9602849879695334,1
0,0.0009644690749960727,0
0,3.4954671987362182e-06,0
0,3.0139833329991918e-06,0
0,0.0010397171038394435,0
0,0.0005415514150355433,0
0,1.8737221564813755e-15,0
1,0.9998953378429847,1
0,4.997551149134149e-12,0
0,0.00279088726219049,0
1,0.9952914084763128,1
0,0.009742800955252404,0
0,2.8728754125387677e-15,0
0,3.937691807283712e-06,0
0,1.017284469735141e-05,0
0,0.0011025150884242025,0
0,6.686591973281766e-06,0
0,0.00010948182403425156,0
0,0.01740528119872773,0
0,1.5922814715008539e-15,0
0,0.01392708567781573,0
1,0.8519755756007732,1
0,0.013118092469398004,0
0,5.805010307642453e-16,0
0,1.1045114042674693e-15,0
0,0.00039188101434306646,0
0,5.214301708272993e-15,0
1,0.9858912914539678,1
0,0.00038174756237494993,0
0,0.000764903717796573,0
0,0.008097543797729348,0
0,0.0001280147520182313,0
0,6.381982849743088e-12,0
0,0.000966730577923146,0
0,0.020244084905288565,0
0,0.006447544328516847,0
0,9.415641213967022e-16,0
0,0.01843530706777009,0
0,2.5169882200791126e-11,0
0,0.022428389864766467,0
1,0.9992814705452514,1
0,0.0019967152122823744,0
0,0.016435025944302906,0
0,6.2522778699177725e-12,0
0,0.024606320010545125,0
0,8.664155416623061e-07,0
0,0.0009911663771010701,0
0,0.014528528464214981,0
0,0.0006515492444358113,0
0,0.0002538068691831157,0
0,0.00041645132323647115,0
0,1.0888110059149383e-14,0
0,2.1269830493565557e-12,0
0,7.309325877776176e-16,0
0,0.019845284846277594,0
1,0.9998231729754918,1
0,0.00034386842903046344,0
0,0.020819109162527192,0
0,4.217604200018678e-06,0
0,0.01187678652214271,0
0,1.613205811020086e-11,0
0,5.421152283366421e-12,0
0,3.3687015637471655e-06,0
0,0.0003888270180328867,0
0,0.01274525284863837,0
0,0.00042888284059034376,0
1,0.8863071750056256,1
0,0.0009532858220211714,0
0,3.555308151534446e-16,0
0,0.01823505552248129,0
0,0.0008043193957685699,0
0,2.308200467519569e-06,0
0,0.00039752125908552264,0
0,5.577775327660197e-12,0
0,0.013196469128791948,0
0,5.326738512554997e-06,0
0,0.016146156620036482,0
0,0.0008787816828310735,0
0,0.0007278290145387828,0
1,0.989548884477986,1
0,3.7687412078717846e-06,0
0,0.0004770482349468837,0
0,0.6535206606493138,1
0,1.0310058151413756e-15,0
0,2.092242087433845e-06,0
0,6.683689238823691e-12,0
0,0.0009342081589938763,0
0,0.015209958627005991,0
0,5.180369159329398e-06,0
0,5.707413047522393e-05,0
1,0.8114574808478326,1
0,1.55587577139681e-05,0
0,0.022796282880838802,0
0,8.720746121185234e-05,0
0,1.3484034810241138e-15,0
0,8.445904051867289e-12,0
0,0.0222457298613057,0
0,8.73982732642287e-16,0
0,0.0004051866844428465,0
0,0.0016317684912104708,0
0,3.18181445106923e-12,0
1,0.9996426597033083,1
0,0.9145154175985465,1
0,3.936910334126906e-06,0
0,0.0002842621507763289,0
0,4.376442615158268e-06,0
0,0.0009771778806173129,0
0,4.671286197384999e-15,0
0,0.012990860377641633,0
0,2.5324010785976987e-12,0
0,4.657710918216133e-06,0
0,0.00018662490010554078,0
0,0.029028394349225932,0
0,0.016709861077824534,0
0,3.692654652096278e-16,0
0,6.8299796450398465e-06,0
0,2.5061722032783054e-15,0
0,1.1885852966267708e-11,0
0,0.01922275960591182,0
0,0.014481020653025686,0
0,3.4128846821942476e-06,0
1,0.9920493787862563,1
0,1.0627086872358425e-11,0
0,6.350875630269342e-11,0
0,8.308932575660001e-12,0
0,6.52855506074971e-06,0
0,8.248644406790315e-16,0
0,8.720363356367833e-05,0
0,4.1152856247817165e-05,0
0,9.282881681705712e-05,0
0,1.9475473344542074e-06,0
1,0.9557521755232369,1
0,1.256944290048227e-12,0
0,0.00043324702433674296,0
0,2.2590313414756013e-05,0
0,4.499459353604896e-16,0
0,0.000630177970724123,0
0,0.0024209800397102807,0
0,0.02279118872780537,0
0,6.488241173936573e-16,0
0,2.7967948481962403e-05,0
0,0.02227794209814944,0
0,5.440154557019766e-11,0
0,0.0009482118308385742,0
0,0.00010644208766611998,0
0,3.773304140875423e-06,0
0,0.00032066701637307923,0
0,1.5775908485518225e-11,0
0,0.0012313112182092366,0
1,0.8891771821170747,1
0,4.0491047339867835e-12,0
1,0.9997900377611996,1
0,0.01489186998399544,0
0,3.337341083750448e-07,0
0,0.02881256333457154,0
0,0.025987763526257177,0
0,1.521036669730457e-15,0
0,0.00039546939646409313,0
0,3.321685644773515e-07,0
0,4.589711981051228e-16,0
0,4.226470068565542e-06,0
0,6.629336983758352e-16,0
0,0.0007170790886538103,0
0,0.039686879463163946,0
0,0.016336729708040013,0
0,7.751912084091523e-12,0
0,0.02283204050934448,0
0,2.7860618017685806e-11,0
0,0.851596955302015,1
0,4.5719802075154936e-11,0
0,0.010906177067061007,0
0,0.02304581324280612,0
0,2.200312484783029e-06,0
0,0.0019352920755115928,0
0,2.278586736106015e-11,0
0,0.0009485656114426687,0
0,0.0009018528341533215,0
0,0.01952275439801547,0
0,0.0009736394827339731,0
0,4.123316726257695e-11,0
1,0.9325197215052169,1
0,9.419773459197589e-12,0
0,3.480783145691478e-05,0
0,0.014764037069799485,0
0,0.7593720871180271,1
0,1.9041892921651393e-05,0
0,0.0002657105132095563,0
0,2.6186417829480386e-06,0
0,4.485335430609781e-06,0
0,0.00043042457661196027,0
0,5.806144825660692e-07,0
0,3.3165523682570005e-06,0
0,2.0149791376900293e-12,0
0,0.6324179684901791,1
0,0.0001746132540129771,0
0,1.1308930521441401e-11,0
0,7.108884179271713e-06,0
0,1.5307296818259958e-15,0
0,0.9269633692154146,1
0,9.495934324468667e-11,0
0,0.00011550477828066048,0
1,0.940478784499769,1
0,6.386752837897807e-11,0
0,4.35041521804341e-12,0
0,3.3792477099186436e-12,0
0,1.6596453782945185e-14,0
0,5.180948600472851e-16,0
0,1.7602580158744408e-06,0
0,4.35709305924573e-06,0
0,3.8284549913344584e-11,0
0,0.0002686178754441626,0
0,0.011834697678010079,0
0,2.297087848189397e-05,0
0,9.61459645504831e-12,0
0,2.7050307838842955e-06,0
0,0.00017359957288542023,0
0,9.45765467419735e-11,0
0,0.0005393134496341039,0
0,0.009183184195028107,0
1,0.9999999038780302,1
0,0.0006453366497643748,0
0,0.014619325748883038,0
0,1.006314381833173e-11,0
0,0.009060187061808993,0
0,0.018465906017974102,0
0,0.016078046446556336,0
0,1.3007200820806436e-12,0
0,6.402310433422656e-16,0
0,0.0018037877967874783,0
0,0.016254863193385132,0
0,6.643039595870151e-16,0
0,3.711141262059597e-12,0
0,6.632188510010219e-16,0
0,0.0010879627400995268,0
0,0.015636822983618133,0
0,0.01813945233595444,0
0,0.001277277956356676,0
0,2.1878661436289893e-06,0
1,0.9999999479213872,1
0,0.009335092960686483,0
0,0.0005624200895717788,0
0,0.021875455939445884,0
0,0.00027963984487598914,0
0,6.909153939992095e-06,0
0,0.02873965637059701,0
0,3.859207937521138e-16,0
0,0.0011260015800556172,0
0,0.00019987133469767223,0
0,7.378415342033453e-06,0
0,0.0005755389265034312,0
0,1.2400705157813213e-15,0
0,0.0010853614873566708,0
0,0.02735700327993775,0
0,0.009037090773502886,0
0,3.901513891364829e-11,0
0,4.7292668437478105e-06,0
0,0.01419518920645919,0
0,0.00013240963837843982,0
0,0.0008981551144978085,0
0,0.6390639368993417,1
0,0.00013104159455900512,0
0,1.6441053936693895e-15,0
0,2.0534324251304938e-06,0
0,1.9574147245998817e-05,0
0,0.00041742838393899574,0
0,0.021876585072476442,0
0,7.785765133803831e-05,0
0,0.0001005607854887531,0
0,0.000382491055047493,0
0,2.3979845910342698e-12,0
0,1.1339345353548498e-15,0
0,2.4342737216749125e-06,0
0,1.4014310689160232e-05,0
0,0.07125644395665144,0
0,0.0001466900491789545,0
0,2.7514455205743442e-06,0
0,3.885544592792086e-06,0
0,0.0018326286838398253,0
0,0.7677116970816226,1
0,0.012210385392256478,0
0,0.012865806911932478,0
0,1.3398039874056003e-11,0
0,0.006835305870204666,0
0,3.5383471212899084e-10,0
0,0.017584668223131192,0
0,0.7838472571754489,1
0,2.959126465729201e-12,0
0,4.92382191132572e-12,0
0,0.018878594168638078,0
0,5.741761538432539e-06,0
0,0.00010919701531900464,0
0,9.215668338005775e-16,0
0,0.0005424530109471001,0
0,9.925334514475993e-16,0
0,0.014720315217243903,0
0,9.871976954740316e-11,0
0,4.300620581988993e-05,0
0,1.863094852368676e-12,0
0,9.057426806921784e-16,0
0,1.0451389762241135e-11,0
0,5.326821008196576e-12,0
0,3.764220363782333e-12,0
0,0.6711447956797496,1
0,6.689172662815689e-15,0
0,0.02915643746900502,0
0,3.3616343782137306e-12,0
0,0.0009133609937788939,0
0,0.001191223500842485,0
0,1.3115219616678805e-12,0
0,2.323555129278196e-15,0
0,8.436888272547818e-16,0
0,0.010974606375330057,0
0,0.00011803358586991301,0
0,3.4405736931128666e-11,0
0,2.516032331009074e-06,0
0,0.00033144688923976515,0
0,0.012680719625423227,0
0,2.8705000093003334e-11,0
0,2.0392646057863364e-11,0
0,1.2040673739507554e-14,0
1,0.9998990779892101,1
0,7.008419508198376e-11,0
0,7.492180654681744e-07,0
0,0.0003930332631197543,0
0,3.4502674928790816e-11,0
0,0.007534120631946166,0
0,1.4923475487318222e-15,0
0,0.030146038813829972,0
0,0.0007043798527506686,0
0,0.0004454434284024112,0
0,4.85196624695226e-06,0
0,0.006327337161380972,0
0,0.0008737002546259891,0
0,2.2393310150362338e-10,0
0,7.2340340158389895e-06,0
0,0.040452678530808694,0
0,3.555649289501089e-05,0
0,0.0025526311392770466,0
0,7.44260537029609e-11,0
0,0.020098427731015583,0
0,4.435504456044078e-06,0
0,0.7742812450022224,1
0,3.112062791578574e-12,0
1,0.9999999990020336,1
0,4.389416824403626e-06,0
0,0.0010721113908136856,0
0,1.1066943708752864e-05,0
0,4.168383861248776e-06,0
0,0.7633736615073504,1
0,0.031154979818797775,0
0,4.36877214204057e-10,0
0,0.00018201732274771598,0
0,5.048833926519126e-12,0
0,0.00013145207742021686,0
0,1.184950969578567e-09,0
0,0.0006886378168701105,0
0,6.382850602167852e-11,0
0,3.8420558992909575e-15,0
1,0.9869981737536567,1
0,2.06919527377328e-15,0
0,2.344266580926285e-08,0
0,0.8908772673533165,1
0,2.33384883278674e-06,0
0,3.580717486778889e-06,0
0,0.014383988950277437,0
0,1.4307328131095744e-11,0
0,2.6833177884226194e-05,0
0,1.886912576673886e-05,0
0,1.1019253255215702e-15,0
0,0.020797974522288806,0
0,2.2075997559296016e-06,0
0,1.3965800875242706e-11,0
0,1.1302341820331584e-05,0
0,0.0013761322913802086,0
0,0.0008206943074344005,0
0,1.0284320347507309e-10,0
0,0.012235715601159316,0
0,0.010112717259862975,0
0,4.03534061843069e-12,0
0,2.117957842049185e-06,0
0,6.930266951215042e-12,0
0,1.6873233301557617e-15,0
0,4.183147159916985e-12,0
0,7.70687089317393e-06,0
0,0.011512140590014047,0
0,0.040251515195140364,0
0,2.4265729705289494e-06,0
0,0.00012495163502653607,0
0,0.0010463078421180196,0
0,2.5898043660015676e-06,0
0,0.000568012679242671,0
0,8.395190078076548e-16,0
0,0.000701121927281161,0
0,7.281165201816493e-15,0
0,0.01877288095656059,0
0,1.0286286479853834e-10,0
0,0.00209789507281822,0
0,7.313704423297785e-11,0
0,8.251448387803751e-16,0
0,0.008513885368145062,0
0,3.388452175989559e-06,0
0,0.0190806159433042,0
0,2.99258746057852e-11,0
0,9.207131727803664e-16,0
0,0.8637623458197033,1
0,5.051432640466598e-05,0
1,0.9929180465597555,1
0,9.643730983588327e-07,0
0,4.247341241436219e-06,0
0,0.0011028993642139405,0
1,0.99609663110855,1
0,0.017992846661703563,0
1,0.9888940354475986,1
0,7.479825377187726e-16,0
0,0.001295826310423663,0
0,0.0006303093021803941,0
0,2.8963020765528534e-06,0
0,0.6917614432244089,1
0,0.0006425256992219817,0
0,2.2617139580145905e-06,0
0,5.544262803150532e-16,0
0,0.023039752258301044,0
0,2.5252701316170756e-11,0
0,0.014648819088659268,0
0,2.2957537155611433e-06,0
0,0.0002666531253714048,0
0,2.6201070947793714e-16,0
0,0.015360644298529853,0
0,4.20573910650782e-06,0
0,0.04880500824829919,0
0,2.1745717793313153e-05,0
0,1.990151097268193e-11,0
0,4.3725668430327755e-06,0
0,0.0009442211825024745,0
0,0.0037648130175764478,0
0,0.014590705097030922,0
0,0.0002538545307381252,0
0,1.2712630396539953e-14,0
0,0.0010149416568778148,0
0,0.0005090582952213911,0
0,0.014506849404051439,0
0,2.9805786610072664e-15,0
1,0.9994601551608443,1
0,0.0027178039440062494,0
0,0.00040252942623670776,0
0,0.023177005902159892,0
0,0.0028729483220959065,0
0,0.020412656491934685,0
0,0.00020950085457679726,0
0,0.961108114615908,1
1,0.9831043717622008,1
1,0.9608004528991528,1
0,2.104797687242166e-11,0
0,5.743865201304333e-15,0
0,0.7832887927732729,1
0,6.144494098236312e-15,0
0,0.019903051805882737,0
1,0.9640716600276074,1
0,3.79475647687032e-05,0
0,1.3379871563472504e-15,0
0,1.3819107880570242e-11,0
0,0.01765658434982519,0
0,2.4408737694069814e-11,0
0,3.6131573127516745e-06,0
0,3.769740340949063e-15,0
0,4.2086548097845046e-16,0
0,7.125597840521859e-06,0
0,0.8534778454319459,1
0,4.568230983617114e-16,0
0,1.524735001247518e-15,0
0,2.784540855711323e-12,0
0,3.450589293524431e-12,0
1,0.9999989207027431,1
0,0.01466297376974173,0
0,0.0004908350596690261,0
0,7.656418947214927e-12,0
0,2.800997597268331e-06,0
0,1.3552296816600933e-15,0
0,0.000699394881598083,0
0,0.023952081393252903,0
0,0.009399709127372388,0
0,8.853504374954022e-12,0
0,0.0010810409759973892,0
0,0.016958497264415572,0
0,0.0007005145534738501,0
0,0.01968636263611839,0
0,5.038685751233435e-06,0
0,5.115878852723068e-16,0
0,0.0011808865728049583,0
0,0.0012689157790857426,0
0,3.948254505717231e-06,0
0,0.013994852306056287,0
0,0.0015290631038479441,0
0,0.013200196440895543,0
0,3.207225747269909e-07,0
0,2.224157719613438e-12,0
0,0.0004429500040634386,0
0,0.011274725588985669,0
0,7.144393353622015e-12,0
0,6.965500198847329e-06,0
0,1.723033540899488e-10,0
0,0.00024069316660874638,0
0,0.01045720774309055,0
0,1.0115071395977603e-15,0
0,0.01519940295826457,0
0,0.0002956518011430405,0
0,6.143245308984812e-05,0
0,0.0002806349418248657,0
0,1.5742178378869802e-15,0
0,9.213924492436357e-05,0
0,0.022307016182040947,0
0,3.6247660733436117e-06,0
0,0.017756627855755613,0
0,0.0005982669662237325,0
0,0.015101403896959102,0
0,3.150828722541305e-06,0
0,5.744705729938047e-16,0
0,1.0006863400578953e-14,0
0,0.05158535201426249,0
0,0.8871154477753511,1
0,0.0008447092728449077,0
0,1.1111448407883996e-14,0
0,0.0007692153745117103,0
0,0.024310958687238513,0
0,1.5765456996482547e-14,0
0,2.1146221349185932e-11,0
0,0.015003050605166829,0
0,3.646182491469574e-12,0
0,0.0008887221453058179,0
0,8.284753368142096e-16,0
0,0.0004714841352921123,0
0,7.084082622769529e-16,0
0,0.012641059663147236,0
0,0.00018807485664624018,0
0,0.017170983639902646,0
0,2.05640942557488e-11,0
0,0.0014588572119409574,0
0,3.198637731665298e-06,0
0,0.0004718167402741524,0
0,0.6969749471139426,1
0,0.0003615711434954868,0
0,0.019259925568608127,0
0,5.248897810304162e-11,0
0,0.0004878904888288853,0
0,0.0005370100539632533,0
0,0.6635088827494502,1
0,3.939538375431905e-06,0
0,0.012679029536435932,0
0,0.009567719489927436,0
0,0.000677699032618011,0
0,0.9614962583919582,1
0,9.618069117504385e-05,0
0,6.723498870448752e-06,0
0,0.005022042583429924,0
0,0.019564537636368205,0
0,1.8994784256077675e-11,0
0,0.7638761886572836,1
0,0.0008516258491484025,0
1,0.9988752671954934,1
0,1.1983799548992114e-11,0
0,2.8496957591905875e-06,0
0,1.4982340509701817e-11,0
0,1.9337280569028542e-05,0
0,1.8807165009327394e-15,0
0,8.634557590298282e-16,0
0,4.234327380985261e-12,0
0,1.589380607735005e-15,0
0,2.847646377383874e-06,0
0,0.013577505021498643,0
0,0.9470051584519473,1
0,2.976550115996724e-06,0
0,2.473297504922168e-06,0
0,3.6560860184003516e-11,0
0,0.0010744173789858263,0
0,5.862013213194446e-11,0
0,0.001495593354582201,0
0,6.188850176962305e-12,0
0,1.8897479115669424e-06,0
0,1.3530470402453725e-15,0
0,0.7781776603434944,1
0,0.0009331886569613484,0
0,4.268530739814386e-16,0
0,3.874394096860036e-06,0
0,1.3795351436363973e-15,0
0,6.017342783873555e-12,0
0,1.2464376627379334e-14,0
0,0.01949756444070659,0
0,2.3117803230270868e-06,0
0,1.0372470984946001e-15,0
0,0.017422452451689028,0
0,6.820825887659516e-06,0
0,3.249257997978622e-16,0
0,1.448876418698781e-15,0
0,9.24634882768594e-12,0
0,0.00013185689390322493,0
0,5.125536679487065e-06,0
0,0.007074583394311735,0
0,0.025366601704329594,0
0,0.018951999934567493,0
0,9.853058966449884e-16,0
0,0.0012986094074365078,0
0,0.014009888235927274,0
0,1.1197615365407944e-15,0
0,0.015370637420829008,0
0,2.3660846634953883e-08,0
0,5.494411018925623e-06,0
0,0.0009706054103737657,0
0,0.00028308606763099916,0
0,2.587129204619199e-11,0
0,2.8420691536620626e-06,0
0,4.233690759040534e-06,0
0,6.22488550797771e-06,0
0,8.85652470780819e-12,0
0,0.04497932002784878,0
0,0.0007074853263671948,0
0,0.5438794058170098,1
0,2.4465861756991768e-11,0
0,0.052627941664655536,0
0,0.011248281653861091,0
0,5.149347794649554e-05,0
0,0.0006451834139819825,0
0,2.5584122665154153e-09,0
0,1.5406484417609416e-15,0
0,0.004301301703365008,0
0,8.415590605337952e-05,0
0,4.047282398908104e-11,0
0,1.0269958535199035e-08,0
0,0.001910091382868574,0
0,0.0015014527735172849,0
0,3.4074838033740385e-06,0
0,3.402416052781798e-06,0
0,0.012893172356736874,0
0,1.3647029200555532e-05,0
0,0.011443417516385258,0
0,0.0014763807871194803,0
0,8.70061303231483e-16,0
0,0.00034759257656680393,0
0,4.910351658785322e-06,0
0,2.9196973801487774e-15,0
0,4.52384370792426e-12,0
0,0.006623229054487252,0
0,0.011033862050707022,0
0,2.5959304439319047e-11,0
0,0.0011898149176227842,0
0,0.0278864613912318,0
0,0.00014092859859967145,0
1,0.9914391007652094,1
0,0.0008859192250734537,0
0,1.580944836848913e-11,0
0,6.771640130044004e-12,0
0,0.014201820941340997,0
0,0.0007950573297963527,0
0,0.014606344003261627,0
0,1.1168226808770545e-11,0
0,0.014676042902295449,0
0,9.587902746128294e-11,0
0,0.014588365252579031,0
0,2.606801276371013e-05,0
0,4.528350834918017e-06,0
0,5.743773803551766e-06,0
0,2.9866240199964555e-12,0
0,0.013217957250648157,0
0,0.7936600551297033,1
0,1.1173329853594135e-11,0
0,0.00037277509888439616,0
0,0.022596703161640575,0
0,0.033445333855471215,0
0,0.001528581764493091,0
0,1.157227537939691e-11,0
0,0.0008889672935185085,0
0,5.310744615650662e-12,0
0,0.0006960662242094684,0
0,0.0011367237883966768,0
0,0.010515617875660665,0
0,0.010432748733935763,0
0,0.00011052946977136636,0
0,1.2127496079847764e-15,0
0,0.0006100445446953031,0
0,2.9305002950977722e-06,0
0,0.023708440428894837,0
1,0.9989341042177369,1
0,0.018773371649737688,0
0,0.014681514117443348,0
0,0.0005232448921162507,0
0,5.896558667377072e-06,0
0,0.9661039377820132,1
0,6.347342444780527e-15,0
0,5.09028915300473e-05,0
0,0.0009893294600914113,0
0,0.01957168451035651,0
0,3.474299545456387e-11,0
0,5.770950691669304e-11,0
0,0.00048747383715358087,0
1,0.979387513648257,1
0,0.0005414160984595749,0
0,5.702157356370427e-06,0
0,0.03370259892727634,0
0,0.0004643003502409638,0
0,0.0004353992083560578,0
0,0.0009399839776488452,0
0,0.000953226147942105,0
0,0.000700782439802468,0
0,0.015897836043553968,0
0,0.01979218177697014,0
0,4.384002824611553e-12,0
0,2.139603026097686e-12,0
0,0.006351132565399368,0
0,0.0006143731364178973,0
0,0.0002036991395606516,0
0,1.0398474182471229e-11,0
0,0.0029777260934332264,0
0,4.871121828035731e-07,0
0,0.016336268299979556,0
1,0.9999999930214658,1
0,6.406432274786724e-06,0
0,0.0002985603250592603,0
0,7.317640037937097e-16,0
0,0.006094547865947372,0
0,0.0004901748157901534,0
0,5.043972532611049e-15,0
0,9.125651284596891e-12,0
0,0.01809907128350383,0
0,0.023383966620151065,0
0,1.7322967023076454e-09,0
0,0.019922850620391938,0
0,0.7414276820372112,1
0,4.122944053489816e-06,0
0,0.0006584442647747776,0
0,5.476145325101325e-12,0
0,1.2135312781475465e-15,0
0,0.012384706210004629,0
0,0.013874749183288224,0
0,1.0014347966124137e-10,0
0,0.0003113544650095877,0
0,3.1135665218186716e-11,0
0,4.682290534386844e-14,0
0,0.009189430807429564,0
0,3.741705769905152e-16,0
0,0.014335447039425919,0
0,1.276605716973115e-14,0
0,2.08105664911932e-06,0
0,0.0008195473369004126,0
0,7.57239156063509e-12,0
0,0.0005819269449784225,0
0,0.7939139729610991,1
0,0.0003156370729585668,0
0,3.6901825496584076e-06,0
0,1.952304879554037e-15,0
0,0.0006972897067050311,0
0,0.001575587884768266,0
0,0.003191402800595043,0
0,0.01130104143328048,0
0,0.009767790944782678,0
0,6.1572966876053825e-12,0
0,7.48555000717675e-12,0
0,6.747284172647275e-05,0
1,0.999972225406082,1
0,2.3705673784324716e-06,0
0,3.648382791069843e-12,0
0,0.0006357018285270794,0
1,0.9999999586678084,1
0,4.429031170805477e-09,0
0,2.8820270386229166e-06,0
0,8.45606855448561e-11,0
0,0.9635830866863381,1
0,4.096272637044211e-06,0
0,3.2192006012476745e-06,0
0,2.026088162452159e-06,0
0,0.010595796546398016,0
0,1.9403860570255914e-11,0
0,0.022886191844426636,0
0,0.018676667130885418,0
0,4.422885492286055e-12,0
0,3.0516274857291987e-12,0
0,1.2345635280575395e-15,0
0,1.157011208778946e-11,0
0,1.141328599008214e-11,0
0,0.0009038624319440575,0
0,0.01250701979052091,0
1,0.9986041172300836,1
0,0.0005307624407035087,0
0,0.018843519211176867,0
0,4.119957357427803e-16,0
0,1.4292462629826153e-05,0
0,4.341131299082437e-12,0
0,0.0011342091572221482,0
0,6.820911075878833e-16,0
0,3.7214094268463076e-06,0
0,0.009992576150692895,0
0,0.0002565646894596803,0
0,1.017861103570243e-06,0
0,0.017369762775764054,0
0,0.0003746950231029958,0
0,4.325109815374321e-05,0
0,0.0017984981813592281,0
0,7.603210915366646e-15,0
0,0.8509581554657493,1
0,1.126273106971216e-06,0
0,0.017115331772119234,0
0,3.4942560435663182e-06,0
0,0.015883165776222886,0
1,0.9898533108868082,1
0,0.007389768715244511,0
0,0.0005442421390926298,0
0,0.0019809897637632005,0
0,5.588888602197595e-12,0
0,1.8850193752755828e-11,0
0,0.000800909566355709,0
0,1.0043111668307376e-11,0
0,3.614620228869497e-15,0
0,0.009430912953344741,0
0,0.00044443805333791537,0
0,0.04521493207031941,0
0,0.018416206160143736,0
0,0.6817041630507725,1
0,0.0009215649160572624,0
0,4.553899168600077e-12,0
0,2.37061476303675e-15,0
0,0.0004977238948776491,0
0,0.8257170054624052,1
0,5.709135650235991e-05,0
0,2.468199110380823e-06,0
0,0.00017253371534011133,0
0,1.741099603311809e-15,0
0,0.02173113870224223,0
0,3.189835408382447e-11,0
0,2.1279421968419293e-06,0
0,3.746249588889432e-15,0
1,0.9905875976971971,1
0,5.258560563112448e-06,0
0,0.029200256318949906,0
0,0.04961763203533988,0
0,0.7310155539093128,1
0,0.022659441706413885,0
1,0.94190630560557,1
0,0.0008850720467769329,0
0,3.5040039681206477e-12,0
0,7.126091436120699e-06,0
0,0.9834649592060013,1
0,3.989925406179925e-06,0
0,0.027146138591552838,0
0,1.792854019461358e-11,0
0,0.012343099081569565,0
0,7.143545794115759e-06,0
0,4.615638669015521e-12,0
0,1.1296637690730677e-15,0
0,0.02374868411565751,0
0,0.0006483277917512544,0
0,0.8921319828164936,1
0,4.786552782557724e-16,0
0,0.00014514447770224833,0
0,7.870102022508996e-06,0
0,1.3318125367079302e-15,0
0,0.00045804787183539733,0
1,0.9607915063661662,1
1,0.9999974828760233,1
0,4.374395862227731e-06,0
0,6.728419018600018e-16,0
0,0.002346375799613064,0
0,1.8573327060360298e-11,0
0,0.0006018441025542216,0
0,3.7094333637039176e-12,0
0,1.356597728015943e-15,0
0,2.516034168189215e-11,0
0,0.031201898260886263,0
0,4.460066589504527e-12,0
0,0.006141579342612334,0
0,0.0011074884648955988,0
0,0.8568929087153113,1
0,1.3379030436554165e-11,0
0,1.0877178186956298e-15,0
0,0.000625315435950783,0
1,0.9995456109554679,1
0,1.5969870978307102e-11,0
0,6.35775217782837e-15,0
0,0.0010334102381673407,0
0,0.0042307128090927,0
0,1.8212137848643197e-06,0
0,0.0006370035216684388,0
0,0.017225317161248095,0
0,0.0007759916264903852,0
0,0.0007486235983732596,0
0,3.5702110666207765e-12,0
0,0.0020322038648789655,0
0,1.5119365255590682e-15,0
0,0.0007124050839254383,0
0,0.74212920844603,1
0,0.0010310736737039437,0
0,1.147304208748282e-12,0
0,0.02032527110704044,0
0,6.138145316352436e-12,0
0,3.968737774072064e-06,0
0,2.8773906674799847e-06,0
0,2.0428032492408324e-12,0
0,9.081611080741274e-16,0
0,9.547110024220371e-06,0
0,0.0005558284265781981,0
0,4.099845722255692e-06,0
0,4.1076252019154305e-06,0
0,1.6376044992141623e-11,0
0,7.128304260427291e-16,0
0,3.5610555852992654e-06,0
0,0.0005517587904751779,0
0,0.019757804083994482,0
0,4.032892904114055e-12,0
0,2.8012064502591305e-06,0
0,0.00042766743665715863,0
0,0.01683555005993666,0
0,7.759975578559107e-16,0
0,5.6713298974990946e-11,0
0,1.5578720405987965e-05,0
0,0.0001739763870935741,0
1,0.9999734680419271,1
0,3.686335626755512e-05,0
0,3.991639609439295e-06,0
0,0.03709782946759513,0
0,2.8999307662548187e-11,0
0,2.1308468690323635e-11,0
0,0.0005482736828676345,0
0,0.00030604731386020724,0
0,0.004887297527842479,0
0,1.2151370417888642e-15,0
0,1.5226732633515163e-06,0
0,2.8373740698816054e-16,0
0,5.013404492378621e-16,0
0,3.9657299566679375e-12,0
0,0.0004339849706607476,0
0,0.009406952353113333,0
1,0.9972354380020971,1
0,0.8854253021547495,1
0,1.920245132023009e-15,0
0,0.0010308358389867103,0
0,7.84860719543592e-12,0
0,0.0003412218482983477,0
0,0.0006934343811165325,0
0,0.0009564314816864273,0
0,0.019354341123801237,0
0,0.01844250159666867,0
0,3.452816341381866e-06,0
0,0.0004302541939809904,0
0,2.183012555384032e-11,0
0,2.0263978975842086e-11,0
0,0.02007168952664975,0
0,0.00031866331157512226,0
0,0.012747414088906044,0
0,0.000463056478232504,0
0,0.0004588045260538561,0
0,4.64535527046119e-16,0
0,0.0188292014330876,0
0,4.142120571714342e-12,0
0,9.945075512763264e-12,0
0,0.039510361643306846,0
0,0.8390308740139066,1
0,1.5828827749456176e-11,0
1,0.993395526320607,1
0,1.3649865141709338e-15,0
0,7.489003555764611e-16,0
0,0.020884175975377135,0
0,2.6666385220950373e-08,0
0,8.281929323965115e-15,0
0,0.0012014872812499656,0
0,0.026548034067463182,0
0,4.503566150308113e-16,0
0,0.0007625134608477351,0
0,0.061794069288886734,0
0,0.6264055998103301,1
0,0.9546105679525035,1
1,0.9873845124619016,1
0,3.1173217319915317e-11,0
0,0.6449150325958254,1
0,6.464213727878694e-11,0
0,0.0005524831067132869,0
0,0.02756126972851559,0
0,0.012941086487014539,0
0,9.788984779486705e-06,0
0,1.0026939497220057e-11,0
0,4.263655383940181e-06,0
0,0.001705230046862739,0
0,5.026095013566488e-08,0
0,0.061240399887177555,0
0,2.3395781852317065e-10,0
0,5.942753241793147e-15,0
0,6.5969415715876835e-15,0
0,5.496968743361364e-12,0
0,0.00011369182466190287,0
0,0.0010875286845156873,0
0,9.396874626987841e-11,0
0,4.055906802159544e-09,0
0,0.028078068445078524,0
0,4.9660712212781125e-12,0
0,0.7565506212092117,1
0,0.015832360877465798,0
0,0.000872240737094196,0
0,7.310583173575993e-06,0
0,0.009217147239086856,0
0,0.014305669130217507,0
0,2.2604078060401395e-15,0
0,0.01762695404765952,0
0,3.3170069230832155e-06,0
0,1.100623545872274e-05,0
0,1.3927456410854403e-14,0
0,0.0004718116838808213,0
0,3.645841425626215e-12,0
0,9.459628456863761e-12,0
0,4.152178463829286e-06,0
0,0.0002323567593536659,0
0,1.7013232927062104e-15,0
0,6.955670026059628e-12,0
0,0.015359449581210728,0
0,0.013210788433231603,0
0,0.0001335633599156131,0
0,3.3726374789618456e-12,0
0,0.0583644485557726,0
0,0.004833662469276738,0
0,1.8159446883235024e-05,0
0,0.015984894610230393,0
0,5.974230049424293e-06,0
0,3.418434737486568e-05,0
0,4.4629141453021186e-12,0
1,0.9338061977085735,1
0,4.849399779655594e-15,0
0,2.005776963361845e-15,0
0,0.0004476223587270062,0
0,2.0331111938226904e-06,0
0,0.0004488011712019188,0
0,0.0005838888117375377,0
0,3.9900108218833945e-06,0
0,5.601047148608638e-06,0
0,5.762842648516707e-06,0
0,2.7749957240858286e-12,0
1,0.9903052499181714,1
0,7.737661432982055e-16,0
0,0.04665779379509281,0
0,1.4438186315942099e-05,0
0,6.26202512999615e-16,0
0,0.011490200216950896,0
0,0.011182660702529426,0
0,0.007514958431869875,0
0,6.019543995245839e-12,0
0,4.887688725864954e-16,0
0,1.2671800299521297e-10,0
0,9.173096245285463e-12,0
0,4.1319341424453204e-12,0
0,5.663501147165001e-06,0
1,0.9999999985303774,1
0,3.315027004079757e-05,0
0,0.0006061636768488718,0
0,0.0019939639801489213,0
0,0.00020996811040985774,0
0,0.00165388344579211,0
0,3.227085609553497e-05,0
0,2.1877436362906625e-06,0
0,2.2296289365235173e-06,0
0,7.1037881082762066e-06,0
0,0.01709267333677268,0
0,8.89325890544403e-12,0
0,0.020588025232319947,0
0,6.902788598262224e-16,0
0,1.8880152390463253e-07,0
0,0.6635418847986222,1
0,0.0004917015994205418,0
0,0.021068870473020276,0
0,4.758310285793785e-12,0
1,0.9929545521514319,1
0,0.0062567362919375,0
0,0.015018964677870703,0
0,0.020960268041869637,0
0,2.2709199756796376e-16,0
0,0.015801932890650818,0
0,0.02038703012894382,0
0,1.8578467737505648e-06,0
0,2.6774083265220227e-12,0
0,1.0791030690246957e-15,0
0,0.9591492361470839,1
0,0.0003435411398138486,0
0,0.0005228823256947531,0
0,5.389773408506358e-06,0
0,0.01769262225047095,0
0,2.597085236510001e-11,0
0,0.00047033022284547106,0
0,0.0004671668889952541,0
0,0.02596333534143082,0
0,1.0386689201031275e-08,0
0,3.154700256879757e-06,0
0,9.67981642367961e-16,0
0,1.1257615812879425e-11,0
0,0.02274642403689081,0
0,5.443189828293112e-12,0
0,4.541078186683825e-11,0
0,0.001647737219440612,0
0,2.3256775688021563e-12,0
0,3.7294684533002984e-06,0
1,0.9921633411910418,1
0,2.454133564398393e-11,0
0,0.0006288394122072786,0
0,9.034943098449767e-11,0
0,0.019802865112379893,0
0,0.029702249983710426,0
0,0.000823714026376955,0
0,0.0001751209016016127,0
0,1.2813056851430837e-15,0
0,0.00775264832813133,0
0,1.675496008243193e-05,0
0,0.013007231039116763,0
1,0.9615133309488758,1
0,8.5554526623356e-12,0
0,0.0013117833390732753,0
0,6.204342512814219e-12,0
0,0.0004198095694179915,0
0,2.305181043448954e-06,0
0,0.0015796739250891272,0
0,5.762088393573808e-12,0
1,0.9814193163805012,1
0,0.0002332124230297726,0
0,0.7403953899287028,1
0,8.401465939288608e-12,0
1,0.8495318356044539,1
0,0.010839987631352955,0
0,0.0012886446085999149,0
0,3.9987999681318877e-11,0
0,9.328188051553058e-13,0
0,0.00046895092191957723,0
0,4.344039351266981e-06,0
0,2.5974792246325788e-14,0
0,1.9117899561425324e-06,0
0,4.995108660010138e-11,0
0,0.01912045508805053,0
0,0.000159101732310418,0
0,9.70750837361504e-11,0
1,0.9989112149183587,1
0,0.0008026632095240525,0
0,1.3237296270614418e-15,0
1,0.9983233480662506,1
0,0.00031529718482837345,0
0,9.818919180904352e-11,0
1,0.991346609156158,1
0,0.9714191367566604,1
0,0.015133028224281007,0
0,0.0010063319988862192,0
0,4.7920590795447656e-06,0
0,0.0010926096330388124,0
0,4.623991577465858e-11,0
0,0.00035620014386158805,0
0,4.100192873827364e-06,0
0,9.673733499961315e-07,0
0,0.022100484634562555,0
0,4.441466136649466e-15,0
0,0.0005548268465632574,0
0,0.7944964086479585,1
0,2.577190840252217e-15,0
0,0.0002292474845461593,0
0,0.0017602001480075903,0
0,9.03263809486081e-16,0
1,0.8033735132252525,1
0,0.0012317082890742608,0
0,0.013487585906756494,0
0,0.002832597316459429,0
0,0.0003126332584756635,0
0,2.2102070237581107e-15,0
0,3.426925904421728e-06,0
0,1.4819067915992847e-11,0
0,1.483056042129444e-11,0
0,5.572113670354166e-16,0
0,0.0003927839014750837,0
0,0.0004742466213312993,0
0,0.00747489422254363,0
0,0.0008944738364376013,0
0,0.0375358612723114,0
0,5.979683372963733e-15,0
0,0.0009064750639121729,0
0,4.621097881968692e-16,0
0,0.00781425779362211,0
0,0.050649114127398115,0
0,3.554728583788095e-06,0
0,0.014226863504387515,0
0,6.415102653839327e-05,0
0,1.2021995494363932e-15,0
0,0.015425417654922821,0
0,3.6628201914280248e-06,0
0,4.3006380236314964e-06,0
0,0.00069614159526449,0
0,2.2576704396179577e-05,0
0,3.1867103925328844e-06,0
0,2.5415073974731104e-06,0
0,3.862370395137738e-06,0
0,6.570971598739306e-06,0
0,1.3789561500120192e-11,0
1,0.9759005589129663,1
0,0.022174759973374862,0
0,1.492326673227404e-14,0
0,0.00034402699589042665,0
0,0.01323957360097861,0
0,0.011389593969182371,0
0,1.2366238764648482e-11,0
0,2.215806570605548e-11,0
0,9.476953327770075e-12,0
0,8.426600938019637e-12,0
0,5.3643398068431415e-16,0
0,2.178220179845958e-06,0
0,3.35133995782633e-12,0
0,2.6826255126890426e-15,0
0,0.0005127961605873419,0
0,0.0003880717862936997,0
0,1.0931868580679794e-15,0
0,0.0016499545183698793,0
0,3.839023924630464e-06,0
0,0.014118967803711083,0
0,3.7238937043050594e-16,0
0,8.093227134277678e-12,0
0,0.0003258441698903946,0
0,5.326883868680062e-06,0
0,0.00044094918108684696,0
0,3.099630975071325e-12,0
1,0.9886301617036013,1
0,1.3928333087639687e-11,0
0,0.025933980529674813,0
0,1.5092759365402353e-14,0
0,0.018773484510368792,0
0,4.101776239352363e-06,0
0,0.000889571504294938,0
0,7.900443538284407e-12,0
0,0.0009542874824922354,0
0,0.013170317679161114,0
0,0.01731426551206693,0
0,7.782558720906528e-11,0
0,0.0004967586764553222,0
0,0.0007409982863307818,0
0,0.00015143679671087578,0
0,0.015307942451718662,0
0,2.666093455701233e-06,0
0,0.00010839958551767867,0
0,9.047107782881418e-16,0
0,0.0006363249004534906,0
0,9.665329547357064e-07,0
0,1.4616055041165692e-07,0
0,4.343162516564088e-06,0
0,0.9508872163296721,1
1,0.9999691476538767,1
0,0.0003138103000361746,0
0,0.0001858405069610494,0
0,7.79573871692626e-12,0
0,7.537757269891784e-15,0
0,2.295739491021871e-12,0
0,1.4290398690483873e-15,0
0,0.8619822203141966,1
0,3.171887985905132e-10,0
0,9.820149289391477e-10,0
0,0.015592312941347683,0
0,0.0009789649366439145,0
1,0.9725058012770762,1
0,4.019180084318911e-12,0
0,0.0004865732359165305,0
0,1.856093156703025e-11,0
0,0.0019053644179549492,0
1,0.9788181171981318,1
0,1.2968010761025942e-07,0
0,1.7658603173175423e-11,0
0,9.64153628648426e-16,0
0,0.7897832218758568,1
0,2.7571885678676524e-12,0
0,5.443461522841644e-06,0
0,3.595426153306986e-05,0
0,0.01395434851279616,0
0,1.7774651874143752e-06,0
1,0.9765811916234007,1
0,1.2130558160907715e-10,0
0,2.949521017196714e-06,0
0,0.01654068667573552,0
0,3.6965923728702507e-06,0
0,0.004450782267855691,0
1,0.9786938321720713,1
0,1.9240078081875395e-12,0
0,0.011190228169536647,0
0,0.6735338593262785,1
0,5.78920759112785e-06,0
0,3.624423213932313e-06,0
0,0.013220343962395272,0
0,1.0534586434530883e-11,0
0,7.885589848252128e-16,0
0,0.011451755173538516,0
0,1.963342002098038e-15,0
0,3.5000243738351354e-11,0
0,7.062228732843711e-05,0
0,0.00022731676011661085,0
0,2.182613206508568e-15,0
0,0.00021722330462849596,0
0,4.739179807323412e-12,0
0,0.0008333901498833836,0
0,0.0008392017316819209,0
0,3.336010913969985e-10,0
1,0.9997551812268047,1
0,2.505745456217683e-11,0
0,1.1777224022519776e-11,0
0,9.266670584254526e-05,0
0,0.0004864760349191319,0
0,0.018763468965904452,0
0,0.01567249573088314,0
0,6.00218145566146e-16,0
0,0.014568278540670897,0
0,5.064302456302886e-12,0
0,0.00021999855474533545,0
0,3.395292831635518e-05,0
0,0.0011717902766825044,0
0,2.8465457993870622e-11,0
0,0.01591858851419904,0
0,0.6585413124347304,1
0,6.09245624812302e-12,0
0,0.0017047308147998578,0
0,0.02612606704015633,0
0,5.919927745748144e-16,0
0,5.848799469297897e-06,0
0,3.467841338067513e-06,0
0,5.5773365467742636e-12,0
0,0.03749598214027105,0
0,9.33744937524203e-16,0
0,0.0004832967485314214,0
1,0.9971281948155579,1
0,0.03922435408103764,0
0,0.8629027102056874,1
0,0.04878106833459499,0
0,0.02631383861341609,0
1,0.9814478727418282,1
0,7.192891361875126e-06,0
0,5.1369906057292825e-06,0
0,0.022416865757153976,0
0,0.014049926318815353,0
0,0.009880153159898448,0
0,0.026727266669232454,0
0,2.16659692831503e-15,0
0,7.548236581255102e-06,0
0,0.01979294359032478,0
0,0.001328324455571594,0
0,0.027007811838733905,0
0,0.005650362236356478,0
0,0.8748385036440658,1
0,3.974527609001073e-15,0
1,0.9929945457305726,1
0,0.004206885741426461,0
0,0.015650868046751497,0
0,0.01271384625104813,0
0,2.0937512367370316e-11,0
0,0.0012049648862734717,0
0,4.3413795167991175e-11,0
0,2.148038307940819e-12,0
1,0.9900197127428156,1
0,2.9832768362344015e-11,0
0,1.5231061770316114e-15,0
0,0.001396173335211272,0
0,0.01494212847262411,0
0,0.001604714033050571,0
0,0.04512109460318138,0
0,1.1127584303562129e-06,0
0,0.0008609042355093193,0
0,5.150093775790686e-11,0
1,0.9969909179577556,1
0,0.024380327502346786,0
0,9.827951817554846e-12,0
0,0.005779777814065182,0
1,0.9997056393615608,1
0,0.010858826713819922,0
0,1.6081570994081615e-15,0
0,0.00472131930478903,0
0,4.151478438842266e-15,0
0,0.00020226739443461396,0
0,0.010361340987978335,0
0,5.876134117521854e-06,0
0,0.0014368638644045146,0
0,2.6117413269801087e-06,0
0,3.2923288582004837e-16,0
0,1.8179343422194263e-06,0
0,1.1125910603600732e-15,0
0,6.931592377541044e-08,0
0,0.02309659216642703,0
0,1.7884996516644583e-10,0
0,0.002148762539792907,0
0,0.015180659614277283,0
0,0.018467652196692795,0
0,1.8791658850534285e-06,0
0,0.0008662704527263348,0
0,4.2885856770427435e-12,0
0,8.720732289407099e-16,0
0,2.560119386060953e-15,0
0,0.0012076531958218684,0
0,0.01720513185442305,0
0,1.4986751369528056e-11,0
0,1.646411220368292e-11,0
0,0.04945270776312248,0
0,2.930318940205735e-15,0
0,3.6627264962312634e-06,0
0,7.073227678398062e-06,0
0,6.281341735784993e-12,0
0,0.01791443862958838,0
0,0.013528225938205289,0
0,0.012638897775790317,0
0,0.016909234715899606,0
0,0.021572527274412306,0
1,0.010676446294271754,0
0,0.8817927304978905,1
0,2.1883923793930774e-12,0
0,8.030338390070304e-06,0
0,1.6398870657045707e-11,0
0,0.019126003890825697,0
0,0.0008100554464885777,0
0,2.796292142807383e-06,0
0,6.077261849859339e-06,0
0,0.011578444412385066,0
0,2.7515276754748075e-15,0
0,4.545388122879198e-11,0
0,0.016332853701944948,0
0,4.5519460688793776e-12,0
0,0.000534773576074918,0
0,3.2596204934312713e-06,0
0,0.019377044731199434,0
0,4.885162220366763e-06,0
0,3.2409811044434895e-06,0
0,0.015938324638292565,0
0,0.016523896560808386,0
1,0.9839502485075046,1
0,0.0003760121688653862,0
0,0.00030837047832437336,0
0,0.00010668963456725975,0
0,2.2164230234813806e-07,0
0,0.0006490981704284887,0
0,8.148423466507505e-06,0
0,6.543146657844402e-12,0
0,0.7380218007492949,1
0,5.2358454517368735e-06,0
0,3.5535335198641202e-06,0
0,0.0005877028948421592,0
0,0.851742003463045,1
0,0.03768191232538837,0
0,9.33379983175565e-11,0
0,6.743836592986004e-06,0
0,0.00043588544341125124,0
0,0.018106812735132607,0
0,2.7640727498096736e-11,0
0,0.0006793292852524454,0
0,0.023841468023496803,0
0,6.53128957984993e-12,0
0,0.0005390128705305915,0
0,0.000623701802540873,0
0,2.107465090951464e-11,0
0,1.3787467203981657e-15,0
0,0.007186810064440516,0
0,2.0527554524911626e-11,0
0,1.1851200222444284e-15,0
0,2.0466966069980385e-15,0
0,0.0005674516102412438,0
0,5.419221668427322e-16,0
0,0.0010920420546022267,0
0,0.9496219849478457,1
0,1.563803605130557e-15,0
0,9.935254511246557e-12,0
0,4.46305618987119e-12,0
0,3.935659549508363e-16,0
0,3.4526059961784804e-06,0
1,0.9959110264308465,1
0,0.01364753959119213,0
0,0.0006493626116016074,0
0,1.8639532358481948e-11,0
0,1.7937640559935723e-11,0
1,0.9822777865516111,1
0,0.963782430783501,1
0,0.00010922694035845256,0
0,0.00025849128596526033,0
0,4.936876423938044e-06,0
0,0.00015801243631655005,0
0,0.007496238613299538,0
0,0.006969772502694125,0
0,4.933752387868179e-16,0
1,0.9997147307887521,1
0,0.001203810601847432,0
1,0.9999844610362078,1
0,5.0103009952478745e-11,0
0,2.718339598650779e-06,0
0,2.0878252828247274e-11,0
0,1.8972697402278046e-11,0
0,0.8708885487995958,1
0,0.03572412388993318,0
0,0.0003098483048338841,0
0,1.503030773324636e-11,0
0,1.569719103310633e-11,0
0,0.0020979136101575476,0
0,0.000874748454115414,0
0,0.00028568690791595797,0
0,5.8777343371190265e-15,0
0,0.015789718044562005,0
0,6.174829110340062e-12,0
0,1.901057861191545e-14,0
0,0.020859812203789182,0
1,0.975819019576941,1
0,0.631782552392026,1
0,0.0008541786278578198,0
0,0.0050273587593776,0
0,2.5224887969847333e-11,0
0,9.08180270412571e-16,0
0,7.124813319032519e-05,0
0,1.4251211027829838e-11,0
0,0.00016177254123599815,0
0,5.843619156730645e-15,0
0,0.04673533787780733,0
0,0.01111773082378942,0
0,3.806500299385833e-11,0
0,0.0360674302175206,0
0,5.681733396975691e-16,0
0,0.00036015850145014716,0
0,6.544935073693039e-12,0
0,0.02065545287812599,0
0,0.0007586867827082669,0
0,0.001123595381998563,0
0,0.0008722581010464827,0
1,0.9996037656829484,1
0,0.001112372919234607,0
0,5.150755717317281e-06,0
0,3.4354531260853305e-06,0
0,0.0006189534937226402,0
0,8.619142090003552e-15,0
0,0.0007623294253503072,0
0,0.015662086729822895,0
0,0.6808711892525392,1
0,7.827166033301692e-16,0
0,1.2208882508798885e-11,0
0,0.0006937399161985086,0
0,0.000565175430840877,0
0,8.610492516987927e-16,0
0,5.29636933107415e-10,0
0,0.0009749274235813669,0
0,5.924881788753142e-11,0
0,2.9945823551680054e-09,0
0,4.4438169184708516e-09,0
0,2.407282932876426e-15,0
0,0.0008165475597889068,0
0,0.01627065255811747,0
0,9.69720338297452e-06,0
0,2.1507641848286006e-06,0
0,0.006884133821343864,0
0,8.090627962710136e-12,0
0,0.0004721312286210281,0
0,3.546409804456436e-11,0
0,2.9868744705453677e-06,0
0,4.576718857603832e-06,0
0,8.075652253836347e-10,0
0,0.00041879763204169523,0
0,0.0006463738845010364,0
0,1.6301214046057795e-11,0
0,0.0011349883245995065,0
0,4.772692363612327e-06,0
0,1.0166715786618932e-15,0
0,1.1092257134684992e-15,0
0,0.00014233402531785695,0
0,0.0062885319746472865,0
0,7.844027778010172e-16,0
0,9.214711100350512e-16,0
0,4.407100897721401e-12,0
0,6.512844024054155e-16,0
0,2.6758977621844147e-10,0
0,9.480532058091883e-15,0
0,2.9649669416847955e-06,0
0,0.03290995510718113,0
0,2.511508421550772e-11,0
0,2.201427349234714e-11,0
0,0.0011221297886900318,0
0,0.029546000094252813,0
0,0.8948250243656547,1
0,0.00023866011933861226,0
0,0.015452080071081389,0
0,0.0013312511947798638,0
0,0.00046774138136413876,0
0,1.575271155208628e-11,0
0,0.001745870270926399,0
0,0.0006113932750457522,0
0,0.029797702036762144,0
0,0.0003502132102324611,0
0,0.015908889034368802,0
0,0.0009597753057741265,0
0,1.1670210377081487e-11,0
0,2.201963464376457e-15,0
0,0.01797820747139021,0
1,0.9803575659165752,1
0,5.410677250466451e-16,0
0,0.012669984537450236,0
0,0.019490476556867746,0
0,3.3219167440752865e-06,0
0,0.00045797694651949117,0
0,0.0008204259923713699,0
0,2.9530762564414223e-12,0
0,0.00023102295146620885,0
0,7.410700383427863e-15,0
1,0.8912882290122811,1
0,3.681163854035803e-10,0
0,9.002261223629924e-09,0
0,5.365527781082355e-11,0
0,0.013619487057585328,0
0,6.615336063871088e-12,0
0,0.8541738474184057,1
0,8.657752514841584e-12,0
0,0.018872697436690122,0
0,0.000306302154477478,0
0,2.7245071577977523e-15,0
0,0.00033147478819764333,0
0,0.016866746081374725,0
0,4.4197705718286245e-12,0
1,0.9751201145941731,1
0,2.7958709563402607e-11,0
0,0.0007527871045155452,0
0,3.3605838562907554e-06,0
0,2.7951732748536667e-06,0
0,6.407373495815914e-12,0
0,0.00011244193630329162,0
0,4.082401199213496e-06,0
0,0.00038501584839461346,0
0,1.3952549925621276e-15,0
0,0.00021625551359698595,0
0,0.00033051822628219033,0
0,2.5850734260617642e-12,0
0,5.02201173245897e-12,0
0,6.7970105799795846e-15,0
1,0.9979352740768803,1
0,0.04000151650060896,0
0,3.9808396713793925e-05,0
0,1.413118929167619e-15,0
0,2.833972552766947e-12,0
0,0.7375639336891534,1
0,9.524796701139741e-16,0
0,2.5472485622435937e-06,0
0,3.5301068207070274e-06,0
0,0.0074786725592347275,0
0,0.022431849382472103,0
0,3.585406021899221e-05,0
0,2.529778875200691e-11,0
0,0.7670167911110871,1
0,0.0006965312794949902,0
0,0.0004077333115349267,0
0,3.796986776636473e-11,0
0,3.2713844137470736e-06,0
0,5.707460965852178e-06,0
0,3.5186079458809456e-12,0
0,0.01835602799543207,0
0,2.7646968989716086e-06,0
0,7.85430703849683e-06,0
0,8.93273519194364e-12,0
0,3.63180024119529e-15,0
0,0.0015869231275562744,0
0,0.0014846270181595996,0
0,4.2736366139828324e-06,0
0,0.00033836724228791787,0
0,0.00016091502218642693,0
0,0.047681433800672336,0
0,0.0005455094467371038,0
0,0.0005791423054156853,0
0,1.024974212190381e-11,0
0,0.02074117953908276,0
0,7.4702587577157035e-06,0
0,1.762961666636709e-06,0
0,2.1487750479801382e-11,0
0,0.9699452042753002,1
0,0.0015345999485457608,0
1,0.9999999999788542,1
0,4.0397361233900065e-06,0
0,1.0835010234134346e-11,0
0,5.267883911976872e-06,0
0,7.855582452917334e-12,0
0,0.016028099863202347,0
0,3.588268531852539e-06,0
0,1.2364032930952114e-09,0
0,4.0878064690519304e-06,0
0,6.445062136895055e-05,0
0,0.017303590006831706,0
0,0.00039257685053385944,0
0,0.012480244609451432,0
0,0.003098864350888128,0
0,0.027826669985907874,0
0,2.3933262457616192e-15,0
0,0.031734866434749716,0
0,0.017463878507269628,0
0,0.01671890749035235,0
0,0.0006977327188800491,0
0,5.2135819137792e-06,0
0,5.138498132044834e-06,0
0,8.151957865629156e-06,0
0,0.02797674462012768,0
0,0.028096125530856407,0
0,0.01267324961191438,0
0,4.552344471446547e-11,0
0,5.44720368420569e-12,0
0,4.326978189399068e-06,0
0,3.3450810507080764e-06,0
0,0.0002894624992056599,0
0,2.1104711666363037e-15,0
0,0.0038642109901607397,0
0,3.9983213759928315e-11,0
1,0.9991034946390709,1
0,0.018113323028567784,0
0,0.856515562029444,1
0,5.7739800792646675e-05,0
0,4.3631920599383415e-06,0
0,0.6577600064282577,1
0,1.9767312459152323e-15,0
0,6.535452254270676e-12,0
0,3.6125396505245033e-11,0
0,6.0684915109427516e-05,0
0,1.285565052995588e-11,0
0,0.8533640958215858,1
0,2.655299819975899e-05,0
0,0.0004046460547039904,0
0,0.01409510999643363,0
0,3.2066745165223657e-06,0
0,0.022227166252993383,0
0,2.1731491786525028e-11,0
0,1.1412848391142932e-15,0
0,3.035627146969176e-16,0
0,0.012293377166086566,0
0,0.016185268978977072,0
0,2.5475632061703546e-15,0
0,1.2632669255007831e-11,0
0,1.776568312069524e-07,0
0,0.02056401049348841,0
0,0.0002431948393969801,0
0,1.037185738466238e-15,0
0,0.012308813200410855,0
0,0.0007176734889129309,0
0,1.5751426566819782e-15,0
0,0.02223526706163362,0
0,0.0013182421890964495,0
0,1.1717352504538731e-15,0
0,3.6084777768628734e-11,0
0,0.013276035525443004,0
0,8.747298676319524e-12,0
1,0.9967086847158214,1
0,0.0009513679277493776,0
0,0.01386810449712568,0
0,0.020530532466943814,0
1,0.9956561446526996,1
0,0.023658890616438086,0
0,6.861380483715381e-06,0
0,2.605258322523787e-12,0
0,0.06991466420575174,0
0,7.460079512925214e-16,0
0,0.008358057625450015,0
0,5.7643445122708975e-12,0
1,0.8741194946173034,1
0,0.011828279036275905,0
0,0.00035253586405243763,0
0,9.948151246048978e-16,0
0,1.7041269667572288e-15,0
1,0.999999950266536,1
0,0.034874759906920474,0
0,0.0007110820544111107,0
0,1.2241375333493728e-05,0
0,0.012021127388733323,0
0,0.027091027930239483,0
0,0.009193667215716768,0
0,7.404146268344811e-16,0
0,8.704983496356499e-16,0
0,0.0008441546852001646,0
0,0.0004854160639570762,0
0,1.643905850941208e-06,0
0,2.7273612364428645e-12,0
0,1.7244336222208435e-06,0
0,0.0012028663791627484,0
0,2.8188315434477833e-06,0
0,3.727684405925733e-07,0
0,0.0007757090843884204,0
0,0.6300493891005259,1
0,0.00012262176252804448,0
0,0.0009511942446850797,0
0,0.00018375010117934924,0
0,2.116611497103042e-11,0
0,3.1419047311260985e-12,0
0,0.001095520419364881,0
0,5.641644215497128e-12,0
0,7.860971535870534e-16,0
0,4.061604537666328e-05,0
0,3.4533930961720885e-06,0
0,0.0006458900652650836,0
0,0.001651442002066945,0
0,0.61730939784388,1
0,0.9022799167394066,1
0,6.143951724766467e-12,0
0,1.6480220266399207e-05,0
0,2.111777779212243e-06,0
0,3.9152228697472525e-06,0
0,0.8685659443507302,1
0,1.2160371132632473e-12,0
0,0.0004523651592569096,0
0,2.0410543448845114e-06,0
0,0.0016880311488195656,0
1,0.9546089935573296,1
0,0.02901044725802808,0
0,4.358666010525323e-06,0
0,0.0014178007642594477,0
0,0.0008741914585428491,0
0,0.001531049943543748,0
0,7.035608924718968e-16,0
0,0.00016204062474798426,0
0,0.01768014961232456,0
0,4.658496722608884e-15,0
0,1.4783488632705886e-15,0
0,0.0009533252269578037,0
0,3.5429223549111536e-12,0
0,0.000930736258159744,0
0,5.528089169729937e-16,0
0,0.0026290192597828096,0
0,0.0006743647710106013,0
0,0.0007072080932452708,0
0,2.8547597296162568e-12,0
0,5.402853504148829e-05,0
0,2.250602512025691e-14,0
0,4.1901827253343825e-11,0
0,0.05054622685064184,0
0,0.014463485174504069,0
0,0.020772553169813666,0
0,5.106699493504487e-12,0
0,0.0008656435262358618,0
0,0.0009373567530363175,0
0,6.8422011911582754e-15,0
0,6.208168583068302e-12,0
0,3.293160574823019e-06,0
0,5.800072886348323e-12,0
0,0.3576973398720359,0
0,0.015921061932889783,0
0,0.01218173978579435,0
0,0.014711770050603007,0
1,0.999999986023314,1
0,0.01575816230556424,0
0,0.6701819134723417,1
0,5.026944957474939e-15,0
0,3.2932741590147535e-06,0
0,0.0007939476005277964,0
0,0.00576586817356377,0
0,9.063433562209506e-08,0
0,6.678291211740254e-16,0
0,0.014407965182554633,0
0,0.000517803784281577,0
0,0.0013826861845190463,0
0,0.02140513939208126,0
0,3.662056812056508e-16,0
0,3.5816387118347236e-05,0
0,2.4193472763237155e-06,0
0,0.01227002592893059,0
0,3.1998052906045675e-05,0
0,0.0008287377358009854,0
0,2.536514801853358e-05,0
0,0.0011305317911387853,0
0,0.7914982490730268,1
0,2.4945836927214203e-12,0
0,0.001110667077702115,0
0,0.012807357342128331,0
0,0.0010149409775113648,0
0,2.107097308614697e-11,0
0,1.003226357119996e-15,0
0,1.6495943174498506e-06,0
0,6.653745337459941e-06,0
0,3.819048777159257e-06,0
0,2.650588934792234e-11,0
0,3.065522679222351e-12,0
0,0.0019071596364798563,0
0,0.010810751073981441,0
0,3.445860095523803e-06,0
0,0.8628165997509318,1
0,3.652615406827518e-11,0
0,0.000443480635456723,0
0,0.020591827225691525,0
0,0.018062575308169994,0
0,3.921236514418202e-12,0
0,3.4303816263972854e-06,0
0,0.01436957428120261,0
0,3.2645918450083586e-12,0
0,0.0005909519251298523,0
0,1.891266895952257e-12,0
0,0.0011220539053319375,0
0,0.00026080053359905307,0
0,0.0347060325738238,0
0,3.4874959202717054e-06,0
0,0.001374218795071531,0
0,0.016713831116544235,0
0,0.0001884694867070463,0
0,1.7971035905759025e-10,0
0,0.000693310902375971,0
0,0.023740189310206244,0
0,0.007953289696284411,0
0,1.3160606649845026e-05,0
0,0.026592583344701323,0
0,3.0071755644988137e-12,0
0,6.990681249198872e-05,0
0,0.0007564270012401585,0
0,1.7939131240172234e-06,0
0,5.602355035463541e-06,0
0,0.014961237794634388,0
0,2.6229807248195896e-06,0
0,4.668704797141249e-06,0
0,0.01965528100636788,0
0,4.653886487436982e-12,0
0,2.3755434788330706e-16,0
0,0.8612173155239049,1
0,0.0005595189975074815,0
1,0.9510961185624249,1
0,4.073078312208756e-06,0
0,0.0008536467139680587,0
0,1.5259073567200529e-15,0
0,0.0005333425109420876,0
0,1.9648595422975596e-15,0
0,4.5329684417278984e-06,0
0,0.01328281843036455,0
0,0.009082726668227731,0
0,2.0210048950783466e-06,0
0,3.5274337788780875e-06,0
0,0.00061943080035827,0
0,1.8766414507402665e-16,0
0,2.6536624296195674e-06,0
0,0.8425245869322162,1
0,1.7150505535002979e-06,0
0,0.0004976193997423683,0
0,0.000758239394529532,0
0,0.001237062730791189,0
0,1.0307915087423806e-11,0
0,0.0005484399549366385,0
0,0.0007177556652581625,0
0,0.0004430207772665321,0
0,1.0860867192156693e-11,0
0,0.001291112203375956,0
0,4.5607171818330355e-06,0
0,5.388292959490306e-06,0
0,0.00010794201501451957,0
0,2.355643925981328e-06,0
0,2.91070470912139e-12,0
0,6.763507408553009e-16,0
0,1.9173544204838234e-06,0
0,9.233540725356874e-16,0
0,3.6208128634847e-05,0
0,0.0007029397225127179,0
1,0.9985625334375656,1
0,3.1660873437607238e-15,0
1,0.9896228389974047,1
0,3.4338598617845764e-12,0
0,0.026192249940393618,0
0,0.0008060296219571016,0
0,1.990408144832385e-11,0
0,0.00023138114610731143,0
0,0.0007853709757273586,0
0,4.9018048808603984e-06,0
0,0.8209004705571703,1
0,0.03099927693089763,0
0,1.7025344934370068e-06,0
0,2.372843134124482e-11,0
0,0.01508596163868764,0
0,0.0012641596818430572,0
0,6.48881574930867e-12,0
0,0.021077049079613677,0
0,1.1640697281235396e-14,0
0,0.018591663594039066,0
0,0.0007492084053831958,0
0,0.015523605594106458,0
0,0.7446044557896506,1
0,0.013730343638907653,0
0,6.06998882888593e-15,0
0,1.04878722671983e-15,0
0,0.008422524342280517,0
0,0.008524997318923441,0
0,9.289310065869827e-12,0
0,0.0006533582459757208,0
0,0.0002679889805343392,0
0,6.476926450155998e-05,0
0,4.561986277519454e-16,0
0,0.001383995408418503,0
1,1.6042090204804577e-12,0
0,0.018524953837167436,0
0,3.842845556400294e-12,0
0,0.0007949307070246382,0
0,5.838000493736051e-05,0
0,0.01693936055863007,0
0,0.0022828013969617375,0
0,0.00048572105027728537,0
0,2.3634193334823043e-12,0
0,4.2841336247025285e-05,0
0,0.0014528714168629308,0
0,4.7698289173568305e-11,0
0,0.0006679737724625676,0
0,8.283270647584602e-12,0
0,0.0008027700277925231,0
0,0.0006283408280179773,0
0,0.04928097812748397,0
0,2.8250620881112717e-06,0
0,0.6571418658950922,1
0,2.9326418159589004e-06,0
0,0.0007809088458567798,0
0,7.3224094819322e-12,0
0,0.0008577752386339548,0
0,3.213641281159365e-05,0
0,2.148563970774339e-06,0
0,1.944259881395283e-06,0
0,3.411783382001319e-11,0
0,0.8441228452279955,1
0,2.1829010982028465e-11,0
0,0.0005406093619719801,0
0,0.034763730497296044,0
0,7.243314250961093e-05,0
0,2.705551496366877e-06,0
0,4.935943001827462e-12,0
0,1.846051391963027e-15,0
0,3.5282125201743944e-06,0
1,0.6524732471239832,1
0,5.9115020987849646e-12,0
0,0.013404085843251909,0
0,0.0005064658137028061,0
0,4.71845887729263e-12,0
0,2.889427081314091e-05,0
0,0.0003840410878130479,0
0,0.0005325741345537343,0
0,1.902207138753194e-15,0
0,0.0245902206457944,0
0,0.0015422816838917138,0
0,0.0007708947463360799,0
0,0.01427636135137195,0
0,1.3634314879716616e-15,0
0,5.326137630920593e-16,0
0,0.0006062684527479726,0
0,3.9548188399861785e-06,0
0,0.0005838990666646229,0
0,8.306293718525975e-06,0
0,0.0010842838280123938,0
0,0.01111149793960352,0
0,0.01282202935185343,0
0,5.086858127192277e-16,0
0,8.833099483060166e-12,0
0,4.2597816155776305e-16,0
0,6.240469448199162e-11,0
0,0.0006843974680875192,0
0,0.000772960446757753,0
0,0.028093208159171035,0
0,7.575866185149866e-16,0
0,0.883052262853828,1
0,0.022386421896917988,0
0,2.7133705923436656e-06,0
0,0.02522501963562936,0
0,0.0012865809021771527,0
0,0.5327660810265779,1
0,0.01273228356699137,0
0,0.015069504078053719,0
0,2.4823783165907855e-11,0
1,0.9999722538652985,1
0,2.395289307858673e-06,0
0,4.252691638623564e-12,0
0,0.00045893247412747996,0
0,1.922257480726206e-05,0
0,6.536687693589903e-06,0
0,0.0011160981838082866,0
0,2.4279463982911e-06,0
0,0.0010065892965752685,0
0,6.832833507017628e-07,0
0,3.582190505727711e-06,0
0,0.01541867619685144,0
0,0.000602323228443499,0
0,0.019252628878445303,0
0,3.3833404423863337e-06,0
0,4.291086703885802e-12,0
0,0.0004575346598420079,0
0,2.873574800937019e-06,0
0,4.927127171802285e-12,0
0,0.000771178514386621,0
0,0.001426936711951013,0
0,2.2701236295934203e-11,0
0,0.017312037884628095,0
0,3.728772011987602e-11,0
0,0.5129118000755376,1
0,1.6121079824937195e-05,0
0,0.00037787864416919477,0
0,0.0007562828041429417,0
0,1.1033106698422584e-15,0
0,0.000551618293242714,0
0,1.3276879748415702e-11,0
0,3.788118833430094e-12,0
0,0.7996667224894711,1
0,3.866764805820655e-06,0
0,0.0006777038306460164,0
0,5.60439632564705e-05,0
0,6.482604234017291e-11,0
0,0.0007708435710183006,0
1,0.9937934550467974,1
0,3.931196524971698e-11,0
0,0.04499938194593392,0
0,3.1588640123548827e-12,0
0,4.483439555067104e-15,0
0,5.277986804035231e-06,0
0,0.008987775373007446,0
0,0.0016832595530733234,0
0,0.015235217858883673,0
0,9.642691662899598e-08,0
0,0.0006254325470596797,0
0,7.629237841531324e-11,0
0,0.025413062501545982,0
0,3.280711332244916e-11,0
0,0.013336886375525978,0
0,0.0004110564382944588,0
0,0.0014952262900831384,0
0,1.3292990560228547e-06,0
1,0.9832715405854987,1
0,0.0006026150673725806,0
0,3.519443000926568e-06,0
0,0.02074124600690126,0
0,1.2640992234462317e-11,0
0,9.345135800046637e-12,0
0,0.6723957282071433,1
0,0.00033445558834674605,0
0,0.021956907780672323,0
0,1.6205051998968087e-06,0
0,0.01982456833342035,0
0,1.916158029164349e-06,0
0,0.012967535288187483,0
0,2.284153359278248e-06,0
0,0.0027277501681448268,0
0,0.012429494878710532,0
0,2.9415173372868564e-06,0
0,3.7690444788863056e-05,0
0,0.0010020205475911907,0
0,0.001327471091369641,0
0,0.028746740670703402,0
0,0.012046090776812374,0
0,0.0006506321657189761,0
0,3.834393025693088e-16,0
0,0.0002927446147910307,0
0,0.006998537260243663,0
0,0.0006688029185336364,0
0,9.315752902031947e-12,0
0,1.988786652549253e-15,0
0,3.889546039258525e-06,0
0,1.5310103008951233e-11,0
0,0.0033516455715233147,0
0,0.017784076774746513,0
0,1.4936296430359767e-06,0
0,0.011052979812364023,0
0,0.0004548641927106744,0
0,0.0005640109716667375,0
0,1.107780022993471e-15,0
0,0.0015933654070297229,0
0,0.011326776449342768,0
0,9.10691666776888e-12,0
0,1.9528937496934417e-11,0
0,0.001545342728484309,0
0,1.9123607802440536e-06,0
0,1.089116363476055e-11,0
0,0.015829700654597857,0
0,0.7719037046747597,1
0,1.0257092139422132e-05,0
0,2.266936444251269e-11,0
0,0.00032844019871176063,0
0,6.203877712489725e-12,0
0,7.735910943006062e-06,0
0,2.353368396188078e-10,0
0,6.136728312701841e-11,0
0,5.496555690881751e-12,0
0,5.101833988026574e-06,0
0,0.03578823145237928,0
0,0.0005561417195789543,0
0,0.011990978453293789,0
0,3.0480482497386104e-14,0
0,0.00039608460551552736,0
1,0.9992019816255566,1
0,0.021811262625004827,0
0,0.0003872377054489199,0
0,4.978778319973509e-16,0
0,0.8754778253938725,1
0,1.4127692488386536e-06,0
0,0.0015512512037714635,0
0,2.2758771664790242e-15,0
0,0.012614549765278572,0
0,0.02924150743378246,0
0,3.7541107677459527e-06,0
1,0.9999999999895421,1
0,0.0008170173279530629,0
0,4.5601309978125124e-15,0
0,0.0009515637221485331,0
0,1.3241017514439813e-11,0
1,0.999862679541992,1
0,0.019560846478257662,0
0,0.6320354555995522,1
0,2.9859207718766575e-11,0
0,7.157677601373181e-12,0
0,3.549796065844408e-06,0
0,1.1535656003178585e-11,0
0,0.01451301425256337,0
0,0.012566587510385195,0
0,0.0005499952974677313,0
1,0.9998648184395369,1
0,0.005929950541778781,0
0,3.4689306514733756e-06,0
0,2.0993820457198494e-06,0
0,0.0007198085012344929,0
0,6.430374729026957e-16,0
0,0.7138694207766515,1
0,4.115427520673042e-06,0
0,0.00040106111717009814,0
0,0.012742265573094245,0
0,0.0021135692144759965,0
0,0.00165972422455796,0
0,0.017611423624984038,0
1,0.9995387825134681,1
0,1.600473661651091e-10,0
0,1.9902498960074265e-06,0
0,0.0018941012324571356,0
0,0.0006147596415365177,0
0,0.00048224071910708263,0
0,1.475445046897867e-15,0
0,3.804160201827356e-15,0
0,1.7519529502210695e-15,0
0,4.3014897300718586e-15,0
0,0.0009686534533371815,0
0,9.020985458203775e-05,0
0,0.0005981049535210555,0
0,0.00011013567521102006,0
0,9.774802480737756e-16,0
0,5.617391389896207e-06,0
0,0.003407983599685961,0
0,0.0008935373685920229,0
0,1.9555177361056378e-11,0
0,7.543032998305567e-07,0
0,0.0012193527703130717,0
0,2.243669153973221e-11,0
1,0.9259577024512342,1
0,2.6741868461226748e-11,0
0,2.8453973616205592e-12,0
0,3.233833196996106e-06,0
0,1.5099427314071186e-11,0
0,4.497795641410671e-06,0
0,0.000469131180500005,0
0,0.0003657848382057432,0
0,7.941298636099757e-16,0
0,0.022958749404963806,0
0,0.020157076799948374,0
0,0.007261207689249643,0
0,1.790098809410703e-11,0
0,3.2868034655834204e-12,0
0,1.6809974066393577e-10,0
0,0.0007119534312847934,0
0,2.4028185415621016e-06,0
0,0.7477984080280614,1
0,0.015926782059740234,0
0,0.0014689612817517905,0
0,0.0006634948235164829,0
0,3.1038593899848975e-12,0
1,0.9795091871444527,1
0,1.111635998590585e-11,0
0,8.832329173790544e-12,0
0,1.3664623410323423e-14,0
0,0.7287676453096462,1
0,2.7837107971782752e-11,0
0,0.000840643166107136,0
0,0.002163828122041231,0
0,0.0009403488915170099,0
0,5.265829224151477e-07,0
0,0.01362871704094084,0
0,1.8623188179738079e-06,0
0,4.711540239088788e-06,0
0,3.0324280406987437e-12,0
0,0.00048247970184897625,0
0,0.013225590040153173,0
0,0.00011107266934411213,0
0,2.9725351784154774e-12,0
0,0.023222720617613567,0
0,0.0008320988873742773,0
0,1.456589153854214e-15,0
0,1.6665063993941658e-11,0
0,1.6073589699625184e-05,0
0,0.0075348174483525305,0
0,0.0005835857433560405,0
0,0.8500439992524812,1
0,1.3064925139757112e-15,0
0,0.8179149456237842,1
0,0.0007817633989490087,0
0,6.3017864956350056e-06,0
0,0.046183430302293625,0
0,0.0018592540983771888,0
0,0.0005342505843545718,0
0,7.189871499157238e-12,0
0,0.0001658861644018484,0
0,0.020562178022016854,0
0,0.03906763254610098,0
0,0.00022007984551681377,0
0,1.2590414001725422e-15,0
0,8.378146120638875e-06,0
0,0.016677538227157288,0
0,9.875372343491994e-16,0
0,4.166286779536427e-06,0
0,0.01711700768097684,0
1,0.9883379568013353,1
0,0.0005205556803480558,0
0,9.377969755608146e-16,0
0,9.488391882113673e-06,0
0,0.006869565022575798,0
0,5.395208731604509e-05,0
0,0.011371332335411447,0
0,0.022214535693202163,0
0,9.780826407339722e-06,0
0,9.20596838110582e-11,0
0,0.015487105015832881,0
0,5.186615702437984e-06,0
0,1.539769606233492e-11,0
0,4.501411180285595e-12,0
0,0.0003830091340567693,0
0,0.9706975144307661,1
0,0.03012261740726584,0
0,0.023740525060158342,0
0,0.002293082140678612,0
0,3.253770829910365e-09,0
0,0.0007457013685841583,0
0,0.01507607588379798,0
0,0.00041165961388863956,0
0,0.0009665563192734906,0
0,4.056577613777623e-06,0
0,0.0010642574053014876,0
0,0.00019195237426988118,0
0,0.00727382402745831,0
0,0.7520554816527407,1
0,1.1910229910368434e-11,0
0,1.1330182820118532e-15,0
0,6.009597783317566e-12,0
0,9.587587710461514e-12,0
0,0.0007677994463204109,0
0,0.0003908505756281792,0
0,4.480535754210587e-16,0
0,1.0695536950288807e-09,0
0,7.187491733446757e-06,0
0,1.3046863349005478e-11,0
0,0.0003355250705307104,0
0,0.0007575094796198204,0
0,7.992172294263215e-16,0
0,5.111306589495354e-16,0
0,0.00010859345654170598,0
0,4.2461546621513137e-16,0
0,0.017353276787514745,0
0,0.6573822260700802,1
0,0.0018111286451693133,0
0,9.853809651443589e-12,0
1,0.9896274308568934,1
0,0.018579586903359997,0
0,0.026751233115803047,0
0,1.9715216706495838e-16,0
0,9.347528478934914e-05,0
0,6.241135113196299e-12,0
0,0.0015856901284595703,0
0,3.942400585625407e-16,0
0,0.00084783564684111,0
0,9.6358779869465e-12,0
0,0.0004906385734222903,0
0,0.0005551235661262238,0
0,8.564317000492586e-16,0
0,0.017719547470834138,0
0,1.4399380505942205e-11,0
0,0.0008172285745832254,0
0,0.0005661836227174183,0
0,2.1711268278705095e-11,0
0,0.9098063135104281,1
0,3.130389164938372e-06,0
0,0.0006323859854427739,0
0,0.0015306744896127448,0
1,0.9793408556123968,1
0,2.310598208525771e-05,0
0,2.580399349867473e-07,0
0,0.0011187069085091491,0
0,7.731738582189708e-12,0
0,0.0007448934947203239,0
0,0.0002388410244593652,0
0,3.3408191952442348e-15,0
0,0.01500239010929744,0
0,0.00924738547318229,0
0,0.014077588522485867,0
0,0.00015645934342462436,0
0,0.0005666273695345104,0
0,5.162638641064766e-12,0
0,0.009690502851196043,0
0,1.7450741218121036e-11,0
0,3.260452204655358e-06,0
0,3.4256550417482697e-06,0
0,0.00048552853510508523,0
0,0.02607073055929932,0
0,0.014975405974503449,0
0,4.290775319698354e-06,0
0,0.011756916725050394,0
0,1.0602419822491479e-08,0
0,3.9423821039649175e-16,0
1,0.9999960128208395,1
0,0.022974379018671054,0
0,0.0005507461712717119,0
0,0.00040006898403940064,0
0,0.00062419610649538,0
0,0.05988273113129884,0
0,3.6590427940322144e-06,0
0,0.00026960252477639825,0
0,7.136291193646815e-12,0
0,0.016582398782847986,0
0,0.002979662394479664,0
0,0.020229217578736435,0
0,2.330913122299638e-11,0
0,0.0010770249757857137,0
0,3.6597922161663927e-06,0
0,2.0042296126917882e-11,0
0,0.000562394285794628,0
0,2.5573028268832718e-12,0
0,3.3007285857889234e-06,0
0,3.936699275530592e-16,0
0,2.5397808541793665e-05,0
0,1.1030432263705118e-15,0
0,0.0005870842249334478,0
0,0.0007649106338906767,0
0,1.109400397043769e-15,0
0,3.1202807360941265e-06,0
0,2.133376789453592e-06,0
0,0.017547119085720903,0
0,0.9616529026151327,1
0,0.0007430075888483175,0
0,4.151974364015703e-06,0
0,0.043632907582418716,0
0,0.0006338791386974611,0
0,0.001244690494246232,0
0,2.764714769809253e-06,0
0,0.03250145313664114,0
0,0.0007436752915962874,0
0,5.411188699623346e-12,0
0,3.262213190802388e-12,0
0,0.6214937267924381,1
0,0.017084470761450133,0
0,3.212427303118439e-11,0
0,5.567162091868436e-12,0
0,0.0008835029567911261,0
0,1.967273015902746e-11,0
0,3.028057422475661e-12,0
0,2.306911589497943e-11,0
0,0.01191893604364932,0
0,5.150356829648753e-15,0
0,0.6033983627831149,1
0,3.9306754182193475e-05,0
0,0.030752229724832193,0
0,1.5779942203137588e-06,0
0,0.0014724097129159988,0
0,7.870456463597313e-05,0
0,0.013392536597854394,0
0,0.0008959721856534405,0
0,1.1276570955292225e-15,0
0,1.607268365937601e-06,0
0,0.020908926662587136,0
0,6.488692423255222e-15,0
0,2.235176907598638e-11,0
0,4.7380045107712935e-12,0
0,6.804852952635829e-16,0
1,0.997796758344962,1
0,0.0010923041379563218,0
0,9.637525196517175e-06,0
0,7.034798104951601e-11,0
0,0.010485181099909915,0
0,0.014593551099338681,0
0,0.00045294089714159385,0
0,6.666337897927599e-16,0
0,2.9134718077840938e-06,0
0,0.0005114627190087553,0
0,6.565961627165315e-12,0
0,0.0013072302447491592,0
0,4.78985800702932e-06,0
0,7.064414888295559e-05,0
0,8.148679037364287e-06,0
0,0.00017450221398837337,0
0,8.498007391741968e-11,0
0,0.001651584351396587,0
0,0.9340594615210319,1
1,0.9824723470871277,1
0,4.0447838074477876e-15,0
0,1.5590074172579638e-15,0
0,3.876331700801208e-15,0
0,0.0003383305684808559,0
0,1.160139193232781e-05,0
0,0.00022961373940440878,0
0,5.294261980921201e-06,0
0,0.7560438512818974,1
0,0.0005573450579957202,0
0,0.02493413281002644,0
0,8.791333034696477e-15,0
0,3.7543078080422667e-06,0
0,2.5111258321608188e-05,0
0,0.0003467937241171699,0
0,3.825185770177884e-15,0
0,3.55436583769999e-06,0
0,0.0006964938703096201,0
0,4.533211447614441e-05,0
0,0.0007018567978556606,0
0,0.016600586323680534,0
0,4.983603794532266e-06,0
0,0.0009111128613431224,0
0,0.012957243228069319,0
0,0.00043500151961824954,0
0,0.000332961660419738,0
0,2.5415460427269766e-15,0
0,3.4800263951499272e-06,0
0,0.03508213619852404,0
0,0.00032549499801151854,0
0,0.03776303835405744,0
0,0.00020955539636594717,0
0,0.02254091256871682,0
0,0.0009332969921450942,0
0,3.148543931229296e-06,0
0,0.0055187963578068,0
0,0.9371399335808035,1
0,5.3057837375605044e-06,0
0,0.00028564539447078845,0
0,0.013946837970297747,0
0,6.64641950999579e-15,0
0,5.493304749587662e-06,0
0,0.0004618883739166282,0
0,0.0002529231929788847,0
0,4.741738182070972e-15,0
0,1.6390673158758343e-15,0
0,0.000711385416750483,0
0,0.015604827925306675,0
0,0.04508647744199503,0
0,0.0013957059446669197,0
0,4.7863648307818976e-11,0
0,0.009002186732696269,0
0,3.4909427928133436e-15,0
0,6.6764880179773934e-06,0
0,2.377047308070928e-15,0
0,0.0004502379162489331,0
0,0.0007288358089828378,0
0,0.0170925658295426,0
0,0.00024645933052879995,0
0,4.689026667448557e-06,0
0,2.5812297448190816e-06,0
0,0.018922686727557043,0
0,7.653454057627495e-06,0
0,9.081842490130986e-11,0
0,1.4941157462793526e-10,0
0,0.022956939429872585,0
0,0.0005473570625869956,0
0,8.956906586413125e-11,0
0,2.5635741254387496e-12,0
0,0.019808135600916352,0
0,1.6916414298522632e-06,0
0,0.02748171606926824,0
0,2.617671066011865e-06,0
0,4.586331086343825e-06,0
0,7.011887801536825e-12,0
0,0.013084500527976214,0
0,2.2376932340210474e-12,0
0,0.0005965447585099871,0
0,0.0016993494384019698,0
0,4.9268508884175855e-06,0
0,5.740878052483706e-12,0
0,3.2299643012981073e-06,0
0,0.7033197835751025,1
0,0.0005896499849850208,0
0,6.348999610198027e-06,0
0,3.3706890959998293e-06,0
0,0.001337292243069854,0
0,2.772860824914288e-06,0
0,2.858037456929169e-06,0
0,0.03508052768790173,0
0,2.402364231068062e-06,0
0,2.569011153394308e-11,0
0,3.64781789136389e-15,0
0,0.001008154223978291,0
0,0.8023114349873526,1
0,1.726617562986723e-05,0
0,7.324455157359671e-05,0
0,0.7034376078939093,1
1,0.9999998639616369,1
0,0.0006065048390967555,0
0,0.0009459805772737039,0
0,0.014145231806041604,0
0,1.4669616288338085e-06,0
0,3.958333797191141e-06,0
0,5.3476341187553e-11,0
1,0.9924173845069536,1
0,1.0974336207026178e-09,0
0,0.0008575970400699973,0
0,0.0012821201301074568,0
1,0.9737172865715434,1
0,0.0007943769820102498,0
0,5.49020867552806e-12,0
0,4.967425868661192e-16,0
0,0.0011310057636215425,0
0,8.984498851232533e-15,0
0,0.009474771624346404,0
0,0.0009068303409343499,0
0,0.7964985369361374,1
0,4.8928438530714986e-11,0
0,0.0006711959624078267,0
0,3.6980338241116566e-06,0
0,0.00010928503933252996,0
0,2.0013391162690158e-11,0
0,0.0003539095131882548,0
0,0.011852681374548158,0
0,0.9607775576300979,1
0,0.8964187680963357,1
0,0.02484050812397022,0
0,0.0004619174446686786,0
0,1.0648054544075362e-11,0
0,4.956777992711734e-05,0
0,5.309935057170379e-06,0
0,0.01741979752917193,0
0,0.0014616566009610042,0
0,4.6027132060392954e-11,0
0,0.009553248744124906,0
0,3.9721092362600345e-12,0
0,0.0006534582034708166,0
0,0.0008871102155539222,0
0,1.4898210490763058e-15,0
0,0.011799335373867412,0
0,2.389524942165329e-06,0
0,0.01783485600623503,0
0,0.0002788676994454852,0
0,0.00010970034255717303,0
0,6.73620325424573e-15,0
0,5.219234046535164e-12,0
0,3.7281528493928235e-06,0
0,1.8958650754981619e-06,0
0,0.007226036024708065,0
0,1.1582796195727147e-11,0
0,0.9346901420876653,1
0,0.0009037716326972443,0
0,0.001264213499091928,0
0,0.021706732814230047,0
0,0.0004920387821709774,0
0,1.8338193259218405e-11,0
0,0.0010390568600051728,0
0,0.019706633791300644,0
0,0.017645363044146534,0
0,0.0006513756211692832,0
0,5.2455635159905105e-12,0
1,0.9965621484654517,1
0,5.194650247944047e-11,0
0,5.712850306998371e-12,0
0,1.5136784922245055e-12,0
0,0.01848633125972114,0
0,0.016178306361387784,0
0,0.018821172219201644,0
0,0.008943208247507344,0
0,3.0827590816578753e-06,0
0,0.026768412695142164,0
0,3.5861726508569846e-10,0
0,0.0008487487776438891,0
0,4.3997055320305817e-11,0
0,0.0007066232875117403,0
0,2.4452349184627266e-06,0
0,0.01423464354996718,0
0,0.011345689005939434,0
0,6.494783850977731e-15,0
0,1.834143631773578e-15,0
0,0.0005713386393178478,0
1,0.9835775530451512,1
0,0.021388510235992617,0
0,1.4633570530165256e-14,0
0,2.650306624723422e-05,0
0,0.768413686918562,1
0,0.015086507556252763,0
0,9.83708268086784e-16,0
0,2.793663214229422e-08,0
0,2.863463823433868e-06,0
0,0.0006489916168025498,0
0,2.787797751057936e-12,0
0,2.3179325810715084e-06,0
0,0.008461694293952438,0
0,0.00032407769408931573,0
0,3.932931817511193e-06,0
0,0.010034483617645047,0
0,0.0004717291736309078,0
0,0.023766155734066985,0
0,0.008474432498745535,0
0,7.964530501500791e-11,0
1,0.9999995167410343,1
0,0.015903356699828806,0
1,0.9999991004901345,1
0,4.0389306027828794e-11,0
0,0.00046487654627995717,0
0,5.695363267965236e-16,0
0,1.156844068864944e-11,0
0,0.025264524658023105,0
1,0.9864625677636352,1
0,2.1341607033535847e-12,0
1,0.9999971285192286,1
0,5.0889292341873676e-06,0
0,0.6644191234796691,1
0,3.4925764514902964e-12,0
0,0.019867857208749236,0
0,5.459475337055932e-06,0
0,0.0006213753280404047,0
0,3.3549950172852753e-06,0
0,0.015946272453531283,0
0,1.1313981980230378e-15,0
1,0.9940336133204007,1
0,0.0172277027952294,0
0,3.6929319312554945e-06,0
0,5.0145198661165155e-12,0
0,0.029349254328029747,0
0,1.1249625705260278e-11,0
0,0.015185675413858346,0
0,4.2120746607844565e-06,0
0,0.018159647998853102,0
0,8.136438466916148e-06,0
0,4.561335368483619e-06,0
0,0.019411492073480797,0
0,0.019809325957930946,0
0,6.515862985384882e-06,0
0,1.1184228208095752e-15,0
0,1.8348286714819747e-15,0
0,8.150836497882809e-16,0
0,0.843315016141744,1
0,8.207314760423683e-16,0
0,2.1698702518735855e-15,0
0,0.052234236786035185,0
0,4.1137191783385044e-11,0
0,7.005014879172206e-06,0
0,1.1886091053378374e-06,0
0,1.1837470660611448e-15,0
0,3.0248003204901967e-12,0
0,1.2698581809515043e-15,0
0,4.1649913000644805e-06,0
0,0.025164362848750097,0
0,3.4398366002427836e-06,0
0,3.606488408056456e-06,0
0,5.15520773452514e-12,0
0,0.016302209415918787,0
0,0.0007793827576183092,0
0,0.011164398484471648,0
0,0.025991817079392455,0
0,6.057960028073881e-16,0
0,1.7961971015464186e-11,0
0,3.4376365618588972e-06,0
0,0.023682020881887592,0
0,3.191102938647358e-15,0
0,1.6801733228869873e-06,0
0,1.1918024617884077e-11,0
0,0.024273368934961608,0
0,0.00010359985135944926,0
0,1.5930337092827754e-11,0
0,5.826350211797702e-06,0
0,4.5308118635605533e-11,0
0,9.314873003351697e-06,0
0,8.321883603071347e-16,0
0,2.562757836697607e-06,0
0,4.374515286542004e-06,0
0,4.993741951580271e-12,0
0,1.4035317746489135e-15,0
0,3.022633580145598e-08,0
0,3.140353005790821e-06,0
0,0.001086300418424675,0
0,3.141838590873246e-06,0
0,0.020996354734637235,0
0,0.00017875061676875785,0
0,6.5557277310171826e-06,0
0,0.00027652688417187116,0
0,6.16304909879432e-16,0
0,0.7906602606612965,1
0,0.0002804588382223912,0
0,1.686367539183299e-11,0
0,0.036006062957029884,0
0,2.355875320372051e-15,0
0,5.276841943116619e-06,0
0,0.01746438284482363,0
0,0.8814332936569107,1
0,0.013353220335896114,0
0,0.0003952308429827111,0
0,0.0006067474370194486,0
0,1.73934437636006e-15,0
0,0.0006593322302150994,0
0,3.101570834533137e-06,0
0,0.0017050916373303547,0
0,4.737734860543938e-06,0
0,4.6559325814240945e-15,0
0,0.013831959869469109,0
0,1.102962839778241e-15,0
0,7.553145553842319e-15,0
0,0.0003577807565240091,0
0,4.549712696834037e-12,0
0,0.0007645471806516438,0
0,0.0009561439136330834,0
0,0.7804955685706935,1
0,2.5027109308447697e-15,0
0,4.570084363843347e-06,0
0,0.7953343065165661,1
0,6.848483372087525e-16,0
0,4.4373614532952536e-06,0
0,0.00017959589618491784,0
0,8.386481661393882e-11,0
0,2.962285599760353e-15,0
0,0.001264458712003845,0
0,2.9627780467967747e-12,0
0,2.944981721086169e-15,0
0,0.0005661683419198326,0
0,4.180287032796377e-12,0
0,0.0010541885851821436,0
0,0.004135253684412612,0
0,3.464113989399281e-11,0
0,0.00013057813386695854,0
0,2.693412269971313e-11,0
0,4.07258843185732e-12,0
0,9.994714903096e-15,0
1,0.9481467908850905,1
0,0.0007293232894963176,0
0,1.484716461842038e-06,0
0,0.0008572455713918392,0
0,0.0001512320322398979,0
0,0.013738543697770906,0
0,0.0009730860330141235,0
0,0.026574319863052663,0
0,5.634123156918857e-06,0
0,1.6648864077632062e-15,0
0,0.023274649834220895,0
0,1.3122085885899184e-15,0
0,0.0006126807968033988,0
0,0.0007856423679427728,0
0,0.00044079449150564054,0
0,2.999689825243e-16,0
0,0.0005259849000304528,0
0,0.022998301569806787,0
0,0.002120871892035204,0
0,0.6353978788172427,1
0,1.559963968549931e-06,0
0,0.006803848564344064,0
0,1.7269902046391879e-15,0
1,0.999966305581455,1
0,0.00032312996221583383,0
0,0.0004753448179803607,0
0,0.0007049946332643203,0
0,0.0007315127728163061,0
0,6.316920015304962e-05,0
0,2.4238238602710628e-11,0
0,0.018281868773722596,0
0,1.487947944058711e-06,0
0,5.193332449251735e-06,0
0,0.0004897030113507867,0
0,0.8515465895388178,1
0,0.023146904705913327,0
0,0.022269362110965488,0
0,3.8657566025149705e-11,0
0,7.431468741393792e-16,0
0,0.0004929095288331422,0
0,0.011375226011635067,0
0,3.6431863668897586e-11,0
0,0.02627203949367444,0
0,3.0815823043051017e-06,0
0,0.003934861209597786,0
0,0.015643559065628542,0
0,3.419776099663041e-06,0
0,7.717762885827708e-11,0
0,2.8124504991418516e-06,0
0,2.067359740034784e-06,0
1,0.9273599651610791,1
0,0.012805038524756587,0
0,0.000571888550758372,0
0,0.0008185006969368834,0
0,1.1646821429439877e-15,0
0,0.000260197640433576,0
0,0.015795008841381956,0
0,3.0704902075627317e-06,0
0,0.0007420386837634212,0
0,1.325908065780439e-05,0
0,5.541926518541811e-12,0
0,4.9718454645852596e-05,0
0,0.014015316931293128,0
0,0.01271332671556882,0
0,6.557216053587179e-06,0
0,1.5987881662809375e-11,0
0,1.8595190076121973e-10,0
0,0.00042648832696137913,0
0,0.0004820930859462446,0
0,0.0007745343269852938,0
0,1.5244689160790092e-15,0
0,4.49261472118164e-05,0
0,3.524409548246331e-06,0
0,6.693974358024631e-12,0
0,0.0001418163664609842,0
0,0.8315420956827384,1
0,2.3360433067077393e-15,0
0,2.4632601770710232e-11,0
0,0.011738968721350678,0
0,0.02104653718702629,0
0,1.7483234571637118e-12,0
0,1.9261220816008796e-09,0
1,0.9656076803442374,1
0,1.5778560185751015e-07,0
0,0.01729672754149174,0
0,0.01664860452482199,0
0,0.0020655252536737633,0
0,0.00010929908067667763,0
0,7.590113557926657e-16,0
0,3.14127247568709e-06,0
0,2.0993933058025492e-06,0
0,3.3914696013810236e-06,0
0,9.497512763280887e-12,0
1,0.9992403003179614,1
0,5.644325538852742e-06,0
0,1.348199295931514e-10,0
0,1.987274739967492e-06,0
0,0.0009330678712235489,0
0,5.9525765123668636e-12,0
0,1.6826597584757995e-14,0
0,2.760381849482711e-06,0
0,1.9574577495075895e-05,0
0,4.701629127619307e-15,0
0,3.784617649359225e-12,0
0,2.3358059474133818e-11,0
0,0.0008932576119202816,0
0,5.980760544945947e-15,0
0,6.9328809742933636e-12,0
0,5.9592913137289246e-15,0
0,0.04608154697300416,0
0,1.1110411200467e-10,0
0,2.9400689956935104e-11,0
0,1.6661723398279176e-10,0
0,1.8456845816984537e-05,0
0,6.36131179154469e-06,0
0,2.6898984769393264e-05,0
1,0.9995868928548951,1
0,0.020944171610619962,0
0,3.617982823519284e-05,0
0,0.0006050535454080756,0
0,5.047473888036313e-11,0
0,1.8880657361878859e-10,0
0,0.016440157030254688,0
0,0.001340466832439722,0
1,0.9873042612247286,1
0,0.0010746675175905738,0
0,0.020583825273285332,0
0,0.858813353914073,1
0,0.001227938196633294,0
0,0.34263157992254795,0
0,0.0012276012622673338,0
0,9.858617489740167e-12,0
0,0.018867567952624238,0
0,0.000610144263237998,0
1,0.7493050869034862,1
0,0.04678772359440042,0
0,9.426303288892936e-12,0
0,6.549301997463962e-12,0
0,0.0012877964504124282,0
0,1.0994538522066486e-11,0
0,1.634298391110532e-14,0
1,0.9999999857210542,1
0,1.0001294669173872e-14,0
0,3.3745948793777674e-12,0
0,7.376374543096177e-12,0
0,0.021379827875114454,0
0,0.012975368008386936,0
0,0.0159098610925074,0
0,1.0535814987999387e-11,0
1,0.9999999804180014,1
0,0.0009904824346764728,0
1,0.9960321735198957,1
0,0.00034695736807146594,0
0,0.0022921766426382394,0
0,0.001000771321539433,0
0,0.0006039643497519943,0
0,4.339307558146305e-07,0
0,2.5272913417700966e-11,0
0,0.00036199638882417285,0
0,0.018757639117263178,0
0,0.018670662743816943,0
0,0.013085815066182295,0
0,7.351777284683951e-06,0
0,0.00010459343900955364,0
0,2.6431443576678736e-06,0
0,6.979375457237279e-16,0
0,0.0015931459481390187,0
0,0.017248198609525943,0
0,0.0076083725322599,0
0,5.4706987028747525e-12,0
0,0.0005220930578785767,0
0,0.0161340379874782,0
0,7.151779895464301e-06,0
0,0.04597613795017864,0
0,0.0011320886959993255,0
0,2.1832457672435504e-10,0
1,0.9851832746401555,1
0,2.9934530550322337e-06,0
0,6.187100687736637e-06,0
0,0.7911498387946824,1
0,0.0007246382098221793,0
0,0.0005190500126073046,0
0,3.680831775889273e-06,0
0,0.01326408573366996,0
0,2.4819497270676036e-11,0
0,0.004506733653407392,0
0,3.6214510521316536e-12,0
0,1.1688882873593868e-11,0
0,6.188098546051718e-12,0
0,0.00022355984377437488,0
0,0.0006616904885429711,0
0,0.003923667633178632,0
0,6.586796899408452e-06,0
0,0.0005754813581791555,0
0,0.00010461049071701668,0
0,2.6188182440620706e-14,0
0,0.012081885396861601,0
0,0.4704755411839618,0
0,7.623535453001425e-16,0
0,0.00048296361294329756,0
0,2.9241728755743674e-16,0
0,5.434757820306701e-12,0
0,2.433345902715371e-12,0
0,0.000635739556265325,0
0,1.55616343018326e-12,0
0,1.5963355617825885e-11,0
0,0.029700388020595606,0
0,2.909612515294761e-11,0
0,3.135896270194088e-11,0
0,5.8154761496776605e-12,0
0,2.242239372986294e-07,0
0,0.000536933309725443,0
0,0.015515396549754076,0
0,0.023681146192568978,0
0,0.010646213002589023,0
0,0.011838351682271145,0
0,0.0014870069999627711,0
0,5.112118518399948e-12,0
0,0.0009254126022418071,0
0,4.647771608823886e-06,0
0,0.019267876376240733,0
0,0.7698676423450127,1
0,3.441745737602894e-06,0
0,2.299772656393886e-06,0
0,0.000267834225570248,0
0,0.016311758015842278,0
0,0.014091898158452082,0
0,3.985710837071614e-06,0
0,0.008096675378497632,0
0,5.25337552377971e-11,0
0,0.0008418813280770793,0
0,8.835978557733217e-12,0
0,0.0008007929452540041,0
0,0.00011141799250604231,0
0,0.014096833798211496,0
0,7.62528760719323e-15,0
0,6.208043071934459e-06,0
0,0.0008437322323034652,0
0,0.0026317305284878074,0
0,3.816897060523595e-11,0
0,5.6201688941535275e-12,0
0,0.016355075459795688,0
1,0.8352157637589116,1
0,6.833984735294802e-16,0
0,0.029066542185046538,0
0,0.01585598122845608,0
0,5.235566533608468e-16,0
0,1.0719833672600815e-15,0
0,7.568836873148654e-12,0
0,3.8215290233972455e-12,0
0,3.814877366792465e-06,0
0,2.3501948821595864e-12,0
0,0.0020376485683476254,0
0,0.05804731763951158,0
1,0.9731979754214589,1
0,0.001800042264233072,0
0,1.6523175959426606e-15,0
0,4.759625459480263e-12,0
0,7.407716483349307e-12,0
1,0.9982785203643074,1
0,4.887598364724968e-10,0
0,2.0895465142450596e-12,0
0,0.0010183443390162211,0
0,1.6955962883295509e-06,0
0,0.0001843244174249406,0
0,4.7455872843982115e-12,0
0,3.0188771575856016e-11,0
0,3.6722160310578414e-15,0
0,0.043245901074305385,0
0,3.4981180427454365e-06,0
0,6.500985737501573e-12,0
0,4.576881350475988e-06,0
0,1.1773820405655039e-15,0
0,0.02187405944183227,0
0,0.000387550670304663,0
0,2.2878032644566604e-06,0
0,0.04989886328877254,0
0,0.9099816280083064,1
0,2.6072999986689195e-06,0
0,9.627805592350087e-12,0
0,0.8703894830236314,1
0,1.8371679132680436e-12,0
0,0.02553409811018832,0
0,0.0001618801652214088,0
0,5.95881806335759e-16,0
0,2.703407381509205e-06,0
0,1.0983790035640271e-15,0
0,7.390458475583323e-06,0
0,1.2025927370893554e-11,0
0,0.00045862357993005755,0
0,0.8940327941675291,1
0,2.7621071331515065e-12,0
0,0.0003215082882881352,0
0,0.00020176575804138527,0
0,0.0004906104853493072,0
0,5.918303065039086e-11,0
0,7.888373846156612e-12,0
0,0.0006238865633408765,0
0,0.0004246769234340512,0
0,0.0003738797616529917,0
1,0.9976580006492979,1
0,2.2853371080962947e-11,0
0,0.00020495520421624848,0
0,0.03868606248735547,0
0,7.952223516001589e-16,0
0,2.181644714333974e-11,0
0,3.7732111339043823e-06,0
0,0.04923512487881092,0
0,0.00947021882341566,0
0,0.001092124578250774,0
0,2.4841592292087696e-06,0
0,2.026425409196294e-15,0
0,0.030416526535279355,0
0,7.265498475944619e-16,0
0,7.44333254890628e-16,0
0,0.0002078466333684835,0
0,0.00040023301078154666,0
0,5.283507790359595e-12,0
0,0.0004744729039743532,0
0,0.013277407246168207,0
1,0.9901052840141594,1
0,3.386354249295219e-12,0
0,4.580068121208466e-06,0
0,0.000278395974704556,0
0,2.537034550180146e-06,0
0,1.0817684943679186e-11,0
0,0.021212158040112134,0
0,3.043480147731252e-06,0
0,0.00983269772561416,0
0,0.01697487147199259,0
0,4.115161657731357e-06,0
0,0.01638843113909578,0
0,4.8376979983382785e-12,0
0,1.3299874121367735e-11,0
0,0.000594601893145615,0
0,3.597688119457331e-11,0
0,1.5676904385290684e-15,0
0,5.0030206222960785e-06,0
0,0.00010764675107108184,0
1,0.9991685153061802,1
0,0.0005080172506977319,0
0,0.9691617639160092,1
0,0.023038010978365844,0
0,7.344588618473728e-15,0
0,6.568824533025054e-12,0
0,3.250188846519444e-06,0
0,2.9078475578609116e-12,0
0,0.0007663803331461333,0
0,0.00010416195509583609,0
0,0.035947307588511175,0
0,5.17381287818559e-16,0
0,4.710890788021903e-12,0
0,2.838328160714948e-11,0
0,3.0790179965426556e-11,0
0,0.01419204358246434,0
0,2.0213245511503303e-11,0
0,4.607028448184531e-16,0
0,0.007024776794387683,0
0,0.02264328667934928,0
0,0.0009483065362088358,0
1,0.9994838210377357,1
0,0.02250332000887236,0
0,5.381750931411719e-12,0
0,0.013123471961826288,0
0,0.015011795478693407,0
0,8.265162532341198e-16,0
0,0.0007170648673768066,0
0,0.001149875110222988,0
0,2.1056665624657573e-11,0
0,2.5447573365532033e-15,0
1,0.9997831434568731,1
0,7.486847489347097e-12,0
0,1.0517629043731497e-15,0
0,0.011464417354527589,0
0,9.603615602633154e-12,0
0,6.916804303967321e-06,0
0,4.1346702879130933e-16,0
1,0.9633512857873465,1
0,0.0006176447719414358,0
0,0.0011366922589869678,0
0,1.9218867583606783e-07,0
0,9.621008436613407e-12,0
0,5.358312072301016e-06,0
0,2.2781993023418835e-11,0
0,5.6839628697874256e-06,0
0,0.0013222327457883723,0
0,0.0016813283620522525,0
0,2.0877020601137857e-15,0
0,0.00034887080316161484,0
0,2.498072621004389e-12,0
0,0.00022425931687925478,0
0,2.073439065656471e-06,0
0,2.1946030383054528e-14,0
0,0.04947461658649103,0
0,0.004577759738990232,0
0,0.0009951437185504127,0
0,0.00047259815630127316,0
0,2.0866893863618714e-15,0
0,1.565859410726422e-15,0
0,4.859330898595228e-06,0
0,0.00043995589773526147,0
0,0.003606277480119953,0
0,6.728948594593839e-06,0
0,6.638217640722466e-16,0
0,2.5048325026419914e-06,0
0,0.00042873207025031644,0
0,2.3557201527470245e-12,0
0,0.020935874327724004,0
1,0.8942996322043996,1
0,1.192721773836724e-11,0
0,3.7932864070762267e-06,0
0,0.01303578978770675,0
0,0.012993621403228028,0
0,0.0013018606092511534,0
0,0.0009561670401834623,0
0,5.1231414722401175e-11,0
0,4.4142096075286734e-12,0
0,1.9889449610149407e-11,0
0,5.5517084033720396e-06,0
0,0.0014828570263368459,0
0,1.8298931026060518e-15,0
0,3.133871596120251e-06,0
0,4.234509585756624e-12,0
0,1.1956642179184352e-11,0
0,5.592066591393332e-11,0
0,2.0471794304775684e-12,0
0,2.948063555197227e-15,0
0,0.0004294312989859353,0
0,0.9093280748309428,1
0,1.729207561556871e-11,0
0,1.2608242293991496e-14,0
0,6.120971323591501e-06,0
0,0.005697550020418064,0
0,0.0007737732201335163,0
0,2.9257995814450477e-12,0
0,0.7633785212386113,1
0,0.014042784159497189,0
0,0.014243333044312096,0
0,3.199505675126469e-16,0
0,9.676334762904728e-12,0
0,2.814602241005076e-10,0
1,0.9107910539658681,1
0,1.8692686077778178e-06,0
0,7.731154296864599e-16,0
0,9.10634638466227e-16,0
0,0.8211295987992693,1
0,0.012805081586576181,0
0,0.0007790287935890428,0
0,1.175075482659807e-14,0
0,2.5131787870829223e-11,0
0,1.8870133581163833e-10,0
0,5.0016305599178315e-06,0
0,2.0033226672421033e-06,0
0,4.804996823542202e-12,0
0,4.55534298830393e-16,0
0,6.80222419245162e-12,0
0,0.01354766338012761,0
0,2.1178222023363444e-11,0
0,0.017851528085456033,0
0,1.6968213919836132e-15,0
0,1.5204360289788065e-14,0
0,0.022682015964824713,0
0,2.3666329225486402e-15,0
0,0.04958354961957595,0
0,5.966678605826178e-06,0
0,2.0064763678988473e-06,0
0,8.301470927889498e-16,0
0,0.017838786870963696,0
0,0.014978002212242924,0
0,3.134593594669315e-06,0
0,0.011796604814746835,0
0,2.6997454097083152e-06,0
0,0.7216649678358096,1
0,0.010340127599557625,0
0,5.744026722082452e-05,0
0,0.9245530738726913,1
0,0.0001168306712033291,0
0,0.9542274199098975,1
1,0.9803623343730169,1
0,0.0010310430943751502,0
0,2.3183288586428253e-06,0
0,0.0027689741388802853,0
0,6.045777743965422e-16,0
0,0.0010228398279234121,0
0,7.67330975405828e-07,0
0,0.005361651571076596,0
0,2.0576733645364558e-06,0
0,5.382505131930356e-12,0
0,1.7738528418079367e-10,0
0,1.2885144321158676e-11,0
0,4.3907199211060464e-11,0
0,0.016387589390576628,0
0,1.614892781358245e-11,0
0,4.3644606993470987e-11,0
0,4.3003000011489444e-06,0
0,1.047591030464716e-06,0
0,0.009612484532726189,0
1,0.9722604594131455,1
0,0.028770731672647088,0
0,0.0007215839656975026,0
0,9.378478632901813e-12,0
0,0.6230449654461442,1
0,0.00011159599008617458,0
1,0.9990765980996372,1
0,0.013071163421696667,0
0,8.486005358955017e-05,0
0,0.00043937415111902417,0
0,0.0006717457589221727,0
1,0.926178826819676,1
0,9.148318613575898e-16,0
0,0.0005106806300352335,0
0,1.060605572110524e-15,0
0,4.366782100843762e-11,0
0,5.5713978619157115e-06,0
0,0.014590258066474621,0
0,0.016923147046774646,0
0,0.0397200536023039,0
0,4.844364460392528e-12,0
0,0.014050054944590683,0
0,0.025008411437439062,0
0,0.00017592095203710414,0
0,0.012960952115016145,0
0,1.8860670476808438e-05,0
0,0.000951862599515449,0
0,2.812257930233422e-12,0
0,7.463762413654098e-16,0
0,6.209940226863183e-16,0
0,3.4524183294171588e-12,0
0,4.5872940040790964e-12,0
0,3.4253678640656832e-12,0
0,3.6058766128271144e-11,0
0,2.06806867316212e-10,0
0,0.007993484326446159,0
0,6.774230213744319e-12,0
0,0.0003178773352864667,0
0,0.0011643707970868645,0
0,1.2589024632424525e-11,0
0,9.227011798618259e-07,0
0,7.690854087585428e-16,0
0,7.398671660915718e-05,0
0,2.9095921183677475e-06,0
0,0.0020240524846069294,0
0,0.02184730988419633,0
0,5.325540560972429e-06,0
0,0.019580433231202576,0
0,3.7074901020141165e-05,0
0,0.019627505448301313,0
0,0.00010907833040650985,0
0,2.2536561064060034e-12,0
0,0.010803411422164273,0
0,2.3649975116340823e-11,0
0,2.2052872382257187e-12,0
0,0.001156443943212236,0
0,0.001108291653467964,0
0,0.00010437748528804275,0
0,3.27166848870286e-06,0
0,6.35022895292345e-16,0
0,2.4492455388462494e-11,0
0,0.0004754756083407157,0
0,2.1160525419834244e-06,0
0,0.015315948754504248,0
0,0.8196864519370393,1
0,2.4865674588946932e-15,0
0,0.0005604852967413447,0
0,0.001546216713999133,0
0,0.6938691110434811,1
0,0.01877342786444614,0
0,0.0006941856234502145,0
0,0.010315372149079132,0
0,0.01547468006405197,0
0,2.39831522526628e-11,0
0,0.011704499462765229,0
0,2.2036474135395014e-06,0
0,0.01414756930236863,0
0,2.6639677405529146e-11,0
0,9.928731990335319e-15,0
0,3.3925589129040256e-12,0
0,6.375399795443675e-12,0
0,2.2679041902096497e-15,0
0,0.7247816244448834,1
1,0.9209274417850798,1
0,3.903967108405086e-12,0
0,2.526178172089155e-10,0
0,7.336255076278628e-05,0
0,2.980782932902111e-10,0
0,1.1950468126341966e-11,0
0,6.290642161965466e-15,0
0,6.430573412291749e-11,0
0,0.0034186191237657016,0
0,6.800984667651978e-06,0
0,2.3481654248987425e-12,0
0,0.0005613438552347308,0
0,0.000923384698172545,0
0,1.188208316451373e-11,0
1,0.9949986701202392,1
0,0.0001287288058765388,0
0,2.7010542657763127e-12,0
0,0.03014600951641132,0
0,4.825633684621854e-05,0
0,0.00042091079121693386,0
0,0.0003932456249092797,0
0,2.8543763169605772e-11,0
0,0.00016376110059321085,0
0,4.439192828688434e-12,0
0,4.720445455789007e-15,0
0,9.716777743863539e-12,0
0,1.0975410191365703e-11,0
0,1.6145866559044153e-06,0
0,8.660840776027001e-16,0
0,5.129579204190027e-06,0
0,2.7958458396449145e-12,0
1,0.9935492998192188,1
0,5.022882599892168e-06,0
0,0.000635872692857557,0
0,0.0003342634623303276,0
0,0.046512901203859446,0
0,1.6119909908002212e-08,0
0,1.9571455704305682e-08,0
0,5.894391717730358e-06,0
0,0.02332732478491157,0
0,0.0008553627291197655,0
0,3.7008516235062453e-06,0
0,0.00033501832916653785,0
0,5.0011628485266e-11,0
0,1.2778376902851903e-15,0
0,0.04202265142600865,0
1,0.9938098949709049,1
1,0.9999999999621352,1
0,6.656772691605115e-11,0
0,1.3320833322365922e-15,0
0,0.001020682841544444,0
0,0.00017905336595318812,0
0,7.34360583754589e-12,0
0,0.016035295185298132,0
0,2.9868269289391572e-12,0
0,2.801744198962419e-07,0
0,8.869136241464086e-09,0
0,2.1999765745308514e-12,0
1,0.9935498733537746,1
0,0.6190305608198925,1
0,3.865913131294773e-06,0
1,0.999999999245518,1
0,0.030528480062362275,0
0,1.3630452887212044e-15,0
0,1.0734639967541744e-15,0
0,3.3543713010583517e-11,0
0,1.0371311668432759e-14,0
0,0.013573720261580572,0
0,0.8244553362047041,1
0,7.241362503220199e-12,0
0,0.021227845293712945,0
0,0.0005786449751785954,0
0,5.745711928862144e-16,0
0,0.00061139423896066,0
0,0.8022577774474089,1
0,0.015069765930066375,0
0,0.0330896607899431,0
0,0.0014881056398263265,0
1,0.9999999999854032,1
0,0.0012693832818739647,0
0,0.0006645361890047723,0
0,0.011522278279283859,0
0,2.8969755152471843e-06,0
0,0.019441159840769988,0
0,6.6032218438928775e-12,0
0,2.7920044911470686e-08,0
0,1.1538845585526375e-15,0
0,1.2135800083137283e-10,0
0,0.0005538225359921267,0
0,3.929400972163134e-06,0
0,0.00017798539810954156,0
0,9.05504614018942e-16,0
0,7.418320031742702e-12,0
0,0.0006974862131620109,0
1,0.9999999998147691,1
0,0.001482989412436828,0
0,0.0004829009429294721,0
0,7.186744579289896e-05,0
0,0.00011214200389908517,0
0,9.364385772115775e-12,0
0,0.0009570770550692346,0
0,0.0003303088916635425,0
0,1.8085048956206274e-12,0
0,0.04799880984522153,0
0,0.7442443667015782,1
0,0.011634538130772039,0
0,5.398681695713168e-16,0
0,7.414941453719352e-16,0
0,0.9236406540251821,1
0,1.8230028971206927e-05,0
0,3.086092897492675e-06,0
0,0.0006708778230224141,0
0,0.008757529097762189,0
0,7.754472935029442e-12,0
0,3.2972140039300113e-06,0
0,0.012441881789149213,0
0,0.0008022410634795272,0
0,3.5525839462519e-12,0
0,0.013632709977086361,0
0,0.0466892365167114,0
0,0.02574468844463734,0
0,0.0002379239342389612,0
0,1.0618606661292967e-11,0
0,3.0804734695879635e-06,0
0,0.6565808073328926,1
0,2.3889809156984983e-06,0
0,0.006949379542620281,0
0,0.0010277840384923598,0
0,8.418160348864668e-15,0
0,6.227358248574902e-06,0
0,0.009470103301946114,0
0,5.005065140786595e-12,0
0,0.000994791465393068,0
0,0.01656134377817611,0
0,3.072409876242037e-11,0
0,4.741281348685358e-06,0
0,0.000354423086819763,0
0,1.7980738383104502e-15,0
0,0.0007473367114841752,0
0,1.5492958066353827e-06,0
0,0.02052478804917711,0
0,0.0005377117913156922,0
0,0.0002950109264082307,0
0,1.0921901302330473e-05,0
0,0.012811969352083046,0
0,6.2591290495629785e-06,0
0,0.00011912937225292314,0
0,6.041698453917073e-15,0
0,0.013258453562073367,0
0,3.717005050348602e-06,0
0,3.713778280199796e-06,0
0,0.0005255544795152503,0
0,0.0008248085339770781,0
0,2.72281656396434e-06,0
0,0.014394641336382132,0
0,2.0616903645037104e-15,0
0,0.020309595069783318,0
0,0.013300623380574637,0
0,0.017836968561572655,0
0,4.7219633684302605e-06,0
0,5.09814004351626e-06,0
0,6.791863253861507e-06,0
0,0.0073264035812075435,0
0,2.210798456695568e-06,0
0,8.00434760524955e-05,0
0,0.06268551788522317,0
0,6.1063540891247205e-12,0
0,0.02288741354200046,0
0,1.018244371810298e-14,0
0,0.0701411027360925,0
0,7.796294748598035e-12,0
0,5.857449087052636e-06,0
1,0.9377521986634291,1
0,2.983357987310268e-15,0
0,0.8677015116037942,1
0,4.112891167929828e-06,0
0,5.659824146539726e-06,0
0,0.014461028294172246,0
0,3.547602149231589e-16,0
0,0.0007453238404754709,0
0,4.945211790906313e-16,0
0,0.00582315666694514,0
0,2.3735314572436423e-11,0
0,2.6513709134126456e-15,0
0,1.2170503737550719e-14,0
0,0.027821981244315255,0
0,0.7933180510186869,1
0,6.942778339569058e-12,0
0,0.0011803332912333874,0
0,0.02580761442819191,0
0,2.6967614260293567e-06,0
0,0.025075853336849325,0
0,0.0006511732685514223,0
0,0.000875332296435929,0
0,0.000461631117112418,0
0,0.000397403543195856,0
0,0.6870695665621576,1
0,0.0006256428010019743,0
0,0.014123909970709348,0
0,7.577546719064111e-16,0
0,2.1891108528367223e-06,0
0,0.017451048063439042,0
0,0.008985866029033404,0
0,0.0009421928506414556,0
0,2.1928095528187568e-06,0
0,0.0015166672091943406,0
0,0.024119450137823337,0
0,0.01589465251815847,0
0,0.011095681103044047,0
0,0.01573258632792194,0
0,1.2509533940738275e-15,0
0,6.018574521870572e-06,0
0,1.2230404267314248e-15,0
0,1.2885022162854892e-11,0
0,0.0003719989111269116,0
0,1.1441221136913535e-15,0
0,0.009287278014758184,0
0,0.000245413164600903,0
0,0.0011162932718802336,0
1,0.9999999986684307,1
0,6.427808577582029e-12,0
0,0.0005224767372639671,0
0,0.0006526346644272468,0
0,0.0004165935528850251,0
0,4.1928317604002475e-06,0
0,0.7800754071648651,1
0,0.020617841681297183,0
0,2.029027642061991e-07,0
1,0.9937771780713324,1
0,0.0010290680919762235,0
0,2.0356624377244697e-12,0
0,0.004762765420813469,0
0,0.000880789295808364,0
0,5.114467890457605e-06,0
0,7.768406771740173e-12,0
0,4.166701322321142e-06,0
0,3.604922102511999e-06,0
0,0.03713939037350473,0
0,7.335068636119094e-12,0
0,3.4317942044835144e-06,0
0,9.864195538287087e-15,0
0,0.01624040660840518,0
0,3.1668851338788267e-12,0
0,0.014273720754602948,0
0,1.1480030689972148e-11,0
0,2.3437939031070158e-06,0
0,2.303091434481817e-11,0
0,0.0007022885678470842,0
0,0.0010997382390122389,0
0,0.0014578197066405178,0
0,0.024647552478849085,0
1,0.9999977802514236,1
0,2.0570767581484954e-15,0
0,0.7062377086078847,1
0,0.018376767170613983,0
0,0.0004636283612390009,0
0,0.0003264350584841292,0
0,5.641617805925086e-12,0
0,0.0006774168759815371,0
0,0.015510315952381691,0
0,1.675754822738663e-05,0
0,0.000625781837974841,0
0,2.8357307265195667e-06,0
0,2.84459181971543e-15,0
0,7.032974269585845e-12,0
1,0.9699253390403704,1
0,3.9685283292209104e-11,0
0,0.016213117402066424,0
0,0.04879733096742999,0
0,0.0005838187676907268,0
0,3.389098467039953e-06,0
0,9.344381339086335e-12,0
0,0.9134526232058194,1
0,0.00035630485356505994,0
0,8.792055514678223e-12,0
0,0.017422046315414275,0
0,2.7847970049832843e-06,0
1,0.9994061987378812,1
0,0.021112448750901836,0
0,1.2762529495210175e-15,0
0,6.147084078393367e-11,0
0,0.000880236999383557,0
0,0.020245570158054435,0
0,0.0018676554820863884,0
0,4.051300048326636e-11,0
0,0.01852370574851059,0
0,0.9752806974942525,1
0,1.580535977062582e-05,0
0,3.1784628582912496e-06,0
0,5.975798832104978e-16,0
0,6.9432854066376225e-12,0
0,3.2010256574457755e-15,0
0,1.7440011544982713e-06,0
0,0.006901809994970354,0
0,0.013277042027747179,0
0,2.1517204275199408e-11,0
0,0.0007658850251200755,0
0,3.217712273134768e-11,0
0,4.741971140633548e-06,0
0,1.0281683608040033e-15,0
0,0.0016215414339007998,0
0,2.954277798049829e-11,0
0,0.0005706812060303872,0
0,0.8333737359287281,1
0,6.064575857045303e-12,0
0,0.0004592617936867978,0
0,1.3088363707463255e-05,0
0,6.763683699274534e-15,0
0,0.9163336604406973,1
0,0.000679473838796769,0
0,4.087107635343243e-06,0
0,0.01630551660334496,0
0,0.0007699139477368215,0
0,4.256249569943439e-07,0
0,0.024986399499083264,0
0,6.929854932279511e-16,0
0,0.024273891680991987,0
0,7.855367688425197e-16,0
0,0.000846072863248627,0
0,6.744568157620495e-09,0
0,4.090735085754399e-12,0
0,4.302940509575866e-12,0
0,3.5706575088649485e-16,0
0,0.0010536580662667112,0
0,0.0012248778200300288,0
0,9.071009497353669e-16,0
0,9.407601010215574e-16,0
0,4.569070254844375e-12,0
0,3.2337431191353436e-16,0
0,0.003028712015649155,0
0,0.020863207301414843,0
0,0.0073240794521632875,0
0,0.0017367896617882642,0
0,2.0016481650748513e-14,0
1,0.9907964484580072,1
0,0.0020808043180531462,0
0,2.9642544024152554e-15,0
0,0.011991404863234956,0
0,2.970054528189287e-11,0
0,9.134957504177014e-12,0
0,3.42459080478819e-11,0
0,0.012594489641154156,0
0,0.0005296599145441097,0
0,8.267699229520406e-16,0
0,4.520270433942442e-12,0
0,0.013375750902341079,0
0,4.180593586481728e-16,0
1,0.9962171243986694,1
0,0.02241342770452248,0
0,0.0006483942518607134,0
0,3.977716509170677e-06,0
0,0.001125979145608567,0
0,0.016488575462599558,0
0,0.0008563344075302549,0
0,0.0005548390616930834,0
0,6.039940535635502e-06,0
0,0.01055350458792999,0
0,0.00035757297365701174,0
0,0.0002212130138546001,0
0,0.0007800525523862116,0
0,0.0005881472016447896,0
0,1.6834958573956402e-05,0
0,9.182270490177932e-06,0
0,5.450423833859515e-06,0
0,0.010516346141057238,0
0,0.06702783561973233,0
0,7.802355833973566e-15,0
0,6.879024528286407e-16,0
1,0.33630036160740556,0
0,0.0008119696230707926,0
1,0.9440133600986333,1
0,1.380520696807632e-15,0
0,0.0005573652982584857,0
0,6.31649996481697e-11,0
0,1.8721166803763975e-06,0
0,0.016627588971797343,0
0,0.00044857379468023683,0
0,2.192330721744594e-06,0
0,1.1398848044001624e-15,0
0,0.9003989205921348,1
1,0.9971815773016477,1
1,0.8859547492241857,1
0,0.00040816467176608593,0
0,2.9211355159950357e-10,0
0,1.451105412286224e-15,0
1,0.9967030683903625,1
0,0.0005577740386402885,0
0,0.0006676982978422388,0
0,4.3548826603901694e-06,0
0,0.0006127721035293992,0
0,0.9697363336810745,1
0,3.121189134346611e-12,0
0,0.010420944952765571,0
1,0.9046262409376595,1
0,2.889988467643078e-06,0
0,3.6637581354841996e-11,0
0,1.636511612909621e-11,0
0,0.96629682273394,1
0,0.0009224792353839767,0
0,1.6085599385095188e-10,0
0,9.55224336373647e-05,0
0,0.016781249895234517,0
0,0.000758313483125143,0
0,0.014229823493674772,0
1,0.9983610996018567,1
0,3.816596010500655e-06,0
0,2.249239369297074e-16,0
0,1.8805808074250143e-05,0
0,0.0006185710369194172,0
0,5.552558522984269e-16,0
0,0.0007312998133531117,0
0,0.00038591049533129697,0
0,2.527517470947641e-11,0
0,0.0008098434091726077,0
0,7.357968777664665e-05,0
0,1.7378791943203847e-11,0
0,3.6045919557363925e-12,0
0,4.0629344494856416e-12,0
0,1.1649615998857792e-06,0
0,0.0005706887028661639,0
0,0.00044791896453002497,0
0,3.0942738071009855e-06,0
0,0.015211840963720339,0
0,2.2194822437219246e-06,0
0,0.0001589285171726126,0
0,0.0009515752213961634,0
0,1.1373457375369524e-11,0
0,0.00010611341177736675,0
0,0.01557011126531301,0
0,3.7297370150965213e-06,0
0,2.614743590644227e-06,0
0,0.00033906818208835187,0
0,2.0936607130175934e-15,0
0,3.1672782538311385e-07,0
0,7.299655105383131e-16,0
1,0.9317245479984242,1
0,0.0005526780269353907,0
0,0.00012435376716497042,0
0,3.3831251933718336e-06,0
0,0.009208409440913527,0
0,2.6306860928570784e-06,0
0,0.0005867194615399764,0
0,6.829997339635701e-05,0
0,0.026172174691782714,0
0,0.0008438591063324269,0
0,0.0008851969608461815,0
1,0.97184502122622,1
0,1.5334412634456074e-11,0
0,0.0005149075449052229,0
0,1.5012814161012927e-11,0
0,0.020238951382118165,0
0,0.0013868239851862814,0
0,1.3834899048667201e-15,0
0,6.0976035007860855e-12,0
0,0.0007180926882988203,0
0,3.7664195875931836e-16,0
0,5.327285473151366e-11,0
0,0.008486372614624283,0
0,0.009719031719810612,0
0,1.2402236485700259e-06,0
0,0.00015660278084360428,0
0,6.9614029884800114e-12,0
0,0.0005279483699802724,0
0,0.009744432604754856,0
0,0.6978523371230004,1
1,0.9718713529152612,1
0,8.562043492081694e-16,0
0,0.00028008684746723937,0
0,0.012431866113109426,0
0,1.7953383956808663e-11,0
0,0.0008843134694769924,0
0,3.3813650225464687e-06,0
0,0.019786893788963453,0
0,0.0008077435983122964,0
0,0.0004200677764960169,0
0,4.301791668327387e-11,0
1,0.9956851104217928,1
0,0.0005722676650966233,0
0,0.015387217760032339,0
0,6.378135198959643e-06,0
1,0.9999827250184901,1
0,0.011668958940596403,0
0,0.8152886828932493,1
0,0.013881108846247396,0
0,4.542938181875565e-16,0
0,4.106348214820685e-06,0
0,0.001590323600812212,0
0,0.019455432092170006,0
0,4.5189333846041885e-11,0
0,0.011044129360632983,0
0,0.01198984199077334,0
1,0.9669282187651641,1
0,0.028101890778415694,0
0,1.4698840624939857e-14,0
0,2.580125368962039e-11,0
0,5.499424938083021e-06,0
0,0.00040248180873468675,0
0,1.3314219087772617e-06,0
0,0.0009144554517372985,0
0,0.8373958121976414,1
0,3.8493280726395275e-14,0
0,3.2420929943212e-06,0
0,0.00044469304004398014,0
0,5.714328236789253e-06,0
0,1.5382373304917832e-15,0
0,0.013733302187754107,0
0,0.01738114441542784,0
0,0.0009491482943670612,0
0,0.0007573647758535118,0
0,7.1443331154464316e-06,0
0,1.3216137955194545e-10,0
1,0.9855045006942118,1
0,0.007343172843624487,0
1,0.9892406270976163,1
0,0.000436332742441389,0
0,3.9259875691878876e-15,0
1,0.9853386547712628,1
0,0.0005959850899069786,0
0,0.02163175225426685,0
0,3.051495879281137e-07,0
0,5.4545246190267574e-06,0
0,0.01648352759015056,0
0,4.4688358146820126e-12,0
0,0.00040732360261689065,0
0,3.9812229632396885e-12,0
0,1.1566351987265981e-15,0
0,6.093862703354662e-06,0
0,0.0007383385686307736,0
0,0.056202243322163704,0
0,0.00018731220027902253,0
0,1.3864764661071446e-11,0
0,0.0008505601465606177,0
0,0.00030052574446090666,0
0,1.4625550826270472e-06,0
0,0.0010940932511160197,0
0,0.0009139124050890377,0
0,1.0969184615014052e-14,0
0,1.3401018285097168e-15,0
0,0.001450715149418808,0
0,0.00043853917432802575,0
0,6.0189359409503956e-12,0
0,6.701057425321098e-16,0
0,7.330436516897404e-16,0
0,3.191544356069532e-08,0
0,8.994267982918973e-16,0
0,2.295430574452319e-05,0
0,3.5168461004822205e-12,0
0,0.008345920379331765,0
0,2.114966249243625e-06,0
0,4.6153979806720266e-05,0
0,0.0005877690133513097,0
0,3.4166130399562807e-06,0
0,1.9709683920548305e-06,0
0,0.0012105962164400364,0
0,0.001135916265885082,0
0,2.1299304854691514e-11,0
0,0.00015919368317636034,0
0,2.627965970814647e-15,0
0,6.884164853669403e-06,0
0,4.194447267875061e-12,0
0,0.9326015463962835,1
1,0.9889656101291353,1
0,0.018386573487920436,0
0,0.012817987749343826,0
0,7.82954030693133e-12,0
0,0.9572248629917859,1
0,3.2466755204731635e-06,0
0,0.8766034666835056,1
0,0.0004597090374198134,0
0,4.283494620554931e-05,0
0,9.190882733092623e-06,0
0,0.019593456750621793,0
0,4.665619263140057e-12,0
0,1.1837540447335624e-11,0
0,0.0113524409039912,0
0,0.0006229135057517894,0
0,0.01475375558376265,0
0,3.919910481051537e-11,0
0,0.020719525921109865,0
1,0.9612725012752968,1
0,4.5626808262456074e-06,0
0,1.0613440971377696e-11,0
0,0.0154144953372728,0
0,0.00042430706576818177,0
0,2.2348989511417246e-15,0
0,5.6583535876674957e-11,0
0,0.0011137592241454574,0
0,0.0005320194804138014,0
0,0.001157625109056787,0
0,0.03372360329149152,0
0,4.467983455765223e-06,0
0,0.0003076278777087565,0
0,0.8337739626740966,1
0,1.1182708317877528e-11,0
1,0.9999714415468915,1
0,0.0004214603816502356,0
0,0.0005659873338988117,0
0,8.990889813536918e-16,0
0,2.7569071469081478e-06,0
0,1.0848797449622682e-11,0
0,8.711143020529784e-16,0
0,3.6527037559163873e-16,0
0,0.0024079748065406552,0
0,0.027323759668577585,0
0,3.453114719022954e-12,0
0,5.420974131226994e-06,0
0,4.156840197512836e-06,0
0,0.015736151175806058,0
1,0.8251740840602388,1
0,0.00053088367764236,0
0,0.00868697133276983,0
0,0.00013232270017928482,0
0,7.551047448891233e-12,0
0,4.383218278077333e-06,0
0,0.0013348643733599105,0
0,4.976608557878576e-06,0
0,4.451611460938168e-15,0
0,9.669766227221054e-15,0
0,0.6276138369285641,1
0,1.7687230742263332e-12,0
0,0.0007082154101619917,0
0,0.005406018012683785,0
0,0.0009601454951577397,0
0,0.015981591123359444,0
0,1.4431983307969e-06,0
0,5.301076912585556e-16,0
1,0.9999714898030327,1
0,1.593666212311247e-06,0
1,0.9596036354772433,1
0,1.2796840297402375e-06,0
0,8.051662848583091e-06,0
0,0.0005267151757458029,0
0,3.13590437146919e-06,0
0,2.5736531844158983e-06,0
0,0.0006245052131133636,0
0,0.0002513404402179705,0
0,3.5215830489457687e-16,0
0,7.93354352319078e-12,0
0,0.0006997414777405317,0
0,0.024310700289431903,0
0,1.3414226914118786e-14,0
0,0.6433263814223995,1
0,0.0014689114051320614,0
0,2.213577679278309e-15,0
0,7.570682527686696e-06,0
0,0.012421586585170884,0
0,5.122030762109188e-06,0
0,9.883968776527687e-16,0
0,0.016650221913325228,0
0,0.00015776280319889933,0
0,1.994171779217675e-06,0
0,0.0003477301968850085,0
0,1.2214844831466292e-11,0
0,0.0009853719989891714,0
0,0.011630334350071023,0
0,0.001575898908203053,0
0,5.037964596094057e-16,0
0,6.12555979319345e-05,0
0,0.03377546324710637,0
0,6.469149938914344e-16,0
0,0.8583221731943775,1
1,0.9957991608841401,1
0,3.076939196165727e-06,0
0,3.875877293553112e-12,0
0,3.722810839352433e-06,0
0,4.47634843789172e-12,0
0,7.153902844227838e-10,0
0,1.387409873276803e-06,0
1,0.9965087840522807,1
0,0.0006316131602865928,0
0,1.0399625185088278e-15,0
0,0.010090622895693548,0
0,2.5471492151182806e-06,0
0,1.4586847187943399e-12,0
0,2.573268723993745e-15,0
0,0.0010180761051917973,0
0,0.0009900983393334854,0
0,0.000120410972391266,0
0,0.0007364324521413876,0
0,0.0007258663881431094,0
0,0.00030804036305527344,0
0,3.180230640224377e-06,0
1,0.945891668314235,1
0,0.0014896110916107657,0
0,0.02043006982502292,0
0,0.0005247212561832302,0
0,2.0923449328292023e-12,0
0,9.071141459350988e-08,0
0,1.1724520168237831e-11,0
0,6.078452952724342e-16,0
0,9.421927055850872e-05,0
0,3.3589750598067855e-16,0
0,3.101079089350748e-12,0
0,5.092869350964417e-12,0
0,3.68025665290307e-05,0
0,0.5496589441054837,1
0,0.0016788664600904447,0
0,0.011983494690371166,0
0,5.167894445068763e-06,0
0,0.0056890036424463155,0
0,0.01756929172992826,0
1,0.9995101219581736,1
0,0.014085420281159547,0
1,0.9377500111164575,1
0,0.030697487448156185,0
0,5.403894478065313e-11,0
0,0.000623664500613963,0
0,2.6971481757096475e-11,0
1,0.9946086132892279,1
1,0.9918315389741846,1
0,7.844984354095161e-16,0
0,1.0638749416967386e-15,0
0,3.082640018990051e-11,0
0,0.0005221333039864906,0
0,0.0018768858051471198,0
0,1.00666431024635e-11,0
0,0.000863459391755318,0
0,0.0006972542780768763,0
0,9.47172722998943e-16,0
0,3.683872214647406e-06,0
0,8.449307103709538e-06,0
0,0.6114418547661896,1
1,0.9997579790815797,1
0,0.006493045162491481,0
0,0.0011006708375189125,0
0,1.559501112057113e-06,0
0,4.4301178895989766e-12,0
0,3.5227936893556165e-06,0
0,0.0007596907332470059,0
0,3.3488421333000806e-12,0
0,6.090134500830101e-06,0
0,3.1038425837328283e-16,0
0,0.012206175825057458,0
0,1.1606619846305463e-15,0
0,1.844202750593713e-05,0
0,4.971248870055013e-06,0
0,6.7746523666204425e-12,0
0,2.333720079690496e-06,0
0,0.013304528670229698,0
0,0.008095983586088172,0
0,5.200084807421784e-11,0
0,5.853480947173801e-05,0
0,3.756353793589474e-05,0
0,0.0007196539167199221,0
0,0.0006555454658335774,0
0,2.31756420039629e-06,0
0,0.017151280581156943,0
0,1.3796261856357142e-11,0
0,2.9631060971679235e-06,0
0,2.28431490344374e-12,0
0,0.6658063358980346,1
0,7.578092762020448e-16,0
0,0.0005102384723717677,0
0,0.0023776836709999676,0
0,0.04040698250258964,0
0,0.0281560823667842,0
0,3.3436085296285615e-12,0
0,3.3733747179688987e-10,0
0,0.031905736003043764,0
0,0.001349692852352618,0
0,4.902934317561043e-10,0
0,0.0006595399122958884,0
0,4.0068299103428674e-05,0
1,0.9999738793870319,1
0,0.00020623063965524968,0
0,0.0007254234265056473,0
0,3.692419230314577e-12,0
0,0.00020880824873245648,0
0,0.0002844760913643375,0
0,0.031198446793225663,0
0,6.53016295572557e-06,0
0,0.0006780573560141747,0
0,0.0006820308061401616,0
0,3.139875385405742e-12,0
0,1.532358638545896e-11,0
0,0.0006940811697172876,0
1,0.9499770075823497,1
0,0.00042930998403895346,0
0,2.9429435504397903e-12,0
0,1.3006671402187097e-05,0
0,3.9654064542565787e-16,0
0,5.702529602724217e-06,0
0,0.0007236678473431054,0
0,2.0120401098336368e-06,0
0,0.018484824518097298,0
0,1.919457378297369e-06,0
1,0.9964684393961598,1
0,5.262406808960753e-06,0
0,3.764086013144821e-12,0
0,0.9258368770660128,1
0,5.380460476045072e-06,0
1,0.9943035823817656,1
0,0.011522332814368434,0
0,0.0004808298449739669,0
0,3.322299370184564e-10,0
0,3.00628271813034e-16,0
0,2.774972544474691e-06,0
0,0.9417882808682059,1
0,0.0006204218340460282,0
0,8.998911801519071e-06,0
0,0.0013591345589874515,0
0,1.0162658838148503e-12,0
0,0.0012490905334937375,0
0,0.832966945642641,1
0,1.2518070264817957e-14,0
0,0.0007983779607576675,0
0,1.7864182815679318e-14,0
0,0.027162996435813096,0
0,0.0002500267955268706,0
0,0.01865912503190329,0
0,0.0008633412425710548,0
0,3.384857904825185e-15,0
0,0.0013070160044253622,0
0,0.9595879656453822,1
0,0.0021344812229656604,0
0,0.8865865724761308,1
1,0.9414412220241046,1
0,2.1575517572660527e-06,0
0,4.6796860277398635e-06,0
0,1.299850599136381e-11,0
0,2.7523467598268695e-06,0
0,0.00033956871353934664,0
0,0.0007743233593812295,0
0,1.0572908454153388e-05,0
0,2.161386363332848e-15,0
0,0.0011549926506030442,0
0,2.3261127634198515e-12,0
0,1.125520904955524e-06,0
0,0.014717096342112865,0
0,0.01628639436010752,0
0,0.0004785514593049346,0
0,0.0004061717532669742,0
1,0.9932931791358434,1
0,2.2608918802036557e-09,0
0,0.019966479272264376,0
0,0.010855317961266861,0
0,2.6239076114368803e-06,0
0,5.6227100731919145e-12,0
0,3.282655719680878e-15,0
0,0.015289915294736759,0
0,0.020717130527130114,0
0,0.0021908347498736424,0
0,9.710306568199345e-16,0
0,0.00020390612045514126,0
0,7.355079977051508e-12,0
0,0.016647001779675794,0
0,1.9638723812206284e-11,0
0,1.3674599729156837e-15,0
0,7.95982015985461e-11,0
0,4.215674297960349e-12,0
0,0.0008398631842710213,0
0,0.011176078555725803,0
0,0.013933784605855336,0
0,0.02188903137275249,0
0,1.846643583173549e-11,0
0,3.7041901537526105e-15,0
0,1.4096367014476039e-11,0
0,3.216863970320697e-12,0
0,5.67544014308469e-05,0
0,3.7874009496607273e-05,0
0,0.010098607494702818,0
0,8.024897747252034e-06,0
0,3.9516686318401915e-06,0
0,5.52304644118236e-12,0
0,1.1685065726634457e-11,0
0,0.03568701558368192,0
0,5.387550593125945e-06,0
0,9.280932768350304e-07,0
0,0.00022988589464707025,0
0,1.5061069598619915e-11,0
0,2.9228003717743198e-15,0
0,0.0010628658142968215,0
0,0.0003670458916194627,0
0,0.00028573514333464506,0
0,0.026699152623983622,0
0,0.0003932860439535766,0
0,0.0014641998359293442,0
0,0.00030697409412560006,0
0,9.844686620179675e-12,0
0,1.837657601233188e-06,0
1,0.8635081264261704,1
0,0.016850817594308547,0
0,0.0007523553109179393,0
0,0.0028621887493775764,0
0,0.008107599666704036,0
0,9.635948034417067e-16,0
0,4.986567649805715e-16,0
0,0.02278556967489489,0
0,1.1359520925459682e-15,0
0,0.00045514995813781054,0
0,7.133392455231558e-06,0
0,0.0014748413135271385,0
0,0.0008302237595143225,0
0,0.0015577591204930575,0
0,0.0007230318467611553,0
0,0.01482453353535615,0
0,3.0710718784792664e-11,0
0,0.00011430115288511352,0
0,4.803752107412595e-12,0
0,2.8957508346961887e-12,0
0,6.862529455935467e-16,0
0,1.0422009450096938e-11,0
0,0.023264793909888424,0
0,2.2452226136326315e-12,0
0,8.528425243061929e-07,0
0,4.9738311456526655e-06,0
0,0.005660796888259633,0
0,5.586844937953879e-12,0
0,0.0006084325152334245,0
0,4.703110595117953e-16,0
1,0.953850150917805,1
0,0.00021493010235606986,0
0,4.0686036217396815e-06,0
0,0.00041269817681568083,0
0,1.510717839835908e-06,0
0,3.193180586726672e-12,0
0,0.008817819243591218,0
0,0.00035321485959699593,0
0,5.133335156884556e-06,0
0,0.010779926427079575,0
0,0.0011534467903695819,0
1,0.9961084903985638,1
0,0.035644582442888706,0
0,4.285442439709357e-15,0
0,3.3698725586075785e-15,0
0,8.707132487800854e-11,0
0,1.2944775925271429e-15,0
0,2.887065436276408e-16,0
0,0.013437568223286268,0
0,0.0007434661387462753,0
1,0.9402602350820908,1
0,0.01326949953249676,0
0,0.002290174133945828,0
1,0.9980119180866114,1
0,8.846395109343921e-16,0
0,0.015750538519056494,0
0,6.870769849127566e-05,0
0,1.901543457755114e-08,0
0,0.008755907274404909,0
0,2.014921153884995e-05,0
0,4.02218373420897e-06,0
0,0.45705238643595547,0
0,0.000490900139343289,0
0,2.3927682678747566e-15,0
1,0.8192983824256167,1
0,5.015741612460706e-06,0
0,0.955733649012469,1
0,3.7385151835492513e-06,0
0,1.9731455004473538e-06,0
0,3.988866267749121e-07,0
0,0.01767353173767943,0
0,1.3430700797404663e-15,0
0,0.013817725508271485,0
0,1.0301070072029825e-15,0
0,0.0009133033384766207,0
0,2.2908022379744115e-11,0
0,1.023230346840614e-15,0
0,0.0022621191102395115,0
0,0.00040505423736932674,0
0,0.02112332128354971,0
0,0.015416980366759477,0
0,2.573027993133171e-15,0
0,0.007723668550565881,0
0,6.610182915158911e-12,0
0,0.011997409319683778,0
0,0.654245143484179,1
0,8.39231429426832e-06,0
0,2.618258930293404e-11,0
0,0.013789874636336828,0
0,0.001373106997817771,0
0,2.6204091172306893e-15,0
0,0.02267941709843182,0
0,4.500111946950075e-16,0
0,0.0005024401776612145,0
0,0.0008554669174733137,0
0,7.650757012024926e-12,0
0,0.00011069561432248173,0
0,3.917283848901406e-06,0
0,0.0004963824859212173,0
1,0.9999999999931564,1
0,1.324670990899548e-05,0
0,9.13731658034748e-07,0
0,0.012813840842618485,0
0,0.011911597636509313,0
0,0.009678327446873632,0
0,0.019755211967452883,0
0,0.0006533257936047211,0
0,0.0006543159700450718,0
0,0.9241192915596155,1
0,1.2366089428496205e-12,0
0,0.0004325206714185346,0
0,0.021231338912818757,0
0,2.519166722089192e-12,0
0,0.0006046104351702203,0
0,9.980524346197687e-16,0
0,0.012559584135614104,0
0,7.674386626790936e-12,0
0,0.0001660972864132327,0
0,1.95487399389486e-15,0
0,0.0016051815562986016,0
0,9.074254797708292e-12,0
0,0.0017998076198997067,0
0,6.303790325079814e-05,0
0,2.688549046262717e-06,0
0,3.1010048271660907e-06,0
0,0.025663824877946613,0
0,1.405249102330968e-15,0
0,0.0007545146914858992,0
0,3.037654980902899e-15,0
0,0.01390812511376772,0
0,0.008690176207872661,0
0,0.0006385867599784876,0
0,0.001806645977406069,0
0,3.9985700715774506e-12,0
0,0.0009183009969313126,0
0,7.932934206831074e-11,0
0,5.757667982938144e-06,0
0,0.01975813842125452,0
0,0.9653582039278763,1
0,0.028041614071800287,0
0,0.0006448855137022765,0
0,6.870847499022861e-11,0
0,6.179947146158477e-06,0
1,0.9999827011116601,1
0,0.012032776149406952,0
0,5.632456444060323e-11,0
0,0.00031474468920816644,0
0,0.0016875962228622015,0
0,0.005964169688582189,0
0,1.4873495296084564e-11,0
0,1.763080442244779e-11,0
0,0.7289621155605465,1
0,6.091875636899834e-10,0
0,0.022185625654566225,0
0,0.08875883948306884,0
0,9.329184845388813e-05,0
0,0.0010251167330603916,0
0,6.475331214931529e-06,0
0,0.02491021518730605,0
0,0.6641363435536182,1
1,0.9999999996993638,1
0,0.0003002826021230999,0
0,0.06681467938492247,0
0,4.875488083900488e-06,0
0,0.0003087715795851472,0
1,0.9999512755778747,1
0,1.0512658853233117e-11,0
0,4.294585628514559e-16,0
0,0.014816930833753131,0
0,1.1013647629658838e-15,0
0,2.1026920252920813e-12,0
0,0.018973070911397688,0
0,6.793910271746809e-16,0
0,1.1411464348813337e-15,0
0,6.204314325075494e-05,0
0,0.009309041092166364,0
0,0.013088089470345562,0
0,0.7836748503710069,1
0,2.1803496764863414e-11,0
0,0.0003445838078365187,0
0,3.9196222216412545e-06,0
0,4.172247705702398e-12,0
0,5.093922672012061e-06,0
0,0.014500634929997735,0
0,0.00030470948354529437,0
0,2.3327487676596685e-12,0
0,7.410652229691974e-06,0
0,0.0007472480573140075,0
1,0.9998237152426288,1
0,0.001344138498567308,0
0,1.1136968781046922e-05,0
0,0.8747210819446914,1
0,3.14163575624622e-12,0
0,0.0009924237171045941,0
0,1.0936857330085622e-11,0
0,4.558296331622766e-12,0
0,5.8759753363005176e-05,0
0,4.248209288180158e-06,0
0,4.45219396559525e-16,0
0,6.865569560981329e-06,0
0,1.82670042697029e-15,0
0,2.8845836493440404e-12,0
0,0.0032147752026278195,0
0,8.788357085176158e-16,0
0,0.00035715127057494884,0
0,1.204068027368395e-15,0
0,0.008099620006426684,0
0,5.193816319302548e-16,0
0,8.011563989208532e-12,0
0,3.5016909192171012e-16,0
0,0.03720100665816586,0
0,0.014815671800888946,0
0,4.132067286983226e-16,0
0,2.79352626989929e-06,0
0,0.0004838096373279229,0
0,0.011200491115318154,0
0,0.0006071353253916691,0
0,1.5918156786291184e-15,0
0,0.00048690518958343656,0
0,3.8733296023877084e-06,0
0,1.5092237968010058e-06,0
0,4.4200054710592664e-11,0
0,3.674807213844368e-12,0
0,8.751622864770211e-06,0
0,7.397996649679959e-12,0
0,0.000594712159524044,0
0,3.6215793596293897e-12,0
0,3.0809394745133217e-06,0
0,0.0002778689805747626,0
0,0.03500950169699837,0
1,0.9175471854014072,1
0,9.931582582787275e-05,0
0,0.00015478046204621726,0
0,2.3393644509397524e-15,0
0,2.0811262317232688e-11,0
0,4.725050291518887e-06,0
0,0.0006130158084476728,0
0,2.9281720756638437e-06,0
0,3.5681124876004496e-12,0
0,0.0009006461566892662,0
0,0.015428971293093065,0
0,0.016775610383444946,0
0,0.5686969517593831,1
0,1.4237385210391129e-11,0
0,0.7640059006526635,1
0,0.01071618735955434,0
0,0.0005296075919460048,0
0,0.7733356760238466,1
0,8.941309585314513e-05,0
0,1.0169003348187943e-11,0
0,1.5469599786609472e-11,0
0,3.3622737198052164e-11,0
0,0.0005699825492174879,0
0,0.0018955192584249898,0
0,2.459407064097517e-11,0
0,0.013036488495231984,0
0,7.57148282447346e-16,0
1,0.9934240542757978,1
0,0.025774982124615337,0
0,7.729744098881969e-16,0
0,0.0014186650663326503,0
0,4.380844800513955e-12,0
0,0.018419196806331962,0
0,0.002273362206896188,0
0,2.1436446580461124e-05,0
0,6.785708980159656e-06,0
0,3.631503812820276e-12,0
0,3.3585420875984155e-15,0
0,0.0003489249761998284,0
0,3.1936179550926113e-12,0
0,2.8057605402680326e-11,0
0,0.013533712729937666,0
0,0.014007899373384505,0
0,6.776589761834364e-15,0
0,0.021392618742692472,0
0,0.024226186714906606,0
0,7.357481321529866e-11,0
0,2.892773467535957e-06,0
1,0.9999993343450225,1
1,0.9163184334260458,1
0,9.495544057360918e-12,0
0,2.1164969374772234e-12,0
0,3.486990448562143e-12,0
0,0.016141289215827297,0
0,0.010062239267093124,0
0,0.002445082088150707,0
0,1.0736653992937305e-11,0
0,3.1823230541855624e-12,0
0,1.0550206014589768e-15,0
0,0.15537972728950883,0
0,0.00853417331067851,0
0,0.000618152235546151,0
0,0.009878927262458212,0
0,2.8944490756262797e-06,0
0,0.0007306385407936702,0
0,0.0015043970524480266,0
0,0.00016772488123143923,0
0,3.367979511411934e-12,0
0,0.00044522998571570394,0
0,9.54572587991e-05,0
0,0.0008615774198496474,0
0,0.0005691252421598993,0
0,0.00014678933309073366,0
0,0.9382223353937208,1
0,0.02207986941259927,0
0,2.5350415342278704e-07,0
0,0.01028631100603484,0
0,0.7731950960119981,1
0,0.016906959108846563,0
0,0.000274484601141733,0
1,0.9998192663132967,1
0,0.000611354977799663,0
0,3.3191889106545873e-15,0
0,0.0006964743321951597,0
0,6.615746813751304e-05,0
0,3.2728142078456894e-12,0
0,0.011445968400521296,0
0,0.0035161974997130465,0
0,1.2713503667665502e-15,0
0,0.0005485065916749142,0
0,5.323345037752338e-06,0
0,2.370199397247601e-15,0
0,0.001492101591365655,0
0,9.27185391648563e-12,0
0,0.000829453982994158,0
0,0.013087950844359333,0
0,7.700519531954448e-12,0
0,0.01050454257697915,0
0,0.689046488208397,1
0,0.0007524684080738326,0
0,0.016678697722053295,0
0,5.26575294767493e-15,0
0,0.005048414958333817,0
0,1.2034609459469747e-15,0
0,0.00029308466168885425,0
0,7.833660128484659e-16,0
0,0.024028996571486876,0
0,3.744550453826651e-12,0
0,0.00022353262625905815,0
0,5.541034148453547e-16,0
0,9.995519698417073e-12,0
0,1.2681178950603073e-06,0
1,0.9999998594973944,1
0,0.5067397746844023,1
0,0.010446735193897874,0
0,2.027675554221476e-11,0
0,0.0005149676543422422,0
0,0.0009366197648893826,0
0,6.6414757638820444e-15,0
0,0.0006168426354204146,0
0,0.0015747819042310623,0
0,1.9852520891497665e-06,0
0,4.305901585472073e-06,0
0,0.00039523932677644453,0
0,8.017702201867366e-05,0
0,1.870508477610018e-15,0
0,0.3134960067881943,0
0,0.020677453378733626,0
0,0.008677341644821425,0
0,4.70741421461672e-06,0
0,2.0936291610220597e-06,0
0,8.094517673620332e-16,0
0,3.364813975858932e-15,0
0,0.009367040081924138,0
0,1.2376148823603245e-11,0
0,0.0002684531267235029,0
0,7.581414362681242e-07,0
0,0.0003098302034525204,0
0,0.8267765496123222,1
0,0.0008270276643749613,0
0,6.715161349290514e-12,0
0,0.024619144616632043,0
0,0.00015575197759488878,0
0,0.0007402090826074409,0
0,7.966553855906201e-12,0
0,0.026957963213709323,0
0,0.0010346980137393958,0
0,5.977848002522447e-12,0
0,7.599583034965648e-12,0
0,0.0007126951192164755,0
1,0.9999790142778519,1
0,0.8425031075594289,1
0,2.27313110168567e-11,0
0,3.761121814307462e-06,0
0,0.00024139866809539968,0
0,0.013360066894030485,0
0,0.00019132583483843853,0
0,6.074840548957434e-12,0
0,7.160043502956406e-16,0
0,0.8902340257442156,1
0,0.00016088986961759386,0
0,2.532780681063225e-15,0
0,1.0617184591045098e-10,0
0,2.2056840400546705e-06,0
1,0.9730105556135518,1
0,6.1366758684513925e-06,0
0,0.0004360864716546472,0
0,3.2546218479302677e-12,0
0,6.568809656225012e-16,0
0,5.565777945014958e-06,0
0,9.1297229110869e-12,0
0,0.0005647231832136707,0
0,0.8128743176414058,1
0,4.211760375763324e-15,0
0,0.01443960059966401,0
0,0.30589119087340627,0
0,8.405772277171788e-16,0
0,3.667946550741232e-12,0
0,2.964855553184253e-11,0
0,0.007114851812765885,0
0,0.0004800469706963043,0
1,0.983025194931781,1
0,3.5640901910883325e-11,0
0,0.00030991419249597413,0
0,5.608301672657434e-12,0
0,0.011163261645088792,0
0,1.017308280960463e-11,0
0,0.00531238136649497,0
0,0.02352102361336288,0
0,0.0009577768571987106,0
0,0.000122210154862219,0
0,0.0002013123561594786,0
0,0.00030451204870245743,0
0,4.320399174329057e-06,0
0,0.00820355979521076,0
0,0.9351617362931955,1
0,0.0007501488536506979,0
0,0.0006705090799598135,0
0,5.871203141253763e-16,0
0,0.8222027403162617,1
0,2.131615965229317e-15,0
0,0.0008404116588430118,0
0,0.09218512209908024,0
0,1.9357421747093056e-06,0
0,0.0013151543428014591,0
0,4.045034256629072e-12,0
0,1.0002859753777659e-05,0
0,0.0004442788876772739,0
0,4.1137120239590495e-12,0
0,4.6010429050946316e-05,0
0,6.979629192416503e-16,0
0,0.00011120612231001611,0
0,2.7935763829359767e-12,0
0,8.503140928133437e-12,0
0,0.0011148296477925034,0
0,0.014420411333244601,0
1,0.999999998662507,1
0,0.0009886218241874716,0
0,0.00048505357373025053,0
0,1.9948498226423627e-06,0
0,0.03556249598167546,0
0,2.0947556719326656e-11,0
0,4.637286759718118e-12,0
0,0.0004494824599906247,0
0,2.2028372054170854e-11,0
0,0.0007969038786537832,0
0,4.228801247706117e-05,0
0,0.00021370160433086558,0
0,0.00022143138198032304,0
0,3.3392886257811394e-06,0
0,4.233497020459602e-06,0
0,1.6040964137643795e-06,0
0,0.0008687269540373349,0
0,1.3752987586240828e-11,0
0,0.019671003920877506,0
0,1.6767911748151195e-11,0
0,1.346504173086162e-11,0
0,2.774757897016129e-06,0
0,6.106357861306783e-16,0
0,1.859937612054563e-11,0
0,2.721675408134346e-16,0
0,0.014128931878203431,0
0,4.432023671080448e-12,0
0,0.02046049416725076,0
0,0.0006116871873306846,0
0,0.009205165222593119,0
0,0.008458889290690084,0
0,8.391463981493469e-16,0
1,0.8961626271652657,1
0,0.032111926274572926,0
0,0.0013282176935286215,0
0,0.0049799800486715435,0
0,0.0010666866391179763,0
0,5.898003896715708e-12,0
0,0.017845612053530004,0
1,0.9999999997118816,1
0,0.8118932493302699,1
0,2.89050819995082e-08,0
0,3.603404422067169e-12,0
1,0.9961374458930621,1
0,0.019561879725687834,0
0,0.0006098892747007752,0
0,4.201968329208219e-06,0
0,2.5954164907937847e-11,0
0,5.054413283949599e-15,0
0,0.0032314417616322966,0
0,5.5021594962465205e-15,0
0,6.919310958803498e-12,0
0,0.00031163003156655717,0
0,8.412194539019909e-16,0
0,3.6646373555165144e-10,0
0,0.002285023096401058,0
0,0.01740841417698144,0
0,0.05772174485296736,0
0,0.0004288295820210478,0
0,7.332920016034518e-15,0
0,0.020253948729842236,0
0,2.3845821767613485e-14,0
0,0.0008232277267207948,0
0,2.8787501822820476e-15,0
0,1.1877460890794804e-11,0
1,0.948961766660497,1
0,0.0011098480616790283,0
0,8.763901150980523e-12,0
0,0.9660544356627353,1
0,3.314005854450951e-11,0
0,0.0002944290581805469,0
0,0.0006484867578580837,0
0,0.0006796144082058139,0
0,0.008160486753593798,0
0,0.9681398808605444,1
0,1.5517382828508957e-06,0
0,0.0005966511939276566,0
0,6.672306425897329e-12,0
0,0.001063701473349701,0
0,5.2421625196161856e-11,0
0,0.010713222492205675,0
0,4.6493969298114915e-06,0
0,1.1184252769236486e-05,0
0,4.281895389477807e-06,0
1,0.9999999996566153,1
0,0.011146584259037915,0
0,0.7735522172238305,1
0,1.9770887080204793e-05,0
0,0.9661800744448572,1
0,0.0246403439660189,0
0,7.369315732066114e-12,0
0,4.941749866601786e-12,0
1,0.9998519057871857,1
0,4.926864033856869e-16,0
1,0.9999988816030809,1
0,0.001016257398442991,0
0,0.018097321934791327,0
0,4.1347005301713755e-06,0
1,0.9869400616899081,1
0,0.0015715481272488955,0
0,0.00042756127807332047,0
0,1.5012737963798476e-14,0
0,0.01796419157716451,0
0,1.6869388177000066e-05,0
0,1.6396022825008052e-06,0
0,4.6928608669672765e-12,0
0,0.0024868379830660804,0
0,0.0016065961317723795,0
0,6.468254077956136e-15,0
0,8.88091954139473e-12,0
0,2.2665142688803443e-11,0
0,0.049563193432119984,0
0,5.072794803694322e-12,0
0,0.00037580636071778015,0
0,0.024128461144682783,0
0,3.3327714124152984e-16,0
0,2.1690045896174874e-06,0
0,2.9208548684484472e-06,0
0,0.8306806696505109,1
0,5.828722590876193e-06,0
0,4.705270834979244e-16,0
0,5.634938391841355e-07,0
0,0.00011953560783347809,0
0,1.7446366436637895e-11,0
0,1.1074078020327157e-15,0
0,2.3463422063116925e-12,0
0,0.0003586061096712227,0
0,1.988276452139679e-06,0
0,0.0002575387362854337,0
0,0.8729048948330725,1
0,0.0005726259688780908,0
0,0.0006752166812797229,0
0,2.457745481855696e-11,0
0,0.012847512383136207,0
0,0.0004821430260558938,0
0,7.100640252305143e-12,0
0,0.0003800324312189607,0
0,0.0004162376154025049,0
0,0.018791005831279912,0
0,0.04988470106082709,0
0,0.011994140637612527,0
0,7.858378076066558e-06,0
1,0.9769421186833163,1
0,3.98932838579975e-06,0
0,1.1070336978149023e-11,0
0,0.019461680913100406,0
0,0.0005314381631986562,0
0,4.423862762023301e-15,0
0,3.18045855269612e-06,0
0,0.0006036298134790833,0
0,0.7202453673228526,1
0,0.0300483091606698,0
0,2.206217753041763e-12,0
0,2.659637685234154e-05,0
0,0.0009760030292523038,0
0,0.0028359542586130562,0
0,0.7106404493453772,1
0,4.304113769185497e-11,0
0,5.989422924615392e-15,0
0,7.146226339452763e-05,0
0,0.00045334552728068517,0
0,4.970502819299437e-12,0
0,4.916680578428141e-09,0
0,5.812191367097671e-16,0
0,1.626127158777001e-06,0
0,0.0006918337210097281,0
0,0.0003142174273871323,0
0,0.012326411066811413,0
0,0.0006866711235691635,0
0,0.0008883564951620537,0
0,0.00030439220016727187,0
0,0.012547647088980941,0
0,2.182839331087186e-12,0
0,1.8660064669817514e-06,0
1,0.9989082572009466,1
0,0.0016937606444333486,0
0,5.138414343178134e-15,0
0,0.009340588605544972,0
0,6.5239874613619995e-12,0
0,0.0015795897608302304,0
0,0.00023997762199395729,0
0,0.024859311931337932,0
0,8.860170483815309e-12,0
0,5.287997038224517e-06,0
0,7.535600070968373e-12,0
0,0.01596536283067833,0
0,0.9114807219639338,1
0,0.0013812626214191794,0
0,0.0014103834558826303,0
0,0.012416305752863793,0
0,0.01996672635148122,0
0,0.019726327688804626,0
0,0.00041597000503249345,0
0,0.0004098130194663478,0
0,0.00027786253248052124,0
0,0.00022988706092482128,0
0,1.4628504373584822e-11,0
0,1.2327094757811836e-08,0
0,0.01666397182343402,0
0,0.0008536779560056337,0
0,7.128212247105444e-12,0
0,2.4948850434560075e-06,0
0,0.00013838984399291876,0
0,0.002812669951433013,0
0,0.000867535608351155,0
0,0.012010242303519637,0
0,0.0008283586592851304,0
0,0.0006331928483387154,0
0,7.52131565760199e-16,0
0,3.029456749859435e-05,0
1,0.9999998693216294,1
0,6.073269733741054e-06,0
0,2.574825489305504e-06,0
0,0.016254783151770317,0
0,0.012789130756312855,0
0,0.0004289812196655406,0
0,1.3689388690608618e-15,0
0,7.364136802809377e-16,0
0,0.7799549520170428,1
0,0.9360768282899957,1
0,4.181365346202128e-06,0
0,0.0008211045162565135,0
1,0.9846541123746725,1
0,1.7444250190919645e-11,0
0,0.0004020388397867962,0
0,2.110472550656552e-12,0
0,4.533621103514325e-06,0
0,0.0006611469664877014,0
0,0.015725020119783596,0
0,0.03175253905768394,0
0,0.0014141093459543582,0
0,0.0006157536969079613,0
0,0.018690788452339166,0
0,0.0008639782001507417,0
0,0.031394331098084025,0
0,1.3111700739942697e-15,0
0,0.0014870132717545144,0
0,1.913757802107524e-11,0
0,1.168661304370911e-15,0
0,2.6982614431379275e-06,0
0,6.8593744267770726e-12,0
0,0.008271333419074081,0
0,4.5408043822735736e-15,0
0,0.03015883485826264,0
0,2.0089327461975296e-10,0
0,0.9685918792926,1
0,0.02892732519852962,0
0,0.816784644037526,1
0,7.319659218043966e-16,0
0,1.0873049171961706e-08,0
0,0.0006999649926746192,0
0,5.713457017540484e-06,0
0,0.0006452207819249026,0
0,1.173011051835818e-11,0
0,0.030366147688785948,0
0,0.04099727524029869,0
0,0.9590765096355701,1
0,2.129785293743746e-11,0
0,0.013960439388407426,0
0,0.9306245574004263,1
0,2.072783965257055e-06,0
0,0.020854579909728867,0
0,5.198732913404617e-06,0
0,1.4186200355477156e-15,0
0,0.010399992942939019,0
0,0.01479992060487876,0
0,1.4179209527451022e-11,0
1,0.9810709202917526,1
1,0.7708164051697182,1
0,1.1758579925511905e-15,0
0,0.013308780209886469,0
0,0.0004482174412636217,0
0,5.161555320860567e-11,0
1,0.9992866831631404,1
0,5.639951737375971e-15,0
0,0.0006335455229090761,0
0,0.015295655260995168,0
0,0.02061704603004899,0
0,0.9378313027103006,1
0,5.260813359383038e-05,0
0,8.002385926082778e-16,0
0,0.012892828022541278,0
0,1.8610799077017136e-10,0
0,0.05096118694048909,0
0,3.2710822342520516e-06,0
0,2.6627789076431795e-15,0
0,0.0003720250448446094,0
0,0.00026449484339235773,0
0,0.0004327659221531901,0
0,0.0002892343260767126,0
0,4.780797269021046e-12,0
0,1.106497221055785e-15,0
0,4.15374438232034e-06,0
0,0.0026778463664875857,0
0,4.456410322209117e-11,0
0,5.287383486597662e-06,0
0,2.7925468433030715e-12,0
0,7.712740354000258e-07,0
0,0.0005101676211967058,0
0,0.01360656852623292,0
0,0.025518739501783856,0
0,0.0005175624118030645,0
0,0.01682171271119707,0
0,0.0002752952159330431,0
0,0.00010660580238211773,0
0,1.0071106839909292e-06,0
0,0.001280997615715899,0
0,0.0004245960504354048,0
0,4.321532602387674e-06,0
0,0.014086683621775257,0
0,4.04669268731344e-06,0
0,1.8863356596786393e-11,0
0,0.00031057255931132865,0
0,6.528207172095452e-06,0
0,8.099419693278097e-11,0
0,3.706417285319477e-15,0
0,3.559057128286305e-12,0
0,0.00047177877342941606,0
0,0.025682385140819462,0
0,0.9386167478001773,1
0,7.528670361098076e-12,0
0,0.012965406907957448,0
0,0.0010808414959229302,0
0,0.02661484424135847,0
0,2.250197318844587e-15,0
0,1.6680537773427533e-06,0
0,7.976737270788695e-06,0
0,6.248118421969909e-11,0
0,7.026079201261754e-16,0
0,4.2824445404477925e-06,0
0,0.0006834525578792843,0
0,0.0003334714649968128,0
0,0.0005615133404127252,0
0,1.953473543277404e-05,0
0,0.0002520045555127372,0
0,3.479238030090103e-12,0
0,0.0007392063574358154,0
0,0.0008219429606546984,0
0,0.00019594486855279328,0
0,0.00944635149056909,0
0,0.002444953911781038,0
0,1.5532701099236803e-15,0
0,6.811791774339505e-12,0
0,5.7488416963772985e-06,0
0,6.560440151238506e-05,0
0,1.9040575309887224e-11,0
0,4.794032655746168e-12,0
0,0.8001402714621092,1
0,0.00014208122980425165,0
0,4.604813867901803e-06,0
0,1.6501463355732491e-15,0
0,2.6655972572956945e-11,0
0,2.448711769874663e-05,0
0,6.550169192465009e-06,0
0,3.5192191312005856e-06,0
0,1.4980073019152109e-15,0
0,0.021506009101059004,0
0,1.8005826124401705e-15,0
0,0.0008530667220626218,0
0,6.523718274885762e-05,0
0,0.028781592225796796,0
0,1.0970636037783127e-05,0
0,3.177592846338739e-12,0
0,0.000229698821693502,0
0,0.00017843288414781165,0
0,0.019513810286758044,0
0,4.670068299027483e-12,0
1,0.9430015112466353,1
0,3.3372791068022054e-12,0
1,0.9904741738621682,1
0,0.0006694156012034434,0
0,0.008025825237529932,0
0,5.386958170739029e-06,0
0,1.2211862971477684e-15,0
0,0.001011456317656325,0
0,3.653755126180913e-12,0
0,3.43449612551908e-11,0
0,0.020741841463982755,0
0,8.463698031608975e-06,0
0,0.00026064857980402265,0
0,1.2631777245219002e-15,0
0,0.9346763460270671,1
0,4.476347308588701e-11,0
0,0.7434441585119991,1
0,3.564565941853637e-06,0
0,2.0870695673284233e-11,0
0,0.020229270418845795,0
0,0.0009771205562333744,0
0,0.04550146360896081,0
0,0.00039030971302013933,0
0,0.009470528119339197,0
0,0.005731059078800769,0
0,0.014380178446816473,0
0,0.01010395512688883,0
0,0.025848186391389413,0
0,3.68878046689061e-06,0
0,0.01583544880039711,0
0,0.0034368887492873985,0
0,2.5574899662066734e-06,0
0,0.00036369932232152173,0
0,1.7740214484091586e-05,0
0,5.2267767311010545e-06,0
0,0.00040544121194780776,0
0,0.015158015296015544,0
0,0.00030811495599810697,0
0,0.01191754338288121,0
0,0.0010538742679121462,0
0,5.881438469661214e-09,0
0,0.0003696239630150011,0
0,0.02832033746118754,0
0,1.1074675467023818e-15,0
0,0.025753749818891593,0
0,0.003430363882600363,0
0,0.0015813913753696344,0
0,2.744151223649966e-06,0
0,2.9588625518821245e-05,0
0,4.123176100524627e-06,0
0,2.3999703359358984e-15,0
0,0.012738703832818624,0
0,3.154824226691847e-12,0
0,0.0008241887427268453,0
0,5.514448211505385e-12,0
0,1.6450738199392633e-15,0
0,0.0011109972459568025,0
0,0.0009497245737661454,0
0,1.1728924257171099e-11,0
0,9.089820054697233e-16,0
0,7.645922568173679e-05,0
0,0.01688669241759637,0
0,8.872933995366136e-06,0
0,0.01622355003167747,0
0,0.0066624927555681964,0
0,1.3411284321917695e-05,0
0,0.01478447995667043,0
0,1.849507937251634e-15,0
0,1.962051504031252e-06,0
0,1.3793413505448964e-15,0
0,0.022477954135065512,0
0,2.0683596175861075e-11,0
0,0.00020528995670970548,0
0,0.013412139691654184,0
0,5.7910800520328004e-12,0
0,3.5239038896123865e-06,0
0,0.0006602126207321844,0
0,0.05352581124312351,0
0,0.0001191282851307677,0
0,1.5204437526418633e-14,0
0,0.024006803893844537,0
0,0.0003928734320488418,0
0,8.377773105909846e-09,0
0,0.000791996303395798,0
0,6.564841961739391e-06,0
0,4.18158394992497e-06,0
0,4.241191536874028e-05,0
0,6.752303187156438e-08,0
1,0.9862367701275717,1
0,1.1561467900237331e-12,0
0,0.020846499322190508,0
0,0.017846054860462465,0
0,0.006404644557550682,0
0,6.166753746599613e-06,0
0,1.4053876679234877e-05,0
0,1.9854783273356653e-15,0
0,0.0005274228410386304,0
0,7.932525850575548e-12,0
0,0.01377224896942009,0
0,5.225046588488247e-12,0
0,0.0004444392584347782,0
1,0.9990920085402383,1
0,0.0006033433458126793,0
0,0.018133242220009914,0
0,5.653824535159633e-12,0
0,0.00029991940575030255,0
0,0.0005812511848411085,0
0,0.7167381242555418,1
1,0.9999999997586493,1
0,0.01543101852061355,0
0,0.020848707581932472,0
0,0.017021475265800667,0
0,9.746326567562569e-12,0
0,7.106689177501696e-12,0
0,1.022525171838888e-15,0
0,0.0005654087413673547,0
1,0.9977026587608981,1
0,1.1859279240441706e-11,0
0,3.3895838260885993e-06,0
1,0.9999950440780074,1
0,1.475147866659947e-15,0
0,0.0005196970162506212,0
0,0.014248673838861319,0
0,3.7544469043374625e-06,0
0,0.8244130083093132,1
0,5.733693256042671e-15,0
0,0.00181999581479709,0
0,0.0006669660249651997,0
0,2.1661039425094173e-15,0
0,0.0008518629930169989,0
0,0.0015444560385307693,0
0,2.2658379853658886e-06,0
0,0.0004745933030458657,0
0,7.68330309798265e-09,0
0,2.048368986332627e-11,0
1,0.9624847021288244,1
0,2.0813407852754568e-11,0
0,0.010576401967785467,0
1,0.9268655778337184,1
0,5.613873085585697e-12,0
0,3.3244565545795003e-12,0
0,0.0005277333358353735,0
0,8.569765845513301e-15,0
0,2.6423874898190612e-11,0
0,6.212083002785068e-15,0
0,2.7661406750253533e-05,0
0,0.0025806300526189613,0
0,0.012515366946448772,0
0,3.4947795754422863e-12,0
0,1.9006851612889447e-06,0
0,0.0012612671151933544,0
0,0.0007204657282413754,0
0,0.018270190778847756,0
0,0.018072315286688338,0
0,0.00819644574128901,0
0,3.455447726966897e-11,0
0,0.44559623890887295,0
0,1.3277169913958212e-11,0
0,2.5601479734446725e-06,0
0,2.507323471019921e-15,0
0,1.817104969144182e-15,0
0,7.777240015160851e-06,0
0,0.002353461372438672,0
0,9.811953256784933e-16,0
0,0.017958952660366293,0
0,7.08085581414252e-15,0
0,0.0017054918434066912,0
1,0.998181150469995,1
0,0.8860804983477255,1
0,1.3218706887693525e-15,0
0,0.0002480700792197645,0
0,0.019592814746883194,0
0,8.123617908362998e-12,0
0,1.6809155584113878e-06,0
0,2.68005949591169e-06,0
0,5.6553998531429944e-05,0
0,5.797824114841503e-06,0
0,0.016326972530297242,0
0,8.872929462779065e-06,0
0,5.379675074018725e-16,0
0,0.0006491462183884846,0
0,0.00010416573963601501,0
0,3.99627655988485e-06,0
0,7.764362419525987e-11,0
0,1.50588458515011e-15,0
0,6.212843143979304e-12,0
0,0.013603314345868573,0
0,3.438605954590304e-06,0
0,2.5463480935673157e-12,0
0,0.0005509217616281394,0
0,5.042316619880767e-05,0
0,1.1813744731354841e-11,0
0,4.08269121770189e-05,0
1,0.9999994573484314,1
0,0.01780557539572319,0
0,0.01612395154760182,0
0,2.7039934440775363e-06,0
0,0.5133259449068803,1
0,6.881998114933668e-12,0
0,2.9588287364642746e-16,0
0,0.012736822257615273,0
0,0.0006264886615099003,0
0,5.191274837329571e-06,0
0,7.277698288607456e-15,0
0,6.341037988237727e-12,0
0,2.5781693850148655e-05,0
0,0.00025668040255310073,0
0,3.823374166707551e-06,0
0,0.00046047920789480973,0
0,7.386462737971236e-06,0
0,4.323718119264044e-06,0
0,0.019199154170716142,0
0,5.048656342657772e-11,0
0,4.4531907550200234e-06,0
0,0.04981286245554453,0
1,0.9596906160904439,1
0,0.0006962581146725537,0
0,2.0185577184052737e-15,0
0,0.10212057700610608,0
0,0.8903873703200585,1
0,0.0002096373230715827,0
0,0.0022732437222416973,0
0,0.0020887317151736112,0
0,2.1636409175927227e-15,0
0,1.3368237355138551e-05,0
0,8.920310143942084e-12,0
0,3.375032468469136e-12,0
0,3.528072868017018e-11,0
0,0.7805414826490861,1
0,5.457873028309235e-16,0
0,1.1145533521313636e-15,0
0,0.007720799670802772,0
0,0.0059030188372155255,0
0,0.0006680143399861266,0
0,0.03149495159812033,0
0,3.3420914145482227e-06,0
1,0.9950342782658094,1
0,0.813349341476674,1
0,0.0005148705524725305,0
0,1.0616643540709636e-11,0
0,1.9778944577105341e-10,0
0,0.002718267955019139,0
0,0.018841930402275327,0
0,0.020057337309270878,0
0,0.013127315850360541,0
0,0.014139626313297073,0
0,2.9673818037916506e-12,0
0,7.003455736195243e-15,0
1,0.9977316970949195,1
0,8.19886609299786e-16,0
0,7.390583202410831e-12,0
0,5.124552073085469e-06,0
0,1.97898614883077e-15,0
0,0.8956609926757826,1
0,4.768941653873969e-05,0
0,1.474690265618303e-14,0
0,6.0841722471061866e-12,0
0,2.3928469694446468e-11,0
0,6.241729243261854e-06,0
0,1.1488479086356318e-06,0
0,0.0009188689197028394,0
0,0.0003628307119998697,0
0,5.312423268329443e-06,0
0,0.0009978966586638948,0
0,0.010646047133366086,0
0,3.281691066450792e-06,0
0,3.6231082539175315e-15,0
0,1.415463474126337e-07,0
0,0.014580093937988987,0
1,0.9999999437006016,1
0,1.392184332084135e-06,0
0,7.748312630980823e-12,0
0,2.5263989103286557e-11,0
0,0.002401259977159018,0
0,0.0013781673264161355,0
0,2.9958305500019505e-06,0
0,0.0002979707187010699,0
0,2.2278436729540615e-11,0
0,0.017343547238971198,0
0,1.5174796814369507e-05,0
0,0.01679882008859709,0
0,0.0005496702712856014,0
0,0.0007858401387461891,0
0,8.266312627592012e-05,0
0,0.028154073057947485,0
0,0.0003259537092152526,0
0,4.641777521618523e-10,0
0,0.015470093918012377,0
0,0.0003858389049742754,0
0,0.0010388088102249104,0
1,0.9730159928066953,1
0,2.2394459730227658e-05,0
0,0.00026242730496074885,0
0,0.0006643857734081409,0
0,0.01655643146805398,0
0,2.9639584384067306e-11,0
0,0.022781430517372307,0
0,2.2318101634150276e-06,0
0,0.0003145238657969355,0
0,1.482006948375308e-05,0
0,0.000845922671379801,0
0,7.993144209813115e-08,0
0,0.0007671352953467613,0
0,0.001572372541709425,0
0,0.8968895892173406,1
0,4.35598053974249e-06,0
1,0.965700720020056,1
0,0.8738285576271203,1
0,0.00015149456159729965,0
0,0.07447675905499823,0
0,0.013303576270830992,0
0,4.012395021533683e-06,0
1,0.9974020481745464,1
0,0.009195815936700831,0
0,4.75106428298755e-15,0
0,1.3799379998345904e-14,0
0,0.0007128648173419056,0
1,0.9239773167282637,1
0,1.8364270825595232e-11,0
0,0.0009224832067277325,0
0,4.1369082806181654e-05,0
0,2.735401742524018e-12,0
0,7.775788769049976e-12,0
0,3.548578402962682e-12,0
0,0.7896586084870975,1
0,0.0009475858580345104,0
0,9.339172461221184e-15,0
0,0.0006591533342983167,0
0,0.003673084761157323,0
0,2.3852051567805126e-06,0
0,8.348725137463044e-12,0
0,0.0019532885342795994,0
0,8.78291574608097e-12,0
0,0.0004585441851124171,0
0,0.0010509376457062357,0
0,0.03682181948805738,0
0,0.009049499840420305,0
1,0.9999843904029704,1
0,3.386803314036566e-06,0
0,0.06154614052076067,0
1,0.9926728400692795,1
0,6.952898981531421e-12,0
0,3.049763832540612e-05,0
0,0.000390447468817786,0
0,2.612478463244667e-06,0
0,0.020378773757648346,0
0,0.03187875024273291,0
0,0.024998030606512688,0
0,7.2426408750345275e-12,0
0,0.8018799016754171,1
0,0.0006411130855481917,0
0,0.0010113326416284734,0
0,0.01437122652464612,0
1,0.9974337203692135,1
0,1.861525280741335e-11,0
0,1.1243333663182558e-06,0
0,0.0011764554501210085,0
0,3.3120335263298753e-16,0
0,8.612861990993609e-16,0
0,6.2508300682013595e-16,0
1,0.9747321376433125,1
0,0.011358525943424368,0
0,3.4411688355807264e-05,0
0,4.573825076328246e-05,0
0,0.020035419015208892,0
0,0.015398795780021138,0
0,0.0006257642194890453,0
0,0.000895353772755339,0
0,4.488447180878035e-16,0
0,1.209540314927427e-15,0
0,0.021093280026908037,0
0,6.942938856804096e-11,0
0,0.0006974834805242307,0
1,0.912329226659918,1
0,0.0008495961456132122,0
0,0.0004694311227833802,0
1,0.9999998199162679,1
0,7.04315201280765e-12,0
0,0.014066143304758751,0
0,6.574927956229251e-06,0
0,5.498795104776518e-12,0
0,8.040764659979802e-12,0
0,0.000939527051487042,0
0,7.01162777421195e-06,0
0,1.0283215334750814e-15,0
0,0.0014906235974313934,0
0,0.009143942847794273,0
0,0.008581818396011857,0
0,0.020751104479960963,0
0,5.117965643172921e-12,0
0,4.320095831828929e-06,0
0,0.0016349043695096266,0
0,1.0515494009074841e-11,0
0,3.8010856372983435e-05,0
0,2.442248630059291e-06,0
0,0.00709018349233804,0
0,0.001939411248653194,0
0,4.9874773263695224e-12,0
0,8.54969465619142e-12,0
1,0.999326853469739,1
0,0.0007439172974926102,0
0,4.250063351806703e-06,0
0,3.1430683610858544e-11,0
0,2.1303354831211865e-11,0
0,1.7499639078837293e-12,0
0,0.00043873893504883826,0
0,0.0011532790092629473,0
0,0.022619520711920322,0
0,1.714032198226332e-14,0
0,0.039863493422352785,0
0,0.018693930594540227,0
0,0.0006768648819662784,0
0,1.7886925101109996e-05,0
0,0.023074935000542876,0
0,4.315829760856065e-06,0
0,2.8482848211458847e-06,0
0,0.022544264045491612,0
0,0.012726343980490969,0
0,0.0005685108997874993,0
0,2.6794802886019766e-15,0
0,8.83812614441749e-12,0
0,0.8985819239354873,1
0,0.0008107442498044614,0
0,3.136843335788547e-06,0
0,0.0005978205539985261,0
0,0.0005133204495949577,0
0,6.8537336206775275e-12,0
0,9.879856468659088e-16,0
0,3.909681079069583e-06,0
0,0.01761848398426984,0
0,1.1355091471356361e-14,0
0,0.001394500830832402,0
0,0.000997721765730025,0
0,0.020276052720128758,0
0,2.984046290750825e-06,0
0,0.0006811000264735362,0
0,5.386326658967839e-12,0
0,0.02205514502162718,0
0,5.516973049927897e-16,0
0,0.9847239025460766,1
0,1.0458604910264028e-11,0
0,0.001841811347477745,0
0,4.934863250305703e-05,0
0,2.278682811278588e-06,0
0,5.05484540716833e-15,0
0,5.433150449537727e-05,0
0,0.0001756133266117398,0
0,0.7493733129343294,1
0,0.0006209538338256432,0
0,4.9496965847754024e-15,0
0,7.136842718978286e-12,0
0,0.009256637790020976,0
0,7.689739566131863e-05,0
0,1.3851450110417528e-06,0
0,0.0004527808379131594,0
0,0.7969507432306896,1
0,0.8141083668467969,1
0,0.0037061682207253878,0
1,0.992874667965618,1
0,3.380312175547581e-11,0
0,0.016745601303656252,0
0,0.0005560051644002373,0
0,0.8112432846296875,1
0,0.00026340361563634003,0
0,4.628254006882947e-06,0
0,0.8370230350161232,1
0,0.0012392343375110012,0
0,0.06985775863627454,0
0,1.501305477216935e-15,0
0,0.003850200019134384,0
0,0.0006639915138542373,0
0,7.413185706576705e-12,0
0,5.92742406830581e-15,0
0,0.01676843977805877,0
0,2.3457372228413125e-06,0
1,0.9976578201908656,1
0,0.00801170477074854,0
0,7.782712732343986e-16,0
1,0.8940722685193254,1
0,0.00018563855162505871,0
0,0.000260021785249561,0
0,2.310278311528255e-11,0
1,0.9976168135050109,1
0,0.013343557743957967,0
0,0.0004598600479054093,0
0,0.00011412687974982653,0
0,6.527717925318585e-05,0
0,4.408928944357151e-16,0
1,0.9999999999962363,1
0,4.29491794130252e-06,0
0,0.0004342593969835565,0
0,3.182646402017204e-05,0
0,0.02449317254656574,0
0,6.768505608663555e-11,0
0,3.71223255055067e-12,0
1,0.8816933750999114,1
0,0.02222869741458794,0
0,4.099443653707389e-11,0
0,2.7331116343112676e-12,0
1,0.990703438984116,1
0,0.018969205470615407,0
0,7.649656920520758e-15,0
0,2.2687220381531854e-15,0
0,5.871022558696465e-16,0
0,8.917719288501219e-12,0
0,9.279795351510085e-16,0
0,0.016566199556944147,0
0,1.7134562622148594e-15,0
0,0.0008117561680473365,0
0,0.0005170118763236223,0
0,8.625798455872149e-16,0
0,0.0005140817220120601,0
1,0.9863189852279205,1
0,0.014710649578661047,0
0,3.029184108819963e-16,0
0,0.0005738642069273509,0
0,1.5353838740196784e-11,0
1,0.9943992454768237,1
0,0.001673311328791867,0
0,0.012586708583364473,0
0,0.7862271493274194,1
0,0.03336673605400714,0
0,3.820517361326388e-11,0
0,8.678382227746284e-06,0
0,0.02916322241431306,0
0,0.00021156615837039926,0
0,0.03439769839732137,0
0,0.025733571509998464,0
0,0.00047396062437236587,0
0,0.023996004400840674,0
0,0.002137999160082731,0
0,4.3097972483537116e-11,0
0,0.0009509570830369369,0
0,0.0008110228016935319,0
0,0.7513169543524542,1
0,0.0007395893557819561,0
0,0.021847089194552128,0
0,3.421220502894684e-11,0
0,2.539984974772164e-12,0
0,7.248855472237319e-16,0
0,0.0015887547830519314,0
0,3.8005176697871214e-16,0
0,0.009338676339200002,0
0,3.4839044689829068e-12,0
0,2.902661257270915e-15,0
0,0.9073248390373152,1
0,0.9508754684640668,1
0,4.3561650578612544e-16,0
0,2.9137981826957772e-15,0
0,0.0007351619317527893,0
0,8.647657537822425e-11,0
0,2.1056407911273777e-06,0
0,3.3236484951233603e-06,0
0,1.8353299999240573e-15,0
0,0.0004195078062232303,0
0,0.007851576407920856,0
0,6.1422420765411905e-06,0
0,0.0007088962067272375,0
0,1.710290766355444e-11,0
0,1.7378654888837742e-11,0
0,8.086336932765983e-16,0
0,1.0661928835802708e-15,0
0,2.3529738326073346e-06,0
0,0.02744693852947467,0
0,0.009230822764973093,0
0,5.692090146023451e-06,0
0,1.8670449044008087e-06,0
0,0.0016485214598534385,0
0,7.930558049939998e-11,0
0,0.00599814917213709,0
0,0.0003724657142642885,0
0,0.011517247608908689,0
0,8.512198106397258e-16,0
1,0.9709862588007095,1
0,5.059478952438948e-06,0
0,1.5854413510310717e-15,0
0,0.0007619434729819658,0
0,0.00025770494554320464,0
0,0.021522303935863376,0
0,0.0006183741142697358,0
0,3.0608932162198975e-06,0
0,4.3987132272283965e-12,0
0,0.0008066219023892875,0
0,0.0003520304354942297,0
0,1.0737613641866545e-11,0
0,0.021636269485892628,0
1,0.8093117059597991,1
0,0.0009019175109085706,0
0,0.016629591929558457,0
0,0.015078119631633939,0
0,3.0188069801800086e-15,0
0,1.0615813041086514e-15,0
0,0.010509133895691974,0
0,1.6600743376160303e-06,0
0,0.015976018956066155,0
0,0.6377446035228461,1
0,1.5108849915226606e-15,0
0,0.00031250103224411875,0
0,0.0004268115802038146,0
0,0.015886881109523618,0
0,4.343090263124261e-08,0
0,0.00020963801269949578,0
0,3.0568072610112923e-06,0
0,1.0394889071155108e-11,0
0,4.503351707221582e-05,0
0,2.7156474350138826e-11,0
1,0.9748990136173349,1
0,6.718268159873514e-06,0
0,1.9377878935437505e-11,0
0,3.7395311234416805e-06,0
0,6.185372428583245e-12,0
0,0.02050944494568314,0
0,2.6069486141464638e-12,0
0,1.2806555148693304e-11,0
0,0.0007734281029536527,0
0,2.1704613417866743e-06,0
0,0.0011284504562472915,0
1,0.9496210963725208,1
0,0.0003587265151266747,0
0,0.0006074337848354952,0
0,1.4501655154770168e-15,0
0,0.011937441588619624,0
1,0.9533564505552863,1
0,0.009535742793520478,0
0,1.3971620888621185e-11,0
0,0.054141573083339944,0
0,2.290946335890738e-06,0
0,0.00024811656971685745,0
0,0.012289214711134384,0
0,2.286595309450175e-06,0
0,0.0011540263910078815,0
0,0.0004019014816293238,0
0,0.0007961291221686201,0
1,0.9997239406271243,1
0,0.01748732895254411,0
0,0.0002264855358484406,0
0,2.6601681158320403e-12,0
0,0.6819567119605803,1
0,0.00018227190161968063,0
0,6.173646618417413e-05,0
0,0.00888187747242279,0
0,0.00022616815357141416,0
0,0.6871578799305287,1
0,0.004620113025219045,0
0,0.013074044326732905,0
0,4.9093062266457865e-12,0
0,6.79995610958379e-16,0
0,0.036668970435809876,0
0,0.012305690086982277,0
0,0.0005337808576908529,0
0,2.9907709584343053e-06,0
0,5.886633181274223e-16,0
0,1.3317505921506604e-11,0
0,8.116664607444987e-06,0
0,0.01645135462339654,0
0,9.998163388861814e-06,0
0,0.8314805057485222,1
0,1.6973572905466153e-11,0
0,0.02732864109691145,0
0,8.607472233706459e-08,0
0,5.633112101759306e-06,0
0,5.408297415881873e-16,0
0,3.4976728283535958e-12,0
0,0.0012427321787859516,0
0,1.9904561071867446e-07,0
0,0.011399530724485477,0
0,2.442585327731321e-06,0
0,7.840574907261692e-05,0
1,0.9999999999920934,1
0,8.51961380029857e-06,0
0,4.132205235360797e-06,0
0,8.958887420542937e-12,0
0,0.01720594939978645,0
0,3.505119065446018e-06,0
0,0.014500943372404604,0
0,0.00043775787088924634,0
0,0.019887995668887434,0
0,0.00048413824391376154,0
0,0.0003855347604987863,0
1,0.9995492016596438,1
0,3.6996956243061597e-11,0
0,8.305810935299564e-06,0
0,8.83341260368476e-12,0
0,0.0009269023988357369,0
0,0.014582370384857957,0
0,4.2810896391403845e-06,0
0,3.6265800672973407e-12,0
0,0.01971344756688416,0
0,1.1141063808042253e-09,0
0,0.018020644010488404,0
0,9.940931463234121e-06,0
0,0.010980511952642264,0
0,4.565723768596113e-06,0
0,7.0301813366924276e-12,0
0,3.0397788347610898e-06,0
0,0.0008539161849832221,0
0,0.0019938346291471505,0
0,2.129418391490112e-11,0
1,0.981549077302777,1
0,0.00018287886139492377,0
0,1.1039029580127382e-06,0
0,0.0021190641316025352,0
0,0.0006945916278109939,0
0,0.00030351976775909185,0
0,0.014182263895665364,0
0,0.013477325698706378,0
0,3.1091721668762556e-15,0
0,0.061977293110129617,0
0,3.7548681539764903e-06,0
0,0.0010484060846540871,0
0,0.8179694064907144,1
0,4.4470528594370855e-06,0
0,1.2414418904245598e-15,0
0,2.0484443419895204e-06,0
0,1.473036066663836e-15,0
0,0.03046739413126663,0
0,4.904242478097623e-12,0
0,0.0005980855249601546,0
0,0.011773058523603847,0
0,0.010997501781089497,0
0,0.019799800633915073,0
1,0.9996276196556858,1
0,0.011515416636735243,0
1,0.9899162661603769,1
0,5.291422979081591e-12,0
0,3.5699135487973465e-11,0
0,0.019385593246788752,0
0,1.2333375452656735e-15,0
0,0.00011816101361768391,0
0,0.019333807480672288,0
0,0.0003108008852822699,0
0,0.019980529758381566,0
0,8.099205548707989e-12,0
0,7.08136481781473e-16,0
0,7.477761313231991e-06,0
0,7.310485790777073e-12,0
1,0.9980122181912735,1
0,0.00041460690381268597,0
0,0.01795229760205098,0
0,1.5600512876388582e-05,0
0,2.7514082966724536e-06,0
0,0.023475013286020148,0
0,0.019189466902059863,0
0,5.67612023246576e-16,0
0,0.0003843346680530768,0
1,0.9999246119073224,1
0,0.0005980418145764482,0
0,2.384308114373163e-08,0
0,0.000736330560151045,0
0,3.013323082554914e-06,0
0,2.0875587627034843e-11,0
0,2.064150981194829e-15,0
0,0.017575196174327685,0
0,5.872671791744836e-11,0
0,2.8078402095877414e-06,0
0,0.0006218899991185906,0
0,2.4235802255952625e-11,0
0,0.0017881580520918046,0
0,0.0006269192724683976,0
0,0.023652158268938912,0
0,3.641320637795417e-12,0
0,4.735464470350104e-15,0
0,0.006998315127200415,0
0,5.192571993258896e-12,0
0,4.4077353505362995e-12,0
0,0.0004362570542721045,0
0,8.66395171158344e-16,0
0,0.001310823829040832,0
0,6.585191417752842e-15,0
0,0.00021819243358190476,0
0,0.0007133603641161952,0
0,5.147693877848863e-15,0
0,0.0003335552255499951,0
0,0.010063306874188372,0
0,2.462266840170412e-06,0
0,3.3903658835452764e-06,0
0,8.528889262005684e-16,0
0,1.2659563833149484e-15,0
0,8.311405567192426e-16,0
0,1.5568692977284683e-05,0
0,6.489308585831621e-05,0
0,0.01827945915401008,0
0,2.5194884401840743e-14,0
0,0.009819170276060685,0
0,2.0291013046947477e-06,0
0,0.011210757433654114,0
1,0.9827748643764407,1
0,1.160203424678702e-14,0
0,2.7842938178576464e-06,0
0,5.581676585653643e-12,0
0,0.0009324872734810588,0
0,2.3188479485216623e-05,0
0,0.02526605529600588,0
0,0.0009091045954863282,0
0,7.90850242603526e-06,0
0,0.01261922019025948,0
0,0.009532044535827174,0
0,2.8595458366282153e-12,0
0,2.276041196168137e-16,0
0,6.6472002845941185e-12,0
0,0.02196818741854978,0
0,3.773395206789196e-05,0
1,0.9778990009813435,1
0,3.9891514770047185e-12,0
0,3.0811067658558856e-06,0
0,3.578456539955823e-12,0
0,5.714668890119932e-16,0
0,0.00031833691857235025,0
0,0.00048141134960714185,0
0,0.8463845525479472,1
0,2.9260668406490977e-12,0
0,2.4852316021632863e-11,0
0,0.6868264869620014,1
0,1.1380881012255197e-12,0
0,2.9472479020039923e-06,0
0,0.01887428038085362,0
0,2.2728175175363376e-10,0
0,0.009063619629837344,0
0,0.0016875291877397741,0
0,0.00027761760962392845,0
1,0.9847016964819111,1
0,3.2839250496742147e-10,0
1,0.9995233044648821,1
0,5.386048965005106e-12,0
0,0.0011086696029397065,0
0,0.02268705520500242,0
0,3.7023521164540734e-11,0
0,0.0006655308573292734,0
0,0.0009934133213013161,0
0,6.04746917739664e-05,0
0,0.0001295103798522055,0
1,0.9893020162750125,1
0,0.021093089720319137,0
0,0.0007338607609702425,0
0,1.7617790551224136e-11,0
0,5.486558015781642e-06,0
0,0.0005642486881030895,0
0,0.009764788444047958,0
0,0.00047696482847841166,0
0,5.022058075443937e-06,0
1,0.9999994755651959,1
1,0.9999995376889833,1
0,4.60511740024522e-06,0
0,3.890755848995635e-06,0
0,2.935480338115124e-11,0
0,0.010610520516419492,0
0,3.127784233422229e-11,0
0,0.9610494175483848,1
0,6.446548515622533e-15,0
0,0.001585686975663795,0
0,0.018226832121664416,0
0,0.7274288888060854,1
0,0.0018120832876690868,0
0,3.3770890633397175e-05,0
0,0.014655423455096862,0
0,0.000870974819045552,0
0,1.6593232201967646e-06,0
0,2.887236158786255e-16,0
0,2.375226858384621e-11,0
0,0.018336896387118547,0
0,3.949976340560835e-11,0
0,0.021182551647167522,0
0,0.01700401742332789,0
0,0.0004922558769581167,0
0,8.529594337560191e-05,0
0,0.0007103058748929453,0
0,2.251889377027061e-06,0
0,0.009377573493264145,0
0,1.4480302753056429e-11,0
0,0.012401003284848762,0
0,0.8787544240595759,1
0,3.7483885605782097e-06,0
0,0.0006391730420467864,0
0,7.204353638629169e-06,0
1,0.7988925660541015,1
0,5.115886987933885e-06,0
0,6.487956211876212e-12,0
0,0.0004972374257655685,0
0,0.0005112890824077836,0
0,0.0009602338542078802,0
0,5.7990915438753344e-11,0
0,0.026619667922690327,0
0,0.018153576100903908,0
0,0.001704460439517262,0
0,0.6834163058001633,1
0,6.5941224573990005e-12,0
1,0.9999999986599344,1
0,2.0675571597274506e-06,0
0,0.000745675497919421,0
0,7.725455559775379e-05,0
0,9.13545754023301e-16,0
0,0.04139375693865846,0
0,1.267149722826965e-15,0
0,9.949731951338467e-16,0
0,1.3824735223269311e-15,0
0,0.006068715589926108,0
0,6.235200177656842e-05,0
0,0.007883729547014934,0
0,0.01443980643911033,0
0,3.0322554128467536e-06,0
1,0.9992503398999283,1
0,0.0001887219335875136,0
0,0.0006822572468749147,0
0,0.011541022031471932,0
0,3.4483148375040243e-12,0
1,0.99999999710715,1
0,6.827920248479789e-11,0
0,8.193252268798582e-12,0
0,0.003149251711610603,0
0,2.9336659375268443e-06,0
0,3.289621196176501e-05,0
0,0.012837694106083207,0
0,3.3395873282830428e-06,0
0,2.7943263649697778e-06,0
0,1.759306273655226e-15,0
0,0.0012270546823430603,0
0,0.0013625109383744623,0
0,0.018502007016100965,0
0,0.0008538350823147,0
0,5.209283177550375e-05,0
0,0.019526823492836718,0
0,3.4626250971279456e-06,0
0,6.2160764029400736e-12,0
0,0.025693052928922964,0
0,3.746118862680593e-05,0
1,0.9929330317778673,1
0,0.016404771401984576,0
0,1.3658810204746079e-11,0
0,0.0003035490839212345,0
0,2.2407932604470396e-11,0
0,0.0005386318787037564,0
0,0.03872196398075289,0
0,2.5817943951835485e-16,0
0,0.023266251277452802,0
0,4.685211993579628e-12,0
0,3.912819465285164e-12,0
0,0.7340519487283692,1
0,0.00022425234278336282,0
0,0.7390453295951906,1
0,3.0910399368178584e-12,0
0,0.01211483467228733,0
0,1.5137563839470338e-05,0
0,0.00039606637989892995,0
0,0.0006489464459732807,0
0,1.1570603924780722e-12,0
0,4.3969914001229616e-16,0
0,1.0107873762157864e-14,0
0,5.063252368486768e-12,0
0,0.0002213991766747182,0
0,3.6386599391643587e-06,0
0,2.2750207027087004e-12,0
0,2.347641528205329e-06,0
0,2.96021381517365e-11,0
0,0.002042499375114583,0
0,2.6273322066176815e-12,0
0,4.396347559436453e-11,0
0,8.60212688594601e-07,0
0,1.71907775611033e-11,0
0,1.4275391543283851e-11,0
0,2.15015234935732e-12,0
0,7.027047566933934e-11,0
0,0.00010463134244824264,0
0,0.008657209531073766,0
0,1.8625730959080344e-06,0
0,0.015337123516538622,0
0,3.602442753405118e-06,0
0,0.010235507590813332,0
0,0.0005845290414857083,0
0,0.0029746874664014255,0
0,0.0004862289391158999,0
0,8.992443568062917e-16,0
0,2.1187895314220335e-06,0
0,0.8044240424361584,1
0,0.008428210743696483,0
0,0.7000285430915687,1
0,0.007390116864386091,0
0,0.00010405277083047136,0
0,0.801304087949907,1
0,3.341644735975896e-16,0
0,0.017687025656423338,0
0,0.0007041222719592805,0
0,0.00041224536181944826,0
0,3.219592519295209e-06,0
0,0.0005585025235152904,0
0,1.51927261332482e-11,0
1,0.9946410174675411,1
0,0.0003898539564460066,0
1,0.9966916846194476,1
0,2.4982804331066583e-06,0
0,4.170561392709171e-05,0
0,0.01882707081639168,0
0,0.00035930927460822514,0
1,0.9307069600945733,1
0,0.008084654090190385,0
1,0.8496296679335438,1
0,5.9405576576817385e-12,0
0,7.0292137136571645e-12,0
0,4.39286343173742e-06,0
0,0.013719102581432736,0
0,2.203946655596775e-05,0
0,0.00043018325534329344,0
0,0.006349111136085781,0
0,0.0004990571401345758,0
0,1.1740495464391092e-15,0
0,0.00025196557034520356,0
0,5.30155133061207e-12,0
0,0.020594526758723284,0
1,0.9898979356032895,1
0,0.006563275585903151,0
0,0.9773027388181644,1
0,0.0010441407305927949,0
0,1.146590033446356e-15,0
0,0.010152753996490155,0
1,0.9215141960966041,1
0,1.0526485696902192e-05,0
0,4.083024402189729e-06,0
0,0.0013341120523832708,0
0,5.610271028394115e-16,0
0,8.82269914762239e-12,0
0,0.0009991519861837674,0
0,4.66380042257692e-11,0
0,0.000878114592998269,0
0,0.00031096914487542125,0
0,1.4385834868198354e-10,0
0,1.3964520290100607e-15,0
0,4.013456640250558e-06,0
0,3.848464013385119e-06,0
0,0.006485495804217628,0
0,0.0005237452232651746,0
0,0.04741307712733373,0
0,2.8605982404544853e-11,0
0,0.006468599475487082,0
0,6.328902801430678e-06,0
0,1.5955475851502864e-05,0
0,0.005516719700345005,0
0,6.48912545343234e-15,0
0,0.01344648540258086,0
0,0.8053649215130202,1
0,0.0006122860919931652,0
1,0.9857963196987334,1
0,0.0014317369276841694,0
0,2.0739831079849866e-15,0
0,0.009809818229824898,0
0,0.011356740996139161,0
0,0.00037840015878033164,0
0,0.0010474537541992287,0
0,0.00034980908257919335,0
0,0.023283689633769554,0
0,0.0021604700480009416,0
0,6.542878210306033e-11,0
0,0.0010121124089538574,0
0,2.531259543289305e-07,0
0,6.509724015232466e-16,0
0,0.0007880275478099754,0
0,1.6250841750989569e-15,0
0,0.001140764305946786,0
0,0.0020732470535268417,0
0,7.1599204469757884e-12,0
0,2.092765376224677e-06,0
0,0.00014989047937639775,0
0,7.298266927628917e-16,0
0,7.318524251976252e-12,0
0,0.8718133630081878,1
0,0.811406383888233,1
0,0.0006590414524968103,0
0,3.590478692314152e-12,0
0,1.9881762545446102e-12,0
0,0.023270347380998698,0
0,0.00018735190073878587,0
0,0.00041541818813895865,0
0,0.018657984480189453,0
0,1.4153970596785104e-15,0
0,0.0006177249045381133,0
0,0.012942939559430804,0
0,0.0016176159345166995,0
0,0.008331127990248524,0
0,0.7816074126434088,1
0,8.202654869736218e-06,0
0,3.38747119324922e-05,0
0,1.5026579518229198e-11,0
0,3.0383287980696304e-12,0
0,0.0006636221934003349,0
0,6.476984629306167e-11,0
0,0.7588113706081692,1
0,0.000650138298607428,0
0,0.0004650389244784991,0
0,0.0005043564282982213,0
0,1.397687820003234e-05,0
0,0.0002872204340308967,0
0,0.7745566613439252,1
0,1.2455941296218125e-11,0
0,2.546995955817749e-06,0
0,2.8310706345309633e-11,0
0,0.7512297492656105,1
0,8.092297897671897e-07,0
0,0.014358069313487968,0
0,6.488900015889781e-16,0
0,1.620833673900463e-15,0
0,0.0004920908893519355,0
0,3.452824816652688e-05,0
0,1.679683383385862e-15,0
0,0.0009405648194670469,0
0,0.007896068266911437,0
0,0.013849606821872586,0
0,6.07937928787852e-12,0
0,0.023942430695463555,0
0,8.020434478951716e-12,0
0,1.5651004550628816e-14,0
0,0.0009474583157669153,0
0,0.001018787427319813,0
1,0.9911641663994508,1
1,0.8478252978233215,1
0,7.302120174464391e-06,0
0,3.900207549828409e-16,0
0,0.010283370009576048,0
0,8.897147092090549e-15,0
0,3.6106962154122745e-12,0
0,0.00800885008885974,0
0,9.53287703581769e-06,0
0,0.014916871227355464,0
0,3.74421658983618e-06,0
1,0.9531881773856037,1
0,8.848533745589569e-16,0
0,1.2628878178479587e-11,0
0,3.8172306283030593e-16,0
0,0.013186420693806057,0
0,0.011821578185642577,0
0,2.1058319676704984e-06,0
0,3.5551303754457242e-06,0
0,0.014475616591093064,0
0,2.3079365968397944e-15,0
0,1.3653356676385457e-14,0
0,3.427219352480206e-06,0
0,0.0008739766786311798,0
0,0.02332500494780932,0
0,0.8018724418053498,1
0,0.00047852716601082945,0
0,0.010950839217633441,0
0,4.546728570071226e-16,0
0,8.794015075159024e-12,0
0,7.47355084493617e-12,0
0,3.40288987554605e-05,0
0,3.03954941923907e-06,0
0,0.02459386341544829,0
0,0.8701081579317564,1
0,2.0668529697598314e-05,0
0,0.012965531526986391,0
0,0.04603606922612901,0
0,0.00045694378789490944,0
0,1.7930369085670285e-11,0
0,4.81241731279714e-06,0
0,1.3249194382307873e-06,0
0,6.056262600994864e-12,0
0,0.00042726464880246185,0
0,0.00023911981185282513,0
0,0.950334857519144,1
0,0.0008903684426444077,0
0,0.0002993343843777605,0
0,4.5477369187760965e-06,0
0,0.7812388343079198,1
0,0.0016199991004696953,0
0,6.985415391078385e-16,0
0,2.3546222797641012e-14,0
1,0.9956045994837606,1
0,3.415066010564955e-06,0
0,0.0013678645520138295,0
0,1.7127964669728184e-15,0
0,0.00025075993204476193,0
0,1.2875487498181739e-15,0
0,6.524383006675729e-06,0
0,0.01809905322623438,0
0,6.295093047077618e-15,0
0,0.016032020889634204,0
0,0.0016287829983975546,0
0,0.0005375262159038001,0
0,0.8522044407309999,1
0,0.9175506567683036,1
0,0.000714569498023263,0
0,0.03994890192785834,0
0,9.339949416412345e-11,0
0,3.780506929581742e-05,0
0,0.0010255678982370423,0
0,0.021025222853287378,0
0,2.106517297810764e-06,0
0,1.8374131979445958e-06,0
1,0.9679416383218065,1
0,0.02297287135444871,0
0,3.828908651649969e-16,0
0,0.017058041326029914,0
0,4.149105560013221e-12,0
0,0.0007361135193728202,0
0,0.010561389926357398,0
0,5.57669379695117e-16,0
0,8.59763826370851e-16,0
0,8.163707144212467e-15,0
0,3.763896879173912e-15,0
0,4.796039971915907e-12,0
0,2.5632537583510078e-11,0
0,0.0003899288113288787,0
0,1.0485092789919508e-15,0
0,0.0004594803576665429,0
0,6.956349458600144e-12,0
0,0.021833536460256788,0
0,5.092971507956003e-06,0
0,1.3694505365896875e-15,0
1,0.9999999986262538,1
0,0.010138672776202331,0
0,3.7701693299874866e-06,0
0,1.4811111679389833e-11,0
1,0.9794596597113805,1
0,0.0004061545441330948,0
1,0.9969252439489993,1
0,6.34649127832061e-16,0
0,0.01582251450605873,0
0,0.019052891662681756,0
0,0.00020473380421917551,0
0,0.00017923736073501657,0
0,1.1517320183801624e-15,0
0,0.027395426675519936,0
0,0.005859882845499376,0
0,3.902773142508754e-06,0
0,1.4206620479040273e-06,0
0,0.020602839544004176,0
0,0.0002799510885609122,0
0,8.817028289342087e-12,0
0,0.02577243450264363,0
0,0.0013049885380528694,0
0,5.849113372231305e-16,0
0,9.034615650125e-12,0
0,7.486463740917925e-06,0
0,5.1770439302915745e-11,0
0,0.01475400334944883,0
0,0.0006599302918106041,0
0,6.002797041784493e-11,0
0,1.2678923128243124e-11,0
0,0.0160465227227871,0
0,0.0003546026731467417,0
0,1.3799742686930354e-15,0
0,0.0021815781787577946,0
0,7.530662384739678e-11,0
0,5.685208786921667e-16,0
0,1.4677627726462487e-06,0
0,3.549010245657845e-07,0
0,6.034252534295469e-06,0
0,6.676552040813798e-06,0
0,0.01970351443636368,0
0,1.9816317443831727e-05,0
0,1.308501221455524e-15,0
0,0.0019350897073632928,0
0,0.018721842440130858,0
0,0.0001838251886820643,0
1,0.9999998047142666,1
0,0.027584556550397304,0
0,0.014563376861852837,0
0,5.1991593000174336e-08,0
0,3.2288402530660927e-15,0
0,4.836223436864489e-16,0
0,3.33055913796067e-06,0
0,0.7501531433161502,1
0,3.8184977141138945e-06,0
0,0.01992486753054469,0
0,6.579663688879001e-12,0
0,4.958559996579121e-16,0
0,0.000499448373360113,0
0,2.6056748016939154e-15,0
0,0.00012172562985438236,0
0,0.8885923548287558,1
0,0.022153796936132713,0
0,0.0012690053930473598,0
0,9.017129753138826e-12,0
0,0.00030162727689183775,0
1,0.9833934400093355,1
0,0.0011075279777526341,0
0,0.014133634965633187,0
0,0.0008796459780289101,0
0,3.6503201860733284e-11,0
0,1.892981621705357e-11,0
0,6.140828183636696e-16,0
0,1.1373836580755909e-15,0
0,0.006410769627917305,0
0,0.010806747106452009,0
0,3.8543603082237415e-12,0
1,0.9928340940061802,1
0,6.451543839598615e-06,0
0,2.3104088281554396e-06,0
0,0.009556906626497597,0
0,0.0001958158015022873,0
0,0.009224138675643952,0
0,0.0008163881561436625,0
1,0.9999134337946785,1
0,4.036102126498446e-06,0
0,0.0010051229491551978,0
0,0.009211822528636473,0
0,0.0004439595491413406,0
0,4.7078433578825415e-12,0
0,5.089051163678762e-12,0
1,0.9999989376601409,1
0,0.009440533611527817,0
0,0.00031175534932722376,0
0,3.976445443501418e-12,0
0,4.043769328531661e-08,0
0,0.017723581973530588,0
0,1.5989726985878529e-06,0
0,0.7623469331852364,1
0,1.2291136304469139e-15,0
0,0.7229563672594894,1
0,0.9547971282001348,1
0,0.019044409726959772,0
0,0.002093713740493524,0
0,0.013815701266658586,0
0,8.439126649653875e-12,0
0,3.4822433235000277e-15,0
0,3.306237707487312e-05,0
0,0.0012342993234283118,0
0,6.6487724686907065e-12,0
0,0.0005285238478560483,0
0,0.0010252201610060944,0
0,4.2870329366539144e-12,0
0,1.7768358722582618e-06,0
0,0.004433641532180721,0
0,0.014739711086670855,0
0,0.0030570647887577045,0
0,0.013812873221228065,0
0,1.871086267980255e-05,0
0,7.267160184794594e-16,0
0,0.012350128220612952,0
0,6.221360594568355e-15,0
0,2.1645042775119894e-06,0
0,7.1023030070996815e-06,0
0,0.00043652378034374835,0
1,0.9999999999931564,1
0,0.01749645787514976,0
0,2.297469911655997e-06,0
0,0.000327117506118501,0
0,1.249245000683791e-06,0
0,1.3408656337319627e-15,0
0,0.0025840636249217937,0
0,8.239581051009216e-06,0
0,9.036292367933155e-12,0
0,5.33166964138134e-11,0
0,4.9170653426075375e-06,0
0,1.7186899358740624e-15,0
0,6.825276602339772e-12,0
0,8.026968661291398e-16,0
1,0.7839940600987317,1
0,9.280154692842254e-12,0
0,4.9389067498274724e-12,0
0,1.196658103999079e-14,0
0,0.0007258814283564984,0
0,6.580829283583256e-15,0
0,0.012773876341915518,0
1,0.9889099473978964,1
0,0.00784185374492266,0
0,0.016160897517510278,0
0,9.606142305997134e-16,0
0,9.151139578966014e-12,0
0,4.021070393647576e-12,0
0,3.7552580448826655e-16,0
0,1.3624255783182379e-14,0
0,1.479408966633821e-11,0
0,4.794171362723903e-06,0
0,0.017696359073039045,0
0,0.020254979283711953,0
0,5.052319567390879e-12,0
1,0.9995433784220313,1
0,4.043300597732902e-06,0
0,0.022426164244725332,0
0,0.03073344529609572,0
0,0.7639127042478872,1
0,0.0013180835607415093,0
0,2.0841560294575387e-05,0
0,0.0180039804695461,0
0,0.0013867078809597787,0
0,3.6230784213253554e-11,0
0,4.929929982775175e-11,0
0,0.00896490025029896,0
0,0.0001729821981154579,0
0,0.0015169065143426838,0
0,5.124898378648364e-06,0
0,4.376760597828905e-05,0
0,0.0008197905938309312,0
0,3.6235860210051753e-06,0
0,3.513162985913003e-06,0
0,0.01680753582182296,0
0,3.884260702411965e-06,0
1,0.9999998140220765,1
0,0.0006867948493788754,0
0,2.203003525938884e-06,0
1,0.9959560190336584,1
0,0.0006290391322786274,0
0,0.004511194648778775,0
1,0.8392772493130494,1
1,0.9816710765474977,1
0,7.402180054931164e-06,0
0,4.661145641324395e-16,0
0,0.3439168494997863,0
0,0.013113615414386895,0
0,0.0007038136610940971,0
0,1.8607791741698573e-06,0
0,0.0005281607638981529,0
0,0.0009056807045247655,0
0,1.3203598548707239e-15,0
0,0.03547157141665295,0
0,4.613531289256866e-15,0
0,0.0004178270430103252,0
0,4.077034434737365e-06,0
0,0.04658489881715047,0
0,0.0009293701102955954,0
0,0.0006752270973359613,0
0,5.3768702015594804e-06,0
0,1.6226771193013735e-06,0
0,0.0005217797594242072,0
0,2.693041174923509e-05,0
0,6.741155517743803e-06,0
0,5.0631818798627125e-06,0
0,0.012354676678376149,0
0,0.8532085700920123,1
0,0.0007960447094784544,0
0,0.016644492081402347,0
0,0.0006505656015303788,0
0,1.7877815777428944e-15,0
0,0.0007647862642093285,0
0,9.020891397593038e-12,0
0,0.01574403081018863,0
0,0.03817623481263139,0
0,0.00035158667121337164,0
0,0.001051574236623969,0
0,9.847817732018926e-15,0
0,4.3188133249593035e-11,0
0,0.0007267926857576424,0
0,0.000756669399106367,0
0,0.0006663960291777822,0
0,0.0001108369989000109,0
0,4.161667060443952e-06,0
0,4.18635553928542e-06,0
0,0.0009676802808397321,0
1,0.9969208896012973,1
0,0.019429720660181112,0
0,4.444282586342662e-12,0
0,0.0008058536094576355,0
1,0.8606221014791698,1
0,2.5134445249636558e-12,0
0,0.01419437731147172,0
0,0.0006774349392718226,0
0,0.0008933195601938039,0
0,0.010152683069825872,0
0,0.010331346117578539,0
0,0.018996877282504553,0
0,1.4697244045812479e-06,0
0,7.902165745834118e-16,0
0,1.7385252901645074e-15,0
0,5.2514337845739906e-11,0
0,0.031065917104242575,0
0,8.991605605069293e-06,0
0,3.399119650783804e-06,0
0,1.0629637884416222e-06,0
0,9.97965368800362e-16,0
0,0.00043344228311628397,0
0,2.1214883780321232e-06,0
0,3.6376922592284294e-06,0
0,0.0008918232197216382,0
0,0.7209334954526575,1
0,2.691534678958274e-06,0
0,0.0013522809099290453,0
0,0.0004961029158613888,0
0,3.675487423946104e-06,0
0,0.00045486668419204894,0
0,0.0005045886332420114,0
0,3.88035094137656e-12,0
0,1.041073346341919e-11,0
0,0.001198094802308134,0
0,4.384477772053958e-12,0
0,7.738323364268103e-16,0
0,0.01720478012503031,0
0,0.00115414462075806,0
1,0.9999074717243903,1
0,5.991105713366295e-12,0
0,7.74423378663198e-11,0
0,2.63675527590033e-06,0
0,0.011854941498544366,0
0,0.0003814716571474194,0
0,0.0014018647451934701,0
0,7.236605675173408e-15,0
0,9.847045785238672e-06,0
0,0.00061337658228198,0
0,2.967047305625659e-10,0
0,0.013929035636875076,0
0,7.275635666398285e-16,0
0,2.9471475585259416e-05,0
0,4.6691616405341026e-11,0
0,3.242420959487357e-12,0
0,0.03159470178066388,0
0,0.00032761465244614805,0
0,5.922476984036381e-06,0
0,0.0007125122089676942,0
0,0.008370264443905531,0
1,0.9963182888159554,1
0,0.0002764761882879324,0
0,0.9738534742853363,1
0,0.0006958811459280322,0
0,0.0006474965790366025,0
0,0.006304075919428455,0
0,0.001090882599074675,0
0,0.0006272682721488508,0
0,2.4238174772506314e-12,0
0,1.4623128991611995e-11,0
0,0.015361602523177238,0
0,0.0025330901304098023,0
0,2.9123827297781827e-05,0
0,2.6349630745934133e-11,0
0,0.030736557702816927,0
0,0.021042167145186547,0
0,4.413689192160207e-12,0
0,1.1904660049688377e-10,0
0,1.3428785117980267e-11,0
0,8.808404791149439e-07,0
0,4.223022077980993e-06,0
0,7.197416841916072e-05,0
0,0.0012079928945980779,0
0,2.979573937169731e-11,0
0,5.684617035193996e-06,0
0,0.0007473386255868038,0
0,0.010238989456939804,0
0,2.817345688754586e-05,0
0,8.277619040244779e-16,0
0,3.394063371787684e-16,0
0,4.429374917876693e-06,0
0,3.429735345117603e-06,0
0,8.51952904977403e-16,0
1,0.977549393961997,1
0,0.9100334141591293,1
0,2.436277615429265e-10,0
0,0.9664899346058146,1
0,3.568528501104308e-06,0
1,0.9884111061576941,1
0,0.002270203833531721,0
0,0.00010401226792433455,0
0,4.545270351151401e-06,0
0,0.01438968726212484,0
0,0.02115235977142822,0
0,0.0012307552176293644,0
0,0.000577286747232677,0
0,0.031736369272344404,0
0,1.635896547804181e-12,0
0,2.8270153216823017e-12,0
0,0.0004264002019124571,0
0,0.0002991655892454502,0
0,0.00035899626987425683,0
0,0.028764985561810712,0
0,5.592224602971016e-15,0
0,6.279192689809058e-15,0
0,0.0003930544477591542,0
0,1.7993285282953672e-06,0
0,5.938199235461224e-06,0
0,0.00035544383884571966,0
0,0.0004003580960353118,0
0,2.5274019040857865e-06,0
0,3.3937224024778557e-06,0
0,3.4921525786628816e-06,0
1,0.9893902082185426,1
0,5.669685817871087e-06,0
0,0.025132106733672922,0
0,0.006907154689062253,0
0,2.164946825773298e-06,0
0,0.000845017426346512,0
0,0.0007348383741016885,0
0,3.0531655649678666e-12,0
0,1.8820654302893601e-06,0
0,0.0008558966675617356,0
0,1.385529394169572e-06,0
0,0.00890840813064278,0
0,7.09969232698308e-06,0
0,4.095344066242698e-06,0
0,1.0797570848073644e-11,0
0,0.0001399448570213037,0
0,1.7054819102367237e-15,0
0,2.9639019059368382e-12,0
0,3.591063184475637e-11,0
0,0.01943405340683573,0
0,0.0007637958649991059,0
0,0.0012622912040393518,0
0,0.015224034831384861,0
0,4.073599066023104e-09,0
1,0.9999996464079415,1
0,1.7730464380444333e-06,0
0,0.017826086163058672,0
0,6.401715116888292e-10,0
0,2.6838392414221793e-15,0
0,1.1761395016169614e-15,0
0,0.0003886253711870536,0
0,1.070187928364326e-12,0
0,0.017707971045896317,0
0,1.0528111021170185e-15,0
0,0.0007706295369573179,0
0,5.545855104697259e-06,0
0,0.03517702120689966,0
0,2.330980197843421e-11,0
0,2.7760491002654147e-11,0
0,0.015456569237501584,0
0,1.9845918341197667e-05,0
0,4.599726822987993e-12,0
0,0.00011293368214539182,0
0,0.017043739076679644,0
0,0.0004860321170370833,0
0,6.077643797753478e-12,0
0,6.007562159703824e-12,0
0,2.858327567942817e-06,0
0,3.2483492229606784e-06,0
0,2.2077262315193333e-06,0
0,5.7693649179983644e-12,0
0,0.0015569510641455613,0
0,9.958511257902424e-15,0
0,0.0005095604979298838,0
0,1.0110845893487625e-05,0
0,3.280264277721397e-11,0
0,2.3158540734517717e-06,0
0,0.02925171488042615,0
0,0.0006132811993616221,0
0,0.955316093815675,1
0,3.846476655208754e-11,0
0,0.00048637802450414723,0
0,1.9900218232608412e-05,0
0,9.162010655641287e-12,0
0,4.344101621795753e-12,0
0,5.1631391407516975e-06,0
0,0.00034489831188707986,0
0,0.00043312786965520506,0
0,0.002075154864197602,0
0,5.4216551646943477e-11,0
0,0.8993900155669975,1
0,2.6091392236649936e-11,0
0,4.800044672552105e-16,0
0,0.0005922365506587831,0
0,1.0926639073502597e-05,0
0,3.674266329783245e-06,0
0,4.409057616232764e-12,0
0,0.0007408964819308654,0
0,0.0010936653537604178,0
1,0.9996414608340967,1
0,0.0017157602298869296,0
0,4.240460715491811e-06,0
0,0.0013549373394497496,0
0,0.032895474528667666,0
0,6.694803693254996e-06,0
0,2.2228565959621293e-15,0
0,6.492371447618222e-06,0
0,0.022008958825327673,0
0,0.0007786895078551113,0
0,0.014010911142875887,0
0,3.2747203232335827e-16,0
0,8.727147112646708e-16,0
1,0.9909737548534592,1
0,0.000993677440048197,0
0,0.8017777216742168,1
0,1.870700905624761e-15,0
0,0.006301946665357289,0
0,1.425406774751637e-15,0
0,1.6710474000302767e-14,0
0,0.582169885935345,1
0,1.0805533438340616e-11,0
0,0.018928017811553097,0
0,3.173864689027074e-05,0
0,0.0012958937142246874,0
0,0.0006909995992918661,0
0,8.509861196587355e-11,0
0,6.891199914148579e-16,0
1,0.9996503440123186,1
0,2.3472024866844708e-12,0
0,3.56462594835946e-16,0
0,7.1870507048902346e-12,0
0,0.8080896045012701,1
0,0.014554657893999286,0
0,7.84293749570033e-12,0
0,0.018507125274443013,0
0,3.39895776607951e-06,0
0,1.7014416798972435e-05,0
0,0.0007296656781587038,0
0,3.696989881985472e-11,0
0,1.9328666698783643e-11,0
0,6.309166735600186e-12,0
0,0.0004125320945086506,0
0,0.00026253462988640684,0
0,0.8938810250786944,1
0,1.3317715611110113e-05,0
0,0.008549663666924778,0
0,0.04119065826533657,0
0,0.0007037211629861185,0
0,0.878449910550329,1
0,1.8313048012174927e-11,0
0,0.0008884145502745518,0
0,0.027180304510405384,0
0,1.9019194319287742e-16,0
0,4.775738893691359e-12,0
0,0.0007598029353820004,0
0,6.19479543474693e-12,0
0,3.8079160306458803e-06,0
0,4.8610261281804354e-06,0
0,0.019773553923578536,0
0,0.7125572634076737,1
0,0.01181172897509907,0
0,0.019946448194476985,0
0,0.02393972969298716,0
0,2.6103056329891195e-11,0
1,0.9881704357597444,1
0,3.2439029204189827e-11,0
0,0.027641506037914442,0
0,1.012474567148813e-11,0
0,0.0012762315949529587,0
0,4.0946509912830555e-12,0
0,5.4588234436735134e-05,0
0,0.028849417775645966,0
0,0.0272125739774817,0
0,0.0018190037988965791,0
0,2.60823489058044e-11,0
0,0.011710633570390075,0
0,4.8690831741069634e-11,0
0,5.771308814173512e-06,0
0,0.000522956481529808,0
0,2.8652973297252387e-05,0
0,3.267580888454218e-16,0
0,0.001548225116468616,0
0,5.813476823281946e-12,0
0,0.0007981991712173606,0
0,8.305632132486039e-12,0
0,0.0006322693589476582,0
0,0.01473340219682782,0
0,0.003044660362170124,0
0,0.0005892437037685282,0
0,0.8629699228022025,1
0,0.0007042724578090984,0
0,0.015374413196637333,0
0,1.7539770229139645e-11,0
0,3.5150789672131203e-06,0
0,2.5143145045084005e-07,0
0,3.586280803851669e-06,0
0,3.285736682785357e-15,0
0,5.271896878002187e-16,0
0,1.7980743185127636e-05,0
0,0.00022005795739844826,0
0,3.545254962829445e-12,0
0,2.4060638560707627e-06,0
0,0.04363407136995195,0
0,0.0009008427864876046,0
0,0.0009972487026070906,0
0,3.6779250569517824e-12,0
0,4.327602797879085e-12,0
0,0.016007430286470063,0
0,3.3904328276635517e-07,0
0,6.776496883360353e-12,0
0,0.0002066447841155885,0
0,4.3777998880629446e-12,0
0,0.026674678315902586,0
0,1.3585118072840983e-07,0
0,0.00023483245859302462,0
0,7.3767049981675e-16,0
0,2.5550128438188824e-12,0
0,0.0006939855443099133,0
0,0.00044437384236654655,0
0,2.195492614035584e-06,0
0,0.0007575436663971262,0
0,5.164818102467957e-06,0
0,0.00045032735099724666,0
0,0.011148580201677328,0
0,0.5682655671414371,1
0,0.0005413268346289064,0
0,4.176518660913179e-06,0
0,9.678135884543194e-15,0
0,6.082691111172205e-16,0
0,4.050857951219485e-06,0
0,0.013940425357723373,0
0,0.009234897495380593,0
0,5.622982777082972e-12,0
0,1.7638268306499633e-16,0
0,0.001542994179991633,0
0,0.0005253990973206478,0
0,3.0087716435486145e-15,0
0,2.590768016795428e-06,0
0,2.7656577671690264e-11,0
0,1.2173516375949222e-11,0
0,0.0004213195062088279,0
0,3.781155922441723e-06,0
0,0.00039603238472511986,0
0,7.671803476066009e-16,0
0,1.0379691792293256e-11,0
0,0.00034617211983712124,0
0,0.000784172467736983,0
1,0.9892124918466378,1
0,2.247922549499058e-11,0
0,0.0007288084279795356,0
0,0.017586461946493652,0
0,4.175873453371624e-06,0
0,1.9008441820376082e-11,0
0,0.03187785393146819,0
0,0.0009943625569123116,0
0,0.019152657651676407,0
0,1.4657484815555936e-11,0
0,2.4415774597536492e-12,0
0,2.297428367641093e-06,0
0,0.00023575986689764085,0
0,0.016508608749017054,0
0,3.6412025154081613e-06,0
0,2.2050676245152986e-06,0
0,0.012306312580509859,0
0,0.00039601819704281185,0
0,1.3911772174812528e-14,0
0,0.0005634267342813793,0
0,2.0341379919014206e-15,0
0,0.017327452971281968,0
0,0.000608613686605883,0
0,3.933813858455919e-06,0
0,0.04047735210755687,0
1,0.9999415186405354,1
0,0.0008806831927826087,0
0,0.031939638202443256,0
0,4.617091342431146e-06,0
0,0.02029418964174255,0
0,4.3100157176452066e-06,0
1,0.9970898448368618,1
0,4.7134507438649015e-12,0
0,0.0011352010933178194,0
0,0.6309877622324834,1
0,0.0009712001433659656,0
0,2.6423731278228936e-12,0
0,0.00015845809842898894,0
1,0.9924588810220313,1
0,0.0003936132692881756,0
0,0.01856966721234108,0
0,0.03878704417862895,0
0,5.348657253009138e-06,0
0,3.0109346460445837e-12,0
0,0.029316399511800588,0
0,0.022554752574425886,0
0,1.3758462734112937e-11,0
0,5.925661787262394e-06,0
0,1.6429679878282e-11,0
0,0.006619477568101677,0
1,0.9999855496097156,1
0,3.968686823970522e-12,0
0,9.178537975346526e-05,0
0,2.3215072849766513e-06,0
0,0.027789268292017114,0
1,0.995887862856864,1
0,0.00012432293756458023,0
0,0.0005844851337136177,0
0,7.639394239975414e-12,0
0,0.0009994067141968418,0
0,1.7416330405877949e-06,0
0,0.005319559135301729,0
0,0.010490347035559728,0
0,2.8411558614798974e-06,0
0,2.064208631140161e-15,0
0,5.31835601353845e-16,0
0,0.016273859231305688,0
0,2.5779106195136714e-05,0
0,0.0002525378870957139,0
0,0.0004552687649329241,0
0,1.0315648442430422e-11,0
0,1.2231544202329295e-15,0
0,4.7017562218361985e-06,0
0,2.5045331499471938e-05,0
0,2.2582046602025353e-07,0
0,1.6191202405678996e-06,0
0,7.50733244920111e-11,0
0,5.363258490521144e-15,0
0,5.521762837561781e-12,0
0,4.083975201818973e-06,0
0,5.458313376022941e-06,0
0,0.030501171562690485,0
0,0.0006359020706640567,0
0,6.71279430887034e-16,0
1,0.9973802449433286,1
0,0.01059609053989664,0
0,5.452440857627745e-16,0
0,1.2196544728646124e-10,0
0,0.03571797816034901,0
0,0.0005106123543397718,0
0,0.026013661300743958,0
0,1.5734715731001716e-06,0
0,0.5565662998146212,1
0,0.0009412185070898975,0
0,0.03742803443245753,0
0,6.2325169700962274e-12,0
0,0.00036662515191816374,0
0,0.03164701013605594,0
0,2.5224672700008005e-06,0
0,3.3873971402302987e-06,0
0,4.613868440051348e-06,0
0,1.7466273459237603e-06,0
0,2.4274166209325025e-11,0
0,6.301529340997483e-06,0
0,6.171863826854638e-12,0
0,4.157611516134878e-12,0
0,0.0006526206874846488,0
0,2.011472761725581e-15,0
0,0.01557148427861067,0
0,3.283303927076577e-11,0
0,5.605026373276354e-16,0
0,7.536850447400207e-06,0
0,0.031901682629888246,0
0,1.6952104189354797e-06,0
0,2.019863168799897e-15,0
0,0.9520685941495359,1
0,0.9385905990171517,1
0,0.012506898154300502,0
0,0.00048166991336644357,0
0,0.0007460804810909392,0
0,4.150070442737761e-11,0
0,0.0001421846079517628,0
0,2.0514420577059973e-06,0
0,0.0008651023081585981,0
0,0.0007609325073979108,0
0,0.00044439527454304145,0
0,0.0006331990300382711,0
1,0.975397658414625,1
0,0.007944334282479374,0
0,0.8861706183759043,1
0,0.01103549157294587,0
0,0.018774007520883287,0
0,8.801125043704715e-16,0
0,7.451985750058456e-16,0
0,0.0013247492165906257,0
0,0.00015966641836465703,0
0,5.962549796729606e-08,0
0,6.737133431636634e-15,0
0,3.1002543154718774e-11,0
0,2.6773137067275908e-11,0
0,1.6122436091776838e-11,0
0,7.079011317214528e-05,0
0,0.04167952764360176,0
0,0.0015689253346457268,0
0,0.00022135036906565362,0
0,0.03551885264018669,0
0,0.0006694375567896081,0
0,1.3792219074349787e-15,0
0,1.4930120745527796e-05,0
0,0.0004695452068315014,0
0,0.030766126989517043,0
0,0.00017896874059887864,0
0,0.013404768341086374,0
0,0.027996228120823974,0
0,3.073284926890479e-12,0
0,5.279652091486756e-06,0
0,0.014232224699335735,0
0,8.142708267330216e-06,0
0,1.978353320369288e-06,0
0,3.162303104809742e-11,0
0,0.04523972148612665,0
0,3.878408951172773e-06,0
0,7.271284640946402e-11,0
0,4.325440799795514e-16,0
0,1.9322841887926452e-11,0
0,0.00035889293505322965,0
0,0.01840149317603542,0
0,1.1722704615804615e-15,0
0,0.009525515247532205,0
0,0.01778346949590051,0
0,0.0010889502719400106,0
0,0.00377387978545099,0
0,0.0008270966441035493,0
1,0.9558394170595135,1
0,2.5286289023369364e-06,0
0,2.076095199387397e-12,0
0,0.000762724218853688,0
0,1.8436753400195576e-11,0
0,0.02068379714411437,0
0,0.667057797528596,1
0,3.2598219669661316e-12,0
0,2.298564231457386e-06,0
0,8.631205666533697e-11,0
0,3.842933591257832e-16,0
0,0.017397227739899972,0
0,0.028932506687119528,0
1,0.9981418864038627,1
0,9.730975844875562e-16,0
0,0.0009775017879176708,0
0,2.146679115665068e-12,0
0,0.054554852343015554,0
0,0.0003573032523889608,0
0,3.4106741932831283e-12,0
0,0.9616210551061759,1
0,4.570209187461916e-16,0
0,2.886160424232212e-06,0
0,0.00032157629173224547,0
0,3.5626285704210593e-06,0
0,1.66053935072922e-11,0
1,0.9180144802571572,1
0,0.015149226033554996,0
0,0.030506044292272723,0
0,5.524435933923523e-11,0
0,3.882383816950483e-06,0
0,0.0004849760152862875,0
0,0.007517958505574903,0
0,7.673934471683128e-15,0
0,7.171214810670305e-06,0
1,0.9998078744154564,1
0,2.800881444929042e-07,0
0,0.0006817499440450915,0
0,6.653039919299224e-05,0
0,1.9647481275009914e-06,0
0,0.019646363807685183,0
0,6.778431260779197e-12,0
0,1.2775730339982997e-06,0
0,1.4332102161508522e-06,0
0,0.058078828072247665,0
0,0.030736341918393133,0
0,0.03781174012588179,0
0,0.0006638201890378598,0
0,0.00011107744229019678,0
0,1.1919314745980529e-05,0
0,6.639767031904828e-16,0
0,0.013279775784434188,0
0,2.461830343384304e-12,0
0,0.0006856331837691799,0
0,4.544015308711895e-15,0
0,0.0011918083480271316,0
0,0.00041633802699647345,0
0,0.0006092799902900764,0
0,1.1478242350081618e-11,0
0,0.015542429646879886,0
0,2.4332889917871822e-05,0
0,2.428338015797164e-09,0
0,0.0005097445070785343,0
0,0.023450644428744234,0
0,0.000574897572438583,0
0,0.029960292259573112,0
0,9.340082139531813e-05,0
0,0.020210710253203864,0
0,1.5272783960740173e-06,0
0,0.0009277939290946951,0
0,1.1987860128803318e-15,0
0,5.320376745407016e-06,0
1,0.9722356994412941,1
0,6.6396715985721306e-12,0
0,2.9001165074032942e-06,0
0,0.017711877292995986,0
0,1.2233559911037956e-06,0
0,0.020451931244037234,0
0,9.97420307023847e-16,0
0,3.906082207716844e-06,0
0,8.752252700837181e-12,0
0,0.9018467838742634,1
0,0.015945766275538478,0
0,2.525494284739447e-06,0
0,8.72974973382472e-06,0
0,3.844927909520121e-12,0
0,1.9787822197130065e-11,0
0,0.0008467646910563967,0
0,3.0525935078604756e-12,0
0,2.024706047399382e-06,0
0,1.7792189254110117e-06,0
0,2.0841445042254143e-06,0
0,3.0750763589328675e-06,0
0,0.021003601872391822,0
0,0.00038629928281647157,0
0,3.037508029351155e-05,0
0,0.0006100424285380887,0
0,0.9589060414316934,1
1,0.9999994609298822,1
0,4.520838492606379e-06,0
0,1.5507000065190157e-12,0
0,0.0680383571744974,0
0,0.0004083667050540068,0
0,6.282808381459005e-16,0
0,4.471010335426012e-12,0
0,0.00030269058488668297,0
0,0.013824543686433472,0
0,0.0009724503566642442,0
0,1.817854119481409e-06,0
0,0.01764646391806918,0
0,0.00352449004486531,0
0,0.02919394476671153,0
0,0.013641516850540776,0
0,0.0005376130887944822,0
0,0.0005532067850501009,0
0,3.2214130762104515e-11,0
0,9.013831400861316e-12,0
0,0.017524477189478953,0
0,0.8637752661316658,1
0,0.0004166123680497853,0
0,3.756720093812343e-05,0
0,2.5456098192839724e-06,0
0,1.8045433880513856e-06,0
0,0.0007446534018033268,0
0,4.970505486131771e-11,0
0,9.515936332705379e-15,0
0,0.019086069222678463,0
0,2.883980431535204e-12,0
0,5.314423234721637e-12,0
0,3.128352834813139e-06,0
0,5.318940813204346e-16,0
0,4.0946944453523665e-12,0
0,2.5386542505356414e-06,0
0,1.842215435765215e-11,0
0,0.8881769853219,1
0,4.456125986902814e-12,0
0,0.7668297271466095,1
0,9.238465739465869e-06,0
0,3.6553787359679886e-06,0
0,3.9253282331083093e-11,0
0,0.34614071559320214,0
0,0.005203807097177755,0
0,0.012070177892180222,0
0,2.209423232555411e-06,0
0,1.9813424893923976e-06,0
0,4.456793495488684e-12,0
0,0.023508909263136583,0
0,1.3433864902197853e-15,0
0,0.015091157276888667,0
0,0.007579572171298036,0
0,0.0005365545798222466,0
0,1.0623810504702314e-15,0
0,0.012916631179200139,0
0,0.0004745098040525653,0
0,0.0005753550434167095,0
0,1.817695928072418e-15,0
0,0.00030423502410580847,0
0,1.015145521791254e-11,0
0,1.1931124987000723e-10,0
0,0.0008449994877443046,0
0,0.021819844245170538,0
0,0.00011992211054954036,0
1,0.9662308383964616,1
0,3.5512527090658573e-06,0
0,0.0009679658623389837,0
0,8.674175091140545e-16,0
0,1.864868769006827e-12,0
0,0.013078546843124988,0
0,0.07587235832564389,0
0,0.9400416791663689,1
0,4.582233610308665e-06,0
0,0.018410181180690488,0
0,0.9079544871822853,1
0,0.9291654672247774,1
0,2.3761620075358835e-10,0
0,0.012160155412545302,0
0,0.0026942496865095993,0
0,5.820901884861532e-06,0
0,6.319952388489263e-06,0
0,0.017278000915707494,0
1,0.9945462534433128,1
0,1.1473321542289137e-11,0
0,2.705518178307704e-06,0
0,6.947233343184919e-16,0
1,0.9755952765075968,1
0,0.0005991085601733092,0
0,0.004773069309591014,0
0,4.870147106985398e-12,0
0,2.8440278159892498e-06,0
0,0.0055430177944270015,0
0,7.04640063605065e-16,0
0,3.5921441747625306e-06,0
0,0.033055774794066385,0
0,1.979244954768394e-12,0
0,7.474168348740332e-16,0
0,6.746229121360183e-16,0
0,4.373850267393242e-06,0
0,1.306028171437754e-15,0
0,1.2742950804345246e-10,0
0,1.2608327576354427e-10,0
1,0.9999999111745465,1
1,0.9972273511705977,1
0,6.072247530140556e-06,0
0,0.0005622686664852825,0
0,0.001260994225764974,0
0,0.000536966686156573,0
0,5.255973803747927e-12,0
0,0.0004779070050300587,0
1,0.999958911915004,1
0,7.246364214768909e-09,0
0,1.2484446949184065e-05,0
0,3.1019163562050454e-15,0
0,6.523457770706378e-06,0
0,0.04261482187869887,0
0,0.022682651816297972,0
0,0.04403439301405442,0
0,0.00036079912584897195,0
0,0.0012378458218317006,0
0,0.8879457600552569,1
0,1.0041937817935387e-15,0
0,0.00041463446693461466,0
0,0.011823732396110004,0
0,4.053075735563559e-06,0
0,4.285707292504718e-06,0
0,2.4759566686856366e-15,0
0,6.836150890787729e-16,0
0,8.464842290985062e-12,0
0,4.889393736191769e-06,0
0,1.7275194444781029e-10,0
0,1.5071524091224927e-05,0
0,5.718365175438792e-05,0
0,0.000256990119554069,0
0,0.016686701346208546,0
0,7.025362900607599e-16,0
0,5.841798681287126e-06,0
0,0.027067064956378662,0
0,0.0008665270912680082,0
0,0.0007806084237748267,0
0,0.016439681454699012,0
0,0.0011611819248647849,0
0,5.180383466598624e-15,0
0,0.0008117447918211578,0
0,7.900249661227963e-06,0
0,0.0015134723073843208,0
0,0.026854764663159635,0
0,0.000335483009956497,0
0,1.8646403338193022e-15,0
0,4.0978313712898135e-06,0
0,4.067482775109396e-11,0
0,0.0007223535722653561,0
0,8.210680107720511e-12,0
0,2.900893531175973e-10,0
0,0.9035535852467454,1
0,0.00041593289733935103,0
0,1.769427208711119e-08,0
0,2.3957490243234588e-11,0
0,2.8850623234723106e-06,0
0,0.026736795380804347,0
0,1.5118526991708672e-11,0
0,7.367633849579901e-16,0
0,1.8977291419125346e-06,0
0,0.014560321258226504,0
0,0.0010303160922332342,0
0,4.897161131186253e-06,0
0,0.01924417621527153,0
0,0.0006932966656908313,0
0,0.0242558890927105,0
0,9.754317261864003e-16,0
0,0.0011736281060549122,0
0,1.101721196335906e-15,0
0,0.019357883202256607,0
0,6.9800360892976926e-15,0
0,0.0003702256225969101,0
0,2.1564727461906274e-15,0
0,0.010154088622198045,0
0,0.009831739074090007,0
0,8.13694714616332e-11,0
0,0.015769000963652212,0
0,1.2623049608591895e-11,0
0,0.0004780195816583139,0
0,0.017621295906234034,0
0,0.0003893722307340029,0
0,0.0015684166410898904,0
0,0.001041529900552129,0
0,0.008292907276257127,0
0,0.029075510364703974,0
0,0.0010030014386953755,0
0,6.657203897349437e-05,0
0,1.0234470049790562e-06,0
0,1.1429080693483443e-12,0
0,0.0004124148251612289,0
0,8.524058420491392e-12,0
0,2.5084868584123595e-12,0
0,1.5465966795492647e-15,0
0,0.00081527753706679,0
0,0.014120032821398506,0
0,5.421020089805427e-06,0
0,0.0009940723486435794,0
0,0.01378389588013451,0
0,0.8161702325453376,1
0,2.717955049753479e-06,0
0,2.419920421435214e-07,0
0,3.3113759676504714e-15,0
0,0.010569705021977373,0
1,0.5473862219706707,1
0,6.356968035836692e-11,0
0,4.071395667199339e-12,0
0,2.5921620956796306e-06,0
0,5.2978901641642965e-06,0
0,2.1712305617626455e-06,0
1,0.9975491896094008,1
0,0.0006406530298611765,0
0,0.9602671296643341,1
0,1.4145836185594137e-10,0
0,1.4876100332558653e-15,0
0,0.013702644006070965,0
0,4.775772273391296e-12,0
1,0.9994350231592818,1
0,0.016364045838939082,0
0,0.0011059804311597107,0
0,0.00027368324739224963,0
0,3.5636099352019565e-12,0
0,2.4125878049866895e-05,0
0,4.474683226900273e-06,0
0,1.0947307450568473e-08,0
0,7.020970458258454e-16,0
0,0.03765635351273374,0
0,6.9575219100578e-05,0
0,0.017292779460806953,0
0,0.00038633218037158803,0
1,0.9920364607143736,1
0,0.014829879926798207,0
0,9.487939696991723e-07,0
0,0.023878084119344854,0
0,3.978483193946487e-12,0
0,1.6727822131243898e-12,0
0,0.00836457212889973,0
0,0.0004111171522195694,0
0,1.2056816104149226e-05,0
0,0.01353263343187519,0
0,0.01775383723806015,0
0,0.01841670217222453,0
0,6.274052996332501e-11,0
0,1.6729509940804904e-06,0
0,7.05096182447599e-06,0
0,7.265935867721375e-05,0
0,0.00011118654600575889,0
0,9.449405732239897e-16,0
0,0.009340883713456948,0
0,0.018593807334125714,0
0,0.0022167025340366674,0
0,0.0007207965987196768,0
0,5.094149489823027e-16,0
0,2.812808760028094e-06,0
0,7.004998241606006e-06,0
0,7.033083195599905e-05,0
0,2.932885886000171e-12,0
0,2.9924575997826076e-12,0
0,0.0001963367809554967,0
0,3.7508247040865575e-05,0
0,5.983209758574269e-12,0
0,0.018737123999061717,0
0,5.5062456799861814e-05,0
0,0.016364811220999316,0
0,3.80218238878524e-12,0
0,0.00012604922690338924,0
0,7.24384725522328e-12,0
0,0.0037235646960540095,0
0,1.1755077239180793e-15,0
0,0.0006691096441649287,0
0,9.839410695268284e-16,0
0,3.886991486266473e-15,0
1,0.9999999999853324,1
0,0.8002484871648446,1
0,0.0005688981222714812,0
0,2.5044278657419915e-15,0
0,2.5699892750693704e-15,0
0,2.7769869943183365e-11,0
0,0.0008342404162489045,0
0,3.342571075569565e-06,0
0,0.0012868462627570023,0
0,2.321954925943164e-11,0
0,6.175220760581823e-16,0
0,0.002844015620882464,0
0,0.03642302375646378,0
0,4.89256925359524e-12,0
0,0.0003483005932410653,0
0,0.0008009494693622471,0
0,4.515214138114782e-06,0
0,5.292500280673946e-12,0
0,2.963230460009124e-11,0
0,0.0001560964262626683,0
0,0.0015810717200471288,0
0,0.0038242564882099597,0
0,0.0006940396108808106,0
0,0.00015101506238057808,0
0,2.472890747976036e-06,0
0,0.0129520644563621,0
0,1.193181011927798e-15,0
0,2.2578485227662635e-05,0
0,1.4371846879541378e-11,0
0,0.010522962088636848,0
0,0.006174297129387427,0
0,2.6699641792247352e-06,0
0,3.1237893321699292e-12,0
0,9.172624045957342e-12,0
0,0.6935156003047905,1
0,1.0970775112812568e-12,0
0,0.008590026042050832,0
0,0.015301510848936765,0
0,1.8268065969239897e-11,0
0,2.1056920984467827e-12,0
0,0.00361285447797873,0
0,0.0006234148717570386,0
0,0.01701006448721937,0
0,1.3783568499112862e-11,0
0,0.0010036960795437385,0
0,0.012379925798858608,0
0,0.00019954820842476415,0
0,0.0015048064681856643,0
0,0.8880250004280135,1
1,0.9999967844482959,1
0,1.795778099508654e-12,0
0,2.2340407250070545e-06,0
1,0.9994894550394198,1
1,0.9999999708056149,1
0,3.918415935035903e-06,0
0,0.0011163248402014964,0
1,0.9556105823385237,1
0,5.063972421129374e-07,0
0,3.3959333152836563e-06,0
1,0.9077668371112528,1
0,2.962996742296199e-16,0
0,0.009804549693851344,0
0,5.358596102587587e-06,0
0,5.044820520940499e-11,0
0,0.011043037667050122,0
0,0.0010817400074807852,0
1,0.9992751487871803,1
0,5.588550258575399e-06,0
0,0.8677185871275986,1
0,0.7183679555387638,1
1,0.9468466826903541,1
0,0.016218900555015448,0
0,0.013569999366215056,0
0,0.02324886793242078,0
0,1.1114827323375252e-12,0
0,0.03384109229606828,0
0,0.00022132084686977326,0
1,0.9937325696701099,1
0,0.8671925738984737,1
0,3.549578373445075e-05,0
0,0.028607330443155013,0
0,0.0009602301847452627,0
0,6.167008882933175e-06,0
0,4.0679497201001415e-11,0
0,1.1168606583415624e-11,0
0,1.0934109650076384e-14,0
0,2.0108378996799833e-15,0
0,0.00041247160013426523,0
0,0.41178003698087534,0
0,1.1001307092958322e-06,0
0,0.0006523203351919036,0
0,9.424234752823573e-15,0
0,0.0005858665480259252,0
0,0.03734297106736439,0
0,0.0015225698204267345,0
0,4.166749453101439e-06,0
0,0.0001628851772637771,0
0,0.8807291250850171,1
0,0.0005136480249044645,0
0,1.893200953194622e-12,0
0,0.0001983930514602324,0
0,0.010339933298805764,0
0,9.582729851238953e-16,0
0,0.017238142750488197,0
0,2.1506995952644466e-06,0
0,8.769045929192139e-16,0
1,0.9765596177714791,1
0,0.0007675881703529119,0
0,0.028766702406964693,0
0,7.280370124314412e-12,0
0,5.43348259903707e-15,0
0,0.016089702763353697,0
0,7.782017058509329e-08,0
1,0.9995477343840038,1
0,0.687609907677943,1
0,0.0037918936254276686,0
0,0.0008240211360722861,0
0,0.0390268568432248,0
0,4.441128469504626e-12,0
0,2.4436136827089514e-06,0
0,0.02261810369203472,0
0,4.3384641220232386e-11,0
0,0.0112144624940789,0
0,8.695194322332157e-06,0
0,0.016757782355561204,0
0,0.010340789865876004,0
0,5.12090739982644e-12,0
0,4.122294894147325e-06,0
0,3.588378937101014e-11,0
0,0.01484480262488673,0
0,2.729366761224604e-06,0
0,9.165396479641354e-06,0
0,1.263415626933007e-11,0
0,1.1181936703625691e-11,0
0,1.1631531799008846e-15,0
0,0.0008885270659029392,0
0,6.55214728192225e-12,0
0,0.023847979793024433,0
0,0.002506439482678202,0
0,0.0007635682600478004,0
0,4.015281405326172e-06,0
0,0.044267353093379896,0
0,0.008729832263867985,0
1,0.988089988032186,1
0,0.0005545162804180614,0
0,0.01307823422576959,0
0,3.9427336866168305e-06,0
0,0.0005972004492728048,0
0,8.34853828207437e-05,0
0,0.01456021266455382,0
0,0.00046484693785194545,0
0,0.0002773366560712143,0
0,1.3967930448494293e-11,0
0,4.777938797560082e-12,0
0,4.184201259883736e-12,0
0,0.0006360420490479726,0
1,0.9999999998418392,1
0,1.5104001450409867e-05,0
0,0.0004303758593209526,0
0,0.01694788231213023,0
0,0.0008544701628331589,0
0,0.02066022088436344,0
0,7.104468043111122e-06,0
0,0.0009141706497385,0
0,0.00416880371750942,0
0,0.00034496654302216157,0
0,2.5950796607347745e-11,0
0,0.02983320656407587,0
0,0.0008856351241373412,0
0,3.8322972475176995e-14,0
0,2.0581269001626357e-11,0
0,0.7683720203591098,1
0,3.8306917447860915e-12,0
0,3.555082433318749e-12,0
0,0.00035119485797799555,0
0,0.024303071443222718,0
0,0.022360304025502993,0
0,2.4733034240459085e-12,0
0,0.019705490043897447,0
0,0.00033826022076006637,0
0,0.00028082372417799153,0
0,0.02072824472900986,0
0,0.013160206839024765,0
0,0.01889669668601387,0
0,8.523038501281776e-12,0
0,0.0008741765240856475,0
0,0.00031183319899860803,0
0,0.0003224643775618884,0
0,0.006969594585584244,0
0,0.0003590378732770778,0
0,0.018511547038515947,0
0,0.0016063984958654604,0
0,1.7909309242357843e-14,0
0,4.4484043047680916e-12,0
0,4.1332601787340295e-06,0
0,1.8587488024093996e-14,0
0,0.019371529163648024,0
0,0.0004239086594639874,0
0,0.01885806029253771,0
0,0.000570590244864145,0
0,0.016714769418137966,0
0,6.124549314171804e-06,0
0,0.0008966033594961001,0
0,0.014313918466335738,0
0,1.7977316138071948e-11,0
0,0.0002552499681479713,0
0,4.334609221074679e-05,0
1,0.9889874306681364,1
0,0.00788427376233145,0
0,0.0010296420002856308,0
0,0.021300479058166368,0
0,0.028064992256363785,0
0,0.030259851713335607,0
0,0.016205479101128815,0
0,2.9244706876329145e-16,0
0,3.1860782733864826e-06,0
0,1.3739540374719343e-06,0
0,2.0743131514094982e-06,0
0,0.030013735778477775,0
0,6.608230942753782e-08,0
0,1.2502057712742823e-15,0
0,0.00014417977642260254,0
0,0.05478665529193952,0
0,0.0004765787014317262,0
0,0.031242629574380325,0
0,0.6714293022902853,1
0,0.00038084132473739066,0
0,0.0007019037236020907,0
0,8.3827768039508e-12,0
0,1.0720451354037156e-15,0
0,0.00048098618053951653,0
0,5.855663135104468e-12,0
0,1.2495082141430065e-11,0
1,0.9998865122938224,1
0,4.947212367719566e-16,0
0,0.0005952513281905655,0
0,0.00039398521172618055,0
0,0.0012704131057640947,0
0,5.73922758871124e-12,0
0,0.029075195650421895,0
0,5.489147577346885e-12,0
1,0.8581698306702722,1
0,1.2501859702360204e-05,0
0,0.0002060456404098173,0
0,0.009330318791521195,0
0,2.4772976186769926e-11,0
0,0.0002719734784004629,0
0,0.0005623097537627826,0
0,4.223397199885021e-06,0
0,0.0003142632443717721,0
0,0.0007181433900711013,0
0,0.020240157547574914,0
0,1.5023886991442044e-15,0
0,0.0003253451295256204,0
0,2.8609768660364554e-06,0
0,0.00043653511086767024,0
0,3.278451014141825e-12,0
0,0.787348925838208,1
0,1.7030602586621604e-10,0
0,0.0003537956128636388,0
0,0.015748044058503573,0
0,4.267735875193891e-06,0
1,0.9714421039145587,1
0,0.011524108032251552,0
0,4.5835007607378915e-06,0
0,0.0009654596232699584,0
0,7.320268615387958e-16,0
0,2.591021572133111e-06,0
0,0.001051102311449728,0
0,3.0442887100440653e-06,0
0,1.0833282271395828e-15,0
0,0.0012859900387021642,0
0,0.0002906735308851565,0
0,0.0007096365234380968,0
0,0.0016906469742607644,0
0,3.634570916819888e-16,0
0,1.4027291605354385e-15,0
0,5.047765594998949e-12,0
0,3.927055284484862e-06,0
0,4.644845296615301e-06,0
1,0.9999814813442642,1
0,0.0001458063301887876,0
0,8.337278767689598e-15,0
0,4.317901399704858e-16,0
0,5.646246941577015e-07,0
0,9.618342846467396e-12,0
0,8.994519150365684e-12,0
0,1.3171466445130051e-15,0
0,1.0273527962409083e-15,0
0,0.015317118847307737,0
0,0.01443113666651049,0
0,7.286806289339548e-05,0
0,0.0098829182653965,0
0,0.9149480254984648,1
0,4.765262452062739e-12,0
1,0.9940833567385915,1
0,0.000132940243886139,0
0,1.7378376765539926e-06,0
0,8.085398257425392e-11,0
0,2.874684481902476e-06,0
0,0.006690678277866221,0
0,3.217525860556601e-12,0
0,0.028514679849945778,0
0,5.780520632791683e-14,0
0,0.8816470774161468,1
0,0.00026642491580601514,0
0,0.020466156190681848,0
0,1.610096574433614e-15,0
0,0.00010549936885587437,0
0,0.0005948252392683169,0
0,0.8838644934200458,1
0,4.360993814037414e-06,0
0,0.0005834534354301405,0
0,3.503602340230971e-16,0
1,0.9857178012822935,1
0,0.005179836126087751,0
0,1.5567774416514664e-15,0
0,0.023502724165409165,0
0,2.887835391362958e-11,0
0,0.012955664605387645,0
0,1.050287100815601e-11,0
0,6.351437830552272e-16,0
0,1.7994406978720077e-15,0
0,0.017439781649983135,0
0,0.011818635877900451,0
0,0.0008153855495754049,0
0,4.135543303881694e-11,0
0,0.023719167595556145,0
0,3.5970335845252967e-06,0
0,1.8426758412280016e-10,0
0,7.7632350890477e-09,0
0,0.9699062937292549,1
0,4.280892918573582e-12,0
0,0.0006905533330112479,0
0,0.0010454166166951294,0
0,0.000493594052303548,0
0,2.6896392561641293e-05,0
0,1.2492198556498343e-15,0
0,0.0005796110519545361,0
0,0.0006429767435862001,0
0,0.014037018675317429,0
0,3.8631614410702374e-12,0
0,3.6069675501420857e-06,0
1,0.9928240464536875,1
0,0.012017083205156723,0
0,0.006650986076178096,0
1,0.9263144069743806,1
0,2.948250140706194e-11,0
0,7.468121366277409e-11,0
0,0.000461864144528205,0
0,0.0005457380628571051,0
0,6.268822894541558e-06,0
0,0.02372874668648683,0
0,0.00751394797033174,0
0,0.016306644758252154,0
0,6.848140230352718e-12,0
0,0.01439032030605789,0
1,0.9990420223271814,1
0,4.001239506540282e-06,0
0,0.0001891228070088348,0
0,3.6694786174848433e-16,0
0,5.636951625461598e-12,0
0,0.0010913432698151928,0
0,3.29799737233113e-10,0
0,0.017575014749329848,0
0,0.047550420861847846,0
0,0.0009687473882064922,0
0,4.062515281648064e-15,0
0,0.0018819861131285035,0
0,0.8675017746196866,1
0,0.014686704694250782,0
0,0.0016713478659865324,0
0,0.012449036523223786,0
1,0.871364297820831,1
1,0.00020829928143087874,0
1,0.9999324900551524,1
0,6.181510619891743e-12,0
0,1.7244737655480565e-12,0
0,1.0177311572965856e-15,0
0,0.005245458767470925,0
0,2.573990954555475e-06,0
0,7.498073657923423e-16,0
0,0.03639891239299984,0
0,0.009847171487477466,0
0,2.015792243906798e-15,0
0,0.0003478654310462522,0
0,3.6154626554637854e-06,0
0,1.596761067354889e-15,0
0,5.3004616321964316e-15,0
0,3.5283028592894946e-05,0
0,0.0006362570693960429,0
0,0.012090134623716843,0
0,4.6452134400235456e-05,0
0,4.312635246180515e-05,0
0,0.022856527093289572,0
0,3.2040020444330485e-06,0
0,6.8504081998054355e-06,0
0,0.002079818256671013,0
0,0.00013590809151210268,0
0,0.0008618264159216373,0
0,0.0001795336679573422,0
0,1.3417492647347773e-06,0
0,0.018302527612996077,0
0,0.0169440553069599,0
0,2.717520532609563e-11,0
0,6.565125036631486e-06,0
0,0.003676311152431097,0
0,5.856774124908715e-12,0
1,0.9998812158469832,1
0,1.4764379081038827e-15,0
0,5.826956109232073e-06,0
0,3.820715117929158e-06,0
0,0.01212898503048563,0
0,0.016335058706072377,0
0,4.152093838686287e-12,0
0,5.725969057828267e-16,0
1,0.9966174862814642,1
0,0.01493392915550136,0
0,1.5078306761869032e-14,0
0,0.012510070275756584,0
0,0.0005288015806560118,0
0,7.619812744275714e-11,0
0,3.312058555578027e-16,0
0,0.0016899855524509287,0
0,0.0005570689304803597,0
1,0.9925894102571645,1
0,0.01328233353208872,0
0,0.00019960069086931624,0
0,0.015449901837499657,0
0,1.7748776542132394e-08,0
0,0.0013151525241772858,0
0,2.1318242931258523e-15,0
0,4.089124841992387e-12,0
0,0.0214224212464967,0
0,3.105414581954915e-12,0
0,7.763211418322858e-06,0
0,0.012847085231565619,0
1,0.954820414402124,1
0,5.855477042911829e-06,0
0,5.951927256919307e-08,0
0,0.9685898509932053,1
0,0.008137649650422994,0
0,5.485810187031231e-11,0
0,9.13777333926305e-06,0
0,3.569162427059852e-06,0
0,1.6799951680409219e-15,0
0,6.368770078656142e-12,0
0,3.08098547714959e-11,0
0,1.2847294509901435e-08,0
0,0.0008743999464974108,0
0,0.0001951523225965968,0
0,0.00010906657714630623,0
0,0.016480075573256616,0
0,0.0003498194393843943,0
0,7.006135990297977e-12,0
0,5.801872511173384e-12,0
0,0.01194612996461725,0
0,0.0007823399533488268,0
0,0.00047640012604061857,0
0,0.00014291900625003695,0
0,0.007767408899490693,0
0,1.1418262377072834e-15,0
0,0.015475367047016879,0
0,0.8739196933414807,1
0,0.017279936124313316,0
0,7.167950979054484e-05,0
0,1.1168929170062927e-15,0
0,0.023448949891632667,0
0,5.315037322154156e-11,0
0,6.367627201809774e-06,0
0,0.01933610482149793,0
0,0.021469274016565593,0
0,0.713435855166134,1
0,2.5529394330610215e-06,0
0,1.965233505776379e-11,0
1,0.9983040278296732,1
0,0.00037021113979253417,0
0,0.022716735458501933,0
0,1.213773105910223e-15,0
0,0.027731631801899626,0
0,0.000952352936748239,0
0,5.893804586148052e-12,0
0,1.0972738802723227e-09,0
1,0.991491319765744,1
0,1.9296825384100202e-15,0
0,2.7752771302355757e-06,0
0,8.040291712256643e-12,0
0,0.0007099067168116539,0
0,0.00031203741298043526,0
0,0.010517895147305306,0
0,0.0005563979892737645,0
0,0.027046523043607166,0
0,0.018656897614924093,0
0,0.0013959049078293435,0
0,0.0010231110487282432,0
0,0.0005351388702626986,0
0,0.04665545382192753,0
0,3.487954179184145e-11,0
0,1.5642172006905747e-11,0
0,2.2452366689044232e-14,0
0,9.922986514575324e-16,0
0,0.0008115867930987432,0
0,0.0024459272308018478,0
0,5.344665260743054e-06,0
0,0.0015140930508483247,0
0,4.115718282509302e-16,0
0,3.350814769761443e-06,0
0,0.0008085300139224812,0
0,8.941093842826304e-16,0
0,0.022836413385514048,0
0,2.923126793021846e-06,0
0,0.000983362924643471,0
0,4.087550726274907e-12,0
0,0.0004046905566332539,0
0,0.01868348059124628,0
0,1.948063821647096e-09,0
0,0.00035684390840246466,0
0,9.57488550920668e-12,0
0,9.077405477890208e-12,0
0,0.000360623608511689,0
0,0.0005848694414004123,0
0,0.001440353655503213,0
0,3.0167669511519095e-05,0
0,3.519649776249113e-05,0
1,0.9906452178981994,1
0,0.05070732717548585,0
0,7.39648089048138e-16,0
0,3.1945367523966804e-10,0
0,0.00817625001317463,0
0,0.0009699902823280968,0
0,0.0011543886897011385,0
0,2.5861716143640894e-15,0
0,4.249618291245494e-06,0
0,5.354409276168562e-06,0
0,0.7385199576202185,1
0,0.000932289096475201,0
0,0.01115645481160195,0
0,5.6525479234242246e-06,0
0,1.542446509740548e-05,0
0,9.729261131694674e-12,0
0,4.115523725729203e-12,0
0,2.678295614178209e-12,0
0,0.0001516874831391594,0
0,0.00031445807042516455,0
1,0.7780350555776805,1
0,7.307181330424357e-12,0
0,0.000787584769949345,0
0,0.0003669931250916482,0
0,0.02001822759241943,0
0,0.7973078585679744,1
0,0.008284294521959994,0
0,0.0008748787437618272,0
1,0.9836710281322678,1
0,0.0009019439018066264,0
0,2.3092384856184904e-12,0
0,0.0004612722637040824,0
0,8.69892867095226e-16,0
0,0.0008572270701051596,0
0,2.0792357328600188e-05,0
0,0.0012674749531863087,0
0,0.0006397855797992382,0
0,5.9360920553903554e-15,0
0,1.5873304120353438e-11,0
0,6.68783522540505e-12,0
0,0.00013648042437753438,0
0,2.4847903734221673e-12,0
0,0.0009679576795993749,0
0,5.525214693150481e-12,0
0,0.011824182060080669,0
0,1.7643920409055745e-11,0
0,5.828031427448873e-06,0
0,2.1088415422937978e-11,0
0,1.9552666120834266e-06,0
0,1.7411037141178425e-05,0
0,2.0662131587615635e-11,0
0,0.0062743393657360745,0
0,2.949998091549534e-06,0
0,0.0009509837071897215,0
0,1.5867208027838524e-11,0
0,0.008325898510853528,0
1,0.8135066951482368,1
0,3.715730118524349e-15,0
0,0.0012492226051331226,0
0,1.43404050217775e-05,0
0,0.0004251333647877132,0
0,1.1914723341623099e-06,0
0,6.667994931217407e-12,0
0,5.4332982464681915e-06,0
0,3.90032527116557e-12,0
0,0.013427805912116886,0
0,0.0007380227746036709,0
0,0.0035224826602177446,0
0,0.0002067794748101129,0
0,0.0012382759529509877,0
0,0.020691575568809233,0
0,4.13569588162451e-11,0
0,0.021404166480007893,0
0,0.0018513878533226952,0
0,4.669769061515747e-12,0
0,0.014554814128618946,0
0,0.0010082872421688122,0
0,0.8461061686919927,1
0,0.0007093818661401286,0
0,4.092158860855237e-06,0
0,0.000367634861934957,0
0,0.989968206246067,1
0,2.8125264360555993e-11,0
0,5.760846006929611e-06,0
0,0.0002454450439824205,0
0,0.017230766856357906,0
0,1.1594846226628004e-15,0
0,0.009713406640619036,0
0,0.018508442747141383,0
0,0.0013545027427714496,0
0,0.0003911898030159434,0
0,0.029720010918790084,0
0,0.0023085103886758113,0
0,0.0010757225936942165,0
0,0.0001078595785603358,0
0,2.0016359129173767e-15,0
0,0.004305213556704209,0
0,5.831970856187479e-16,0
0,0.00033802525194059994,0
0,5.778163208736567e-06,0
0,0.00430218936439892,0
0,0.01458030179652206,0
0,0.02270234265229557,0
0,2.3276458123661964e-11,0
0,0.0006454856108360144,0
0,5.029891677456309e-12,0
0,4.63484556091175e-06,0
0,1.064053505723338e-11,0
0,0.0005329304538004451,0
0,6.071452998477552e-12,0
0,7.819806296767731e-15,0
0,1.5842230230582792e-15,0
0,0.0014155980431892299,0
0,3.3173673187469586e-12,0
1,0.9999289125667142,1
0,1.0089308995428443e-05,0
0,0.0007740189564645589,0
0,1.445913601334768e-15,0
0,0.00039843641977172997,0
0,0.0011736081975284832,0
0,3.1846340738632123e-06,0
0,0.041517245645406466,0
0,0.02173689436593008,0
0,0.023453047442925916,0
0,0.0001120020864349927,0
0,1.8432600504125584e-15,0
0,4.642915858123798e-05,0
0,0.015107739024711636,0
0,0.0003672599736804298,0
0,0.8958716925107528,1
0,9.506419496628723e-12,0
0,0.7540529137294567,1
0,0.016652696347363532,0
0,0.8415853917802281,1
0,0.01612763067118843,0
0,0.010565180280428675,0
0,3.0570999602408786e-06,0
0,3.302450319408953e-12,0
0,0.01896567169762952,0
0,0.01213766141593344,0
0,0.0004196498425505183,0
0,5.646746358575734e-10,0
0,5.4135542447938294e-15,0
0,0.00018423738222274823,0
0,9.891291808364931e-09,0
0,0.0005023268763383412,0
0,0.009772487101402952,0
0,0.013775227156588023,0
0,3.1249822125311957e-12,0
0,3.7988385444771692e-06,0
0,4.776708281130213e-05,0
0,5.1192772281138635e-06,0
0,1.6503439795344107e-11,0
0,0.0005820247844154192,0
0,0.008066359956475278,0
0,4.015475288787663e-06,0
1,0.9967337512773821,1
0,0.012980488330223281,0
0,4.285313249163159e-06,0
0,1.0640495659642191e-11,0
0,2.6130200579338277e-15,0
0,0.013669952145018522,0
0,1.0680169060669988e-11,0
0,9.465704474438083e-12,0
0,0.0158468685300219,0
0,0.0001873658030393836,0
0,0.0006896189935904938,0
0,0.014410525792329612,0
0,2.1514365531436704e-12,0
0,0.0008060935990626502,0
0,6.801752036253465e-12,0
0,4.83695760247517e-10,0
0,6.063553123283451e-16,0
0,4.504490962377631e-12,0
0,6.820107055512525e-06,0
0,0.02095037099115308,0
0,0.0001905220732296432,0
0,7.1709188998696925e-12,0
0,0.0030450038841980547,0
0,1.883617328435358e-11,0
0,1.0828332845552722e-11,0
0,0.0008603075970547108,0
0,0.000419836754384558,0
0,0.00070715182322767,0
0,7.761634202447434e-06,0
0,5.803929053276208e-06,0
0,0.8492394725281665,1
0,0.0009556856119281452,0
0,1.1668432137969012e-15,0
0,1.969433857682419e-06,0
0,0.02885620251543204,0
0,0.013990453791034108,0
0,0.0005182011871542948,0
0,2.3584913100556433e-06,0
0,0.0002119083527490064,0
0,8.164668667060806e-16,0
0,1.4528441836633364e-14,0
0,3.8100583390902818e-06,0
0,0.0003681717638704225,0
0,1.8091430930416434e-06,0
0,7.476472840207935e-16,0
0,0.02031409484067558,0
0,5.2998871700155545e-11,0
0,3.722677783739545e-15,0
0,5.195186897845032e-15,0
0,0.013302402705981422,0
0,0.0004862233503488218,0
0,4.082325693358728e-12,0
0,0.0005410613218844966,0
0,0.00033763403534693286,0
0,1.6774709771352712e-15,0
1,0.9999999999894487,1
0,3.388817649150193e-15,0
0,0.0006338299098814379,0
0,4.3168256897493174e-11,0
0,1.1211279587839112e-11,0
1,0.986727837632339,1
0,0.0009141220266215302,0
0,3.897591510818858e-12,0
0,1.0907940992456516e-05,0
0,7.46592468100235e-16,0
0,0.020140837946920214,0
0,0.0005615309814419603,0
0,0.0011831028894596725,0
0,5.15045538441279e-15,0
0,7.02929267674866e-12,0
0,3.557409494337444e-15,0
0,0.016036223776214515,0
0,0.00017383212581448588,0
0,2.465790804607412e-11,0
0,0.001183895687936681,0
0,7.363051698972907e-11,0
0,6.42498249210698e-16,0
1,0.9981787576630693,1
0,5.734865738273113e-12,0
0,7.595644550735735e-12,0
0,0.0009266971209888477,0
0,0.001439791163194287,0
0,0.8177516637230515,1
1,0.9056881106337273,1
0,7.615879154368142e-12,0
0,4.000300621857529e-11,0
0,8.828346599278535e-06,0
0,0.01185030105027724,0
1,0.9575198312372283,1
0,0.0007201187445689913,0
0,2.1006281669745464e-15,0
0,0.008451191936550414,0
0,1.9329531361563484e-05,0
0,0.0006931677369356764,0
0,0.0016844884002014968,0
0,0.016342514382397873,0
0,0.0005694726599773078,0
0,1.4150653953651904e-11,0
0,1.3715061955596835e-11,0
0,0.6730760721253591,1
0,3.555114816985803e-16,0
0,1.7002892966737617e-06,0
0,4.373462920899099e-11,0
0,0.00959389969605899,0
0,1.3069438205646235e-11,0
0,0.011194948897657053,0
0,0.8475728036905249,1
0,0.00046268692551166326,0
0,0.0004731633396134113,0
0,0.0103861508655493,0
0,0.866603631182001,1
0,0.0007651160655076011,0
0,4.3998547203512045e-12,0
0,0.012773866447569176,0
0,9.791323871952857e-10,0
0,1.9418738821545333e-11,0
0,5.567865493642879e-06,0
0,0.0003785056371464774,0
0,0.0002238316333325945,0
0,0.014577561661719226,0
0,8.637153530102187e-16,0
0,0.0028960007179004853,0
0,6.215664472309726e-05,0
0,4.935967411179034e-16,0
0,0.0006596279081057131,0
0,0.00911738154552458,0
0,0.020173094515280154,0
0,4.697229318963403e-15,0
0,0.0008944471813963693,0
0,0.0004240474885026524,0
0,2.4998996974109842e-06,0
0,2.634475482655183e-06,0
0,3.869821468594758e-06,0
0,5.9041269748516075e-06,0
1,0.9942100119273309,1
0,0.01974993691340455,0
0,0.024907620842105373,0
1,0.9991600151362119,1
0,0.9418145433102145,1
0,8.95592826622062e-12,0
0,0.00027118884093203045,0
0,0.00026715524759990633,0
0,0.0012678790685321105,0
0,0.0014607351482493725,0
0,0.000420086902877162,0
0,0.01124503100737333,0
0,2.313236276326998e-06,0
0,5.484816842981956e-16,0
0,6.306471075569522e-16,0
0,6.823657230821813e-12,0
0,1.5471197684445698e-15,0
0,0.0014824327056243548,0
0,6.460351404726954e-13,0
0,4.636205221471789e-12,0
0,1.3650058922281073e-15,0
0,0.036893246037331344,0
0,3.904515850963908e-06,0
0,5.911964393665518e-12,0
0,0.019926612108468012,0
0,0.0001344920995710007,0
0,1.4090035222378624e-11,0
1,0.998134082188289,1
0,0.0007436995714687185,0
0,9.200875047207785e-12,0
0,4.6161598566380734e-12,0
0,0.0002830834713232031,0
0,2.557460573213237e-11,0
0,2.1000911586676957e-06,0
0,0.014108493419717733,0
0,0.0011517615658249603,0
1,0.9846208368244919,1
0,5.962661792903261e-06,0
0,8.81429824109559e-06,0
0,5.280569877925523e-12,0
0,0.0008489745260464825,0
0,0.0004216018082856394,0
0,0.0005099580147661784,0
0,2.0828930030362573e-11,0
0,5.669188485716659e-16,0
0,1.6058812952401353e-11,0
0,1.422762598165782e-15,0
0,0.023761504440906668,0
0,1.8038813830088853e-11,0
0,3.929368822346913e-06,0
0,0.019683399228567693,0
0,3.4049447067239516e-08,0
0,0.0006618636876574016,0
0,2.3411971223442216e-06,0
0,0.027004715692926805,0
0,0.00042774653071073714,0
0,1.5827331523615663e-11,0
0,0.012066197483048085,0
0,1.666952731374405e-11,0
0,5.280514432003579e-16,0
0,0.0007194303056861078,0
0,3.3830543658888453e-06,0
0,6.53300087153714e-05,0
0,5.768891083976092e-12,0
0,1.0954869259671106e-11,0
0,6.463853935442505e-16,0
0,0.0007822974877074539,0
0,0.012357252968944885,0
0,0.046047710841589935,0
0,2.064555207594976e-15,0
0,0.001081567911776945,0
0,0.01170906202713119,0
0,6.847737687292555e-16,0
0,5.158993675945272e-11,0
0,6.2310402893806214e-15,0
0,0.013436976149286762,0
0,7.025798519319447e-16,0
0,0.000540056521865287,0
0,9.502378348683516e-05,0
0,1.1845218401441887e-14,0
0,0.0002974690566531547,0
0,0.000616726071671431,0
0,0.0007378168230356378,0
0,0.0005075748952872964,0
0,3.53696747385825e-12,0
0,1.883829672325582e-11,0
0,3.800061537048988e-06,0
0,1.3013305475056398e-11,0
0,9.986769996931003e-07,0
0,3.727626803506627e-15,0
0,4.829012212150895e-06,0
1,0.9562225574430536,1
0,0.0015452977240206353,0
0,4.398660445154181e-06,0
0,0.0005275602030942622,0
0,0.013987933445340566,0
0,0.5043716455461246,1
0,5.1532076724308504e-12,0
0,2.261988777610132e-12,0
0,8.467504844366209e-12,0
0,3.7320157252123165e-12,0
0,4.084388607274698e-06,0
1,0.9999999990769652,1
0,2.0294650452943126e-06,0
0,0.0007971649846432451,0
0,0.017604135684789347,0
0,2.0151535441565087e-15,0
0,6.0478564465810045e-15,0
0,2.52996459631359e-12,0
0,3.49407345538074e-12,0
0,0.0003400986196611023,0
0,1.0895705539102293e-15,0
0,0.0004420168924147734,0
0,0.014637455178853136,0
0,4.648229209504068e-06,0
0,0.01204100576403251,0
0,2.546740980110074e-15,0
0,1.764235782792826e-06,0
0,5.264654973019576e-15,0
1,0.9999998289191592,1
0,2.7500754747025456e-06,0
0,3.13565639517108e-16,0
0,0.0005444149658523225,0
0,0.9606207725194686,1
0,9.73598682945165e-06,0
0,6.698326167913752e-09,0
0,2.5648910009705094e-11,0
0,1.281211627519989e-08,0
0,0.020964046691141842,0
0,0.0005431370860674419,0
0,7.35172859905899e-12,0
0,0.0006132993056849617,0
0,3.4400021576942496e-06,0
0,0.856735863151701,1
0,0.015046409711448097,0
0,0.008160620605738167,0
0,0.9512596171188594,1
0,5.3166261330276116e-05,0
0,0.01649222339881304,0
0,0.008952539959003374,0
0,0.0007649511835770449,0
0,0.01595681728972684,0
0,0.009048194596167031,0
0,1.3452766641386505e-06,0
0,4.6937790424734735e-06,0
0,2.1935070771830245e-12,0
0,9.46091330160477e-12,0
0,1.3262039276290703e-15,0
0,0.8168721756136678,1
0,1.5143983073041016e-10,0
0,0.0009244220842144632,0
0,0.029734110820600203,0
0,1.3323078282602567e-11,0
0,2.775137514098087e-12,0
0,9.735576909842794e-12,0
0,0.7853866968077607,1
0,0.0005601740896851575,0
0,0.0005149486545942233,0
0,0.0016160292345999945,0
0,3.2099043920853166e-05,0
1,0.9879988051250012,1
0,5.517999911932851e-06,0
0,4.786420140149282e-06,0
1,0.999278869139101,1
0,0.000583352822512907,0
0,8.76260595370041e-15,0
0,2.3596871306094742e-06,0
0,0.00048273481359058045,0
0,0.016462022135764542,0
0,0.020649509225480287,0
0,0.0008413606083989185,0
0,5.08868032440423e-12,0
0,0.0016016723212767179,0
0,0.013168608158066416,0
0,0.01325974734771513,0
0,0.0001708929095769432,0
0,7.44771563785442e-16,0
0,0.017026719523254925,0
0,1.6072297413603324e-15,0
0,0.001316080867137257,0
0,0.012172141479977751,0
0,5.4155845189487275e-12,0
0,0.010543016320550044,0
0,1.2067583490122355e-09,0
0,0.02016680107871704,0
0,0.0006171300272963792,0
0,0.0006330923545442961,0
0,0.0004676802600979627,0
0,2.9780777896115824e-11,0
0,0.012644341939079621,0
0,4.303433801003139e-12,0
0,0.022024171895689656,0
0,9.911825988343002e-16,0
0,0.0007797000184120294,0
0,9.269388163052756e-12,0
0,6.675424632968774e-12,0
0,1.1811661136447416e-15,0
0,0.9043404172314523,1
0,2.3943536955392854e-16,0
0,0.02774636435181555,0
0,0.0012296405319523612,0
0,0.0010921003699820098,0
0,0.021726999898201513,0
0,2.9498801789022284e-06,0
0,4.068064738968645e-12,0
0,4.0656430691089027e-16,0
0,0.0005672915733290282,0
0,9.394636462442064e-16,0
0,0.01589408912635723,0
0,5.664101132691449e-16,0
0,2.531400606649387e-11,0
0,2.0629936714008614e-11,0
0,3.7624011117919276e-06,0
0,0.005155254682798916,0
0,0.013877387975493682,0
0,1.1928646778384423e-11,0
0,0.0006313999161075067,0
0,0.0007827783292728794,0
0,0.00048699114193297664,0
0,8.770750122938679e-05,0
0,3.1676751855628407e-15,0
0,0.017000584222253104,0
0,0.000514879864138337,0
0,0.015079995784405763,0
0,0.015617633893894972,0
0,1.4934047303248735e-06,0
0,0.017268484398121526,0
0,0.03425329576043224,0
0,7.244585803565327e-15,0
0,9.613596669814e-16,0
0,5.485108447216304e-12,0
1,0.9918121717146149,1
0,8.83135339915677e-15,0
0,8.446240093975147e-15,0
0,0.03945237263187884,0
0,0.00043106238125076497,0
0,0.0016525717077092428,0
0,0.008759145999741808,0
0,0.018803492701111806,0
0,1.5244713644377326e-14,0
0,5.367569841632427e-15,0
0,0.0004255750447582777,0
0,0.0005803735139477408,0
0,0.0008611813516213953,0
0,1.7826590865908378e-05,0
0,0.00043916034774104366,0
0,0.8388494115136156,1
1,0.9951450904951965,1
0,6.537346871326834e-12,0
0,1.274077877833692e-11,0
0,0.0002644521120063683,0
0,0.012063025110307851,0
0,0.013296619514719308,0
0,7.645000298132528e-06,0
0,0.012200662499284127,0
0,7.090176024139992e-12,0
0,4.661550744802907e-12,0
0,0.00010621657052354465,0
1,0.995396250672019,1
0,1.023783634445457e-15,0
0,3.733384756283527e-07,0
0,0.00023291368567278579,0
0,0.00027172973509136144,0
0,0.0004638139351865054,0
0,6.509234597155154e-06,0
0,2.749665788088256e-06,0
0,0.000641292211660858,0
0,1.9475344006394197e-11,0
0,0.015246212820534831,0
0,0.013153425160059658,0
0,6.875322745113571e-12,0
0,2.8633642955780618e-12,0
0,3.0317230634912923e-07,0
0,0.7441619829310068,1
0,0.00035697283335539695,0
0,0.01099202728428121,0
0,0.009349735814758297,0
0,8.709853643945118e-06,0
0,1.180424400742575e-05,0
0,3.3043038363576463e-06,0
0,7.542600702459472e-16,0
0,0.015049224093401694,0
0,6.140651626695753e-16,0
0,0.7490578145135109,1
0,3.024405419876612e-12,0
0,2.0841353281123663e-15,0
1,0.9990969517527863,1
0,1.189799641817744e-15,0
0,4.188478012496649e-12,0
0,9.441269937535072e-11,0
0,1.2737991513679507e-15,0
0,1.711435574759597e-15,0
0,8.848839787806466e-06,0
0,0.010593156621062267,0
0,7.859162619288427e-05,0
0,0.0006126221452668065,0
0,1.321845698187291e-08,0
0,0.020489445072678827,0
0,0.019906750585909936,0
0,2.3122564574093883e-14,0
0,8.729388165333096e-05,0
0,0.009510344678914238,0
0,0.0005283987444122831,0
0,1.7797419153537716e-06,0
0,8.561276268188213e-16,0
0,1.1104963549770144e-14,0
0,2.9187317742122656e-06,0
0,0.04364980459052769,0
0,1.866773665317715e-06,0
0,0.7639219048658755,1
0,0.019636412173989554,0
0,0.004020603806741429,0
1,0.8488204816968907,1
0,3.4283655954909134e-12,0
0,1.1917550988928258e-15,0
0,2.7568307690748363e-15,0
0,5.541289306799825e-16,0
0,9.211933733070459e-11,0
0,4.820505871120882e-06,0
0,6.853944397443652e-05,0
0,0.011405629336388322,0
0,0.025564772271649425,0
0,0.8193493647343907,1
0,2.629551534711535e-06,0
0,0.014988744349024164,0
1,0.9865194833257634,1
0,8.056643754023948e-16,0
0,0.0005988810499812213,0
0,3.0834606460224314e-05,0
0,0.00015237183309324678,0
0,3.7417768587773806e-05,0
0,0.014276673582930508,0
0,0.8499625956495465,1
0,0.0013337574713915268,0
0,8.396259774348978e-12,0
0,0.003122003194363954,0
0,0.0004045474945522587,0
0,1.4657356937179734e-14,0
1,0.9840212990372211,1
0,8.128911574486653e-12,0
0,2.1111887565704506e-15,0
0,8.028187433819665e-12,0
0,9.489735426061968e-07,0
0,0.025257462681160442,0
0,4.162621033708543e-12,0
0,2.782517132475759e-11,0
0,4.4378138590945716e-12,0
0,1.139088642415925e-11,0
0,4.532594881882397e-06,0
0,9.063882727668159e-11,0
0,9.240233943655243e-05,0
0,0.008383312325437896,0
0,3.43352404127024e-06,0
0,3.3132954494310454e-11,0
0,7.253740265389181e-12,0
0,6.926847594827148e-11,0
0,0.0005892153755521487,0
0,0.016174183922145445,0
0,4.635920159476632e-11,0
0,2.948471596517568e-06,0
0,5.420288099754482e-06,0
0,0.028419775566136563,0
0,1.9466090741923707e-06,0
0,6.904952107482536e-05,0
0,4.472784618068721e-16,0
0,0.0003944459269710621,0
0,0.0012128008070456196,0
0,6.337792860285625e-12,0
0,1.3425531197933408e-11,0
0,3.2236933121945295e-12,0
0,1.3102055134757877e-11,0
0,5.2933357725941234e-15,0
0,2.1943804842167622e-11,0
0,1.0497954260704993e-11,0
0,5.390671524061349e-11,0
0,4.370910230316091e-06,0
0,0.0017542863203818218,0
0,0.0007305566274835316,0
0,0.00010629993469025965,0
0,4.679854260102616e-11,0
0,0.0006474063354496435,0
0,3.2201847208615373e-06,0
0,5.36537477133779e-12,0
0,0.00021365489871468055,0
0,0.000470719858220979,0
0,0.0010355837799842953,0
0,0.00039200050412450385,0
0,1.1936230713642652e-05,0
0,0.016498058751352657,0
0,0.01482643018942325,0
0,1.1617447600620042e-15,0
0,5.7886645599990725e-05,0
0,7.924419523332702e-16,0
0,0.8186480783021919,1
0,1.8158831934948699e-12,0
0,3.934922484347694e-12,0
1,0.970186107418477,1
0,0.001020115528140731,0
0,2.508602021770985e-12,0
0,4.586497822782369e-06,0
0,0.016211407953955176,0
0,5.077261705413019e-06,0
0,0.0070693019911387345,0
0,1.970703013356411e-06,0
0,1.9776732131647525e-12,0
0,1.075826962183587e-15,0
0,3.2305480767751137e-15,0
0,7.182961674816762e-12,0
0,0.0002614875861337641,0
0,6.391383168678502e-16,0
0,0.00013381880457300898,0
0,0.06833094920315926,0
0,8.42248908148046e-16,0
0,8.060425880574102e-13,0
0,0.0006249910740776835,0
0,0.0003665615535709539,0
0,0.015700621563964907,0
0,1.2640397400830254e-06,0
0,0.00019818621234008648,0
0,1.7361433211768188e-11,0
0,8.053709216081984e-16,0
0,0.01732761934345694,0
0,2.9558472845753096e-06,0
0,0.023527549683016957,0
0,2.4027963956046064e-15,0
0,3.776793115510034e-12,0
0,0.0007661920444064791,0
0,3.0527292199433497e-06,0
0,4.103049214417854e-10,0
0,0.00023832151920986406,0
0,1.3840764405748605e-15,0
0,7.619917853230901e-16,0
0,2.3487387990598313e-06,0
0,2.3179023484477694e-11,0
0,1.6291256590272403e-05,0
0,0.0010560396304081223,0
0,2.1387568680537482e-15,0
0,1.8126667716675347e-06,0
0,0.06899219590534798,0
0,0.00032677165200087436,0
0,2.08765965158664e-10,0
0,8.586871384708393e-12,0
0,2.532991774070484e-06,0
0,6.061346958046686e-12,0
0,0.0005693661661160909,0
1,0.8984651579768252,1
0,5.274908663119629e-12,0
0,0.6556963523412073,1
0,5.018764035909287e-12,0
0,1.18327793225794e-11,0
0,0.00013345895344844675,0
0,8.885661367786008e-16,0
0,1.3563452861269844e-11,0
0,7.349679999058139e-15,0
0,3.872870785038833e-12,0
0,4.414005482567119e-06,0
0,4.013609586659061e-15,0
0,2.9735341756423758e-06,0
0,2.5632541748388975e-05,0
0,1.111678607147384e-15,0
0,1.9233499706594605e-10,0
0,6.284964794327379e-16,0
0,1.9516386654214043e-11,0
0,0.07361734922156536,0
0,7.029193826506378e-16,0
0,0.016756854012949022,0
0,0.0007333511736458147,0
0,0.007803046861137818,0
0,7.895751306532648e-11,0
0,1.457416935177011e-06,0
0,0.016412535812701842,0
0,0.01234308839479494,0
1,0.9847694782768881,1
0,0.025162063546892672,0
0,4.067082347002977e-12,0
0,6.729125038967815e-12,0
1,0.9897125125887806,1
0,3.390798029864473e-06,0
0,4.5548641254857115e-12,0
0,0.0010148590016552403,0
0,7.924800729610109e-16,0
0,2.372476526045748e-06,0
0,4.5042754516150906e-05,0
0,8.518937207617365e-05,0
0,4.7743255145031816e-12,0
0,2.1324531331082775e-06,0
0,0.009375163566349994,0
0,0.0011149384939586873,0
0,0.013331603785993924,0
0,1.8902267554529783e-15,0
0,1.7609288423612623e-15,0
0,0.0002051206804701799,0
0,1.7857207281585145e-12,0
0,0.02229613333669114,0
0,1.7504462669983493e-15,0
0,0.011452216195278366,0
0,3.2178630292928254e-06,0
0,9.231484231114169e-06,0
0,0.001085103063893289,0
0,4.557365924224253e-12,0
0,1.2273214602989169e-15,0
0,0.0005831060428590158,0
0,0.0013297734697360418,0
1,0.9999912279633407,1
0,6.041808561762501e-16,0
0,2.9208786292822345e-06,0
1,0.9781641312429421,1
0,0.017187792435435358,0
0,4.7980780408500845e-12,0
0,1.9832182652420125e-05,0
0,0.00045749543009653297,0
0,8.07961923837195e-15,0
0,0.001150321704522145,0
0,0.6185606039845146,1
0,1.4894260286212806e-12,0
0,1.128625577929373e-06,0
0,1.1986981001115814e-12,0
0,0.003081617417255582,0
1,0.9777210520776329,1
0,0.009123593912900466,0
0,6.424570137550203e-12,0
0,0.0003997430387600543,0
0,8.97047988540954e-12,0
0,3.4071999727808853e-06,0
0,1.445956887142366e-06,0
0,4.2923507943213317e-07,0
0,0.0005117373027235496,0
0,1.1592748519503994e-09,0
0,3.840028921291404e-06,0
0,0.00046287671406269215,0
1,0.9551019276688895,1
0,3.733650473294069e-12,0
0,0.020165775945905788,0
0,7.56858248503618e-15,0
0,0.01921804054739467,0
0,2.0161419208021204e-06,0
0,3.982079386437133e-06,0
0,0.0010728983051252906,0
0,7.555923728053196e-12,0
0,1.5087714415373676e-06,0
0,9.467176700293209e-12,0
0,0.01481882898138173,0
0,4.3218976611174124e-05,0
0,0.02000561576860717,0
0,0.06570062997357828,0
0,4.804906473785494e-12,0
0,1.0532642534146999e-14,0
0,1.879891508106732e-11,0
0,2.69455357713723e-06,0
0,0.0007890788009481956,0
0,5.374112851192803e-16,0
0,9.098880545414143e-12,0
1,0.9817017103520428,1
0,0.017225315068034562,0
0,0.0004994632719766734,0
0,2.487101190509988e-06,0
0,0.00030010406718297927,0
0,0.718183531686734,1
1,0.9410574244527113,1
0,0.011491370987363721,0
0,8.403108375003146e-12,0
0,1.8270031701177968e-06,0
0,4.325809392480179e-12,0
0,0.005235616921757012,0
0,5.255377464720717e-12,0
0,0.010140719357823897,0
0,0.009293982523692677,0
0,0.9483393904996466,1
0,2.5779178935431363e-15,0
0,0.010166364041000487,0
0,9.950183476649897e-16,0
0,1.4881569170563502e-15,0
1,0.9967597170444811,1
0,2.712695093706344e-06,0
0,0.01783482323847413,0
0,0.00020493693233055956,0
0,0.008352202778927799,0
1,0.9999999995744915,1
0,2.0258742747287294e-05,0
0,3.0993908615065786e-12,0
0,0.9188802407176156,1
0,4.351149837339086e-06,0
0,0.0006782495316712662,0
0,1.3380304041536254e-06,0
0,2.141132154404827e-06,0
0,0.015784303257996894,0
0,0.0017685838612975736,0
0,1.8368065768001974e-11,0
0,3.140574677407605e-06,0
0,3.283300199490718e-11,0
0,5.865507324845255e-15,0
1,0.9951387151385178,1
0,0.0014399218418692042,0
0,9.294610646454715e-11,0
0,0.00027704607856094093,0
0,0.019873498836339182,0
0,0.02485945617862919,0
0,0.0015630664565738923,0
0,0.0010149978972070419,0
0,0.007900562976446254,0
1,0.994880593263692,1
0,4.035290454446125e-05,0
0,0.03720397015195648,0
0,0.0010620458071487978,0
0,3.1143079791543393e-12,0
0,0.00029927309560902256,0
0,1.089851762741037e-11,0
0,1.0181205897564005e-06,0
0,1.8083740306673315e-07,0
0,0.0009280357748360093,0
0,0.0007689148270452653,0
0,0.0016936266821123858,0
0,0.0005188028270229719,0
0,0.014259426230543807,0
0,0.008158563459773312,0
0,0.0008918137570242654,0
0,3.918755691081539e-11,0
0,5.984353813150831e-16,0
0,6.586807033729116e-06,0
0,1.6197692123001636e-12,0
0,6.0026386738600175e-12,0
0,2.0120944509044964e-15,0
0,6.418248626083402e-16,0
1,0.9998232515971693,1
0,0.0007083178199270258,0
0,0.0013164662076854048,0
0,0.0015413599230217965,0
0,2.4393321669403053e-06,0
0,2.6204646780865402e-06,0
0,4.7458518588764845e-06,0
0,0.023923825498586522,0
0,3.7816498495553248e-06,0
0,0.0055819540814050035,0
0,1.8939832074359713e-11,0
0,9.20217242626709e-06,0
0,0.0005747809888949717,0
0,0.7528651925739709,1
0,0.0014449271060132727,0
0,0.0014560316464518146,0
0,4.078248995774553e-06,0
0,0.9055131828495433,1
0,0.0005546628882753616,0
0,0.0008559665582516806,0
0,2.5890109584661122e-12,0
0,0.00035909598468841737,0
0,4.255953743664257e-12,0
0,3.4882192279109776e-12,0
0,0.03416355517130527,0
0,3.6956849350095335e-12,0
0,1.4891547543015506e-05,0
0,1.2653563147319403e-05,0
0,0.010635899065656835,0
0,1.4853449111178083e-15,0
0,3.212280714130577e-12,0
0,0.012630203775100211,0
0,0.01130891652611948,0
1,0.9982895761696733,1
0,1.5841767207473644e-05,0
0,0.0246708914884832,0
1,0.9962224745652313,1
0,0.010628976971191768,0
0,6.08710595187695e-11,0
0,5.288589188666704e-12,0
0,0.00015465883786723773,0
0,3.661568385827245e-06,0
0,9.406022380521295e-12,0
0,0.001414316727072404,0
0,3.1806955542844833e-06,0
0,7.5052580144905484e-06,0
0,0.0006554423020205868,0
0,2.0480929398833178e-11,0
0,3.9674092719755425e-12,0
0,1.7391490721768722e-15,0
0,0.012470675607040004,0
0,0.7001701463962697,1
0,0.0010952153066272465,0
0,0.0010031059272315348,0
0,3.2717582950646705e-12,0
1,0.9999997057399408,1
0,0.7540175387434923,1
0,0.0009979579110538286,0
0,0.0004372373196663219,0
0,4.769842476406977e-12,0
0,1.9928754536519145e-06,0
0,0.010110407124981053,0
0,3.00879973033775e-11,0
0,0.025645875265126638,0
0,9.767921502489513e-12,0
0,6.361186115038282e-06,0
0,0.0005595674078348677,0
0,1.4071684755561545e-11,0
0,2.8462559701737204e-06,0
0,0.005113253137565252,0
0,4.993874398682034e-12,0
0,2.1384575211516412e-06,0
0,0.023246919559522634,0
0,0.7767468781062703,1
0,1.165658797064691e-11,0
0,1.7385515171255283e-06,0
0,0.0015217609554214744,0
0,2.347586787691637e-10,0
0,0.0009040973727867424,0
0,7.95482247249636e-05,0
0,3.536317906381709e-12,0
0,1.4315128579805437e-09,0
0,3.712943244437246e-12,0
0,0.0009319234783509332,0
0,0.0007323540507042238,0
0,0.0006050704139770169,0
0,0.8326975245011209,1
0,3.3026244362895196e-11,0
0,0.0011656621194956886,0
0,6.566545024380415e-11,0
0,1.0105019566078638e-14,0
0,0.00023242462228016388,0
0,4.716139614640286e-09,0
0,0.07634898800806865,0
0,0.0007506816842326482,0
0,9.141170472661884e-05,0
0,0.024226248316847974,0
0,6.448945134701744e-16,0
0,0.006376571997067431,0
0,0.0008189006877247069,0
0,0.010639600843069032,0
0,0.0003156435838175564,0
0,5.678649456270473e-16,0
0,3.3571972428088033e-16,0
0,0.00030636726218788657,0
0,0.016997335487255075,0
0,0.02536658920070115,0
0,1.5133536996229788e-10,0
0,0.0004623269876052681,0
0,2.203657556481712e-15,0
0,6.551569188891552e-07,0
0,2.5396026556851707e-06,0
0,7.984991725724809e-11,0
0,4.496377258279846e-12,0
0,0.030424371680018995,0
0,0.021663135858171385,0
0,5.996761668079406e-12,0
0,6.078096980849042e-06,0
1,0.9999999409538926,1
0,1.373527324390061e-15,0
0,0.018184063812550846,0
0,0.018703213759959907,0
0,0.015348193240119132,0
0,0.0003314880180454931,0
0,0.039751377887792975,0
0,6.011274937753031e-06,0
0,3.014763718279581e-06,0
0,0.0016732237306435528,0
0,5.1898469471107446e-12,0
0,0.013697126546122951,0
0,0.00029906793136700633,0
0,0.0005601625717063656,0
0,4.601670007234406e-06,0
0,5.470742359092908e-06,0
0,0.010371520389595828,0
0,8.574841740717129e-16,0
0,5.245618014665368e-15,0
0,0.00021283639471968282,0
0,0.017941337348827163,0
0,2.7904438905439296e-06,0
0,4.555762542879929e-09,0
0,1.0130590529295364e-11,0
0,0.0007217510442315778,0
0,0.0009559244271685808,0
0,4.281098403088934e-12,0
0,1.0008464955403595e-05,0
0,0.000559045672201396,0
1,0.9998086793254831,1
0,4.1045604080996544e-16,0
0,9.120682715353043e-16,0
0,0.972013367858893,1
0,0.8851773772289162,1
0,0.03077662035017838,0
0,6.123332574993587e-11,0
0,0.010285129287026117,0
0,6.109232025132672e-06,0
0,0.0007691785859532723,0
0,0.013394983378785273,0
0,0.00258857443448507,0
0,0.0003843802996559717,0
0,0.03688960419859556,0
0,0.009291021265421645,0
0,1.1387556569143656e-15,0
0,6.941535024334613e-16,0
0,0.0008116631277498859,0
0,3.236342595303285e-12,0
0,0.02975408432193039,0
0,0.009845556103179052,0
0,0.0004792844222141403,0
0,2.854189148224322e-14,0
1,0.9978024462588164,1
0,0.0155374829946347,0
0,0.007789925050308495,0
0,6.73976543943518e-05,0
1,0.9760775784777841,1
0,8.435047503506467e-12,0
0,0.015034396543906512,0
0,0.010810825599142659,0
0,0.002108464114466785,0
0,3.976400301106683e-12,0
0,4.294698823399835e-05,0
0,2.4794410182812324e-05,0
1,0.9840123347119377,1
0,9.082711610760729e-07,0
0,0.0004596522233938141,0
0,0.0012807302312696515,0
0,0.03294361223588504,0
0,0.002223871126252391,0
0,4.1919813632523024e-16,0
0,1.7454790983460761e-06,0
0,8.471086572561373e-16,0
0,0.026654051256242633,0
0,4.8291448536269094e-06,0
1,0.9996577154263887,1
1,0.9960334384955218,1
0,0.0006548795552085537,0
0,2.8713983951698545e-12,0
0,0.0009559653493814002,0
0,0.0003302582933317858,0
0,5.9932143481490196e-12,0
0,0.03575896181609012,0
0,1.3181533270010032e-14,0
0,0.0005785590303106412,0
0,1.1503442458387323e-05,0
0,0.01845474880228363,0
0,0.0012826636821010034,0
0,6.5059715343580384e-15,0
0,0.0007706389140277812,0
0,5.872002041719321e-12,0
0,4.3936696764037675e-12,0
0,1.461618796573542e-14,0
0,0.0008768070108429748,0
0,7.933901687064895e-16,0
0,0.002058863268090185,0
0,3.966321533165606e-06,0
0,0.01913022817676216,0
0,1.0492209601938386e-15,0
0,0.0008000300970082866,0
0,0.013712659911867622,0
0,7.289965169709248e-06,0
0,0.0006087473641525833,0
0,2.1228040968105244e-06,0
0,0.775041015753952,1
0,3.078186875193387e-12,0
0,5.983064211956679e-06,0
0,2.6233497732424026e-06,0
0,0.019358656175397664,0
0,9.145232013532701e-16,0
0,0.01459397265877091,0
0,2.42251158893516e-16,0
0,2.965638998092998e-06,0
0,0.019597064252667693,0
0,1.5347039993786778e-07,0
0,2.0767582048971043e-15,0
0,9.928593257127783e-16,0
0,8.627289907630831e-16,0
0,1.0393150309673014e-15,0
0,0.009802105553671924,0
0,0.000842200033976083,0
0,5.0000040337111325e-05,0
0,0.031749837066549116,0
0,2.773410800371839e-15,0
1,0.9999914677805982,1
0,0.0005762978343123179,0
1,0.9998869769313167,1
0,0.0004217777021828726,0
0,0.02197956651613951,0
0,1.3585652312571789e-06,0
0,0.0004757165670594356,0
0,5.0293042506478414e-05,0
0,0.0011789421403751773,0
0,0.9668419831221701,1
0,0.014680895538043769,0
0,0.023528001326791045,0
0,3.3689979326869767e-06,0
0,0.0007524183123269931,0
0,1.5407052563051666e-15,0
0,1.4561625935459715e-11,0
0,0.001193543413867221,0
0,2.6252704193742793e-06,0
0,6.9923569226829735e-12,0
1,0.7078376180027357,1
0,4.461013117363846e-06,0
0,8.96969515177647e-06,0
0,0.017805122380317475,0
0,5.636015637171026e-12,0
0,6.416999937032156e-06,0
0,0.015030586891191432,0
0,8.177200049438561e-12,0
0,0.643077028704786,1
0,1.9834205501352133e-06,0
0,5.171527295877519e-12,0
0,0.00040169640212519273,0
0,0.00027598591458207177,0
0,2.7793807404677684e-12,0
0,0.00012288207822440145,0
0,0.01927563969874823,0
0,1.317588081127817e-05,0
0,0.012716234594513653,0
0,0.0014533119146312896,0
0,0.019402677383434694,0
0,0.0011697699765102656,0
0,4.4039762720466054e-06,0
0,1.6550765892657834e-06,0
0,0.0006422233304293868,0
0,6.3693254355453724e-15,0
0,2.6101153668946157e-06,0
0,2.2914985626274147e-14,0
1,0.49078103779995363,0
1,0.9997414926058635,1
0,6.9977035823532326e-12,0
0,1.5305362297551682e-12,0
0,2.907031356863746e-11,0
0,0.009362115095936315,0
0,0.5454548254359096,1
0,0.0004904680463982044,0
0,0.028651228980894183,0
0,0.0177551817079731,0
0,0.020077811854707094,0
0,3.4141876635814596e-11,0
0,0.00023855843865077227,0
0,3.0576003709308384e-06,0
0,0.0007390207572851334,0
0,0.0001245521853422985,0
0,7.6069163843526e-12,0
0,1.1542957718190636e-15,0
0,1.50651705426326e-12,0
0,3.1068906413947907e-15,0
0,9.763216398555033e-12,0
0,5.970710738301555e-16,0
0,0.0010171583641089544,0
0,0.0014303314330637931,0
0,4.622930387366734e-12,0
0,0.014578918809301683,0
0,0.0004669814802600133,0
0,1.826303289352415e-10,0
0,0.011256295814021195,0
0,0.0005949012659062628,0
0,3.37354633083709e-06,0
0,3.84137524984578e-12,0
0,0.022550711196675628,0
0,8.680462008454212e-12,0
0,0.025731736089591402,0
0,1.5210638143754166e-05,0
0,4.3658384352197385e-06,0
0,0.0016065199952464118,0
0,2.116028958102729e-06,0
0,3.0405532040741605e-06,0
0,0.015356669650949827,0
0,4.453891177843982e-06,0
0,0.0009952223187242551,0
0,1.9199019988251116e-11,0
0,0.0006817622917619362,0
0,1.9849913192597902e-15,0
0,0.0005086526527969577,0
0,0.00021593049457709212,0
0,0.007104887004369706,0
0,0.5913728055115433,1
0,0.0015649128918034858,0
0,0.0007546507808616134,0
0,0.8140004686855145,1
0,0.0003008092054160608,0
0,0.0011781584905719727,0
0,7.540605271774206e-16,0
0,1.66918247102796e-15,0
0,0.00012944412791238144,0
0,0.0011222118645738178,0
0,3.0575782978484103e-06,0
0,2.9450156324264176e-11,0
0,0.8379496556124401,1
0,1.3747590362400787e-15,0
0,0.6616702754814237,1
0,0.018772359016883573,0
0,3.1901634139883852e-15,0
0,0.001917458059355329,0
0,0.016632256114273446,0
0,0.022730858879468848,0
0,0.0008048415442253921,0
0,0.007756394309863472,0
0,0.01287868851621804,0
0,0.0007806076457419129,0
0,5.187151596963273e-16,0
0,0.012456476354513328,0
0,0.02625119636267225,0
0,2.6319204161267184e-06,0
0,0.00043201523286956397,0
0,0.007074815030298289,0
0,0.9214579702022166,1
0,0.0005709057199768544,0
0,0.0007738894513456766,0
0,6.213935465125664e-06,0
0,8.245428175828752e-11,0
1,0.9999998966612988,1
0,0.011655045089555368,0
0,5.430624518220909e-05,0
0,3.623661884975334e-15,0
1,0.9971950851593533,1
1,0.9996105841104305,1
0,0.035435597927756204,0
0,0.0008667329911435012,0
0,5.696054003455595e-15,0
1,0.9999999184352415,1
0,0.00021957210484433102,0
0,3.020854632357164e-06,0
0,0.01678165156939828,0
0,0.00017576780215475867,0
0,0.0006916844460776049,0
0,2.9837705459977644e-12,0
0,0.00035203769858255365,0
0,0.00038586192784221965,0
0,0.04335776790611374,0
0,5.128823263988608e-16,0
0,0.010347794832684389,0
0,0.0005120368543693373,0
0,0.00022166566955442833,0
0,6.566067397042893e-08,0
0,3.5087372924477435e-06,0
0,3.1423800829670876e-12,0
0,3.951318135556497e-15,0
0,0.00046803414228783596,0
0,4.233087843705835e-16,0
0,2.3895283451471794e-12,0
0,8.609856316968595e-16,0
0,1.5911164130727788e-05,0
0,0.0009375786573512314,0
0,5.3777838045479855e-12,0
0,1.370525541961234e-15,0
0,0.8267668600139773,1
0,0.02371268561881024,0
0,9.050240996409098e-06,0
0,0.015366363408191894,0
0,0.0013780103599248038,0
0,1.881909219904516e-14,0
0,9.08684266648984e-06,0
0,1.5982136223022374e-15,0
0,2.447907098996686e-06,0
1,0.8350073426154565,1
0,0.018069927307624262,0
0,0.00021714844834416162,0
0,4.0269126492153034e-16,0
0,0.05099269687929389,0
0,4.069124436433267e-06,0
0,0.019114630110873273,0
0,0.0007577594433196759,0
0,0.029924883659756738,0
0,0.05143335967962311,0
0,0.021048853073181818,0
0,0.02412119834289555,0
0,1.9972807349365043e-05,0
0,2.206325806696732e-10,0
0,2.7108223076381407e-06,0
0,0.001087194812161275,0
0,5.5411982986544235e-06,0
0,0.0004207333199247739,0
0,0.0006871338982923004,0
0,0.00014278510561995577,0
1,0.9908514794198655,1
0,5.186437293160472e-05,0
0,0.00043702631685485233,0
1,0.9995028502009019,1
0,5.6816616079470475e-06,0
0,1.698315456309501e-12,0
0,8.093985734804983e-12,0
0,0.010469952128958742,0
0,0.0005673027422256759,0
0,4.692502420317341e-12,0
0,0.00029545911227144337,0
1,0.8835553968346699,1
0,5.295550655559248e-12,0
0,0.00010354840550936717,0
0,8.519846297085636e-16,0
0,4.1320761764984905e-06,0
0,3.204560711267326e-12,0
0,0.016773360565215802,0
0,1.0777844181871532e-11,0
0,3.0615567700355756e-11,0
0,0.02234185800837241,0
0,0.0005527174449850474,0
0,0.0003191952681672093,0
0,2.3912174020259437e-06,0
0,7.673042764052844e-11,0
0,0.00028844429349500164,0
0,3.426917987283645e-05,0
0,0.021003411241987662,0
0,1.0234140719311826e-08,0
0,0.021023269577956135,0
0,4.0379953063101685e-11,0
0,0.00023810176878724172,0
0,0.007777797402197457,0
0,0.01116250068196978,0
0,0.0005435756320295869,0
0,0.002225235660302198,0
0,0.0003458313063298819,0
0,6.464460188203315e-12,0
0,0.01667332052891349,0
0,0.0030814634026985355,0
0,0.0023326943101127135,0
0,5.228465803135627e-16,0
0,5.661451381542105e-12,0
0,0.0010746353942151685,0
0,0.016071579642243507,0
0,1.0792582223617669e-11,0
0,0.0007754347667645007,0
0,1.3778962631123477e-10,0
0,7.367880749750509e-16,0
0,0.0005212938877483882,0
0,0.004846586589941877,0
0,0.012019538375704845,0
0,8.135785827275678e-06,0
0,0.017389687031811936,0
0,4.4353856708507555e-12,0
0,3.035178127905942e-11,0
0,6.175120380098402e-12,0
0,0.01366605548091124,0
0,3.215111499914512e-15,0
0,1.3281460471298732e-12,0
0,4.693695125657912e-12,0
1,0.9908302901232885,1
0,0.7957862844843651,1
0,0.0007414640950165384,0
0,0.044830690265534844,0
0,4.094160391514354e-06,0
0,4.006760795610904e-15,0
0,8.122806752851263e-16,0
0,0.01859070221405943,0
0,2.8836760525314253e-12,0
0,2.9335459774133054e-15,0
0,1.2908066578104123e-11,0
0,0.01764691870871219,0
0,5.4255436930409506e-11,0
0,3.666757314648263e-06,0
0,0.008433218321486078,0
0,0.028765040125512634,0
0,0.037819518032694496,0
0,0.00024643831826462345,0
1,0.9887277270414744,1
0,3.359577643638059e-06,0
0,1.9753704138052386e-12,0
0,8.524533000919346e-06,0
0,7.875156740167748e-16,0
0,0.0009515893669988946,0
0,0.00030643557955293275,0
0,8.789957271483613e-05,0
0,0.012523507151706588,0
0,0.07768982898452152,0
0,1.8609553013540329e-06,0
0,0.0002794521166138749,0
0,4.126909368847177e-06,0
0,0.01832664378133227,0
0,1.1532526224749093e-11,0
0,0.0006296975581155228,0
0,0.0013835095060481248,0
0,3.4298628284953256e-06,0
0,1.31411637872957e-14,0
0,5.867543216344149e-16,0
0,0.05826520715275479,0
0,3.6882380149603932e-06,0
0,0.0007126650341186077,0
0,0.0007892437290311939,0
0,3.7294837194372676e-06,0
0,0.012328999819988817,0
0,0.0004114460827600532,0
0,0.000695851984470778,0
0,1.0483656721681727e-15,0
0,5.360321458218567e-12,0
0,0.018432662669354165,0
0,2.476546297748754e-11,0
0,0.002015793422228002,0
0,1.2046464192224187e-05,0
1,0.9947721075172036,1
0,0.0006621318024689451,0
0,5.569254451326158e-16,0
0,0.00033159724286634383,0
0,3.6781504008945327e-06,0
0,7.273350906238537e-16,0
0,0.018697557240598118,0
0,0.02269763258788048,0
0,0.029624763103452946,0
0,0.019351302232067817,0
0,0.011258355724725532,0
0,0.013767648899928224,0
0,2.092205772796075e-06,0
0,0.0008812653194842543,0
0,0.000331862411731823,0
0,4.127889733227302e-16,0
0,0.000844299214515484,0
0,0.014578756653802,0
0,0.01860930536315458,0
0,0.014133165180585735,0
0,0.015194421765234648,0
0,1.351527966428635e-11,0
0,2.196620592122649e-12,0
0,4.589573722195666e-12,0
0,0.013518368577784027,0
0,0.011680556674629824,0
0,3.2446797417070715e-11,0
0,1.27613191834846e-05,0
0,1.2350785286516062e-11,0
0,1.975728716328284e-11,0
0,1.3125961228080109e-11,0
1,0.9999999984638674,1
0,6.436702000685521e-15,0
0,1.2986624032690686e-15,0
0,3.587228074294226e-06,0
0,2.2447540054796035e-15,0
0,0.00042030585070159944,0
0,0.009816905559076786,0
0,0.008789221260685579,0
0,1.4880681145715198e-06,0
0,0.00881886798870713,0
0,1.9041059739441357e-15,0
1,0.994100780822475,1
0,0.008743788608289112,0
0,0.9831225860797861,1
0,1.1235357148200031e-15,0
0,5.1959180508877106e-06,0
0,9.62546257324833e-16,0
0,1.4765569798064244e-06,0
0,1.4298247444325187e-11,0
0,2.6301091634020345e-11,0
0,1.8425686351498225e-11,0
0,0.000616874726344928,0
0,3.9937682534295684e-05,0
1,0.9911911286048607,1
0,0.00043011966316125987,0
0,0.00034590244005591086,0
0,5.744621711151025e-06,0
0,3.4376708530506044e-14,0
0,0.0020290003699341645,0
0,0.0006536843342301223,0
0,3.1325547114405825e-07,0
0,1.9644632051009373e-08,0
0,0.0003372823985100221,0
0,0.009754616535953874,0
0,0.015484779619241015,0
0,5.132906408676034e-05,0
0,1.977533346841418e-06,0
0,2.205560070354803e-11,0
0,4.529649415517265e-11,0
0,0.7000578616586974,1
0,0.0008833029544771954,0
0,0.001290244368462934,0
0,2.514520338960479e-15,0
0,0.0005401890446256333,0
0,0.0006788510343009458,0
0,4.7394964229414216e-05,0
0,0.007040888475979367,0
0,0.0024321132853416705,0
0,1.037550955138874e-10,0
0,0.012490860091572088,0
0,1.2809436094912801e-05,0
0,0.022670688226261556,0
0,0.0008654104583998552,0
0,7.461838390176043e-15,0
0,2.4432796138645018e-06,0
0,0.017028939376711152,0
0,0.0006553130026371624,0
0,0.028050249911156715,0
0,0.029191847975816674,0
0,2.5505071950359903e-09,0
0,0.0006083151844998266,0
0,0.0014376912942903205,0
0,0.024727082000188937,0
0,0.04649976531793914,0
0,5.3157683003338275e-11,0
0,1.779370623243928e-12,0
0,1.1134791051065539e-15,0
0,9.721795194789792e-08,0
0,1.1895165656869053e-11,0
0,0.0014431082958712915,0
0,0.015868858000965075,0
0,0.013607147792939265,0
0,5.470974810004148e-06,0
0,4.3989587350152086e-12,0
0,0.0004959105586575811,0
0,0.02560617691325176,0
0,3.659319496280308e-12,0
0,0.7817520945098088,1
0,0.0143577689965332,0
0,0.041138230620966644,0
0,0.006290541078268431,0
0,0.0005776795113997043,0
0,0.014414581900988247,0
0,2.0432244128616e-06,0
0,1.1132335891818523e-15,0
0,0.0007741187991297719,0
0,0.007217376173707547,0
0,0.00038611289380498535,0
0,2.231056964302747e-06,0
0,0.0004766162158101758,0
0,1.8375901015550246e-15,0
0,1.0420183288361476e-15,0
0,0.0011678752168422391,0
0,4.002104513691094e-06,0
0,0.6665228207163633,1
0,0.01585250050995441,0
0,0.0004552422811076092,0
0,0.027984060711199098,0
0,6.6120294415689e-16,0
0,0.0014730361926659976,0
0,0.011784842292032208,0
0,0.04170326671616074,0
0,1.0571387392180253e-15,0
0,0.0004980430073078559,0
0,5.779268130540035e-11,0
0,6.819406745153525e-06,0
0,1.880222981350989e-06,0
0,3.946288837977024e-05,0
0,7.559870538014492e-16,0
0,0.044102329105834254,0
0,0.0012063415947069533,0
0,0.010575289404243956,0
0,1.0646559778166077e-15,0
0,0.0177075503612916,0
0,0.0018977066040182366,0
0,0.003072323414997669,0
0,4.004352340547578e-06,0
0,0.664024351790905,1
0,0.0006278633884426995,0
0,0.010517888195181789,0
0,5.040772843673127e-06,0
0,0.00048346316353861543,0
0,5.318371005611792e-06,0
1,0.9944114053456419,1
0,0.005359048928140263,0
0,1.7785516234615748e-11,0
0,3.803284878801435e-11,0
0,0.000478445525949695,0
0,2.87436391716001e-06,0
0,1.4002600330814906e-05,0
0,0.0018095864044805066,0
1,0.9999969430375112,1
1,0.9898453376664902,1
0,7.1535804531329e-16,0
0,4.8909786471985556e-11,0
0,4.145552124591924e-06,0
0,0.015570541711736998,0
0,0.0005412630359727709,0
0,0.021081845441623705,0
0,2.8450997846972055e-11,0
0,0.030489423586225244,0
0,9.680721178925761e-15,0
0,0.0007178649654522753,0
0,0.003044170576698593,0
0,4.9094958408959715e-12,0
0,0.023837945099059444,0
0,1.5470195043215557e-10,0
0,0.012086572383436765,0
0,1.82932789508028e-05,0
0,0.0005217490294637526,0
0,0.003097933844930481,0
0,0.0007250801339272878,0
1,0.9753017263603229,1
0,0.0006308510974831471,0
0,8.180817183603567e-12,0
0,0.006771839873487678,0
0,0.01458189812860705,0
0,0.017059797091359994,0
0,0.014838987889696393,0
0,0.0009302461867023886,0
1,0.7926589564515796,1
0,5.211411290986208e-12,0
0,0.0004289979083940092,0
0,0.0006804087545515835,0
0,0.9527510545776711,1
0,4.35253526656224e-06,0
1,0.9798455171806634,1
0,0.000751132470001173,0
0,3.9246716737875695e-12,0
0,0.0008198659031118099,0
1,0.7708979617452746,1
0,0.0006085787199701528,0
0,0.0018106594291775228,0
1,0.9870328030550043,1
0,1.4885951308663707e-08,0
0,0.010131946212001659,0
0,4.4300986332949815e-06,0
0,3.1224651158048333e-06,0
0,0.02061182218997561,0
0,1.6390368099165085e-05,0
0,5.88463578554524e-12,0
0,0.0006603065486995838,0
0,0.01577015471883973,0
0,0.001954182200222106,0
0,0.0010702168168106989,0
0,0.00038252550661820365,0
0,1.7470422959075712e-11,0
0,0.02645872249256038,0
0,0.0008647299762782035,0
0,2.6677607635596852e-06,0
0,2.8148381249093224e-06,0
0,3.9987820696496603e-05,0
0,3.8505041327517036e-12,0
0,8.396354077830263e-05,0
0,0.010294463407587088,0
0,0.8820959994091035,1
0,0.0005336290073757472,0
0,0.9632413744779772,1
1,0.8186690911405572,1
0,1.9654610620075087e-12,0
0,0.015707176985258118,0
0,0.018766332929816287,0
0,0.011848730291642514,0
0,0.007019206953991327,0
0,1.735068340809643e-11,0
0,0.013642936230443633,0
0,0.021881338511870234,0
0,0.7409625184265097,1
0,0.013939145762554702,0
0,0.00018389496794835345,0
0,0.9598199577378845,1
0,0.01294646984069428,0
0,0.039312874160246876,0
0,1.539062638087007e-15,0
0,0.008453870902388545,0
0,0.00022076769690559193,0
0,0.0008026405805689958,0
0,0.001576990816797295,0
0,0.019889777868399752,0
0,0.010936546455974215,0
0,0.0010864919035750058,0
0,1.8103048603098395e-15,0
0,0.8698118620323495,1
0,1.097919654047226e-11,0
0,0.009322132407126997,0
0,2.633559900928127e-11,0
0,0.02027571383171926,0
0,0.7670027827450078,1
0,3.2149523937679642e-06,0
0,0.015475311760454961,0
0,0.015656870939055007,0
0,0.00046590154803643596,0
0,4.659185878234506e-10,0
0,4.849413134069603e-06,0
0,3.175528190746714e-06,0
0,2.6881404214395742e-06,0
0,2.3566234442020478e-06,0
1,0.9909578479366768,1
0,1.6149503261507334e-15,0
0,3.5076346637285523e-06,0
0,2.1927435813474822e-11,0
0,3.1108411909110717e-15,0
0,5.56633786627117e-06,0
0,0.9659388557868767,1
0,5.6616193221774456e-12,0
0,9.918962073824874e-10,0
0,2.066368943273188e-06,0
1,0.9805393922842282,1
0,5.0377293945707264e-11,0
0,4.660653563586863e-12,0
0,0.5569553264564749,1
0,0.006370542965567615,0
0,9.710641097089461e-11,0
0,0.0005351819260634591,0
0,3.097723473243847e-16,0
0,0.009365426171598745,0
0,3.405667347173379e-12,0
0,1.5346380042482276e-12,0
1,0.9883303752893275,1
0,1.2670754450468292e-11,0
0,0.021898356359223974,0
0,4.939074737186681e-12,0
0,0.01685376901983738,0
0,0.018633241315950903,0
0,7.67241320046591e-16,0
0,3.1015214492069463e-06,0
0,0.0005176319007332248,0
0,1.0702821484311806e-15,0
0,1.4066587863325218e-11,0
0,0.00033537293566696515,0
0,2.7317316832218132e-06,0
0,0.014525471818803893,0
0,0.0009314479752769585,0
0,0.0007094053915230531,0
0,0.000812568508373437,0
0,1.5333536023773873e-15,0
0,0.03127223425128938,0
0,0.0004024295735234022,0
0,0.019055092875462153,0
0,0.019337671426952797,0
0,1.4050533155220506e-05,0
0,0.012295953190614299,0
0,0.0002061359455903279,0
0,2.877729056832017e-06,0
0,7.413290958651771e-06,0
0,0.017688203469593648,0
0,0.03591179170513253,0
0,0.0195310867778478,0
0,2.3511485862198767e-06,0
0,0.009789703681658539,0
0,2.936871235943469e-06,0
0,1.1227558683270835e-15,0
0,5.051454726302398e-11,0
0,6.602774112662949e-12,0
0,0.0008766808640999504,0
0,0.014448685578910447,0
0,5.845052416102698e-09,0
0,5.01065626145136e-12,0
0,1.1329988313670538e-15,0
0,4.7462669967248145e-06,0
0,0.004628139219066726,0
0,0.8638747218601954,1
0,0.0008497249969220343,0
0,1.0696764595918603e-11,0
0,0.01519667140554406,0
0,3.1292450865964513e-06,0
0,0.001420841594460895,0
0,0.0010018639836218964,0
0,0.013852184632771073,0
0,0.03278080466744367,0
0,5.6902379278599505e-12,0
0,0.7377052301592367,1
0,0.00033690159489013175,0
0,3.108638380290783e-06,0
0,4.0338484701769204e-16,0
0,0.00013804176592263737,0
0,0.037477164814120785,0
0,1.873517162692432e-11,0
0,0.000923184136572318,0
0,4.671343220179148e-11,0
0,5.241942378910807e-05,0
0,0.0007088765472719427,0
0,0.0005379002350867729,0
0,0.0010958132617185398,0
0,0.009555486762815575,0
0,0.0008328458501232827,0
0,0.0015164177225945406,0
0,0.0010394064468711697,0
0,5.930775532208559e-06,0
0,0.0011412835864996653,0
0,0.04959990424010776,0
0,0.015007039786284948,0
0,0.0007768972479723668,0
0,9.143038745427662e-12,0
0,0.0005221185853684342,0
0,2.009278861753211e-11,0
0,1.0786468310368112e-11,0
0,0.012927180838577126,0
0,6.613255717259075e-16,0
0,7.261420049536845e-12,0
0,0.0007363577573672378,0
0,4.755076945210513e-07,0
0,3.259778252648019e-15,0
0,8.781091223433426e-15,0
0,0.0013736565976061484,0
0,1.0298328501576137e-15,0
0,0.0007814477025581856,0
0,0.027293269008046777,0
0,5.263726688416224e-05,0
0,2.950875552637745e-06,0
0,0.0003471447676097021,0
0,0.0005053428740092205,0
0,3.3021777374802856e-16,0
0,2.159370466317252e-11,0
0,4.1123142676597165e-11,0
0,1.5594364810527726e-06,0
1,0.6175546261899701,1
0,4.7056815066834024e-06,0
0,0.0006423024298067442,0
0,3.2712132609487997e-06,0
0,0.000733842505563839,0
0,0.00010213054312002783,0
0,9.998300875730084e-12,0
0,4.046966104693255e-06,0
0,2.7203215231836646e-06,0
0,0.017386206474265108,0
0,1.062400497418001e-11,0
0,1.2405707014265583e-15,0
0,2.707256731296772e-06,0
0,2.5516244308454634e-12,0
0,0.0010121201123238816,0
0,8.881274120214032e-16,0
0,0.015646071628290716,0
0,0.017530397466394967,0
0,1.4261961132077295e-05,0
0,0.7386110695982127,1
1,0.9992472937919481,1
0,4.080060424135876e-06,0
0,0.017377684124173974,0
0,2.1403162637192014e-15,0
0,2.334346083918679e-15,0
0,4.895662821374268e-12,0
0,3.271125437516435e-06,0
0,1.0809569506079917e-08,0
0,0.0006124479745829788,0
0,0.001845215529157822,0
0,5.028592574441563e-06,0
0,0.00039051620300884773,0
0,0.00044203718641434966,0
0,8.459303158674892e-06,0
0,8.36049554875639e-16,0
0,1.242009222721024e-11,0
0,4.238928561737954e-11,0
0,0.010647951400036982,0
0,0.01553850620857102,0
0,4.575524895656854e-06,0
0,1.32226697282526e-15,0
1,0.9999641859547539,1
0,8.539647578108743e-05,0
0,0.0008912396014831086,0
0,4.6735698177773725e-15,0
0,0.009008805168504296,0
0,0.0003030138318654107,0
0,0.0005471490856168539,0
0,3.4793182295668127e-16,0
0,9.75246085279092e-06,0
0,7.707282900199793e-07,0
0,0.0008468776161881597,0
0,0.0007634443124471808,0
0,4.704444599943566e-12,0
0,0.010533117351100392,0
0,2.9782115010885414e-06,0
1,0.9023385701790173,1
0,2.5131440427964886e-12,0
0,3.5718782407009286e-12,0
0,0.7669541869804538,1
0,0.0015997183088146717,0
0,5.396309102345002e-07,0
0,0.0011018748135410465,0
0,8.387563382522407e-12,0
0,0.023777005952518034,0
0,1.2935556884279888e-06,0
0,4.557479622613724e-12,0
0,2.927985689676614e-06,0
0,0.01688466883230153,0
0,1.3450037083810214e-11,0
0,0.0023359843979655374,0
0,0.00018196493156175545,0
0,3.889103368243767e-06,0
0,2.1741275115309607e-12,0
0,0.031714225688042066,0
0,0.0007096583206519494,0
0,0.0007313774175550021,0
0,0.010106711455432404,0
0,9.89225351774384e-09,0
1,0.9999999983068104,1
0,8.1882143352319815e-16,0
0,0.9704699884438958,1
0,0.0008714754344552896,0
0,1.1431422129693937e-14,0
0,4.294292997672722e-06,0
0,1.674687257091451e-11,0
0,0.03587759967197202,0
0,0.006890055806101735,0
0,9.822036512110943e-05,0
0,2.919824484505971e-06,0
0,3.698559352558295e-06,0
1,0.8375325988592713,1
0,1.962422239343994e-06,0
0,2.299068429950581e-12,0
0,3.2834701696151516e-12,0
0,2.9005228820439633e-06,0
0,0.01400624719868354,0
0,0.0008377012206567798,0
0,7.061186975483661e-12,0
0,0.007281976263662983,0
0,0.0010426903200001945,0
0,0.0008787045234071989,0
0,1.7594838426159864e-11,0
0,0.0007614163891994759,0
0,4.582968105588136e-16,0
0,2.5849003118089927e-06,0
0,3.774973363234067e-15,0
0,1.474155461151833e-12,0
0,0.9488981613727423,1
0,0.009465265267458634,0
0,8.284228512827648e-16,0
0,0.017852829350598138,0
0,2.4691068159371756e-15,0
0,1.0700048368861778e-14,0
0,0.8312186985710448,1
1,0.9835315359693027,1
0,2.1416647679965274e-11,0
0,3.6166627945676566e-12,0
0,1.3789659329975351e-15,0
0,9.308806290616753e-16,0
0,0.9244502667924267,1
0,6.2249653875532e-12,0
0,2.854017511264594e-15,0
0,7.894157632513038e-11,0
0,0.00014511499000526557,0
0,1.0608240318731718e-11,0
0,7.579321090321447e-11,0
0,0.000867933708174931,0
0,3.9864461503584275e-06,0
0,0.029090073711607253,0
0,0.00028519019915355405,0
0,0.0023544567201085193,0
0,7.625196619723026e-12,0
0,0.024993660031035904,0
0,3.834822053944974e-06,0
0,0.01772617460782877,0
0,0.020611183381902935,0
0,0.012800731036793182,0
0,1.869372962401493e-12,0
0,0.015201608043827091,0
0,0.000558920272595047,0
0,5.983258972015443e-16,0
0,0.000941399695941787,0
0,1.9287648582668256e-12,0
1,0.6806632033922596,1
0,0.6794169040037376,1
0,0.0015059420051617663,0
0,4.613830041693e-11,0
0,0.00024821235564544646,0
0,0.012796836197789712,0
0,4.15072500317222e-16,0
0,6.2658726288532385e-12,0
1,0.8949431105593603,1
0,4.422220773709553e-05,0
0,4.483494787885813e-06,0
0,0.04278185382961481,0
0,2.2650521484481217e-11,0
0,0.0003588687870735034,0
0,0.0005641550764143711,0
0,0.8677549224380947,1
0,3.111029450264003e-06,0
0,0.001024747403659725,0
0,2.1739642999316423e-06,0
0,1.880947858452579e-05,0
0,0.01835254084211396,0
0,1.1723070507612021e-15,0
0,0.022297644168818367,0
0,1.0025022083658222e-15,0
0,3.810054949302187e-06,0
0,0.0003838204860908605,0
0,0.000834381339648387,0
0,5.688736944932271e-12,0
0,0.0013912147764085197,0
0,0.01851970358242147,0
0,4.036876589329773e-06,0
0,0.017463016516770666,0
0,6.304530364583888e-16,0
0,3.7258122296865577e-06,0
0,0.9512078092753147,1
1,0.9904206205487583,1
1,0.9751406436369813,1
0,8.291991792380215e-11,0
0,4.97551198197375e-12,0
1,0.9999988514223822,1
0,0.00013058387865573414,0
0,0.01819295043381076,0
0,4.523888818788066e-06,0
0,2.6088672394830787e-11,0
0,2.766227832263922e-16,0
0,0.026318169473597924,0
0,5.144645410595886e-06,0
0,7.4000460143189246e-06,0
0,0.0028274533674895576,0
0,0.0005497954535273277,0
0,2.420480045415632e-11,0
0,0.014038406086266303,0
0,2.59068549202934e-12,0
0,6.936231381063023e-12,0
0,0.01759650184804592,0
0,6.680552364580481e-05,0
0,0.0006717573050550211,0
0,0.7639134471449763,1
0,0.0006297555353795221,0
0,3.6812176593356864e-16,0
0,2.845142647582068e-12,0
0,0.024745637564359338,0
0,0.02265389185819617,0
0,0.0008065255143616175,0
0,0.008543327906635399,0
0,0.0003928162432091231,0
0,0.001359390497891572,0
1,0.9971063481299338,1
0,1.5593836341613372e-14,0
0,1.7158892224529185e-15,0
0,0.01833898705147631,0
0,9.793897371597326e-12,0
0,3.314322202838779e-05,0
0,0.0006976587476936381,0
0,7.16222719306098e-06,0
0,8.797799179157048e-12,0
0,0.030621135443407117,0
0,9.420530346633873e-12,0
0,1.768664029098018e-15,0
0,3.5989609261791594e-06,0
0,2.0799717049282167e-15,0
0,0.613387545264944,1
0,1.8269745474388121e-06,0
0,0.0011448122752725114,0
0,0.0005302179767755211,0
0,7.572655676315405e-16,0
0,2.335011126088746e-11,0
0,5.82830576724022e-16,0
0,1.1977396582696175e-15,0
0,3.0239503882060723e-06,0
1,0.9958547327898137,1
0,0.00028304949803129747,0
0,8.674194046733431e-05,0
0,0.01700773508955943,0
0,0.7209861367598056,1
0,4.74307800444444e-15,0
0,5.248379122109774e-16,0
0,5.609420157883417e-11,0
0,0.0006092808705288176,0
0,0.02610784996023199,0
0,1.9233463881035367e-05,0
0,3.4142726930091505e-06,0
0,1.4360508170453956e-15,0
0,6.983601763084286e-12,0
0,0.0005062214263584467,0
0,0.0010726404879274573,0
0,5.328369126916127e-16,0
0,3.811405712753546e-12,0
0,3.7798296878226056e-12,0
0,0.027790703812661712,0
0,0.0006875088269961733,0
1,0.9403190114198817,1
0,5.821039261640301e-16,0
0,6.752080035621738e-11,0
0,5.213848984704929e-06,0
0,1.5667208677688985e-12,0
0,4.504463945715434e-06,0
0,9.933251785595127e-05,0
0,0.8925289046236151,1
0,1.5779569165442168e-09,0
0,2.399862386085202e-06,0
0,0.01436357345568292,0
0,0.0005138028117199321,0
0,4.819437524243541e-06,0
0,0.02668037077571452,0
0,1.5708909806250476e-15,0
0,3.034506038018291e-15,0
1,0.9969278936530358,1
0,1.0290273230993337e-11,0
0,0.00021849562779453755,0
0,5.350145379987571e-06,0
0,3.2694724303726826e-06,0
0,0.015863936644034494,0
0,0.009124751566623799,0
0,7.138327138868333e-16,0
0,0.0016167429999276452,0
0,0.016690792430337064,0
1,0.984571748660626,1
0,0.016397758674056538,0
0,7.479845888535936e-16,0
0,0.8025471536763553,1
0,0.0001057462242149654,0
0,0.0007312901675253417,0
0,0.021372685282945662,0
0,0.962947342069441,1
0,3.695071277142127e-06,0
0,0.8321257269648936,1
0,0.013245704101001293,0
0,0.00017442201793668022,0
0,0.00020092149969435803,0
0,3.342304853312816e-05,0
0,0.001925883136848721,0
0,0.031303174672303896,0
0,0.01432625633931353,0
0,0.008050835843898704,0
0,0.0005780727846825419,0
0,4.542126263492155e-15,0
0,0.001929430105793213,0
0,0.01814139105481606,0
0,6.101140004210263e-11,0
0,0.0205373237759558,0
0,4.485896849910181e-05,0
0,8.284397707102504e-16,0
0,9.082301060885783e-16,0
1,0.9998372068569898,1
0,1.8044440454265534e-12,0
0,0.0004278104811008133,0
0,6.542186157764472e-12,0
0,9.541566346345165e-12,0
0,4.485787907699771e-16,0
0,0.0012296805425523628,0
0,1.0453627360265626e-15,0
0,1.0102396788825644e-09,0
0,7.1238076493280324e-12,0
0,7.042032616861609e-16,0
0,0.004687664448885371,0
0,3.634654031616445e-06,0
0,6.95719102264747e-16,0
0,0.028400661753717835,0
0,0.0004975701665024845,0
0,0.00047248707591318406,0
0,5.167717355789714e-12,0
0,0.011420847416206362,0
0,0.019580576605226746,0
0,3.638730122102761e-12,0
0,0.0010384957997230965,0
0,0.015701228260122543,0
0,0.8910757831420684,1
0,3.624695706003032e-06,0
0,0.003505114525334177,0
1,0.8853751079693754,1
0,0.029263545157075504,0
0,0.0005773430418715029,0
0,0.00015939950058583527,0
0,3.0178275360761844e-16,0
0,1.0681734802803026e-11,0
0,0.0003807903618573311,0
0,3.894411719391528e-06,0
1,0.9991352851896685,1
0,2.5215217919887283e-11,0
0,0.0006065951810269644,0
1,0.9829749676630378,1
0,0.019537505568731277,0
0,1.944403429686381e-06,0
0,1.2106531843504228e-15,0
0,6.668441652125912e-12,0
0,0.6660877726234551,1
0,6.6416470712159266e-12,0
0,4.139048209262544e-06,0
0,1.0773362691065636e-11,0
0,1.9858077022626055e-06,0
0,2.006673735181652e-06,0
0,1.2426786222688466e-15,0
0,0.019382037662458402,0
0,0.767795958393699,1
0,4.00853152270919e-06,0
0,0.0023540121345907153,0
0,8.57679800730712e-11,0
0,0.0006245251042848629,0
0,5.394218622140705e-12,0
0,0.0008657112891354584,0
0,0.0011524520455059753,0
0,0.007949372286922933,0
0,3.9301407577006146e-12,0
0,0.0011040073661282505,0
0,0.007586856370754894,0
0,0.03338012588140138,0
0,5.910965995665779e-12,0
0,0.015013707010654501,0
1,0.9979711227717334,1
0,0.014013674151991921,0
0,2.3979091821417027e-06,0
0,1.1065893853414425e-11,0
0,0.0007457596917332358,0
0,0.016985737313799924,0
0,1.6489617882608034e-06,0
0,0.01694551408356234,0
0,6.78472503920965e-06,0
0,0.0006533828884271262,0
0,6.102768115334808e-06,0
0,0.009100507990545131,0
0,0.0007109810185800145,0
0,7.709380037366862e-06,0
0,0.016151816227147127,0
0,4.9545972395485e-06,0
0,5.083591398930382e-16,0
1,0.7684452046038324,1
0,0.0019860631590452467,0
0,0.01470176251903568,0
0,0.799546927189704,1
0,4.3868224935927314e-15,0
0,0.00034649161516205523,0
0,0.019811356716403394,0
0,1.544864013390938e-11,0
0,0.01750501076969614,0
0,1.7050614273916055e-15,0
0,1.0703965180148921e-15,0
0,3.788559979590229e-06,0
0,1.095882687771944e-10,0
0,1.7713561782372019e-12,0
0,2.519778410941643e-07,0
0,0.023637062913776635,0
0,2.103046468426299e-11,0
0,0.0005666488674940757,0
0,2.3340119307031966e-12,0
0,0.0001380395235025601,0
0,0.016656521069200014,0
0,0.0007249938351389743,0
0,1.1947079131165028e-11,0
0,0.019799883322672254,0
0,7.799018174431858e-16,0
1,0.008694197907484585,0
0,0.0002547134707856319,0
0,3.24979107366595e-11,0
0,0.007510387177287388,0
0,8.508266227465741e-06,0
0,0.001689408776084808,0
0,5.2416383234073205e-06,0
0,1.2430631633561399e-05,0
0,2.8615864418015387e-16,0
0,0.02126628623272435,0
0,0.000782319242078655,0
0,0.6289382817162713,1
0,0.0013358742032109762,0
0,2.337484159441199e-11,0
0,2.4636904199737556e-11,0
0,4.31636757077833e-06,0
0,1.950827342322603e-06,0
0,0.6175223817887426,1
1,0.9787184682367424,1
0,4.512013699230805e-15,0
0,5.638107804986711e-11,0
0,0.0008721309929899225,0
0,4.883060835433776e-06,0
0,4.461504803506919e-06,0
0,4.4545406296586e-16,0
0,2.790672079331369e-05,0
0,0.00014160591253026557,0
0,2.361532466901825e-10,0
0,3.457032305585098e-12,0
0,8.019991732997707e-05,0
0,1.2565964256802697e-15,0
0,6.883580772287738e-06,0
0,0.001989203804638625,0
0,2.4529852269825677e-15,0
0,0.0009198912610054525,0
0,0.001165783593919615,0
0,6.480497339261791e-12,0
0,0.0010586003514292573,0
0,1.258224362278956e-06,0
0,0.793653520354284,1
0,1.023457043894307e-15,0
0,7.583145745909093e-10,0
0,0.01539154357999764,0
0,8.09440139203301e-05,0
0,8.436593587208728e-12,0
0,0.0006160844409647574,0
0,0.000584242879621512,0
0,9.4526105114656e-12,0
0,5.730059898471436e-16,0
0,0.001147530678752971,0
0,8.20368343335694e-12,0
0,1.2962928192350665e-15,0
0,0.0016206447505471258,0
1,0.9887884693059578,1
0,0.0007689230899526869,0
0,4.666998737455813e-15,0
0,0.0006084999300294882,0
0,1.2342896955632337e-15,0
0,0.001302998873142015,0
0,3.6551006718940466e-06,0
0,1.2761879687972798e-14,0
0,0.0002634736511834033,0
0,0.011104381856715431,0
0,5.654186319652677e-12,0
0,0.00036365391281852397,0
0,5.80290912736328e-16,0
0,0.0005379399374942597,0
0,2.129454708154585e-12,0
0,0.0004538138443716422,0
0,3.3389594915015492e-06,0
0,0.00037672029661351027,0
0,9.172738315948954e-16,0
0,0.0009440679434829213,0
0,1.3838077094984881e-14,0
0,6.581749237679215e-12,0
0,8.620579883403859e-12,0
0,6.510597699283069e-06,0
0,0.0006220957862439809,0
0,0.00017828500542966134,0
0,7.544730154262425e-16,0
0,5.590636859523866e-07,0
0,0.01599549753090409,0
0,3.7817300815868375e-12,0
0,1.099408852751737e-15,0
0,1.406026861706816e-15,0
0,1.6233855005263627e-06,0
0,0.9634873101822935,1
0,2.1650454047947813e-11,0
0,1.9648576397283184e-12,0
0,5.136859744903579e-06,0
0,0.02578333351333119,0
0,2.731949175384984e-12,0
0,0.019582110227492167,0
0,4.565598278303791e-12,0
0,0.020864761210300252,0
0,0.0002474730075204162,0
0,2.0776710881668016e-11,0
0,0.00047698606610434936,0
0,5.5130090335681646e-12,0
0,3.5751116895832066e-12,0
0,0.000312997946902132,0
0,3.8329885771935265e-12,0
0,0.023756935452085935,0
0,1.1254613593593595e-12,0
0,0.0006669470573193774,0
0,3.2419292372034925e-11,0
0,0.004341410871845014,0
0,0.03051448399484919,0
0,7.284710264670882e-12,0
0,2.154849556647945e-12,0
0,4.909879248475929e-06,0
0,0.0005047603856382913,0
0,0.015266382356947602,0
0,7.56615205970463e-15,0
0,0.00047437207283189577,0
0,0.0014020686555590834,0
1,0.9995624640374287,1
0,0.0018292085964917736,0
0,2.914187414079598e-06,0
0,7.971141462407537e-07,0
0,0.04127919922588147,0
0,4.7813406668051086e-05,0
0,0.0006008852531559999,0
0,6.170207320855389e-12,0
0,0.0013968569653003736,0
0,4.2913417361689315e-12,0
0,3.44043556330989e-12,0
0,0.0005221871830498946,0
0,6.526096518700327e-16,0
0,7.818834931472425e-12,0
0,0.017224641165240726,0
0,3.5115410906539756e-15,0
0,2.6139976126366894e-12,0
0,5.68500059547401e-06,0
0,0.0002041036763409274,0
0,0.012602641095925468,0
0,2.0822711155417936e-07,0
0,0.015383995768868189,0
0,1.2660258205216403e-15,0
0,0.0010523430106830415,0
1,0.9879781133025044,1
0,0.00037359262648245105,0
0,1.1132753567900907e-15,0
0,1.0925862177959505e-10,0
0,6.749617041316015e-16,0
0,9.32506112562576e-16,0
0,1.6842903939255297e-06,0
0,0.0073670862884141815,0
0,0.0007346186615907179,0
1,0.9999415585362036,1
0,0.8756168141115129,1
0,9.074260629312482e-12,0
0,0.849374009522865,1
0,0.02210923627493192,0
0,9.625499933603567e-05,0
0,0.0486759825387146,0
0,3.1567342192008873e-06,0
0,3.2018507439468472e-06,0
0,0.0003292093000026288,0
0,0.0005885686520867229,0
0,0.017682570011631253,0
0,9.436129293130346e-12,0
0,1.0200225282938377e-11,0
0,0.8033899952921301,1
0,0.5918607732488768,1
0,0.0017720123363049536,0
0,4.340458932968398e-06,0
0,3.0450761929600046e-15,0
0,0.017433856882953746,0
0,1.1449711922140248e-15,0
0,0.032284093467255214,0
0,0.0006000621557058991,0
0,2.0237044206265153e-06,0
0,0.0006273233596899883,0
0,0.03166472533753363,0
0,1.3251917217370346e-08,0
0,0.00020841370482054563,0
0,1.605155869991048e-05,0
0,0.0014627762319444006,0
0,0.000852847152500546,0
0,0.025745318294811755,0
0,0.0005917866708977133,0
0,7.99026394936363e-12,0
0,2.0837393980286786e-12,0
0,2.380404134101651e-15,0
0,4.704718105598464e-10,0
0,7.460785815608782e-12,0
1,0.9179302976654513,1
0,0.0006947065572293225,0
0,0.0007728661059839592,0
0,0.022618670411031123,0
0,0.00032283503356875595,0
0,0.909831642504155,1
0,0.009465101496732438,0
0,0.013617686013589966,0
0,0.006554069016843678,0
0,0.8321175986566208,1
0,1.0299993735512825e-15,0
0,0.0007085172685243455,0
0,0.001581326543502594,0
0,0.008338125620177163,0
0,0.9531389571180695,1
0,0.011196701805973746,0
0,3.918721594849141e-06,0
0,0.0009460264078642387,0
0,0.018844598143488114,0
0,5.7638363308075056e-11,0
0,3.393363104540537e-15,0
1,0.9937883350678048,1
0,1.4661935128042903e-14,0
0,2.52306761545915e-10,0
0,0.000682117683053884,0
0,0.0003545481697199439,0
0,0.0007265199252134404,0
0,0.0006770445514662401,0
0,0.02416082727740043,0
0,5.525086809318494e-05,0
0,0.00042226960070512894,0
0,1.0116158049281155e-14,0
0,2.67737770644295e-06,0
0,0.015454671898219006,0
0,6.161801654681883e-15,0
0,0.0009637295526844318,0
0,0.6281425900653709,1
0,1.7295018021302299e-12,0
0,3.15915054961454e-11,0
0,0.0005682949678875827,0
0,1.135543221361269e-11,0
0,0.00029969430036733087,0
0,0.012204151851823906,0
0,1.6868320076061436e-10,0
0,0.0009599454116595035,0
0,3.160538617869827e-12,0
0,2.7722253613069007e-06,0
0,0.0002302062211410118,0
0,2.6325698088572937e-06,0
0,0.024885865083397435,0
0,2.912546379762221e-12,0
0,0.023276455384048936,0
0,0.01947356416682556,0
0,0.021466483085647643,0
1,0.9782359322923333,1
0,0.0011248879036849081,0
0,0.03250789820539328,0
0,2.8466322610453005e-09,0
1,0.9962860718618963,1
0,0.00045789370070731174,0
0,4.3288795997030555e-06,0
0,0.0009446704346332394,0
0,4.942999742864824e-12,0
0,4.61641806984719e-16,0
0,2.1356901554670827e-15,0
0,0.020970345388148782,0
0,0.00010638043624568749,0
0,3.0209063076364724e-15,0
0,0.000960766552733515,0
0,2.9367416441178037e-06,0
0,6.01367115122494e-12,0
0,0.000996517251484859,0
0,8.483884163260169e-16,0
0,0.023468051327693508,0
1,0.999984763293396,1
0,1.5833237633917475e-15,0
0,5.622000433563452e-06,0
0,2.257633028944716e-11,0
1,0.984777332133391,1
0,0.21971740766509773,0
0,3.4156998472369076e-06,0
0,7.266722309290431e-05,0
1,0.9270575138516783,1
0,1.6206782176668048e-11,0
0,3.871295872317711e-06,0
0,0.0026472331533598198,0
0,4.960973469421659e-06,0
0,0.016508119136643764,0
0,7.691652037075132e-12,0
0,0.0003302134555427773,0
0,0.01563094995436728,0
0,0.03165959430408199,0
0,2.5109342107016295e-12,0
0,0.017516015134717698,0
0,0.0007430538569799339,0
0,1.7924022867590178e-06,0
0,0.0004684367808339096,0
0,5.0421818080862115e-15,0
0,3.2726329113653053e-06,0
0,8.439884360498528e-11,0
0,0.0001429698412785331,0
0,3.1119298435067812e-06,0
0,0.013196915060285482,0
0,4.769141611861032e-06,0
0,4.3859796513468436e-12,0
1,0.9980008371159134,1
0,0.00041137652664561695,0
0,4.528773762274358e-12,0
0,0.014105420135171201,0
0,5.420720536893535e-12,0
0,0.01747454343925137,0
0,2.6535343426901225e-15,0
0,0.017994422818504045,0
0,0.01753773054003754,0
0,3.0638407388793293e-12,0
0,0.01399137666549214,0
0,2.78174834564775e-06,0
0,8.692382218933274e-16,0
0,4.206284889609599e-06,0
0,6.052476137111934e-11,0
0,0.009326220285580063,0
0,0.001140782093068313,0
0,7.3087328265472285e-06,0
0,2.6973208171537108e-11,0
0,0.0009529491788399962,0
0,0.8641994021793011,1
0,0.01882695569691265,0
0,5.489977063681122e-12,0
0,0.0008569131099287127,0
0,0.0001656222034272952,0
0,6.044884624937168e-12,0
0,3.374226836088055e-05,0
0,4.699823946541952e-06,0
0,0.033780434027301284,0
0,0.9026615379665262,1
0,0.01722789776641274,0
0,3.413413895223432e-06,0
0,0.0006205992372919784,0
0,0.001194112907847915,0
0,0.015034068031381945,0
0,0.011050604412114766,0
0,2.2659126888992492e-15,0
0,0.018306851551105827,0
0,0.0009077239923824127,0
1,0.9759979022961974,1
0,1.9282663151404225e-05,0
0,0.0017527880043680978,0
0,2.1841760478516614e-06,0
0,3.486352225837286e-06,0
0,9.316991204726623e-15,0
0,4.11948842627945e-12,0
0,6.323202039294739e-16,0
1,0.6591486459021582,1
0,4.697461686640882e-12,0
0,3.4472691006515412e-12,0
0,0.01719280353695472,0
0,0.002407151940140461,0
0,6.246842618489053e-05,0
0,0.0002886469620479693,0
0,3.635064805592778e-16,0
0,0.0004597364256091697,0
0,2.004112973926967e-06,0
0,0.018920144558767185,0
0,3.839811803166075e-12,0
0,1.081771970153476e-11,0
0,0.0010044227117995777,0
0,7.308018379338755e-11,0
0,1.4366604387934633e-11,0
0,0.02197912000081528,0
0,2.6976609940640213e-12,0
0,1.009190374161561e-11,0
0,0.03163477575634669,0
0,7.345683113508067e-11,0
0,0.015846187086100142,0
0,0.0011275087859710878,0
0,0.042533982916873825,0
0,1.7543952601628479e-06,0
0,1.0125923673418664e-15,0
1,0.9981262932308217,1
0,0.023740325406094887,0
0,0.005723670184465345,0
0,5.035698154877935e-06,0
0,8.187809211320668e-12,0
0,0.0005578977367531697,0
0,3.5993253009209427e-12,0
1,0.8019899817964917,1
0,0.017964694820366525,0
0,2.6001557488009693e-16,0
0,2.807365249159379e-12,0
0,5.148696833527227e-12,0
0,3.064774871911774e-06,0
0,2.1752780153073743e-12,0
0,0.03157781005294096,0
0,0.012571301764526841,0
0,8.1785000707808915e-16,0
0,2.0576565579836522e-09,0
0,0.021288872013164404,0
0,0.003279580463441636,0
0,0.01780671338576168,0
0,2.2908936453609907e-06,0
0,9.315612629286428e-05,0
0,9.36702051777136e-12,0
0,0.00028782327786655077,0
0,0.0008045015704797064,0
0,6.817345785210498e-16,0
0,0.0018315941029308327,0
0,1.989809079227172e-15,0
0,7.099028862687632e-05,0
0,1.189388371728908e-10,0
0,0.0006011822528287191,0
0,5.0105658576284595e-06,0
0,3.8088083630170014e-06,0
0,0.01582919361091925,0
0,0.0011252310809092025,0
1,0.942362107262138,1
0,0.009125907054740897,0
0,0.02981238516071546,0
0,1.0769755800225526e-11,0
0,7.983305115976146e-12,0
0,1.6952323353729094e-06,0
0,5.5553495591707595e-12,0
0,0.0339882667521869,0
0,0.0005933418211481694,0
0,0.013670975250224454,0
0,5.850135215799441e-12,0
0,0.0078964090881484,0
0,0.770246011433575,1
0,0.024379171341744763,0
0,2.208471288892115e-05,0
0,0.00026408632048648974,0
0,1.9186781015118108e-06,0
0,0.0004706478180180897,0
0,0.8455600637201774,1
0,4.627809604251308e-06,0
0,2.517808137429605e-12,0
0,0.0007996612293972128,0
0,0.0005798065702914759,0
0,7.703345440388564e-16,0
0,5.161823812996291e-12,0
1,0.9912042428716534,1
0,1.1326130471187771e-11,0
1,0.9993737697477484,1
0,0.0006545307642239205,0
0,5.443282344262579e-15,0
0,0.00046106924378664103,0
0,0.4344475578769831,0
0,0.012446984282680113,0
0,6.226079969197551e-16,0
0,0.013319431843160688,0
0,0.00048638914586135695,0
0,3.794604184912934e-06,0
0,0.0007438336167706325,0
0,6.347069893146444e-12,0
0,0.02007512126668412,0
0,2.7037357728222567e-16,0
0,0.00042654416216514904,0
0,0.0025914408321061483,0
0,5.023254333637379e-16,0
0,1.3165482650599435e-06,0
0,2.6831978432296572e-12,0
0,0.00027159804912989087,0
0,0.0004836266749989558,0
0,3.4119276761245718e-06,0
0,4.2155248723659345e-15,0
0,0.013290391045128176,0
0,4.595240744943594e-12,0
0,8.011403415099847e-12,0
0,0.012144797131874958,0
0,0.00040219350144003675,0
0,3.755582946669642e-11,0
0,3.1297063350110784e-06,0
0,1.0916164661282892e-15,0
0,0.015290092543651952,0
0,0.010596057950784233,0
0,0.0005106448254846286,0
0,1.4084140214151292e-06,0
0,1.3091235730121848e-11,0
0,0.0009329702140085782,0
1,0.9956711966245786,1
0,1.2315372680511787e-07,0
1,0.999995458685217,1
0,2.452362797838011e-11,0
0,5.327345362111867e-06,0
0,0.0003008981590470525,0
0,0.01003757056388014,0
0,3.358426343198895e-06,0
0,1.8318886657718157e-15,0
0,1.5679116771456338e-11,0
0,6.705388682384101e-16,0
0,1.957550364838054e-11,0
0,0.0005620555654577527,0
0,4.9105663774150685e-06,0
0,2.2426768924121677e-06,0
0,4.030475364841624e-12,0
0,0.013277802768258021,0
1,0.9998951662267496,1
0,4.168469279302792e-07,0
0,2.908380762441626e-12,0
0,0.8770669990257272,1
0,4.022117766324872e-10,0
0,0.01259539363143225,0
0,3.8955720067482874e-06,0
0,7.950576073904201e-06,0
0,0.002340598248935804,0
0,0.008301465865902146,0
0,5.857947068447037e-12,0
0,3.924279376875934e-15,0
0,5.477521897922353e-12,0
0,7.093324947452681e-06,0
0,0.0014729648993471848,0
0,0.000684299252369165,0
0,0.9131707553253001,1
0,1.044965387160236e-11,0
0,2.441651339587444e-12,0
0,2.0838892748345217e-11,0
0,2.5699390816714052e-15,0
0,1.87420120287161e-06,0
0,2.103214551990735e-15,0
0,3.756328308499984e-06,0
0,5.838588211552332e-16,0
0,0.0011566634390337723,0
0,5.478448898639313e-16,0
1,0.9986919422436777,1
0,4.124416781211077e-12,0
0,3.726648093132189e-12,0
0,4.752359450286836e-12,0
1,0.9951705464772329,1
0,2.12588012357058e-11,0
0,0.06560237061840928,0
0,0.0007749806865036833,0
0,0.045050788526836395,0
0,1.6111124095658074e-15,0
0,0.0006295286061800447,0
0,0.0011890102124493664,0
0,0.0002319586056516703,0
0,0.0006005192956383776,0
0,0.020044235154581744,0
0,3.922381960994964e-16,0
0,0.0005601712486850499,0
0,4.079625956555842e-11,0
0,9.228041575969103e-12,0
0,3.3100277441440192e-06,0
0,0.0015070397231252283,0
0,3.822405858507349e-06,0
0,8.775051559142375e-16,0
0,0.0008004731384261861,0
0,3.1077900598571927e-12,0
0,0.7836966513436493,1
0,7.190469159780951e-16,0
0,5.6276415955909655e-12,0
0,4.312197636408264e-06,0
0,4.6980817813163587e-11,0
0,0.0010399918529174746,0
0,0.0013067193873107287,0
0,0.0005655908007002593,0
0,0.0012765980296620303,0
0,1.522756310849834e-11,0
0,1.8264827011620546e-06,0
0,5.490308874923851e-12,0
0,8.344398371546755e-16,0
0,2.7258582681057217e-15,0
0,0.012613226134630113,0
0,0.007072138609532546,0
1,0.9999999996308913,1
0,0.000633182959392444,0
0,0.0007891591820608463,0
0,0.0003242320586635686,0
0,0.027057505963474237,0
0,7.500658789870634e-06,0
0,2.712011055818834e-06,0
0,2.528857503786059e-06,0
0,0.0002526128743076097,0
0,0.00039748168400001243,0
0,0.02664689866071997,0
0,1.1696601100069435e-15,0
0,0.8749284272661354,1
0,0.00016939048207183913,0
0,6.421655456737392e-16,0
0,1.878462717482564e-05,0
0,1.6642712977050252e-15,0
0,2.403040252870467e-16,0
0,5.6679121492970404e-11,0
0,0.005535612611817899,0
0,0.0007220822059938725,0
0,0.0009342203544356897,0
0,3.135209455980877e-11,0
0,8.26893925222867e-05,0
0,6.733996462593908e-07,0
0,0.04022660362175775,0
0,1.3964438002499527e-11,0
0,0.016035500509141022,0
1,0.9988827525955578,1
0,2.9944089394390463e-08,0
0,0.0008484730647311927,0
0,2.423494518010332e-11,0
0,0.9439137606901156,1
0,0.006669182822157397,0
0,7.1781121776712935e-06,0
0,8.302333776651777e-12,0
0,0.02042985970919226,0
0,0.026075301087397303,0
0,3.172390850117614e-16,0
0,1.4587577518492609e-05,0
1,0.9962498412614528,1
0,0.0002714077343561517,0
0,0.0005945120477517839,0
0,6.043564877840542e-05,0
0,0.0007155646539600566,0
0,7.355714240117181e-12,0
0,2.803142009644781e-06,0
0,0.02552456564908884,0
0,0.013131616992545671,0
0,0.011808694033778775,0
0,0.0022942138311799337,0
0,0.014391968728374218,0
0,0.0011863231226357967,0
0,4.551339148263132e-12,0
0,0.0008427504129672943,0
0,9.36613912427807e-16,0
0,2.9668195836617577e-06,0
0,3.048386683645707e-05,0
0,2.8151523769475564e-05,0
0,7.558282680226523e-15,0
0,3.1406693164339684e-06,0
0,3.4295710979148145e-06,0
0,9.584484709039617e-16,0
0,0.014310410668364313,0
0,3.9474966979893405e-06,0
0,0.0008711006359608805,0
0,9.219896427535017e-16,0
0,0.00046243583962809754,0
0,0.002726871390651913,0
0,1.3621682373490156e-10,0
0,0.0001563663351368091,0
0,4.259877383078896e-06,0
0,0.010527606806378074,0
0,0.0007900492312829934,0
0,0.9443950634875825,1
0,1.5685323835441592e-14,0
0,1.151858205312533e-15,0
0,0.0005523487663851673,0
0,2.0366878655508076e-06,0
0,0.9360474290668527,1
0,1.981078471011784e-11,0
0,2.2070621699039988e-06,0
0,0.03746166357582095,0
0,5.791827070630763e-11,0
0,0.0012168244360845778,0
0,4.288941101108392e-15,0
1,0.9262509539809217,1
0,0.0005947149307958762,0
0,6.400843957144201e-06,0
0,2.476666946269028e-06,0
0,8.973612479445842e-12,0
0,2.788866951629241e-12,0
0,1.0583918089684364e-09,0
0,0.6683016702230338,1
0,7.391898014481316e-16,0
0,5.209762817713807e-16,0
0,0.6714894985762591,1
0,8.129804970863924e-16,0
0,1.4983330876340646e-12,0
0,1.1896849245047879e-11,0
0,9.408466385388899e-05,0
0,0.0002812322508541973,0
0,0.0004124796288623242,0
0,0.0007214705348269251,0
0,2.552309946379053e-11,0
0,0.0008998162048248554,0
0,0.024102662536917376,0
0,0.8656361496546371,1
0,0.012498142719366105,0
1,0.8061028272089299,1
0,0.002398848475629698,0
0,0.013460079094373852,0
0,0.8863722027047114,1
0,0.02470071973359318,0
0,1.085694934084487e-15,0
0,3.765837282719498e-05,0
0,3.137272614636778e-06,0
0,0.0005212030698973291,0
0,3.887843812234215e-06,0
0,0.015776971910636088,0
0,0.000634741527166105,0
0,4.774249243862342e-16,0
0,3.7807735004329e-11,0
0,3.812926686297527e-12,0
0,1.0606408468858821e-15,0
0,0.0002572019680370648,0
0,0.7660357945694197,1
0,0.00013440640767518598,0
0,0.023325745354419322,0
1,0.9077264741091482,1
0,5.180431283253953e-12,0
0,0.0007548415486392444,0
0,0.011490730999826752,0
0,4.736058324020756e-06,0
0,0.0007742848891825808,0
1,0.9999970667150215,1
1,0.8871603364120115,1
0,4.634433925500916e-11,0
0,6.086523543568217e-16,0
0,0.8841081673142187,1
0,2.3307691308933343e-16,0
0,1.579980011175086e-15,0
1,0.9980107376855559,1
0,1.1807639879872166e-15,0
0,0.02160739309424009,0
0,0.01830902370311119,0
0,0.0011158571025424778,0
0,2.867400692256581e-06,0
0,0.014368170981189683,0
0,0.021787020049624645,0
0,3.3106509102651874e-12,0
1,0.9999991619287423,1
1,0.995862787123307,1
0,0.010695345354016846,0
0,0.0018106828568000542,0
0,0.9377775998513487,1
0,4.598330116958517e-11,0
0,0.00022499019815910411,0
0,0.0003145815555804062,0
0,0.9416057398133418,1
0,3.3125128737985446e-06,0
0,4.4876346381785205e-12,0
0,0.0009803984908955084,0
0,6.88044916042958e-05,0
0,5.1670817243765195e-12,0
0,0.01144381339870172,0
0,2.704888082877302e-12,0
0,2.467967346264397e-16,0
0,7.151547913956083e-16,0
0,0.0007376101123857824,0
0,4.5174250257433804e-06,0
0,0.014719031679494088,0
0,0.002608251662763886,0
0,0.9307897919652334,1
0,0.01203503694960467,0
0,7.841018064186765e-05,0
0,0.0003800217058853822,0
0,0.010408809956712195,0
0,2.6320188358252603e-11,0
0,0.875018684181673,1
0,2.6100651415635826e-06,0
0,0.970873677933677,1
0,2.0801944629436947e-06,0
0,3.930171463200595e-06,0
0,1.0912920754035666e-10,0
0,0.0006020339843677624,0
0,0.006975168157764855,0
1,0.983135946265816,1
0,0.06343928536752245,0
0,0.022374311113390666,0
0,0.00030302881893993805,0
0,1.1308910047168968e-11,0
0,0.0007664858833448732,0
0,0.01841085080226989,0
0,4.96526214403259e-06,0
0,1.0,1
0,0.022863622278451186,0
0,0.0003831995875046821,0
0,1.03362670373942e-08,0
0,0.0006634871132297849,0
0,0.0271181956584772,0
0,2.765064498625719e-12,0
0,1.533544646829462e-06,0
0,2.4937540094968883e-05,0
0,0.0009099029567818438,0
0,6.981375335292344e-10,0
0,1.8262633869200193e-05,0
0,0.019487021469258733,0
0,0.018472048533690773,0
0,0.013040546615865695,0
0,0.0014032563931540513,0
0,0.035246785726170814,0
0,0.019975376079972157,0
0,3.439084737352939e-12,0
0,0.03308957478020382,0
0,1.2970967433866687e-15,0
0,0.9198132975988474,1
1,0.868726192111766,1
0,0.0010252526750218636,0
0,0.03320175317937011,0
0,0.0011500784667983375,0
0,5.087402176656924e-10,0
0,0.028652858631987393,0
0,0.011787717414486329,0
0,3.38325808758749e-06,0
0,0.911293531564777,1
0,0.000275988646714678,0
0,0.021026920038639752,0
0,0.021747788008263165,0
0,0.00013585990785370609,0
0,0.03822632561918701,0
0,6.286756497061901e-06,0
0,1.4233364486968286e-05,0
0,0.007758621049792907,0
0,0.0013733572786793296,0
0,0.023653464466893228,0
0,3.3968430741226674e-05,0
0,9.971451124927419e-09,0
0,2.6683625456114817e-06,0
0,1.236299025629451e-15,0
0,0.0003869781204621578,0
0,0.0005190909828780971,0
0,4.537521246204253e-06,0
0,0.0006887268320477827,0
0,9.943803768674076e-16,0
0,5.631247933487504e-16,0
0,2.3134477102813774e-06,0
0,0.0015175431120825916,0
0,0.001171807272912235,0
0,2.8892965368788638e-06,0
0,0.009721440604655442,0
0,1.5417297404513142e-07,0
0,0.0005006408636335412,0
1,0.9533646990927857,1
0,8.191340802718338e-16,0
1,0.8319677611000877,1
0,7.330303939603003e-06,0
0,0.000937547094295554,0
0,5.523226210534964e-12,0
0,0.03684703127314113,0
0,2.187311103254419e-06,0
0,0.00010975519584613125,0
0,1.1190686137160024e-15,0
0,3.7720299273782473e-11,0
0,0.0004736758203361451,0
0,1.3052452829024526e-06,0
0,5.732136742316817e-06,0
0,2.4794367221838787e-05,0
0,0.02177288496437982,0
0,1.9748024804510926e-12,0
0,0.013267959688397356,0
0,2.7212335670562504e-06,0
0,0.020329460589944406,0
0,1.816219016858251e-11,0
0,5.8622052243255905e-12,0
0,4.948187793334765e-06,0
0,2.6889943713672925e-12,0
0,1.5447026349414441e-12,0
0,0.009592863770173442,0
0,3.4198660685782085e-11,0
0,5.2706815326513745e-15,0
0,1.4865767000142028e-15,0
0,0.0010869370722963742,0
0,3.0938681407273355e-06,0
0,0.028300393343106755,0
0,0.0006072517814746158,0
0,0.0017359928686623905,0
0,5.123538506055845e-06,0
0,5.976258741762403e-16,0
0,5.273828061280234e-15,0
1,0.9948924152736793,1
0,3.55161023468532e-11,0
0,0.00028070027887026585,0
1,0.9830843189582257,1
0,0.9331652328222334,1
0,2.7160158609042495e-12,0
0,1.2842148098907235e-06,0
0,0.0019228063503738456,0
1,0.9900876482550401,1
0,3.983501343251416e-15,0
0,4.916960046756703e-12,0
0,1.388399986141753e-14,0
0,0.0009331688747995575,0
0,0.8347664724652607,1
0,7.386055126609609e-05,0
0,1.261821682891911e-15,0
0,4.028682398310572e-06,0
0,0.037909201295874176,0
0,1.8455855661787662e-06,0
0,4.049330469574303e-15,0
0,8.163634692879119e-12,0
0,1.3967699110528025e-11,0
0,0.001003401038505679,0
0,0.0008742622996857411,0
0,4.902639546628867e-06,0
0,0.01516978041577885,0
0,0.0007883024499335049,0
0,1.401112281251806e-06,0
0,0.0010022492745355859,0
0,0.002304157079150986,0
0,1.4924934120160573e-11,0
0,0.0005920173474102128,0
1,0.999940314364573,1
0,0.0003690341071068547,0
0,0.00196523066813494,0
0,0.001016528874788477,0
0,5.190336066995018e-05,0
0,0.0009209187581892306,0
0,7.220782610529682e-12,0
0,0.0009417741118908143,0
0,0.01962693459579972,0
0,1.0383292746260134e-11,0
0,0.7287496472302704,1
0,0.007975529908558992,0
1,0.995115539957705,1
0,2.087654089554675e-06,0
1,0.9999925495035458,1
0,0.7115673053003082,1
0,3.621246580683312e-07,0
0,5.080362728354789e-12,0
0,0.001779936938650527,0
0,2.6587009351834476e-06,0
0,1.2590480676964012e-14,0
0,0.024590552952224058,0
0,3.23496938591928e-06,0
0,2.524424240873846e-06,0
0,0.013144699711133986,0
0,2.926198822037341e-12,0
0,4.195104884338338e-16,0
0,1.6416198311397466e-11,0
0,1.059394215162064e-11,0
0,0.0051572367951009225,0
1,0.9768384972607096,1
0,9.931334735180257e-06,0
0,1.3293810489195089e-14,0
0,7.0869811525049424e-12,0
0,5.30374949516859e-06,0
0,0.01360110624381014,0
0,0.0007533542327839667,0
0,5.985753322450594e-12,0
0,0.004665697031429447,0
0,3.694383309467051e-12,0
0,3.2893361217357502e-15,0
0,3.4639756716611653e-06,0
0,1.725202354882943e-14,0
0,0.005338889750350614,0
0,0.016189076596540796,0
0,0.0022239401303677385,0
0,3.7416847935432013e-06,0
0,0.00865803821087009,0
0,0.021743269382191916,0
0,0.0005965926666678075,0
0,3.098535789508673e-11,0
0,4.855273700949167e-16,0
0,4.673822590671417e-06,0
0,0.00034330877783278854,0
0,0.008339495844807077,0
0,5.999180185787753e-06,0
0,0.02439038541640862,0
0,0.0005414205592632355,0
0,6.514960139888984e-12,0
0,2.6787565562249402e-12,0
0,2.8510024584644524e-12,0
0,0.012268531596850547,0
0,0.015954236472574816,0
0,2.60519273752353e-09,0
0,0.0012821013133081935,0
0,5.330089408689967e-12,0
0,7.502071763595497e-16,0
0,0.00047157658008643643,0
0,4.671076781055517e-12,0
0,1.6617780277416012e-11,0
0,7.739387368725572e-16,0
0,1.224361074395987e-15,0
0,0.005997903252749575,0
0,0.00016916785482397177,0
0,0.018154242923929365,0
0,4.116891855566637e-12,0
0,0.0009642414513763697,0
0,0.0005556116663338536,0
0,8.474013171654456e-16,0
0,3.8152173732899535e-11,0
0,0.003671914383595305,0
0,0.0197007959453405,0
0,6.332935439358057e-12,0
0,0.0003455766453140674,0
0,7.067264817999549e-12,0
0,0.0004905396106843295,0
1,0.9964196538163195,1
0,6.860543767662481e-16,0
0,0.0006633984084759647,0
0,0.0007274984272353833,0
0,0.0012253696951361774,0
0,3.2584552596175457e-12,0
0,0.0013126908789993662,0
0,0.000730642483692027,0
0,0.0015890502059572361,0
0,0.6567374841331983,1
0,3.988853714969636e-06,0
0,5.010177933629347e-06,0
0,0.7725026054883615,1
0,0.00014342006136843839,0
0,0.023241389335775367,0
0,0.00892658191835293,0
0,0.007589314659379589,0
0,0.021902848082754407,0
0,4.441527186030616e-06,0
0,0.03890155180258809,0
0,1.4248159089431828e-12,0
0,0.04432070069633371,0
0,0.013541217051877235,0
0,0.0004292026555891472,0
0,6.8208277399909054e-12,0
0,0.008244347908056844,0
0,0.8988888893950132,1
0,4.172440200813363e-15,0
0,0.0017802900129869992,0
0,0.049203047653419894,0
0,0.0006090231315889702,0
0,1.0747081163009431e-05,0
0,3.4145878555202514e-06,0
0,4.876278403739664e-12,0
0,2.644825407639966e-16,0
0,0.00047244031446165596,0
0,3.843681607891452e-12,0
0,8.08788640436425e-12,0
0,0.0007811966193814808,0
0,1.5162856197977754e-11,0
0,0.8880746911295104,1
1,0.9744727614738206,1
0,0.0003490667264105306,0
0,0.0002588548212152478,0
0,7.239851169700267e-11,0
0,0.02315154416928007,0
0,3.42548357430638e-12,0
0,2.3531891439796125e-06,0
0,7.259214987386625e-07,0
0,0.010410800201312709,0
1,0.98027724429249,1
0,5.426108754400521e-15,0
0,0.0010063824005932468,0
0,0.002439088769165364,0
0,0.000602471942966081,0
0,0.0003144354527413093,0
0,9.172536166307107e-07,0
0,2.9340374219580923e-15,0
0,0.00037027287145478604,0
0,0.0008951875167709952,0
1,0.9965626689496787,1
0,0.0004767181235244015,0
0,1.1400340778346872e-15,0
0,0.0014233022755561256,0
0,9.656110620785182e-12,0
0,0.017796509967713987,0
0,9.735570416596327e-16,0
0,0.0009177524451471055,0
0,4.692189517626876e-06,0
1,0.9991715512666713,1
1,0.885325167341343,1
0,0.0006117008419717501,0
0,0.0003172285896342718,0
0,6.177899152335893e-06,0
0,1.5534218772708479e-15,0
0,0.024847100926715573,0
0,0.590624071700206,1
0,2.0012141840736277e-06,0
0,0.0008153630189504495,0
0,0.0006525276987742523,0
0,0.0003903292527862273,0
0,0.0013306694875927722,0
0,5.528846827796952e-06,0
0,1.988305278854919e-10,0
0,7.167230266681671e-16,0
0,0.0006153818749127578,0
0,0.024933239390638403,0
0,3.070955690221293e-05,0
0,0.00017847938055849617,0
0,0.9218471632639734,1
0,6.052284583373196e-06,0
0,0.00020878328411286129,0
0,0.015317839520545948,0
0,1.4279459463663126e-09,0
0,0.7893703502326004,1
0,0.0025976866568266275,0
0,5.044206792092319e-06,0
0,1.6712094864160462e-14,0
0,0.0009349071764841424,0
0,0.0078868190741553,0
0,0.0006399466922574105,0
0,0.0008340815860281345,0
0,4.84421823883438e-12,0
0,7.799084329424716e-12,0
0,0.0007893369166161773,0
0,3.4140414074990127e-06,0
0,0.018654917940034058,0
0,4.3992400028196265e-11,0
0,0.01586605396060278,0
0,0.021009408416455034,0
0,6.011639305333417e-16,0
0,7.07813189443191e-12,0
0,0.020690264859760506,0
0,1.0073442058271895e-10,0
0,1.360954999472158e-15,0
0,0.017126736361449967,0
0,1.6770597915585743e-14,0
0,0.0012616316655577906,0
0,4.579531625834996e-12,0
0,0.0005563399038388614,0
0,0.014250212583007751,0
0,0.0004045248412105581,0
0,9.88524966791158e-05,0
0,2.7610522278044388e-06,0
0,0.9492746045267219,1
0,2.0073441653952805e-06,0
0,0.0005616315971406232,0
0,8.259710438808913e-07,0
0,0.00026068060539737633,0
0,7.24600271432191e-16,0
0,2.7424613784099477e-11,0
0,0.00032967509744201537,0
0,3.517994695249308e-16,0
0,0.0008606860893238975,0
0,0.013939869623548063,0
0,0.0008263636747493816,0
0,0.0002039882743340493,0
0,3.0978526980880094e-15,0
0,0.01642795610131076,0
0,0.0005970207423266053,0
0,0.012724493355834324,0
0,2.832928376504679e-06,0
0,0.000955211051355356,0
0,0.0010309722059394742,0
0,7.73159177560591e-06,0
0,0.0009463703802095623,0
0,2.623394128275804e-05,0
0,7.672961993319312e-11,0
0,4.543909878038368e-12,0
0,0.024878389582481415,0
0,2.3635729499541633e-06,0
0,8.146431643927195e-05,0
0,1.5248369205833694e-15,0
0,3.0868027550678594e-06,0
0,1.8738141876439194e-12,0
0,5.634540976196018e-11,0
0,9.351497325678585e-12,0
0,1.4483648609241473e-11,0
0,5.416087172283196e-16,0
0,1.679254288689517e-15,0
0,6.1804755181539566e-06,0
0,1.0812239948407212e-14,0
0,0.0010689458530639272,0
0,0.014667577744983205,0
0,0.03196436528311579,0
0,0.017235455558969996,0
0,0.018131429651903612,0
0,0.009728995010814383,0
0,0.0006998572840189569,0
0,7.144135097261478e-16,0
0,1.951020994050981e-11,0
1,0.9834692707393773,1
0,8.47619906464741e-12,0
1,0.997415175528158,1
0,5.785047314807791e-06,0
0,1.2918880667163327e-15,0
0,0.7323187278830533,1
0,0.025530974832133378,0
0,0.000812360618909724,0
1,0.999999999756191,1
0,0.00022619926119373505,0
0,3.163860616396057e-12,0
0,0.006439245789898087,0
1,0.9930675192725359,1
0,0.5245609814422493,1
0,0.00018522619313627626,0
0,2.5074822786587943e-06,0
0,0.011248487906505508,0
1,0.9999999996231548,1
0,0.000591808322557953,0
0,1.8199758517685023e-15,0
0,1.1923813949263734e-15,0
0,0.0013254803303858053,0
0,0.0005426087814139296,0
0,0.027521963879667162,0
0,8.637513625375952e-06,0
0,3.1199533357591893e-07,0
0,3.1972136012964626e-12,0
0,0.011575604727424978,0
0,1.2445203316031262e-15,0
0,1.32304518128634e-11,0
0,0.009541258920666151,0
0,4.940819379317046e-06,0
0,6.808692722328017e-12,0
0,0.000995271840352015,0
0,4.998823645439106e-16,0
0,1.999562406236672e-06,0
0,0.7929301697034763,1
0,2.4829751482090637e-06,0
0,5.6518189010378784e-12,0
0,0.0016141330077196292,0
0,0.007720396701051634,0
0,0.014297705489029533,0
0,9.45305747109711e-16,0
0,3.6935081913503274e-06,0
0,0.01860547889338237,0
0,0.0006908559784847807,0
0,3.009046529014263e-10,0
0,3.0867962383582974e-06,0
0,4.501062722125583e-06,0
0,9.17425682798724e-11,0
0,3.145827698139949e-06,0
0,2.397925363532047e-11,0
0,2.426601486058818e-15,0
0,0.0006238616966223175,0
0,0.0008082925608766859,0
0,0.0003491658229431911,0
0,5.726608326547431e-16,0
0,0.47497009402188917,0
0,5.3214179635294655e-06,0
0,1.0643084780658746e-15,0
0,1.3549225851950876e-12,0
0,0.010823218411403188,0
0,0.013613780824494735,0
0,0.00024082596537995137,0
0,2.808980452869876e-06,0
0,0.0007923447552967619,0
0,0.0007600505234554041,0
0,2.1447419232896812e-11,0
0,9.434100984156794e-06,0
0,8.037899337944036e-16,0
0,0.001072469012598159,0
0,0.7747257352367445,1
0,9.546592036173534e-16,0
0,2.7467511401513622e-11,0
0,0.00045725553756937833,0
0,0.01435033263435651,0
0,0.011897617276281395,0
0,0.013669124797484522,0
0,1.3134644894564995e-15,0
0,0.044758778237547744,0
0,0.011829509544829607,0
0,0.9694316816613237,1
0,0.010906562628789692,0
0,0.7535146730382988,1
1,0.9996991894078852,1
1,0.9889127198658316,1
0,4.301400208716085e-06,0
0,0.00045446152354323136,0
0,1.2757174294324805e-15,0
0,1.0668063489493873e-15,0
0,5.0835356107688806e-11,0
0,4.357085537478499e-06,0
0,0.013052311414635987,0
0,1.745301065634375e-11,0
0,0.0008600552785817205,0
0,6.3952566757119695e-12,0
1,0.8721039931819846,1
0,3.5243134261620774e-15,0
0,0.0005892076437237204,0
0,3.304702612526335e-12,0
0,0.0007818329479206587,0
0,6.038318078731417e-05,0
1,0.9876616556468641,1
0,1.2190123862224454e-05,0
0,0.9556885886654488,1
0,4.248160152764958e-06,0
0,0.0005051656237010136,0
0,0.00010408359100611644,0
1,0.9558134850116632,1
0,2.938720604269758e-16,0
0,0.00027924793762646984,0
0,3.1800551911854223e-11,0
0,0.0009726273637479061,0
0,3.681484036876366e-06,0
0,0.00752040051772916,0
0,0.01940360728601518,0
0,4.648103167662139e-16,0
0,0.009458578222592462,0
0,4.086002232524314e-12,0
0,1.0785802870865963e-10,0
0,1.4396686959430314e-14,0
0,1.1379280456461722e-14,0
0,0.00032376147280147385,0
0,1.570279128475113e-14,0
0,0.017766981803416626,0
0,2.5299692954235582e-12,0
0,3.571465135337971e-11,0
0,0.011025996159586854,0
0,0.0010204328368026167,0
0,4.404641805351976e-12,0
0,2.7322764501675016e-06,0
0,2.1135496507928173e-11,0
0,0.0001781406563916852,0
1,0.8354545558502353,1
0,0.0007114558329704571,0
0,7.521816287307843e-06,0
0,0.0011125700419206514,0
1,0.9971889970480514,1
0,5.828278150778516e-11,0
0,2.2208661953105944e-10,0
0,3.233613336595035e-06,0
1,0.9404747072505056,1
0,2.668867307263356e-11,0
0,5.6118263538642775e-12,0
0,2.655418531526223e-11,0
0,6.768157777295005e-12,0
0,8.481372912950847e-10,0
0,0.0004957690093439752,0
0,2.49270196521638e-12,0
0,2.426594531073179e-11,0
0,0.0007037183215067558,0
0,7.148671177658002e-06,0
0,1.0456223846827352e-11,0
0,0.00015091769713547078,0
0,7.476525108777438e-11,0
0,4.3724049513147085e-07,0
0,2.670293285900673e-12,0
0,0.006623952936190411,0
0,0.0007134170399773124,0
0,0.00012179423834690457,0
0,0.0004284920663146248,0
0,2.3601500913284664e-05,0
0,2.1601706693663316e-09,0
0,0.8146808481574106,1
0,0.0004757279238233421,0
0,0.0006814880611965636,0
0,0.021211016305998757,0
0,0.0006659485770131483,0
0,3.2721821513234424e-06,0
0,3.452721863565892e-11,0
0,1.2261516815217958e-15,0
0,1.0245883390376519e-15,0
0,0.014133563090276247,0
0,1.4154707463116302e-11,0
1,0.9999919864413772,1
0,1.3756840450228234e-06,0
0,1.2231516550319798e-06,0
0,0.001050659076028376,0
0,5.013169901458082e-05,0
0,0.9584100058105707,1
0,0.0006995927279650187,0
0,3.292976456277017e-16,0
0,0.030819861642532146,0
0,9.4849627605285e-12,0
0,0.0004146708072188781,0
0,5.422903775699839e-06,0
0,0.0005395092852605853,0
0,0.00010161350776500061,0
0,0.0007744619773415478,0
0,0.0003250546360757155,0
0,0.00922348417789163,0
0,0.00041962929850410786,0
0,0.0009475826820770977,0
0,0.000978964420995837,0
0,9.255296277721727e-16,0
0,1.225243463217134e-15,0
0,0.014769652871076136,0
0,4.393467193522419e-12,0
0,6.379191440430224e-16,0
0,4.847998774529193e-06,0
0,0.00015786886492157745,0
0,5.587285777965107e-12,0
0,3.257895988809352e-11,0
0,0.04277738419299669,0
0,6.822013073180575e-16,0
0,0.00023264173800250452,0
0,8.378358869427995e-05,0
0,2.1518456524396405e-06,0
0,7.829354275012035e-16,0
0,0.0007769295979721803,0
0,0.01796105536705042,0
0,1.0778852332399967e-11,0
0,4.60826468376836e-10,0
0,0.018207148305608108,0
0,3.25647553564834e-05,0
1,0.9995008248783653,1
0,3.624380597316776e-12,0
0,2.8281725954110413e-11,0
0,0.01868317344985013,0
0,2.3004583550202013e-10,0
0,0.8436296693763722,1
0,0.012850427944232813,0
0,0.010852580197759943,0
0,0.00020870182535591972,0
0,0.000554385900254364,0
0,0.00034337283533827,0
0,0.014201114769145805,0
1,0.980039858442467,1
0,5.363198753341712e-05,0
0,1.07324707384401e-15,0
0,5.0726561222515825e-11,0
0,0.0001193214186008844,0
0,1.4439926904315156e-10,0
0,1.5731167514942293e-11,0
0,0.0015874473629315941,0
0,5.388991289873199e-16,0
0,6.123578993911934e-12,0
0,0.00032635994531741606,0
0,0.9102947768823478,1
0,0.01047562085022819,0
0,7.031167679162063e-12,0
0,3.5485089605345534e-15,0
0,1.2108989931998492e-11,0
0,3.909287578927274e-12,0
0,0.0007536256551547303,0
0,0.0023935009687983183,0
0,0.0006502053643743928,0
0,4.195896961365229e-06,0
1,0.990478600356895,1
0,1.9972902052988388e-15,0
0,1.3723433281598787e-11,0
0,0.0006440896110513671,0
0,0.0011027341003663994,0
0,0.8298135380406291,1
0,6.6058169558815226e-06,0
1,0.9939613227628115,1
0,0.0011974436873791725,0
0,2.670123848777394e-06,0
0,4.6125076987775865e-06,0
0,0.000841726209298416,0
0,0.007536790946648577,0
0,2.8194792298242894e-12,0
0,4.299738254518766e-06,0
0,0.00010842346882365118,0
0,0.0004076464903263736,0
0,0.0009281799532599674,0
0,0.00012345054926243248,0
0,0.010432913414603685,0
0,0.028269569197394064,0
0,0.6712677248525241,1
0,4.798921738579753e-06,0
0,3.4555210202623495e-15,0
0,0.019549997382947375,0
0,4.897979453830708e-12,0
0,0.00041414135998941044,0
0,0.01400514527834521,0
0,0.7561324234809722,1
0,8.412835571405866e-12,0
0,2.662096528566126e-07,0
0,3.051317570130209e-15,0
0,0.014416016533714418,0
0,0.7711891030353978,1
0,1.3248512554874524e-11,0
0,5.70940335005665e-12,0
0,2.107252184597778e-05,0
0,3.723997068271491e-12,0
0,0.02513822845650161,0
0,1.3528065164793156e-08,0
0,0.00012109352664942353,0
0,1.373933677185829e-10,0
0,0.014013611811862843,0
0,5.1155594745977704e-11,0
1,0.9999843273262089,1
0,9.732580596762837e-12,0
0,0.0005917658254411781,0
0,2.9490036781852343e-06,0
0,0.00019066005349836356,0
0,1.958107288476792e-12,0
0,5.621098526213335e-11,0
0,4.277493844879744e-06,0
0,0.0005110694404326927,0
0,3.361559251724884e-06,0
0,0.01791604022361937,0
0,4.317595013603111e-05,0
0,0.0010054772799497028,0
0,0.0450446912414039,0
0,1.3034467846705672e-05,0
0,2.43197586851602e-06,0
0,0.0005912342938273513,0
0,0.0005938872764127551,0
0,0.0015130649558668116,0
0,0.000567505534167578,0
0,3.739549450725485e-06,0
0,0.0003276286513517285,0
0,0.011383305924996132,0
0,0.00023866623117175276,0
0,2.5548143568207287e-11,0
1,0.9893111589162187,1
0,8.643742334905263e-12,0
0,3.045201512085733e-15,0
0,0.017458374377047732,0
0,0.00011700868749805332,0
0,4.155877180841478e-06,0
0,0.01808662335552762,0
0,3.4323722050153583e-12,0
0,0.0004377405184789941,0
1,0.990881993101093,1
0,0.0008040325272000942,0
0,1.805774302197421e-11,0
0,0.8407688333591791,1
0,2.802679920203204e-06,0
0,3.814984617550654e-15,0
0,7.9568296825173e-16,0
0,0.0011067397413474617,0
0,0.00031158735040080077,0
0,3.54068526407665e-16,0
0,0.01928715756947088,0
0,0.0010712132083132188,0
0,3.3653341814209665e-06,0
1,0.9815215922939469,1
0,0.004163416291407044,0
0,3.924022379576076e-06,0
0,3.144894857306983e-12,0
0,1.854175918682625e-06,0
1,0.9821801132777617,1
0,0.0008560984464936896,0
0,1.700401120880581e-11,0
0,2.0683057175534716e-15,0
0,0.017195456647680917,0
0,2.0697172388078744e-11,0
0,0.036064188772403694,0
0,0.9569402148407127,1
0,5.0813805556783e-06,0
0,0.0008317378706154647,0
0,0.0003239058265324395,0
0,4.8407865177642494e-06,0
0,0.0007753771478619192,0
0,0.019596016815986727,0
0,0.009071419229050652,0
0,0.014942072678097194,0
0,0.0005768873320995256,0
1,0.9899435567132998,1
0,0.003114734113916498,0
0,0.0008858552029340234,0
0,0.02417721781024987,0
0,2.4966581252971242e-15,0
0,1.6674090550484492e-11,0
0,0.01797771924726978,0
0,3.768184975663977e-12,0
0,0.00019415527639132942,0
0,9.275978545607407e-16,0
0,1.8193369834318555e-11,0
0,7.637346524658353e-12,0
0,2.3770350646552037e-06,0
0,6.9310454795438e-06,0
0,1.1049027052690066e-14,0
0,1.10610592470732e-14,0
0,0.018937606574967354,0
0,8.200944568578838e-06,0
1,0.9976103078091116,1
0,0.013412088345140566,0
0,0.011988063242700266,0
0,0.012355186569202087,0
0,0.0570004875987623,0
0,0.009486289738584746,0
0,4.830531679624914e-12,0
0,0.0005514354764331894,0
0,0.009869714945644975,0
0,0.0009256899409600689,0
0,3.4928207221861967e-06,0
0,1.9702685638245864e-15,0
0,1.1758478609990087e-07,0
0,2.260823093581266e-10,0
0,0.001963519034826087,0
0,7.747752104456226e-12,0
0,8.831998511508827e-16,0
0,0.01264821773108005,0
0,7.587971545273526e-05,0
0,1.9885166876591953e-15,0
1,0.9999462842807866,1
0,7.629206230285573e-06,0
0,0.0003577047622510403,0
0,0.0012109675815981905,0
0,0.000821478273963558,0
0,2.4374528337777378e-05,0
0,3.608904730475607e-12,0
0,0.001046932943303606,0
0,1.2876060765361082e-15,0
0,1.7867658027512625e-15,0
1,0.9982295681320567,1
0,0.00042919340825948006,0
0,1.0644698192944113e-05,0
0,0.009372652396390665,0
0,0.0014827372073109493,0
0,0.8052478593528776,1
0,0.00039759261461587837,0
0,0.9861017202667569,1
0,8.306189800987982e-16,0
0,2.771454717770877e-11,0
0,0.0003447974995132972,0
1,0.9999296514163272,1
0,0.0010242870117105898,0
0,1.4143116022119873e-15,0
0,0.009167101934330723,0
0,0.009071842305085434,0
0,0.029229209363552652,0
0,0.000246004747867794,0
0,0.0017037313570594508,0
0,0.010790407285967089,0
0,3.0555509932018323e-06,0
0,0.00011702757127760124,0
0,0.0005755136728089454,0
0,2.503960709932461e-06,0
0,3.451018440469366e-06,0
0,4.143736250371272e-12,0
0,0.016935180607220355,0
0,4.266921652322858e-06,0
0,0.011417046781977871,0
0,0.0007837628243463436,0
0,6.525274931828975e-12,0
0,1.1483755104054622e-14,0
0,1.5092928248281362e-15,0
0,0.012568599900792206,0
0,1.138087807497252e-15,0
0,0.012087275360069346,0
0,8.023546229378699e-16,0
0,0.0012920500097103214,0
0,8.935524799316948e-12,0
0,2.9465403091964776e-11,0
0,0.6168725981932918,1
0,0.0105232339540558,0
0,0.020483546810033587,0
0,3.440591103895582e-12,0
0,0.03634661144156524,0
0,0.0006857237663238288,0
0,2.6120906583500276e-06,0
0,4.547976201555704e-06,0
0,0.022369825647681786,0
0,1.1981977659984778e-15,0
0,0.012251893446743406,0
0,4.3613053107027265e-06,0
0,1.8845150109937606e-15,0
0,0.010968126560994574,0
0,1.0503186091991491e-15,0
0,0.00020984731852177318,0
0,0.014643706138796115,0
0,0.022834333494423705,0
0,0.8190531308517217,1
0,0.96663962533223,1
0,0.000508380768067008,0
1,0.9674310883370918,1
0,4.0381506216066614e-15,0
0,0.023553454245580908,0
0,3.5335215907577423e-15,0
0,0.016609286857100607,0
0,0.0006435533795236839,0
0,2.1129962922753842e-11,0
0,2.2646422926643026e-11,0
0,9.775339689978777e-16,0
0,6.935413490454154e-16,0
0,0.017800891170068407,0
0,1.200805453879072e-11,0
0,0.0006543255773543814,0
0,4.649460490980562e-06,0
0,1.0477785443033062e-11,0
0,0.0010216553380077542,0
0,0.016805013101596454,0
0,4.830226715588577e-16,0
0,2.668508415831957e-11,0
0,0.8440439234068563,1
0,6.471903116251395e-15,0
0,0.013083268359151625,0
0,0.014013004116166489,0
0,0.031517260537847515,0
0,9.050727619839086e-12,0
0,0.02403891634618479,0
0,0.0009399163613699934,0
0,0.0003284999497552005,0
0,5.575808697253841e-12,0
0,3.3131370389522014e-06,0
0,3.924550262565458e-15,0
0,5.5292088763513975e-06,0
0,0.00027641989238158234,0
0,6.756450006052908e-16,0
0,1.09790881344731e-15,0
0,0.0003945472809850314,0
0,6.884024196468106e-16,0
1,0.9986249080404273,1
1,0.9999374026241514,1
0,1.3936266261694144e-10,0
0,0.0008504446705306904,0
0,1.9233788249787833e-12,0
0,0.00046826900892714884,0
0,1.6750673991022523e-11,0
0,0.0008044297786029597,0
0,0.0005848519725350747,0
0,0.03182976732573146,0
0,0.0011676453939280921,0
0,2.6944139104624008e-12,0
0,8.895658012318485e-11,0
0,1.7471646447587527e-15,0
0,3.430508552633895e-06,0
0,0.0002591551963071091,0
0,0.0006435322421689117,0
0,0.0009446646778281611,0
0,0.001122569586782177,0
0,0.0005441077493166758,0
0,0.00039767322225525643,0
0,0.025302778413686746,0
1,0.7682767318565886,1
0,0.00043457534006094737,0
0,0.014700861029586123,0
0,0.0003333260423917056,0
0,5.942804584728905e-11,0
0,0.00018410831625211138,0
0,3.2313796144670117e-06,0
1,0.9857894304993503,1
0,0.0011237446619864675,0
0,0.007943807339407853,0
0,6.411512058473563e-15,0
0,1.6017703108761578e-15,0
1,0.9302770131795168,1
0,0.0004660565983564842,0
0,0.7445807058140828,1
0,1.5285085727915498e-14,0
1,0.8895553613536562,1
1,0.9981793106587048,1
0,1.5809190852374103e-11,0
0,0.0011030404325402653,0
0,0.010973878065035825,0
0,0.0005661773285299673,0
0,0.0002995292850698031,0
0,0.7641647582054893,1
0,2.3297299140760965e-15,0
0,0.0002795099361924712,0
0,0.00014075975795086625,0
0,4.6450713009389215e-16,0
0,0.0007566450154160023,0
0,1.4509541966165e-05,0
0,0.024505258874093612,0
0,5.992351631602687e-15,0
0,5.03093171808636e-12,0
0,1.0096028289816163e-05,0
0,0.0008931083027602284,0
0,0.006133901478696933,0
0,0.0009725459578045618,0
0,0.03698783952111904,0
0,0.000617383867239886,0
0,1.648430127848455e-06,0
1,0.9779047281637161,1
0,1.8509812453888756e-06,0
0,0.05090519869371422,0
0,0.027031822887636513,0
1,0.9999999695725306,1
0,0.013799187422165118,0
0,8.032124181936742e-06,0
0,5.926753098353696e-06,0
0,0.8922353143821065,1
0,2.4312740590836597e-11,0
0,0.0023596072150777418,0
0,5.213903688492973e-15,0
0,4.852022281011644e-16,0
0,0.001918443410663507,0
0,4.524247824915574e-16,0
0,0.0008436385239930674,0
0,2.6662625889167086e-12,0
0,0.0006957250547527919,0
0,0.0006867651122382203,0
0,0.01185861139029744,0
0,0.009195122890434932,0
0,0.0010827127727329414,0
1,0.9961921393764978,1
0,0.005423053898662319,0
0,0.0005892813981020041,0
0,1.7938005593482118e-10,0
0,1.783443026576914e-15,0
0,3.5595108537708765e-06,0
0,1.410251805982964e-11,0
0,3.5503090063671045e-06,0
1,0.9978915490365662,1
0,0.00020527387445469928,0
0,0.0008220126728225056,0
0,0.0011319773019126068,0
0,1.336871235441042e-10,0
0,0.042105030432586954,0
0,2.4126954898144694e-12,0
1,0.9780991584803526,1
0,3.0537101837891466e-06,0
0,0.000335481662583137,0
0,0.0017464069728755265,0
0,0.7180467920865884,1
0,0.02450074887016793,0
0,3.658873246246178e-06,0
1,0.992473479871547,1
0,0.02230649764702831,0
0,0.0010932363630764786,0
0,5.74060002809813e-12,0
0,8.568748422628661e-05,0
0,0.0005920072821488561,0
0,1.3080080877232308e-15,0
0,1.6405528607552995e-15,0
0,1.1634333868830641e-11,0
0,0.00017645023194496923,0
0,0.0006707896000277416,0
0,2.8417458240725607e-06,0
0,0.0011266307819049134,0
0,4.4151365715216335e-06,0
0,3.501988949087119e-12,0
0,4.996992995237484e-05,0
0,0.026185331707719472,0
0,5.651819823585362e-11,0
0,0.5900453838217855,1
0,0.013379276540127319,0
0,0.02096400930460731,0
0,2.8742084441242337e-11,0
0,4.357270427370443e-12,0
0,6.298807783399004e-11,0
0,3.984148642716966e-11,0
0,4.768953147738573e-12,0
0,1.3849795335456061e-15,0
0,0.8379233777599002,1
0,0.03606984272737072,0
0,0.0007208158700717048,0
0,0.0005907219289809502,0
0,0.0004558870844269849,0
0,0.029027517953634764,0
0,2.017962914609105e-15,0
0,4.672612469650267e-12,0
0,0.00034072666763138785,0
1,0.9897191696730404,1
1,0.9999202522481839,1
0,0.00063233783696072,0
0,4.311368399954933e-16,0
0,0.00027184614323799147,0
1,0.9999351330158441,1
0,0.014669349161360526,0
0,3.946435943097062e-16,0
0,5.485097427687939e-06,0
0,4.4083264341129816e-11,0
0,5.4231610120130906e-12,0
0,0.0012310225928419253,0
0,0.0002948504077511535,0
0,4.025413680066177e-12,0
0,0.00046406496160089476,0
0,0.0006920247269628122,0
0,0.012588771978425707,0
0,1.3702665404898555e-06,0
0,2.0915231074937636e-05,0
0,0.0012958371608865617,0
0,0.0008345019841786822,0
0,5.523843011892173e-16,0
0,0.7018668152385971,1
0,9.783518352676085e-07,0
0,5.596704593182099e-12,0
0,0.016903727643816542,0
0,0.0008910944114240035,0
0,1.1396721576010068e-15,0
0,0.01967056122921589,0
0,0.0006375119942242772,0
0,0.0007181491402060374,0
0,0.013983137246517329,0
0,6.426190913206825e-16,0
0,0.0004759216888581,0
0,1.3922800058230054e-06,0
0,6.1374177837133774e-12,0
0,3.7933023808531096e-12,0
0,0.0014297995287069298,0
0,2.452484998654381e-06,0
0,0.0572026055807606,0
0,2.8460115902719567e-06,0
0,1.5707803279139003e-15,0
0,5.343288135947401e-11,0
0,1.863961425963027e-11,0
0,0.005018810530719915,0
0,1.845018688327236e-11,0
0,0.019831209343093473,0
0,0.008587842866918098,0
0,3.8162522646946965e-06,0
0,2.1998064701290175e-05,0
0,0.00086956578220012,0
0,2.249441487778057e-15,0
0,0.016044521719816324,0
0,1.951203359952652e-15,0
0,0.0005987242789852572,0
0,5.53749136699417e-12,0
0,6.104903799048316e-06,0
0,0.8511104167424715,1
0,2.4810872055103237e-06,0
1,0.984881772876634,1
0,0.00014364474099401588,0
0,0.016524966157212016,0
0,0.0012557120014956703,0
0,0.0317986096342525,0
0,5.2201779280175564e-06,0
0,0.017751623457974864,0
0,0.0037176648906136578,0
1,0.9977034555702365,1
0,5.533748550824294e-12,0
0,0.026702725439659104,0
0,0.6281308617013636,1
0,2.5736892752265895e-06,0
0,7.583725489025695e-12,0
0,2.835930483342522e-10,0
0,1.1351117387922611e-10,0
0,0.0008613541539285264,0
0,0.03253667541124442,0
0,1.4952879167118314e-06,0
0,0.01447654766382976,0
0,7.73306422230002e-05,0
0,4.345146898512306e-06,0
0,3.168990520036013e-11,0
0,8.131429551458227e-10,0
0,0.0004495262583501023,0
0,0.0002142672923236918,0
0,4.069965064791668e-07,0
0,4.934870285716762e-06,0
1,0.992237434323146,1
0,0.013884733051253142,0
0,0.01328122065135428,0
0,4.231616784384055e-11,0
0,8.570910854148536e-16,0
1,0.9988923260310231,1
0,1.0128203137467825e-15,0
0,3.473151449149878e-12,0
0,0.0010373647005096547,0
0,0.015546421951093693,0
0,2.557922605674794e-11,0
0,0.017573544542085397,0
0,6.144718600215535e-12,0
0,0.0012068584505449218,0
0,4.174997610716294e-06,0
0,0.001018179486690827,0
0,3.515389547978842e-11,0
0,7.771875040110692e-16,0
0,0.04318733927257305,0
1,0.9859195504178779,1
0,0.0013746549408052457,0
1,0.9992761851396689,1
0,0.0006460913548227683,0
0,0.02007316549060453,0
0,0.0008974858657754173,0
0,0.008228045582570993,0
0,3.282541490600777e-11,0
0,8.54219108709294e-12,0
0,2.4141035127797345e-15,0
0,1.6036534186102663e-06,0
0,0.022049098937237367,0
0,0.0008709761605134381,0
0,0.0003636653976640468,0
0,1.5791980024975587e-14,0
0,1.8282472786260993e-06,0
0,0.9285545199023487,1
0,0.00020371925210302578,0
0,1.373806673779643e-11,0
0,0.001074605013908088,0
0,0.0009165697078653668,0
1,0.95158589532164,1
0,0.0013492809404915776,0
0,3.5402536774283895e-12,0
0,0.04272645550550104,0
0,3.583995739434821e-11,0
0,0.016846132890333633,0
0,0.016474867545215308,0
0,1.007103179102137e-15,0
0,0.001921918615791198,0
0,0.009560354170617302,0
0,7.403810086858807e-12,0
0,1.1602804899379213e-06,0
0,0.8452884490837885,1
0,0.0004617096318584601,0
0,0.016492617455088895,0
0,8.833323047650947e-12,0
0,0.00056613398610549,0
0,0.0001374907537089157,0
1,0.9976350356491457,1
0,0.014896667146508428,0
0,0.014690380018411579,0
0,3.1765092361506286e-05,0
0,1.8030464642986067e-11,0
0,0.02067690081697175,0
1,0.9723482021884019,1
0,2.74872134036016e-11,0
0,0.04197061884063819,0
0,0.012471454692663744,0
0,2.8516675440376093e-16,0
0,6.049043771710097e-11,0
0,0.7221584844305198,1
0,0.0006696183706865014,0
0,0.01538758744193567,0
0,3.996340389577787e-15,0
0,9.797489427509067e-16,0
0,0.0196496291978591,0
0,3.7488621069861117e-06,0
0,0.015895856843307663,0
0,0.0011858256482014113,0
0,2.777242903012271e-12,0
0,1.534101176799453e-08,0
0,3.0314763860312693e-06,0
0,1.6593979898287857e-15,0
0,0.0010078346996635792,0
0,0.009817334271288385,0
0,4.190546482485273e-09,0
0,5.267781778856761e-12,0
0,0.00016030533931736708,0
0,1.7307554023053746e-15,0
0,0.8751472206988801,1
0,8.5865360401955535e-16,0
0,2.9648958338908442e-12,0
0,0.0011868110507970465,0
0,0.00053035524650299,0
0,0.00040869984500164217,0
0,0.011548795063126931,0
0,7.551603052804729e-16,0
0,1.2499757452025875e-11,0
0,1.5536964682812798e-15,0
0,0.012373291211811615,0
0,0.0006873700849322203,0
0,6.978875878606695e-05,0
0,1.2280800778795823e-05,0
0,0.0007123995750380082,0
0,0.017597107772529666,0
0,2.5513625994275007e-06,0
0,0.0006359047487219896,0
0,4.932287592491029e-16,0
0,0.0005355476645375202,0
0,5.408317476495893e-12,0
0,2.947425870835619e-12,0
0,4.440879834459214e-06,0
1,0.9922939208307391,1
0,0.015653461210895996,0
0,0.017005298160465164,0
0,0.017271743761223455,0
0,0.0006747010344030243,0
0,0.012487982274363933,0
0,1.7986425362524094e-06,0
0,0.0005655852733363975,0
0,0.00046535961579365347,0
0,1.1173389000821096e-06,0
0,1.3477413840788042e-15,0
0,0.0008304721931173245,0
0,2.810870742011785e-06,0
0,1.7389555650667e-15,0
0,1.965796636941925e-11,0
0,4.582461232052602e-06,0
0,0.00039470595547995305,0
0,0.011023411558175052,0
0,1.051023813698566e-15,0
0,4.525857779224542e-12,0
0,1.368734533609483e-15,0
0,0.0013347088360328421,0
0,0.00040455180980271144,0
0,3.4900594213111356e-15,0
0,4.179939267971654e-06,0
0,0.0007367179528040385,0
0,7.275367763480164e-06,0
0,0.0005035225818816565,0
0,0.00044163860373648003,0
0,1.0213944152909282e-15,0
0,3.41285376226506e-06,0
0,0.0007787466794614757,0
0,0.022231885050401336,0
0,9.047169855146858e-16,0
0,0.0012174216501815798,0
0,0.0007327769929401013,0
0,0.0004488388440792199,0
0,0.028729128691838864,0
0,0.017691775355977803,0
0,2.8170519891378846e-12,0
0,1.2233438380367232e-15,0
0,0.021675645621487008,0
0,0.0006677195678358726,0
0,3.718207351780051e-12,0
0,4.739672163200443e-12,0
0,0.0012178253072729136,0
0,0.0011498842766135547,0
0,0.00023681285426355915,0
0,5.331672849547923e-06,0
0,1.568374907037038e-15,0
0,1.4808553417854988e-11,0
0,7.66333492933312e-06,0
0,0.018898241838494766,0
0,8.921238064420473e-11,0
0,0.010089275494458863,0
0,3.8509687057907494e-11,0
0,0.0010686504679844964,0
0,0.0001668820271851881,0
0,0.019798791272293406,0
0,1.958955118181864e-06,0
0,8.026769126111165e-16,0
0,6.65143764920782e-11,0
0,0.024927529943243022,0
0,0.012086388530699984,0
0,1.1992541727694008e-06,0
0,1.847851195294532e-11,0
0,0.0390899264905926,0
0,0.0001378364918631232,0
0,0.00023629135345217583,0
0,0.0007592063000685616,0
1,0.9999817089952535,1
0,0.020176182933839847,0
0,2.5154070545148645e-12,0
0,0.0016419468209277381,0
0,0.019606348948924136,0
0,5.949142613284112e-07,0
0,3.1053125196446504e-06,0
0,1.991461901582754e-06,0
0,0.014775658839763405,0
0,0.0004617949564385943,0
0,0.000864577387233916,0
0,2.9464291215464887e-06,0
1,0.9913617658401239,1
0,0.0037066566096938176,0
0,2.4421078253824684e-12,0
0,2.96655975659024e-05,0
0,0.0006828972084249753,0
0,0.7751384828403621,1
0,0.0005179109801024618,0
0,0.0160242828984602,0
1,0.9999951829877033,1
0,0.01210968842611972,0
0,1.7712150479090004e-15,0
0,0.0006646272808651601,0
0,0.00017974145211705348,0
0,8.754692368807578e-16,0
0,4.012313905840979e-16,0
0,0.0021307560918777304,0
0,1.5784186967439182e-06,0
0,0.0009512930890778242,0
0,0.0009796375162527777,0
0,9.900105880322644e-12,0
0,5.040089074084281e-12,0
0,2.538170069308702e-11,0
0,5.431735415891263e-06,0
0,2.0213531405314747e-15,0
0,0.00015765272389250235,0
0,0.0004988189431972178,0
0,0.0006606499756779087,0
0,0.0006346970582106909,0
0,0.00016861363333675952,0
0,0.00015226903745910883,0
0,0.0017226888727449592,0
0,0.018922195165867253,0
0,0.0002239394436841039,0
0,0.020942712119250473,0
0,5.486399572993398e-11,0
0,0.897857237845464,1
0,1.1757398433681752e-10,0
0,0.020978591279493603,0
0,5.286177109565292e-06,0
0,3.6932805220274114e-06,0
0,0.00035770582668739854,0
0,0.001281649171787186,0
0,5.1707723771679605e-06,0
0,0.00848047783406438,0
1,0.9845218776235503,1
0,0.04196926724329549,0
0,2.4223653739464364e-15,0
0,2.736027579168934e-06,0
0,1.5462900512632981e-15,0
0,0.014064166834996367,0
0,0.0015296325227749622,0
0,0.0011035685217864117,0
0,0.04478925613847825,0
0,0.0013019207667507439,0
0,0.00028217066288011304,0
0,0.0275605341024615,0
0,0.00034342814052295265,0
0,4.412076506769954e-06,0
0,6.520523866426439e-12,0
0,0.013842939315408786,0
1,0.9879965771145196,1
0,7.16012013767325e-12,0
0,0.0012345961303214556,0
0,0.010686934286869046,0
0,0.7366567400447434,1
0,3.979947426716754e-16,0
0,4.931954767746372e-16,0
0,4.0343132388438495e-11,0
0,0.002091923414090691,0
0,0.9743598108867666,1
0,6.591215467259344e-16,0
0,0.00039758556715538624,0
0,0.001333236719723262,0
0,0.038872395868857726,0
1,0.9999999939301107,1
0,0.00024498923397964093,0
0,0.0005737230758404547,0
0,2.9039394427360876e-11,0
0,6.430187053024539e-16,0
0,3.570730714940635e-06,0
0,1.85797427162799e-11,0
0,3.073359444831411e-11,0
0,4.582352684128711e-06,0
0,7.0378014740909404e-12,0
0,5.275978419218066e-06,0
0,0.0009579376653381517,0
0,0.0006265224783985807,0
0,0.00012242671011866485,0
0,1.126085082456105e-10,0
0,4.1940414007826816e-06,0
0,4.504018750239972e-12,0
0,5.253410908877834e-12,0
0,0.9601500701402755,1
0,0.0004628724430917382,0
0,1.9212230618546406e-08,0
0,2.5284058013181336e-16,0
0,0.0009909569571082022,0
0,0.01508072071685705,0
0,0.01864546557069881,0
0,0.016284479437709064,0
0,0.010717109315862094,0
0,6.313634548456785e-16,0
0,1.51563656535271e-10,0
1,0.8897033477805721,1
0,3.4059997490672833e-12,0
0,0.017279652778455525,0
0,0.0006106405341797291,0
0,0.020870821645040668,0
0,0.0004918149130667945,0
0,0.0015997632974945803,0
0,6.229564878098831e-16,0
0,0.007111525727146183,0
0,0.0006385127888072705,0
0,1.0343043055419546e-05,0
0,0.00033621585524654053,0
0,4.447071965665641e-12,0
1,0.9637341161862361,1
0,3.3724117437292382e-06,0
0,0.0007058863362674671,0
1,0.9978145839304929,1
0,0.0008860334447246966,0
0,0.02863117861681466,0
0,7.12207144822892e-12,0
0,6.4041173875499445e-06,0
0,1.0511362268599074e-11,0
0,0.0025570264542354075,0
0,0.0005377908576734397,0
0,0.00018149695381280872,0
0,0.0008014596700754347,0
0,9.69269994387777e-07,0
1,0.9880642700174498,1
0,9.738111833552508e-16,0
0,0.001558019662259857,0
0,0.018757807353868488,0
0,3.3140474054248436e-05,0
0,3.709090924807838e-06,0
0,0.0006887664527078613,0
0,0.0005635052044990253,0
0,0.0019489743689286136,0
0,0.015252055527820493,0
0,0.009890717548399597,0
0,0.0004312622783824672,0
0,4.368733687531008e-06,0
0,0.013382040902914992,0
0,1.3296997698882266e-15,0
0,0.0004963718345949873,0
0,6.77347294208844e-05,0
0,1.0316126286841453e-11,0
0,0.00041147482747498046,0
0,1.4351180660202496e-11,0
0,5.376411387900711e-06,0
0,4.903921927289918e-15,0
0,0.0002885382906367015,0
0,0.01526871129075582,0
0,0.016751100042115576,0
0,0.020606832549538226,0
0,0.0008804197112762878,0
0,2.7957163185110068e-05,0
0,2.0506097405872372e-10,0
0,7.043978585573232e-05,0
0,2.1083665519153247e-16,0
0,7.986552276236508e-12,0
0,0.008052843067189506,0
0,0.01936380481167501,0
0,0.013319793174959712,0
0,0.00018593894219534805,0
0,0.0008168128908465834,0
0,5.704143674229269e-16,0
0,2.487136239089456e-11,0
0,4.922059708015962e-06,0
0,1.6549517810555431e-10,0
0,5.844131241765417e-16,0
0,0.0003155166118839238,0
0,1.3165891486273445e-15,0
0,0.00047201620187433616,0
0,0.0012169621663370013,0
0,1.0381315538564566e-11,0
0,2.7526493029107976e-06,0
0,4.464524755424277e-06,0
0,2.633626766211431e-15,0
1,0.9852818659678041,1
1,0.9772287127181352,1
0,0.00014888311485753255,0
0,6.620603000798207e-12,0
0,0.0004647989388807123,0
0,0.007399365880153326,0
0,0.000425347624820213,0
0,0.02691451874279978,0
0,0.9172574864175714,1
0,0.010825394641819835,0
0,0.9668489303479659,1
0,4.707734844503343e-06,0
0,1.0661318578474638e-14,0
0,0.024637428190541915,0
0,1.0191894431782495e-05,0
0,0.02460237321955929,0
0,2.90785875880867e-12,0
0,0.00933700560217111,0
0,0.04529220629191223,0
0,5.587862637451209e-12,0
0,1.4485816120526857e-11,0
0,0.001188311892122006,0
0,0.011441165428670158,0
0,3.2166618595379663e-11,0
0,3.7087748876066726e-06,0
0,0.03918211059324097,0
0,3.924430840544128e-12,0
0,0.0003523066131556894,0
0,0.004755361802834564,0
0,9.628148939039798e-12,0
0,0.0006952797297291812,0
0,0.03541505441828452,0
0,0.00042813583538647577,0
0,3.260951506141901e-05,0
0,3.923151602416073e-06,0
0,0.0010491177097478694,0
0,2.0438946621673237e-15,0
0,1.0768804421551915e-11,0
0,5.940409820175025e-11,0
0,5.385968498250788e-12,0
0,4.08711894063358e-06,0
0,2.5377299296687323e-09,0
0,3.3810176309588723e-06,0
0,0.000921232824452274,0
0,0.025317396076945314,0
0,1.8779498077276012e-12,0
0,0.0034580244849887892,0
0,5.315429523100626e-12,0
0,8.201070012045735e-05,0
0,0.018822292365414696,0
0,6.85751866542004e-10,0
0,0.014160200145571308,0
0,0.000994737248964843,0
0,9.832487908054845e-16,0
0,1.0465207095269506e-15,0
0,3.8512802744075455e-12,0
0,1.9485791662406656e-07,0
0,3.117326369123979e-11,0
0,0.02222901586408797,0
0,0.031988867210506665,0
0,6.384728883234476e-06,0
0,0.01322644507232369,0
0,1.3223067383462872e-14,0
0,1.2000945193782464e-15,0
1,0.963498177485907,1
0,3.006867816816518e-06,0
0,0.03318941124773296,0
0,0.022460152234495347,0
0,3.1984925624143756e-06,0
1,0.8881084249657573,1
1,0.9385282399653442,1
0,0.00010562137917798205,0
1,0.015888532367540002,0
0,1.201483053586309e-11,0
0,5.916969428096605e-11,0
1,0.9996321488548979,1
0,0.0004282692428660946,0
0,0.0001329625274409974,0
0,0.0007503537176233266,0
0,3.3564172235356815e-12,0
0,7.629552363293058e-12,0
0,2.5379827332564283e-10,0
0,6.591530169426706e-12,0
0,1.5523772233229588e-11,0
0,0.000506889656811171,0
0,3.5725008924117266e-06,0
0,0.001870604343063406,0
0,6.212147397644013e-16,0
0,3.52257431820733e-16,0
0,0.019809517713299234,0
0,0.00044052309677954007,0
0,1.147382915239121e-15,0
0,3.01413073571292e-11,0
1,0.7643345234971453,1
1,0.9988905403012691,1
0,0.7402312661746727,1
0,0.021133375169670954,0
0,1.5650671019705136e-08,0
0,1.0125008717366852e-11,0
0,6.334608357965467e-06,0
0,0.0010087234222198576,0
0,0.7544734157203826,1
0,0.015123329925494719,0
0,0.0003790426819611397,0
0,2.882518567532021e-06,0
0,0.0008935617907604064,0
0,0.0003499363313400729,0
0,0.016526169550620976,0
0,5.695847066913084e-06,0
0,6.5412438703807835e-12,0
0,0.000809176096848314,0
0,0.008836327106126553,0
0,0.016044314469242,0
0,1.3760245854614158e-11,0
0,0.0008518820859191838,0
0,1.7288444812069563e-11,0
0,7.621521384928333e-12,0
0,5.111615032897053e-06,0
0,2.502285722022135e-12,0
0,0.014185374085230214,0
0,3.8995812003269304e-10,0
0,5.563030207008849e-06,0
0,0.010650991264188855,0
0,0.010272935519171226,0
1,0.9974015003370214,1
0,2.895770753027006e-12,0
0,4.2428650680555694e-15,0
0,0.014128992150377082,0
0,0.0005640241666466161,0
0,3.501260869289039e-06,0
0,0.03944418364684107,0
0,5.239416996812404e-06,0
0,2.8156200883851957e-06,0
0,2.108561160141204e-11,0
0,0.0001430672122759421,0
0,0.001475969923391144,0
0,1.4380749471337421e-15,0
0,0.0008067112393926772,0
0,0.0012342640317857636,0
0,5.946387318747237e-06,0
0,7.858419032173424e-12,0
1,0.9990272436770197,1
0,0.0006193070644488234,0
0,0.025642264699475205,0
1,0.8400103912411403,1
0,1.163918437434108e-15,0
0,0.009888867209389567,0
0,0.8810086377188457,1
0,2.420665257045346e-16,0
0,3.135720900005776e-11,0
0,5.347154029706397e-10,0
0,6.524901315113156e-15,0
0,0.9112303714314998,1
0,3.6794650942224515e-06,0
0,3.116644202302675e-14,0
1,0.9936249400111626,1
0,0.014992188850812768,0
0,0.023347971196771036,0
0,9.163153053818928e-12,0
0,0.005103794243550525,0
0,0.8880739817812988,1
0,3.446074570657765e-05,0
0,0.0009182129106341294,0
0,0.014090310331553564,0
0,0.7456775603288688,1
0,2.344799935647261e-11,0
0,2.7235967227010165e-15,0
0,2.301343039632919e-15,0
0,3.951134022510784e-12,0
0,1.0627807240499511e-11,0
1,0.9992366375013708,1
0,0.02891755746419675,0
0,4.4661809232892346e-12,0
0,1.6618520296903431e-15,0
0,1.5486001250052914e-15,0
0,0.008256073307607427,0
0,1.3549507815915942e-14,0
0,4.001492124699031e-12,0
0,0.0008710980059332439,0
0,0.012601824349717192,0
0,5.696958291468871e-12,0
0,1.098483071112683e-10,0
1,0.9990753407627737,1
0,0.029517555468775887,0
0,0.00018809723227049757,0
0,3.4683029067827887e-12,0
0,0.0004218453681480712,0
0,6.308274573291663e-15,0
0,2.105708190358685e-11,0
0,4.144438531284214e-06,0
0,0.00046626855102591586,0
0,8.12497613754747e-16,0
0,9.021268451300065e-16,0
0,0.0007123770616432087,0
0,7.778576088350312e-06,0
0,4.0955378524572924e-06,0
0,0.009635120472621578,0
0,0.0005616940706669961,0
0,0.020185814193524953,0
0,3.726798635801434e-06,0
0,6.270087794643479e-16,0
0,1.4115034094547997e-11,0
0,8.789330439769447e-12,0
0,0.02195212196871724,0
0,0.04262295461092235,0
0,0.0009122487265794518,0
0,0.0003037109007383813,0
0,0.025695458750523148,0
0,0.0006918080898503068,0
0,0.027019644903657873,0
0,9.416402150985948e-12,0
0,0.02434317597971209,0
0,0.013945497829289498,0
0,5.4681355783004915e-12,0
0,0.9625809628481417,1
0,1.1183134373580798e-11,0
0,0.018594391296532873,0
0,0.018947610933247788,0
0,2.8683402898090317e-06,0
0,1.167149416453057e-06,0
0,0.016378966767076144,0
0,3.6023383018649055e-06,0
0,0.0007736811150102288,0
0,8.34882242105449e-12,0
0,0.015069251022856249,0
0,0.012475912944691513,0
0,4.229963395524627e-06,0
0,0.00117606148977518,0
0,0.0002673019429402879,0
0,5.6980059164229305e-06,0
0,7.48619410461827e-16,0
0,0.0017503912852688973,0
0,0.00027934170943231276,0
0,0.013270341653358783,0
0,4.14455137394337e-12,0
0,5.643264451888935e-05,0
0,1.4991928857030599e-05,0
0,0.0006698805730583167,0
0,0.04797230133341004,0
0,7.785086874799434e-16,0
0,0.011581516100546162,0
0,0.023321687422337575,0
0,0.009507320229323673,0
1,0.9999749450864995,1
0,0.00015442292716311184,0
0,4.318103801368924e-06,0
0,4.024395104180817e-05,0
0,1.3980047809728164e-11,0
0,4.4738668930023174e-12,0
0,4.466108241999012e-12,0
0,0.0002691916292770936,0
1,0.999997119560678,1
0,0.01341571816890757,0
0,7.181386994945083e-16,0
0,0.0005267525628831214,0
0,0.7805564002671093,1
0,0.00011168400401177817,0
0,0.04009176799935196,0
0,3.061606316879233e-11,0
0,4.999891044947332e-16,0
0,5.272916512072708e-15,0
0,0.0018569792445474536,0
0,4.0670884474346994e-16,0
0,5.737902178523896e-12,0
0,4.5773217900586204e-06,0
0,3.4380151262831647e-12,0
1,0.9860181842769573,1
0,2.394849013710598e-15,0
0,3.485416902786177e-06,0
0,0.8671084627898997,1
0,2.1383852247185214e-06,0
0,1.0785463893898502e-15,0
0,3.4789075661650042e-12,0
1,0.8142001484690606,1
0,0.0006637565906740322,0
0,1.4709842510569597e-11,0
0,0.00034753527512297117,0
0,6.677305383385277e-16,0
0,9.754890934357736e-12,0
0,2.915475654026461e-06,0
1,0.9384911833765678,1
0,0.014090431847636177,0
0,0.5553158949263907,1
0,4.1721333176972164e-10,0
0,0.020329573691935318,0
0,3.736888471291306e-16,0
0,6.879117632359963e-16,0
0,0.0007405012981151814,0
0,0.0009061955141325272,0
0,2.001404258311578e-06,0
0,0.0038745753544671383,0
0,1.0776435787298934e-15,0
0,0.022991235262704662,0
0,0.0009074353935235373,0
0,5.694064330827837e-05,0
0,9.615641218226796e-12,0
0,7.500578948911642e-16,0
0,3.804097972867066e-11,0
0,4.7909045531582456e-05,0
0,0.014023521461236973,0
0,4.547795721166351e-12,0
0,1.1002662152758616e-14,0
0,0.00016143157919175193,0
0,3.818722255112694e-12,0
0,1.6978833068058762e-14,0
0,0.0013492032708245086,0
0,0.0011231490772718007,0
1,0.9943460337681532,1
0,1.624769632080447e-12,0
0,1.0964438666420785e-15,0
0,4.049503197329118e-12,0
0,5.786218626595169e-16,0
0,3.9225204806601655e-06,0
0,0.019769145660775547,0
0,0.02522437887084549,0
1,0.9932810782135172,1
0,1.1719447858701165e-14,0
0,2.206490728897508e-06,0
0,4.277092892107535e-06,0
0,0.01529275711602756,0
0,0.03720115755010797,0
0,1.4279832266762028e-11,0
0,0.00044644265172311213,0
0,0.001056625729131508,0
0,0.002208024410699083,0
0,0.025108398434174044,0
0,0.0005749445621602045,0
0,0.0013975790717604159,0
0,0.0013105129241371128,0
0,0.018177491628259667,0
0,3.997061795972516e-06,0
0,0.008055428988126346,0
0,0.008811734287754464,0
0,7.436126418158575e-09,0
0,0.000246230056854093,0
0,0.009867946918086946,0
0,0.0003334211328485306,0
0,0.0005542694846958049,0
1,0.9387804041769355,1
0,0.0003506822766546716,0
0,0.011140825372057394,0
0,0.0005285325478708819,0
0,0.0001340284793952837,0
0,2.2924180959377906e-11,0
0,0.005268317060202986,0
0,1.9735676102456557e-06,0
0,0.0005701365665250917,0
0,8.191955395675482e-06,0
0,7.820560441106837e-16,0
0,2.1604351308298533e-06,0
0,9.344496294446705e-06,0
0,0.023150426589627866,0
0,0.0011930659453807625,0
0,2.884010751754522e-06,0
0,0.01271517408085867,0
0,0.0005429316240989241,0
1,0.8784396903411207,1
0,0.0003845818796683385,0
0,0.017516013681981718,0
0,9.935779469895534e-13,0
0,1.429772106843323e-06,0
0,3.1660956911340123e-15,0
0,5.158542687099839e-12,0
0,0.0011631361079121488,0
0,2.645489369304994e-11,0
0,0.017096273205734713,0
0,5.5267095011433604e-12,0
0,3.042488343320377e-12,0
0,1.763165439255216e-15,0
0,0.0005491183795445666,0
0,0.0008398895276557192,0
0,7.1271894226051895e-12,0
0,3.37906695513875e-05,0
0,9.647028055059749e-05,0
0,3.0272984593233475e-11,0
0,3.206361419961146e-06,0
0,0.0007957264546149827,0
0,0.0013113918578166524,0
0,3.7137405349751924e-06,0
0,0.03268184350386244,0
0,3.049501557483521e-16,0
0,0.014512998771118172,0
0,2.622541293084021e-06,0
0,0.018469734719935255,0
0,1.0129159316631742e-11,0
0,0.0007987804343981876,0
1,0.9999519239896211,1
0,0.014863873216733381,0
0,0.8187004107917242,1
0,1.1702186731659626e-15,0
0,8.709209833661198e-12,0
0,0.008333244063301767,0
0,0.0010660322120426536,0
0,1.3053750573436548e-11,0
0,7.770266026233706e-11,0
0,0.022417943061986002,0
0,0.03662717819617837,0
0,0.0015255216622723537,0
0,0.017884183881161718,0
0,0.0008378581918804894,0
0,0.0004495946598766404,0
0,3.1198570268730097e-15,0
0,0.016096787810157862,0
0,0.05019246075762712,0
0,0.0006327704954548087,0
0,0.01321238875705651,0
0,0.00789384813655068,0
0,0.0006889741663773292,0
0,0.0005817066846384276,0
0,0.00045213464238481784,0
1,0.9907809800181608,1
0,0.026530370648138894,0
0,0.007174504051958464,0
0,0.01272097760555795,0
0,0.008810567341802897,0
0,2.8212001144460378e-06,0
0,0.8151533427908463,1
0,0.8231354058728918,1
0,5.772482287217765e-12,0
0,9.611656720036434e-16,0
0,3.05706223691646e-06,0
0,0.0002666820296068665,0
0,0.0003740792397786155,0
0,5.176516025090844e-12,0
0,3.3998322843890256e-16,0
0,2.7377130729130324e-12,0
0,2.753502630961218e-12,0
1,0.9965549887210666,1
0,5.027153656745221e-15,0
0,0.001392236540780495,0
0,3.4090612702455734e-12,0
0,0.02590119237966737,0
0,8.631553131023425e-12,0
1,0.9963895850082412,1
0,0.017025515648885374,0
0,0.004139689583756611,0
0,5.778186232538392e-12,0
0,0.001605461328747202,0
0,4.206489650982575e-06,0
0,2.560843974588114e-12,0
0,4.4426696603409976e-11,0
0,3.3452212342740896e-06,0
0,1.0555068439622613e-05,0
0,0.00045288653987930944,0
0,7.2971150081178996e-06,0
0,0.03382603163366216,0
0,5.838872403261453e-12,0
0,0.021665680828510676,0
0,9.010369997501301e-11,0
0,1.7072163528949436e-15,0
0,2.2858694283971402e-12,0
0,0.0007403029077146015,0
0,9.97878833013269e-16,0
0,0.021621526813014318,0
1,0.9819953760150759,1
0,0.0005544625619922959,0
0,0.0007811507224937896,0
0,0.020611066258620445,0
0,0.0004927932390169891,0
0,1.6273370537125327e-05,0
0,0.008702087618999313,0
0,0.006156742587071853,0
0,9.378786165116518e-16,0
0,2.771773641981331e-12,0
0,4.751403126295904e-06,0
0,5.136390516396866e-12,0
0,0.0008389544936483126,0
0,0.02232058338673417,0
0,3.538922544398767e-12,0
1,0.8931676036178529,1
0,5.939667425753128e-12,0
0,0.049790669947568346,0
0,0.02564554817258914,0
0,0.01809078889197539,0
0,0.0169923682469293,0
0,2.0398943544837424e-06,0
0,0.027331837127677155,0
0,0.000818811731525782,0
0,0.9138408319629348,1
0,4.98427408498557e-06,0
0,0.007866596934094229,0
0,0.00041794094814485885,0
0,0.0008973079115105008,0
0,0.010392471013970665,0
0,0.9235129861163738,1
0,6.2728679843990265e-12,0
0,0.007997909499599349,0
0,0.016446580663973222,0
0,2.81396798720567e-06,0
0,0.8845609243253768,1
0,0.019265233330053998,0
0,1.4711459750479383e-05,0
0,2.295262700932714e-12,0
0,5.3612440596535804e-12,0
0,0.0007335206115793708,0
0,2.4056336862855673e-06,0
0,2.9084574743269356e-12,0
0,0.0008607781180253189,0
0,2.2820119411850466e-06,0
0,2.2576986549072856e-14,0
0,0.0011546839516910037,0
0,3.642242693007237e-12,0
0,5.76906179536329e-16,0
0,0.0009977011642247173,0
0,0.0007143062127951364,0
0,0.9470062386421629,1
0,7.909986643287414e-12,0
0,3.894423335596938e-06,0
0,2.2649581780021454e-15,0
0,1.38532082868364e-15,0
0,0.0008485378675396546,0
0,8.519967570191189e-15,0
0,0.0002637929848063655,0
0,3.7403572927039273e-11,0
1,0.9957604457667222,1
0,1.868025372845889e-05,0
0,0.01524723197755481,0
0,4.5945216360559854e-06,0
0,6.306094264983272e-12,0
0,1.2258967016416383e-11,0
0,1.21016939559406e-15,0
0,2.6958283777154875e-06,0
0,1.9326695011104933e-05,0
0,0.001191862856481896,0
0,4.28452990446516e-11,0
0,1.4999491553671183e-15,0
0,2.079612412787253e-06,0
0,6.748640860409881e-12,0
0,0.01373065840913702,0
1,0.9999019502114548,1
0,0.00032526107679095985,0
0,0.018983281158684605,0
1,0.9836977146398139,1
0,0.008407423666236731,0
0,0.0008092798065299184,0
0,1.9927947049270666e-06,0
0,9.422529782346775e-11,0
0,6.774892141368724e-12,0
0,0.0006376710181929566,0
0,2.3205944943985455e-06,0
0,0.0007569963400570506,0
0,3.0101270302209757e-15,0
0,3.684075335359563e-12,0
0,5.766207648485074e-16,0
0,0.9865167650812912,1
0,0.0016710317422572126,0
0,0.019050049901951343,0
0,1.2355459585089011e-05,0
0,3.1077505980656675e-12,0
0,0.0007246367537636549,0
0,8.810540408282115e-12,0
0,1.26888514678419e-15,0
0,4.823804136689668e-06,0
0,0.03048680419054182,0
0,0.9439920453919187,1
0,2.4894542236243462e-12,0
0,0.0005763824389521163,0
0,2.868070058028195e-06,0
0,0.0010050763231798654,0
0,0.012358538077434214,0
0,0.0005798107944101265,0
0,0.022773915679786785,0
0,0.0008703208145471457,0
0,9.699260752473429e-06,0
0,0.0006144881928679692,0
1,0.9999999538658381,1
0,0.0005488170651718248,0
0,4.461847250645395e-06,0
0,0.014105278156206998,0
0,0.0004473164447941944,0
0,0.013265482110668666,0
0,0.014892567565174541,0
0,0.00020158971495093497,0
0,8.312650829665836e-16,0
0,0.0001854764738732842,0
0,0.0009532967154704942,0
0,4.5149619690955144e-12,0
1,0.9999986878379059,1
0,1.856682384476832e-11,0
0,0.018487945635265537,0
0,1.364821862037549e-06,0
0,0.013887942721242096,0
0,1.2888276293047043e-11,0
0,6.066607809678503e-12,0
0,1.3417973450471272e-11,0
1,0.9969415808805447,1
0,0.0007656952041034217,0
0,0.000999810144902433,0
0,1.0486629666720623e-11,0
0,6.576094565552643e-12,0
0,7.702877043916543e-16,0
0,0.000548070987961608,0
0,1.0299971537049971e-11,0
0,0.017620762381617184,0
0,2.384737277011643e-12,0
0,0.00214654486421724,0
0,0.02050870694119495,0
0,0.001060272969349365,0
0,0.028254112813778192,0
0,4.630284766722179e-06,0
0,0.0005314434269496191,0
0,0.0009532990839357097,0
0,1.0411159338372915e-11,0
0,3.9383591157554645e-11,0
0,0.0009452295663988868,0
0,0.00874122230308012,0
0,0.000652989339415505,0
0,0.0005116402600266041,0
0,0.00023683202225532088,0
0,1.8530107148075667e-05,0
0,4.642513147478267e-05,0
0,3.5840501089497553e-12,0
0,0.018737579379176753,0
0,2.181598667798661e-06,0
0,0.01449721135438028,0
0,8.537941826860562e-05,0
0,0.012969604325169538,0
0,5.851680042082757e-16,0
0,0.0011970371465017387,0
0,0.020322354941163464,0
0,2.1119544812986734e-06,0
0,2.208520532175456e-05,0
0,0.001023400082085092,0
0,5.964324738429468e-06,0
0,3.819438774020008e-12,0
0,0.0009207574942034986,0
0,0.00447439751418879,0
0,5.101716647869005e-07,0
0,0.010602786471335848,0
0,0.00038417533607758774,0
0,0.007511882171563062,0
0,3.151876917469194e-06,0
0,9.757053384702738e-16,0
0,3.3485074204486556e-06,0
0,1.3524021996125599e-10,0
0,1.8196176830409394e-11,0
0,0.027154199495765197,0
1,0.9982021370592468,1
0,0.0004227616870155374,0
0,2.936327200268561e-11,0
1,0.9898958089085427,1
0,0.0004482409458265805,0
0,0.0007608075202973171,0
0,5.2042466359312615e-12,0
0,1.4709221218806301e-06,0
0,2.6375830564882604e-05,0
0,2.228808777407514e-11,0
0,0.0012968399017597655,0
0,4.038690434715928e-06,0
0,3.0682671217739535e-15,0
0,2.455462121163177e-12,0
0,0.021048389542733505,0
0,0.006332739980438411,0
0,3.1427003936636796e-16,0
0,2.377256267370625e-11,0
0,0.002098570034173782,0
0,5.385963562319233e-12,0
0,1.0197312032844381e-05,0
0,0.001138021814754829,0
0,2.1517277586011276e-06,0
0,3.8391291733802476e-06,0
0,4.134145232056203e-09,0
0,0.014222111731423565,0
0,0.0009237046007245837,0
0,0.0012720972232930117,0
0,0.0006094605692948094,0
0,3.2480240585847135e-12,0
0,1.5284646815772863e-15,0
0,0.017778632899979382,0
0,0.022526140528991562,0
0,2.2448058453643872e-06,0
0,0.020903352976894135,0
0,0.0004820299144051006,0
0,0.00019019339584543037,0
0,1.1311806087164805e-11,0
0,0.017632509127565605,0
0,2.2159342799657376e-11,0
0,8.898408777991086e-12,0
0,1.1889738434589436e-11,0
0,3.3700100729394297e-11,0
0,6.532801654787228e-06,0
0,0.00029178684094527087,0
0,0.00021039158072582104,0
0,3.0375439940140924e-06,0
0,0.019377250354575933,0
0,0.028426563366497057,0
0,4.096604790269147e-11,0
0,0.0006170345463402103,0
0,0.02276409287063182,0
0,2.886528284122079e-15,0
0,0.0006415927879148199,0
0,0.009703992866848678,0
0,2.307344447919945e-06,0
0,0.0016570576140807892,0
0,0.01838677297557442,0
0,0.9373645252153145,1
0,0.0006167147658659445,0
1,0.9840505015187441,1
0,2.3437123462417393e-05,0
0,9.89769674159337e-12,0
0,6.096592370402776e-12,0
1,0.9999991347962686,1
1,0.9958719984677277,1
0,0.00024250187237140211,0
0,2.809964591146319e-16,0
0,0.007743028467328564,0
0,0.0004413810271063839,0
0,0.028453690518401152,0
0,0.002469473830016561,0
0,6.161863621256314e-12,0
0,3.304131423893111e-06,0
0,0.03312747308373725,0
0,0.00034370927364076737,0
0,4.062346597493805e-06,0
0,9.124054930910894e-06,0
0,0.01356322145688822,0
0,0.014507487559008934,0
0,0.0006814474444862899,0
0,0.013325145395630896,0
0,9.095880808848503e-16,0
0,2.6617842608932098e-12,0
0,0.0003166815918140669,0
0,0.6876876339916546,1
0,0.0007003790082039887,0
0,0.0006899212188749384,0
0,0.0006312790988861036,0
0,9.973473066287716e-16,0
0,0.001251957614508289,0
0,1.5997932549153798e-06,0
0,6.309748124508491e-16,0
1,0.9986659668724781,1
0,1.3882063805488786e-15,0
0,0.0003519241964888477,0
0,2.4151523681585347e-11,0
0,5.332352591042947e-16,0
0,0.020023270605404667,0
0,0.7171904063224684,1
0,0.0006036228647111082,0
0,1.0612936847633717e-11,0
0,0.013823680914286481,0
0,2.2469792029035266e-06,0
0,1.2085115667570593e-14,0
0,0.002621630265609987,0
1,0.7655615599770497,1
0,1.2460667959696399e-06,0
0,0.026305465182525484,0
0,0.022427832517102852,0
0,0.009895757467661468,0
0,0.000533998070860777,0
0,0.0004735864759567277,0
0,0.9858119674783375,1
0,0.0011394952216070109,0
0,0.011053473589985093,0
0,0.020527825859176778,0
0,0.001260527510521937,0
0,2.8450514063965504e-11,0
0,4.344427482653782e-11,0
0,0.0009031981425351618,0
0,0.0014723989297965939,0
0,0.0005298145337547496,0
0,0.01060465843816493,0
0,0.0003086912339341729,0
0,3.1119738433382936e-06,0
0,1.3791293949818492e-06,0
0,6.0589481443702216e-12,0
0,0.009893825166637095,0
0,2.9386761372540392e-06,0
0,0.0012044299576372635,0
0,1.9376877813147262e-06,0
0,0.0007797969216859369,0
0,0.015927674001081783,0
0,7.690694102103175e-15,0
0,1.4222732677070525e-06,0
0,0.8429682228664083,1
0,0.014319314840568568,0
0,2.6952882137141393e-12,0
0,0.020735192456292337,0
0,3.2492844380851044e-06,0
0,5.268715938143355e-16,0
0,0.00036946305422805553,0
0,0.0005802741546563219,0
0,0.7096222372135732,1
0,4.079819627276215e-11,0
0,1.2270860335410691e-11,0
0,0.0004937845284046959,0
0,0.00011515267940760844,0
0,1.658661189608296e-15,0
0,1.1155235962253479e-15,0
1,0.9999992532281078,1
0,7.111739182390534e-06,0
1,0.9196646153970788,1
0,0.0013089540853353791,0
0,0.0009727214003300373,0
0,0.00018926014932691576,0
0,0.0004615333605222436,0
0,8.123593198400166e-16,0
0,5.848086513932744e-12,0
0,0.0010194525086183964,0
0,0.018045730752248225,0
0,2.4511425787198854e-05,0
0,6.167567616160991e-12,0
0,4.46347585838043e-16,0
0,0.00010333423926362681,0
0,3.722127388156338e-12,0
0,8.576948482155336e-05,0
0,0.0007240939021706643,0
0,0.014334259915598845,0
0,2.8760406011632375e-06,0
0,0.9307536298232106,1
0,0.0014484604169535764,0
0,7.543877512921792e-16,0
0,3.5167707479598647e-06,0
0,0.0006930890633747217,0
0,0.0006014951381555473,0
0,4.773416588667135e-15,0
0,0.01518647466403494,0
0,3.225627842765307e-08,0
0,0.6436418224163487,1
0,0.0002878445092037977,0
0,1.0629157172199666e-11,0
0,5.497243292338025e-16,0
0,0.01242476353136003,0
0,7.969936246519793e-16,0
0,2.0688079192953096e-06,0
0,2.7337226961285836e-12,0
0,0.03708781346305652,0
0,0.7824719336564163,1
0,2.1953694388504373e-11,0
0,1.3150550699083838e-11,0
0,2.6303678523886885e-11,0
0,5.906930409534493e-06,0
0,5.998219270018382e-12,0
0,1.0356616897108625e-12,0
0,0.01135284838140695,0
0,0.00012206430772357186,0
0,1.0360594850126043e-06,0
0,5.2644999801371555e-06,0
0,4.422329762238683e-06,0
0,0.000631357717740906,0
0,9.853197833954153e-16,0
0,0.00016356942575348693,0
0,4.46330072012038e-06,0
0,5.148858233109713e-12,0
0,2.2584572287907586e-10,0
0,0.9164356168188633,1
0,0.012297036363528671,0
0,1.5145339146302794e-11,0
0,0.00793816200538918,0
0,0.020120620616841674,0
0,5.295699138544098e-12,0
0,1.957616433630295e-06,0
0,0.0004830603802454409,0
0,6.584290166406904e-16,0
0,4.8488202997256515e-06,0
0,4.478822813240557e-12,0
0,0.01125950158712583,0
0,6.038295525151647e-06,0
0,4.9750947006498384e-06,0
0,0.0009030238895573943,0
0,3.1808673963691297e-08,0
0,0.8415494947464532,1
0,1.6678299285450415e-14,0
0,0.0003384664369063543,0
0,0.0261793415521724,0
0,0.0006038768869205751,0
0,5.60402286874826e-06,0
0,1.480751902974751e-06,0
0,0.0010367255600805321,0
0,1.7890965456017803e-06,0
1,0.9985806537082627,1
0,5.439029660276045e-06,0
0,0.0009238247958933965,0
0,4.879243470975138e-06,0
0,0.0005601348501767348,0
0,1.1426342290977278e-11,0
0,0.0004039678466260414,0
0,1.7262792128076713e-11,0
0,9.234280642450014e-16,0
0,7.404044489379688e-05,0
0,0.8400848262317623,1
0,8.05126036872523e-09,0
0,1.0194496503965475e-11,0
0,1.0044928308877302e-10,0
0,0.022852216333244843,0
0,0.008195042846439946,0
0,4.3104152520194285e-06,0
0,1.0718784672372579e-15,0
0,0.0017514913121214548,0
0,3.413371056941369e-12,0
0,0.024514518776400367,0
0,5.1365382623466005e-08,0
1,0.9948462141372701,1
0,0.01767292352909231,0
0,0.9159293886011427,1
0,4.386709455259244e-12,0
0,7.188265015558263e-16,0
0,2.2434605944262603e-05,0
0,0.0006094867561875939,0
0,0.00025305070222666494,0
0,0.0008944643382815372,0
0,0.0001752648839152432,0
0,0.008054874388837622,0
0,0.2975724542202425,0
0,0.03569438420551181,0
0,0.0007194572906338086,0
0,0.0001422620864243533,0
0,1.1263335956651768e-11,0
1,0.9911940424555175,1
0,0.028433092328545934,0
0,0.01007202637299702,0
0,4.076628236785766e-12,0
0,0.030183058897689036,0
0,5.7948210015543236e-12,0
1,0.9957423885654005,1
0,7.473751732921777e-12,0
0,0.00019968239737665729,0
0,1.0189722664684429e-11,0
0,0.01962924184613106,0
0,0.6031555688965841,1
0,3.967346183075126e-12,0
0,0.01906404969982446,0
1,0.9732099038603157,1
0,0.00033660651024680003,0
0,0.0314328604021416,0
0,1.0371631936050457e-15,0
0,0.03340540871070942,0
0,4.2606539355985196e-16,0
0,0.01464856763083729,0
1,0.9887499942353928,1
0,0.0004157662140215123,0
1,0.9838859147744135,1
0,2.9987894014144595e-06,0
0,1.2743777808680768e-15,0
0,9.256807164497964e-15,0
0,0.015385492998115426,0
0,4.9412068781987973e-11,0
1,0.8573218878240961,1
0,3.298401530818846e-06,0
0,6.736576015888974e-05,0
0,8.881999020245436e-16,0
0,2.1811946320512306e-15,0
1,0.988687722758322,1
0,0.016947353767027717,0
0,3.3287697750534705e-07,0
0,5.136508546764626e-12,0
0,0.7177209290442131,1
0,0.021984560632795903,0
0,1.8652849038163155e-15,0
0,0.02731122538248182,0
0,2.2878790555767386e-12,0
0,9.82171059410808e-16,0
0,2.4394328244168474e-15,0
0,3.4200519906175533e-06,0
0,1.4916270179376963e-11,0
0,9.14253793152297e-16,0
0,0.013256849028683413,0
0,5.835958565669916e-06,0
0,1.8020728983120112e-06,0
0,0.760040918146072,1
0,3.5936110191615632e-12,0
0,0.016578886216914487,0
0,6.17324558295509e-06,0
0,0.02217316269564205,0
0,5.466464671206751e-06,0
0,0.0003013672039950457,0
0,2.928058181521618e-06,0
0,1.424903210038993e-05,0
0,0.015791710724603166,0
1,0.9999999999927811,1
0,6.312342614446823e-06,0
0,0.0004598900375353544,0
0,1.9232424742581286e-09,0
0,3.000612336231852e-11,0
1,0.9962328509267058,1
0,3.818262737267173e-06,0
1,0.9985813932548595,1
0,0.0009197455748912336,0
0,4.0068516777808974e-12,0
0,0.061842565379084884,0
0,0.014159968749824645,0
0,0.014529643568148336,0
0,4.006794043779677e-06,0
0,5.547854867757023e-12,0
0,0.0006411283675065173,0
0,0.0007273759916626855,0
0,0.027743141528683662,0
0,3.470467382555055e-06,0
0,1.7599403645375404e-12,0
0,2.174662934214023e-15,0
0,9.01107667658536e-15,0
0,0.023136410859553008,0
0,0.0005885749091573947,0
0,4.345913588067743e-06,0
0,3.441261019376727e-12,0
0,0.0007152230358841897,0
0,0.0005018203115797891,0
0,0.0009317071159677433,0
0,4.550047050887877e-12,0
0,0.0008979617807812718,0
0,0.020725475929919922,0
0,4.8269896993151124e-05,0
0,3.964210569259099e-06,0
0,0.0014941816129509925,0
0,9.73313897799475e-16,0
0,0.028493101906870825,0
0,0.0004374131391901887,0
0,0.010807540178760731,0
0,0.018196755644508813,0
0,2.053530293818314e-05,0
0,3.895461854000607e-12,0
0,0.0006590758029805924,0
0,0.0012075034792338258,0
0,1.1103797552099548e-11,0
0,5.847340261947007e-12,0
0,6.627448117395569e-16,0
0,0.7527905201395219,1
0,0.0004417400748875105,0
0,0.001827834046649271,0
0,2.055950063095109e-11,0
0,8.41248936783505e-15,0
0,4.9822902997186535e-12,0
0,0.0006253270095122886,0
0,0.013965443492113535,0
0,0.0004530714531043002,0
0,5.339877206628143e-06,0
0,0.02442290598766697,0
0,0.9105314506309654,1
0,0.00025569129575842594,0
0,9.746709908868857e-05,0
0,0.010121082893751562,0
0,1.4299878586042427e-11,0
0,0.00043299734547514525,0
0,2.84063931670517e-06,0
0,0.00025169634279274345,0
0,0.03373325825329457,0
0,8.423169131038632e-05,0
0,0.016376066866480864,0
1,0.9936772621804074,1
0,2.069749359587896e-06,0
0,0.0021239907244628735,0
1,0.9407659237745257,1
0,7.374236345012568e-12,0
0,1.4049783590784948e-11,0
0,3.1740875977432093e-15,0
0,2.715756894399051e-06,0
0,0.00033621019981233197,0
0,9.967487696221379e-12,0
0,4.939545716258972e-16,0
0,0.0005629066700846776,0
0,0.02068277146031046,0
0,3.036963942090567e-06,0
0,0.017457868121496425,0
0,2.4993872234505026e-06,0
0,0.007555760083018763,0
0,5.444415096004244e-16,0
0,2.234821140701859e-05,0
0,6.294805415317898e-06,0
0,2.4435306272179164e-06,0
0,0.00044963285205828135,0
0,0.016358800517835285,0
0,0.0009277215011117479,0
0,4.719402057218008e-15,0
1,0.9948818652809659,1
0,4.307273299556464e-11,0
0,0.0011244997995133708,0
0,4.413207854257062e-12,0
0,0.0009515242167157782,0
0,0.02054878889856146,0
0,0.0005603116725912788,0
0,1.4108535894735876e-11,0
0,6.71272962866392e-11,0
0,0.0004218141100081327,0
0,5.483507490271345e-12,0
0,0.00012983569852290108,0
0,9.777642149151178e-05,0
0,1.4012035846504707e-11,0
0,1.183408238749235e-15,0
0,0.0003365243717799283,0
0,5.785234113983044e-06,0
0,0.023113082459751532,0
0,1.854655829914827e-11,0
0,0.00039501197519175825,0
0,0.00030082168774769245,0
0,5.29176363975221e-15,0
0,0.0007286327588257152,0
0,0.0006254024678982148,0
0,4.796132860223532e-12,0
0,1.2043029282257149e-11,0
0,1.3697408068348355e-05,0
0,0.02847177852053838,0
0,5.487096199437712e-12,0
0,0.001948045813437618,0
0,0.00015700472229867072,0
0,0.00021602251735940416,0
0,0.010661511087512584,0
0,0.0008447624428016346,0
0,9.540984804851507e-11,0
0,1.8109620910990875e-11,0
0,9.65410640179911e-12,0
0,0.9432832219251734,1
0,0.0009028597611559509,0
0,0.0001185430469806691,0
0,0.002855976789341683,0
0,0.018977320828186244,0
0,6.288537834416525e-11,0
1,0.9736152891073535,1
0,9.637366193684976e-15,0
1,0.9684782819757124,1
0,0.023840293011260682,0
0,0.00030392013211981206,0
0,5.950365400750728e-16,0
1,0.7556715139408411,1
0,0.02832989020713961,0
0,0.007785281251613237,0
0,5.8998271276574285e-06,0
1,0.9895546286457463,1
0,7.78106790892382e-06,0
0,4.053510460007122e-06,0
0,0.012792703101789336,0
0,2.0557209333059025e-12,0
0,3.500293202852969e-11,0
0,0.8788517876579393,1
0,5.324714833197683e-12,0
0,4.607852171764514e-12,0
0,0.003062336184056551,0
0,0.0020623037526596145,0
0,5.039487736937615e-12,0
0,0.0005327263265218788,0
0,8.290221366074733e-16,0
0,0.7907898683113199,1
0,6.1060418246459166e-06,0
0,6.635489314729093e-16,0
0,1.995583362915279e-11,0
0,0.00036607504484438677,0
0,3.757767323117612e-05,0
0,0.010755843429076335,0
0,0.0002471537476691321,0
0,7.385268258485191e-16,0
1,0.9999999953985477,1
0,7.154542207121839e-12,0
0,1.8160409606894207e-11,0
1,0.9930145824372711,1
0,5.480414599884519e-15,0
0,7.90476288855447e-05,0
0,0.00036413062318897444,0
0,1.0985909637382703e-10,0
0,1.6637340260953022e-15,0
0,2.3379442023370502e-06,0
0,2.1823384158275208e-15,0
0,0.025829237938428177,0
0,5.558877414600172e-16,0
0,0.0007804652386553665,0
0,1.2659011973027906e-15,0
0,0.0013335543134880537,0
0,0.018298026698413843,0
0,1.872829231066446e-06,0
0,0.01921111022418136,0
0,0.0007303402289350229,0
0,0.00046172353730100814,0
0,0.0004223402108747236,0
0,8.180411114538815e-11,0
0,0.0009081738180660924,0
0,0.0005440925663302873,0
0,0.002855106361985707,0
0,1.910663649585371e-11,0
0,1.284419081428048e-15,0
0,0.031082525769492254,0
0,0.9880910284979634,1
0,0.00018983166767375621,0
0,1.3055674837251895e-11,0
0,0.0008178318232248153,0
1,0.9867145345353787,1
0,0.003559303816197114,0
0,0.0003640918456025761,0
0,0.0004837029382403959,0
1,0.9925762672459756,1
0,1.5377493640633293e-15,0
0,0.01718035620986803,0
1,0.9829445193126221,1
0,9.275789193523878e-16,0
1,0.897718591623696,1
0,0.0148402237999193,0
0,2.824805423186737e-10,0
0,1.9402482593226623e-06,0
0,2.806135733273507e-06,0
0,0.0003956056157117641,0
0,0.0007415259438778225,0
0,0.01624381612759112,0
0,5.4535627028987555e-16,0
0,2.906970130509298e-06,0
0,6.331456748019021e-12,0
0,0.0007129590401346515,0
0,2.4831349766131695e-06,0
0,0.01276491096852327,0
0,5.762695795791567e-06,0
0,0.3832495646580093,0
0,0.00032274663600329864,0
0,0.0006169243710924692,0
0,0.0014264043040386714,0
0,3.6546721424196205e-15,0
0,1.6633582281308168e-15,0
0,7.713068202509033e-06,0
0,9.433839600980531e-06,0
0,4.924390492362979e-12,0
0,2.2422233286212334e-15,0
0,5.474966744349661e-05,0
0,4.2235530644424134e-06,0
0,0.00016851519283944647,0
0,0.01452725697185587,0
1,0.996507079576095,1
0,4.103635143720334e-11,0
0,0.0004564905495260019,0
0,0.0003403682442421901,0
0,0.00044233510476409434,0
0,0.011867568188556226,0
0,5.6294029646615873e-11,0
0,0.9234442594566621,1
0,0.00047787537843137,0
0,2.8548880625413613e-06,0
0,0.0008860488311368945,0
0,0.0005118045699522642,0
0,0.0006803821724718417,0
0,9.433597264441125e-12,0
0,0.8985737012426527,1
0,0.000508802640187809,0
0,0.0011330158220210034,0
0,0.005354631882003404,0
0,0.020709479186020507,0
0,5.240142554393626e-06,0
1,0.974044985958637,1
0,5.032360482554948e-06,0
0,3.1362325332109565e-07,0
0,0.0003527174983997986,0
0,0.0003142854151705978,0
0,3.497215427523525e-06,0
0,4.543726518478479e-06,0
1,0.9992847142542057,1
0,3.168675739898615e-15,0
0,1.860401523117068e-15,0
0,0.037522858624225955,0
0,0.0309788621324512,0
0,0.0003924092979171151,0
0,0.0004442459607901613,0
0,0.00043378872051272685,0
0,0.00033058722244373105,0
0,0.0006520069457023979,0
0,3.934654236885631e-12,0
0,5.07284072719548e-16,0
0,0.0006812901243720124,0
0,2.8644822216096888e-12,0
0,0.0006886176750290463,0
0,0.0008477334169028903,0
0,0.0017209803044516887,0
0,4.514094116154797e-16,0
0,1.161115522797899e-15,0
0,4.49087213697399e-05,0
0,2.196018569763508e-12,0
0,1.9365028543392563e-12,0
0,1.7039426029644414e-15,0
0,7.36559467898063e-16,0
0,9.656687328974509e-07,0
0,4.931026551917351e-06,0
0,0.00047779234321591055,0
0,1.9883000466605795e-11,0
0,0.0227266815818908,0
0,5.461725407827363e-15,0
0,1.4820183749472793e-11,0
0,0.0017361569579682436,0
0,0.03623802883806104,0
0,2.5954672502696766e-06,0
0,0.0009959746155950781,0
0,0.5871235407065316,1
0,0.00011303564675115528,0
0,0.8556091197736075,1
0,0.0012680781818059108,0
0,1.1044674488454117e-05,0
0,0.0005222171753120453,0
0,3.0101156055437707e-10,0
1,0.9999998804488693,1
0,0.013276581713875562,0
0,2.737707952498946e-12,0
0,2.7058250894484085e-11,0
0,0.015572979765190694,0
0,4.001228980239873e-05,0
0,0.00020957815210783827,0
0,0.0009038234459074068,0
0,1.0650354115711396e-15,0
0,3.2134526754911075e-11,0
0,0.0006935814746890991,0
0,9.088844012135389e-15,0
0,1.0374822900225695e-15,0
0,6.257464303239007e-15,0
0,0.0006382147485945518,0
0,5.5867853887102586e-12,0
0,0.786826932650888,1
0,0.0004012456892381567,0
0,6.771629326298332e-12,0
0,2.181429603853444e-06,0
0,0.010488060579730453,0
0,1.9895866083150498e-06,0
0,6.454669927177112e-11,0
0,0.0007837049690465781,0
0,0.0005899136830797528,0
0,0.019255525427905158,0
0,0.00017048241963233042,0
0,3.8848996416225215e-12,0
0,0.00014527941681315187,0
0,0.0007725081033016891,0
0,2.2326069439556747e-15,0
0,1.1470920724577259e-10,0
0,0.0123255478903252,0
0,9.48122227698524e-16,0
1,0.944659943212241,1
0,8.412989225768184e-06,0
0,0.660939211207848,1
0,0.0007746836867767144,0
0,0.01774493928442589,0
0,0.0008000868615040263,0
0,0.010599327275316987,0
0,0.000710249702555505,0
0,1.9197218362248304e-15,0
0,0.7695482982530255,1
0,2.8182808805129092e-06,0
0,6.0124967677522926e-12,0
0,0.0013348800590075067,0
0,8.685320292629932e-06,0
0,0.6882284144069163,1
0,0.05417431419138475,0
0,3.5923015280079773e-06,0
0,2.8632551727255813e-06,0
0,0.9830529426182958,1
0,0.7879941335870403,1
0,8.972423244999645e-12,0
0,2.719754973859083e-12,0
0,0.00021557672509267087,0
0,3.0797807365575966e-12,0
0,7.716978165474569e-16,0
0,0.0008517297605792138,0
0,0.0005799401478934027,0
0,9.48830085417213e-11,0
1,0.9988687624414072,1
0,6.7638108371239375e-12,0
0,0.013782104593556247,0
0,6.318687848103319e-12,0
0,0.5524790844875554,1
0,2.4458599466483605e-12,0
1,0.9999264666168345,1
0,0.016916600957478774,0
0,0.0010911592138490617,0
0,0.00010704109297419253,0
0,6.054426706683293e-06,0
0,7.0483693663252986e-12,0
0,0.032664306839933675,0
0,0.0003218949925106297,0
0,7.200248855496773e-05,0
0,0.038776612641238814,0
0,1.4473394378684483e-09,0
1,0.9855843103425045,1
1,0.9983129278172368,1
0,0.016631617949854356,0
1,0.9999960649784325,1
1,0.9953911709738819,1
0,0.026798843104786318,0
0,2.9280384243478844e-12,0
0,0.841162076421198,1
0,7.1084511516097055e-06,0
0,3.4875613447440925e-12,0
0,3.827257999405547e-16,0
0,3.5950443719394278e-12,0
1,0.9845544828036125,1
0,0.8832779766233552,1
0,0.05805265827250071,0
0,0.018907038365557606,0
0,1.0787664267176283e-15,0
0,1.6657073073635469e-06,0
0,0.014741334704403688,0
0,6.277507643217195e-06,0
0,0.0004499066327607173,0
0,6.547009269479015e-15,0
1,0.9941762870846725,1
0,0.0006787144547183383,0
0,0.010309043571217258,0
0,0.01032799618344363,0
0,1.3777537024786633e-06,0
0,0.000720994380625029,0
0,2.489568691596063e-06,0
0,0.00993690176312547,0
0,2.6743178035625996e-15,0
0,0.018205394735824845,0
0,0.00024197789261412597,0
1,0.8768258414288775,1
0,2.4636732557486537e-15,0
0,7.56277086087639e-16,0
0,6.338720639445086e-08,0
0,1.9179614898626146e-06,0
0,1.4284192757621723e-15,0
0,8.144392609695543e-05,0
0,3.5150364505568984e-12,0
0,0.00025455223960804295,0
0,0.00030368902033259916,0
0,6.484544785647694e-12,0
0,3.943542955553265e-16,0
0,0.015213911844400985,0
0,1.187536298508099e-14,0
0,1.806627488179974e-11,0
0,0.007443987896342691,0
0,6.00934571609426e-06,0
0,0.0005275560824593154,0
0,8.161350858606227e-16,0
0,0.0009938660776982304,0
0,0.009284249205482986,0
0,0.000558261822321448,0
1,0.9999992453655683,1
0,0.02163864342853718,0
0,0.0020034578641654833,0
1,0.986607126950558,1
0,0.017347994116566602,0
0,3.7635373596464616e-06,0
0,0.0009116449342175173,0
0,0.007720792725627662,0
0,0.011181518461388913,0
0,4.654820166831514e-08,0
0,7.067207537960642e-16,0
0,0.00041501101586091904,0
0,0.040601910600232896,0
0,1.2360718827104493e-11,0
0,0.9870350526161856,1
0,0.01386021543609673,0
0,2.290310724650132e-15,0
0,3.9206202185269982e-16,0
0,1.845652081135815e-12,0
0,5.327269383025234e-16,0
0,6.651878117177438e-16,0
0,0.016798956882009358,0
0,2.5628296370687007e-05,0
0,0.0005195466609492121,0
0,2.9763843634196615e-14,0
0,5.108597801847661e-06,0
0,0.0002247351701778348,0
0,3.734604249392225e-12,0
0,0.017622743296021794,0
0,3.248800645210334e-06,0
0,2.455737173251926e-15,0
0,1.0776515750710087e-15,0
0,1.6397037975419669e-06,0
0,4.2541294907671247e-16,0
0,0.0007867062551044804,0
0,9.19714912858814e-16,0
0,1.204729299092954e-15,0
0,3.232860090117724e-08,0
0,3.4788780232423955e-09,0
0,0.0010998895103123904,0
0,0.012561466763158568,0
1,0.9842391304996737,1
0,0.00139911731206468,0
0,1.367081949669674e-15,0
0,0.01423054449597596,0
0,3.895395439259954e-12,0
0,0.008640465012814036,0
0,0.0011497028201174395,0
0,0.006561678463815015,0
0,0.040610591621690034,0
0,0.0017252777209915832,0
0,0.0008877202721515958,0
1,0.9849730020627532,1
0,0.012891403314334792,0
0,2.4878413982309253e-12,0
1,0.969807149266213,1
0,7.519441032386245e-12,0
0,0.0002544911362578107,0
0,6.167928858474828e-16,0
0,1.1107188927947861e-11,0
0,7.84791355654314e-12,0
0,5.746511512011788e-12,0
0,1.2277873363005657e-10,0
0,0.027982445702284656,0
0,0.01957143636908739,0
0,0.00029127365740707945,0
0,1.2757291619581344e-11,0
0,0.009210535081680656,0
0,0.0007515760985049121,0
0,1.3481387732295237e-15,0
0,2.4071881844059743e-06,0
0,9.589127111502935e-12,0
0,3.415758762692276e-15,0
1,0.9131094818390687,1
0,0.0008890786040569567,0
0,2.1415563250678345e-05,0
0,4.3689147530706335e-06,0
0,0.0020858586496200235,0
0,0.011277068343620947,0
0,2.941891635985989e-06,0
0,2.5031246140727048e-05,0
0,0.01921718459788834,0
0,0.009489156750232541,0
0,0.0006307101039780961,0
0,0.01719016813624521,0
0,1.7839843061904953e-11,0
0,4.902029783342868e-07,0
0,0.0005963762981124911,0
0,3.590396210237866e-06,0
0,7.657809155453034e-11,0
0,4.420839866232591e-06,0
0,7.121560354502196e-16,0
0,1.5763244038389187e-06,0
0,7.067668905908149e-16,0
0,4.158885861254605e-06,0
0,0.9158655734106996,1
0,2.304496360645141e-11,0
0,3.415544286401539e-11,0
0,3.739356083903264e-16,0
0,0.019198343293136824,0
0,5.917272300208141e-12,0
0,0.009772162711707187,0
0,1.0987677760028059e-07,0
0,1.0139465901099537e-15,0
0,3.1907742091491763e-12,0
0,8.20401408766104e-12,0
0,0.0006668676828493296,0
0,0.0025529877496518454,0
0,0.0005538817227099648,0
0,9.799074385086411e-05,0
0,0.817349529144054,1
0,5.44714980311567e-06,0
0,0.020784764297653604,0
0,0.01706263979206686,0
0,7.703751071764555e-06,0
0,7.832788007050483e-12,0
0,4.301362465407188e-06,0
0,7.282657090783161e-12,0
0,0.006458594806014652,0
0,0.0007157257434471728,0
0,7.36022829556912e-06,0
0,2.6730921180808172e-11,0
0,0.008370762570393637,0
0,0.004713062590645178,0
0,1.8565311686652324e-15,0
0,0.0011356869347395058,0
1,0.9193148833730291,1
0,0.00040821550656331736,0
0,4.302197901784902e-06,0
0,0.003888058962099417,0
0,0.0003641120248029041,0
0,0.0005907957594846156,0
0,4.076298077826552e-10,0
0,4.77007533241317e-12,0
0,9.880534820603135e-16,0
0,0.0003489921896213756,0
0,0.009281965438940479,0
0,1.4248136914449623e-15,0
0,0.0011242324244256472,0
0,4.634193194832281e-06,0
0,0.6432739306578557,1
0,0.0006297492388299046,0
0,0.0009080188213286202,0
0,7.711035705240593e-12,0
0,2.382250955843275e-06,0
0,1.310862637458361e-15,0
0,0.7786446155412469,1
0,4.4443066894773115e-06,0
0,0.003180406899543429,0
0,0.0009185770367488233,0
0,0.000796692223179708,0
0,0.000339370801379657,0
0,0.00030253044557805326,0
0,2.0593047453556533e-15,0
0,0.009409322981668293,0
0,0.000153955084378577,0
0,0.0003362466267424291,0
0,0.04688942623914224,0
0,3.2522168068562434e-12,0
0,0.00012311329382121017,0
0,0.014969081725632912,0
0,0.0008558025355440355,0
0,0.00024128627724745148,0
0,0.0007926811365046062,0
0,0.00017591870760706515,0
0,0.014066568871382223,0
0,3.2507066820244037e-12,0
0,1.0456452931472619e-14,0
0,7.093854152866362e-07,0
0,0.0004988152859337947,0
0,1.0791295838921401e-11,0
0,3.8380283210868955e-06,0
0,5.0240811120295445e-06,0
1,0.9702018679568614,1
0,0.0331473927283337,0
0,0.000896094409302801,0
0,0.027593526650572804,0
0,5.930070774506955e-06,0
0,1.494217232320069e-05,0
0,0.7401614892070114,1
0,0.02508493988723184,0
0,4.048528364088442e-12,0
0,0.0008524879784615558,0
0,8.67751595137739e-13,0
0,0.01254230749979129,0
0,2.322295643046491e-06,0
0,0.8181743842452693,1
0,0.000662032602757059,0
0,0.01796950493277489,0
0,8.058124087568785e-16,0
1,0.9999999998549651,1
1,0.9988105484317905,1
0,5.931186963885855e-16,0
0,2.306346064294194e-11,0
0,8.11257384114051e-12,0
0,0.004266295614834277,0
0,5.561377605378463e-06,0
0,5.310267381837146e-06,0
0,5.375445084707712e-05,0
0,1.0401321773813193e-11,0
0,0.000609286685054063,0
0,0.0008640586499731074,0
0,0.004574366124635008,0
0,1.5743712464429713e-07,0
0,0.010806442451848532,0
0,0.0008923368298833686,0
0,6.245781587872268e-11,0
0,6.212569515157384e-12,0
0,0.0033734903065594456,0
0,1.0194024351293544e-15,0
0,4.681567190238562e-12,0
0,7.314128140141399e-16,0
1,0.9986662624199776,1
0,1.1206416416968535e-15,0
0,2.0811101015440986e-07,0
0,9.429939385631339e-16,0
0,6.166643214675664e-16,0
0,0.0007704589779422555,0
0,1.4844599764087042e-11,0
0,0.0004907239686250314,0
0,7.346090332781837e-06,0
0,1.3757989171052327e-15,0
0,0.01449718099544499,0
0,1.2907454879142006e-07,0
0,0.00034548048420648486,0
0,0.7635777144919014,1
0,0.000308796227830705,0
0,0.023069784844007454,0
0,0.028661715048139875,0
0,1.2355613417774345e-08,0
0,4.920601112884844e-12,0
0,0.0006607847457881855,0
0,0.019220102468651787,0
0,0.018890855853920197,0
0,0.018512289874000932,0
0,0.030197637933629014,0
0,4.1935211675910254e-16,0
0,0.017835620943192264,0
0,0.009648511049281844,0
0,4.383751864066121e-12,0
0,0.015273482923223704,0
0,0.0004755094787321612,0
0,2.7886105844454642e-11,0
0,1.2883670021110498e-05,0
0,0.8293748976734924,1
0,0.0074505280567639205,0
0,3.0148498647036723e-12,0
0,7.741732146558897e-06,0
0,0.018867388174799993,0
0,0.9414669572313483,1
0,2.825046581783323e-14,0
1,0.851065332157285,1
0,4.4456893166829046e-15,0
0,0.0032371908673110143,0
0,2.233640937016072e-15,0
0,0.012519197215475716,0
0,0.0013088608936417646,0
0,2.660146516461715e-12,0
0,7.936750762543308e-05,0
0,0.00046409933827235716,0
1,0.9892021395278687,1
0,4.1958718417501666e-16,0
0,3.71180175345349e-12,0
0,5.007304421770465e-12,0
0,0.0005881822693448203,0
0,0.000655509393943412,0
1,0.9555044471904769,1
0,5.89145565709315e-06,0
0,3.5482224708876085e-06,0
0,0.020198498118156414,0
0,8.343329546284689e-12,0
0,8.748968735491658e-16,0
0,0.0011061726836387815,0
0,0.00023263755706818556,0
0,0.00023867707728913662,0
1,0.9949176008504488,1
0,1.6402961231794994e-11,0
0,0.014018540130791611,0
0,0.020503281687078715,0
0,0.03700251783506901,0
0,5.7975877608049705e-12,0
0,3.7388675395359947e-16,0
0,0.00032605520625714353,0
0,0.0005237717711952374,0
0,0.0064738518312384185,0
1,0.9999999300555495,1
0,1.2528775036277487e-15,0
0,2.021142512124378e-06,0
0,2.7045015741926173e-12,0
0,2.8415169093398265e-11,0
0,4.243202976403701e-11,0
0,3.9368681445018044e-16,0
0,0.021224374084818257,0
0,0.0006159142504223209,0
0,0.03408155368982775,0
0,0.010867883215492983,0
0,0.8161752666131575,1
0,0.00038121154118559884,0
0,0.0005283872224062968,0
0,0.9642244451050102,1
0,4.381722946787416e-12,0
1,0.9999948070374064,1
0,0.011919389599769261,0
0,1.1019920733967503e-15,0
0,0.0005806893782726772,0
0,0.0014423153565450535,0
0,0.5473702596813322,1
0,1.3522605543020491e-15,0
0,1.4517079090625386e-12,0
0,0.0007482798451725522,0
0,0.002228934407151179,0
0,0.0005797007244413253,0
0,0.00019253060875523502,0
0,1.2302918406680965e-10,0
0,5.6697478935332705e-12,0
0,0.0013455158770120362,0
0,0.00018045702572345762,0
0,0.017176765113729363,0
0,0.013628561834195333,0
0,4.838657788016e-06,0
0,0.0007826624630654001,0
1,0.8873008118397054,1
0,0.014722846884330735,0
0,1.6415059069425314e-15,0
0,8.215953518942937e-12,0
0,0.0008294984189506533,0
0,0.006054086351024929,0
0,1.971943626950281e-06,0
0,0.5495205042048662,1
0,1.9579939294703026e-12,0
0,2.147840224221039e-08,0
0,0.0016833743103569197,0
0,0.0004946582413378394,0
0,8.855506846445246e-16,0
0,0.0008991113964026672,0
0,0.0006041495006574114,0
0,0.00412558232793063,0
0,0.01911740476168064,0
0,7.452331232188357e-16,0
0,1.517555464859305e-06,0
0,6.532172956616294e-06,0
0,0.009351440249723281,0
0,2.2408203644589023e-11,0
0,0.00044748651434256136,0
0,7.806419856743851e-16,0
0,0.0005582817749294238,0
0,1.9641419520357307e-11,0
0,2.265579250959526e-11,0
0,8.39949467796231e-12,0
0,8.281164627934257e-05,0
1,0.928064630858294,1
0,0.014871027454473076,0
0,1.6810444223141084e-10,0
0,0.012219886033680693,0
0,4.0006311129167855e-12,0
0,0.0007063321817015396,0
0,3.0716951457747783e-06,0
0,8.855931504033364e-12,0
0,0.014225145376912905,0
0,6.975757819615089e-12,0
0,5.022633928581508e-12,0
0,7.202349085786053e-08,0
0,1.2456913022896018e-11,0
0,1.9328201979100867e-11,0
0,8.764640010185326e-12,0
0,0.009440532566444745,0
0,0.9433223177310792,1
0,0.6853031889981055,1
0,1.7803954252236215e-15,0
0,7.16897078965786e-06,0
0,0.000794763908230995,0
0,0.0004939346064855588,0
0,0.0032028877573755483,0
0,6.73203118432471e-05,0
0,0.014830474000883997,0
0,0.0006422515115877572,0
0,0.010493015437550216,0
0,0.0006303678292722218,0
0,0.9770093103328865,1
0,0.7056010310528925,1
0,0.0007405896498765464,0
0,0.019634794532005034,0
0,6.985647978562087e-06,0
0,0.006362812066635606,0
1,0.9892416169375384,1
0,1.6024083152089313e-11,0
0,0.0009467788732656451,0
0,5.903742219571053e-12,0
0,6.925466472559391e-06,0
0,0.0005205329624659906,0
0,0.00031302655750838754,0
1,0.9862310988524873,1
0,0.0012092256170404174,0
0,0.01161448490483927,0
0,1.9504094686465655e-12,0
0,0.01721700181076789,0
0,3.954976552908276e-12,0
0,2.930857509798325e-05,0
0,6.488784811008898e-16,0
0,0.0006497113379308606,0
0,4.805763260465524e-16,0
0,9.86949841181234e-12,0
0,0.0006071672796188479,0
0,3.93372181412862e-06,0
0,0.00021016707068471213,0
0,0.04413998629160963,0
0,3.1771765140362424e-06,0
0,5.366214062639358e-11,0
0,0.9488595915870726,1
0,0.011274089250087944,0
0,0.016424316008396004,0
0,0.0005438488406600209,0
0,1.2691702374426124e-15,0
0,9.889300157743124e-12,0
0,2.2886567920444736e-11,0
0,3.0274699176125165e-06,0
0,0.9653909771689361,1
0,1.1578777098492881e-08,0
0,0.9630484372187988,1
0,1.3009639447389575e-11,0
0,0.010581960222805876,0
0,0.021759137301651257,0
0,0.0021424175537869457,0
0,3.056531387000003e-06,0
0,1.147304262834325e-11,0
0,9.634861239198283e-12,0
0,0.013364592114967579,0
0,0.7016136386420577,1
0,7.2472737000151414e-09,0
0,2.944297250969156e-06,0
0,0.5728937121296729,1
0,0.0010502124142702247,0
0,0.03214308513897276,0
0,0.0006198863172367365,0
0,0.00022767564273515033,0
0,0.00032014569094295073,0
0,2.2650497550466896e-15,0
0,3.170171763446832e-06,0
0,3.826095180601384e-06,0
0,0.019493901253664014,0
0,0.014839149852417688,0
0,2.4172811036716873e-05,0
0,0.0013158049362727122,0
0,9.041693377370741e-05,0
0,3.3744874464876836e-11,0
0,3.223958408277695e-05,0
0,4.554286730425247e-06,0
0,1.1358266857500956e-08,0
0,1.4649867426600468e-15,0
0,7.019069260437983e-05,0
0,0.0001911997850869386,0
0,0.0008939320949446449,0
0,0.0015362360893422283,0
0,1.813403660474176e-15,0
0,1.5254654989775354e-15,0
0,0.0013690208564121626,0
0,0.0009482960015851836,0
0,0.02776840429917209,0
0,0.0012041042446833234,0
0,0.0008090840709438888,0
0,0.0007171505874653612,0
0,4.39626886552407e-06,0
0,0.010984404661824359,0
0,7.078136225661792e-15,0
0,0.019104774069192084,0
0,0.03318129185323674,0
0,0.0008076493871694227,0
0,0.6617452155611134,1
0,4.557346797001918e-16,0
0,3.1233216387738723e-06,0
0,0.012050358740434138,0
0,0.0007271340350993751,0
0,0.7000596929882191,1
0,2.4858276712421236e-06,0
0,9.698625529716143e-16,0
0,0.33216167471022306,0
0,3.540616961014016e-16,0
0,0.011569584738214322,0
0,2.2348058572740636e-15,0
0,0.02867446757093574,0
0,0.0009402030516839814,0
0,2.652168384172305e-12,0
0,3.505426595712644e-06,0
0,0.013356014758624881,0
0,2.9163762613866713e-06,0
0,1.0044933899657201e-10,0
0,0.0007990528683689775,0
0,2.5819325573145034e-14,0
0,0.010265556041420015,0
0,0.0005867800551671986,0
0,3.6887055265638367e-06,0
0,1.7895991363672669e-10,0
0,3.4580436565355262e-15,0
0,8.34144610448486e-16,0
0,1.6558105622561654e-05,0
0,0.0011992985587377994,0
0,8.592599947203076e-05,0
0,5.228821283274819e-16,0
0,0.0005037350967863197,0
0,2.4014508745133935e-05,0
0,0.7355634149236308,1
0,6.561321569981927e-15,0
0,3.5168234663766202e-12,0
0,0.0003803077699471835,0
0,8.71239575684235e-12,0
0,1.8517068631026653e-06,0
0,0.00030884199950690933,0
0,0.0002955318710103629,0
0,4.188011312866921e-06,0
0,6.324136146905555e-12,0
0,4.83422303992313e-12,0
0,0.001111036248755944,0
0,5.257399256932322e-16,0
0,0.019974014125936208,0
0,0.0005781054285359502,0
0,0.04042701177451238,0
0,0.00012527033372037523,0
0,2.8693602809524438e-12,0
0,0.021927739189509673,0
0,0.0007580080304047998,0
1,0.9935359001584919,1
0,0.0003080410388090741,0
0,7.375408746209374e-06,0
0,0.008873046886108146,0
0,2.27296617778468e-11,0
0,1.2033930551480456e-15,0
0,0.0006613748854026905,0
1,0.9905691154233889,1
0,0.01334426210417164,0
0,1.0775422662532118e-05,0
0,0.0242442377923526,0
0,0.0010261994984323895,0
0,4.119172714845883e-06,0
0,0.018445487443251782,0
0,0.001275122907798646,0
1,0.9945327801531536,1
0,2.5631601270698092e-06,0
0,0.0003512355657639135,0
0,0.0008042378281488037,0
0,1.2733199690709841e-15,0
0,0.018813557778779178,0
0,1.1199525304869213e-09,0
0,4.412738718789292e-06,0
0,3.8419405513107965e-12,0
0,0.0005223758958522635,0
0,0.001138712938130881,0
0,0.015950095899892876,0
0,0.03289853319902077,0
0,0.0012907304764881277,0
0,8.318714167665255e-16,0
1,0.9734965980799697,1
0,0.011764969599606503,0
0,0.015368955188270876,0
0,4.762278094846261e-05,0
0,6.356489070875209e-05,0
0,8.182641675297114e-11,0
0,6.368799062769505e-16,0
1,0.9708142213700826,1
1,0.9942780003041639,1
0,8.26084912019921e-12,0
0,0.020368287811501795,0
0,6.0080975165837685e-12,0
0,0.02659389140376249,0
0,5.167942648011241e-06,0
0,9.898428643861152e-05,0
0,7.476902799520638e-16,0
0,0.0026080677704386607,0
0,0.000302846211831203,0
0,0.45308794536202807,0
0,3.178487542003924e-11,0
0,0.0012799180273358431,0
0,6.76427662916972e-12,0
0,3.0418030482829456e-05,0
0,3.3198334722391546e-16,0
0,8.266919361706227e-05,0
0,5.733361304608141e-16,0
1,0.8840957482843852,1
1,0.9347097529128708,1
0,2.5965107381621747e-07,0
0,0.779369946619471,1
0,0.03220268910327402,0
0,1.3570418796001977e-14,0
0,0.0016205979444408269,0
0,2.6664671003439177e-06,0
0,0.011148914853943427,0
0,0.002750723156156673,0
0,0.0008033737008744458,0
0,3.059760181742212e-11,0
0,0.7401988862794462,1
0,2.211515629504277e-06,0
0,0.0005406893753943582,0
0,0.05856460035859529,0
0,5.504111129285932e-06,0
0,0.022711621318770022,0
0,0.8805944742747449,1
0,0.0009973241933806415,0
0,8.957181377392964e-12,0
0,1.0561703703711823e-11,0
1,0.9993299858774621,1
0,6.362562504189242e-16,0
0,3.358988332691195e-05,0
0,0.0009642922410474424,0
0,4.426629864767347e-12,0
1,0.9945391979571506,1
0,0.0009488583946937064,0
0,0.0015485545510614451,0
0,9.04005046750123e-12,0
0,0.0006405081167033926,0
0,0.0160532465458998,0
0,9.115840711339424e-16,0
1,0.9926982188048258,1
0,0.00030081957185994603,0
0,0.00022249089377527495,0
0,3.136461951524843e-06,0
0,5.781511344342706e-16,0
0,1.0480384242817377e-15,0
0,8.62909268909817e-16,0
0,4.647602378890052e-06,0
0,0.020548110251034916,0
1,0.9615302214191586,1
0,0.0007874830816359976,0
0,0.019128239200470323,0
0,1.866890771050063e-11,0
0,2.745152087832844e-12,0
0,0.000528941007546399,0
0,2.5450555791810557e-06,0
0,0.016261377384881856,0
0,0.0006933840725043293,0
0,0.015679448700073817,0
0,0.011831327059649316,0
0,0.951637824664529,1
0,3.6288035369758315e-06,0
0,1.4399984800825744e-11,0
0,2.8687671783006757e-15,0
0,0.002405656428795158,0
0,2.6096235048508667e-05,0
0,6.9643418192629685e-12,0
0,0.93610432904386,1
0,2.2718770690958097e-11,0
0,0.022197498795219418,0
0,0.00039789942577482664,0
0,0.0012944561143199038,0
0,0.0010874778660156287,0
0,0.007311135458529807,0
0,0.0004450734899100481,0
0,4.707228103480444e-06,0
0,0.0004893789124777215,0
0,9.109460783569968e-06,0
0,0.723917693643266,1
0,4.248806054986427e-12,0
0,0.012933065899884844,0
0,6.070035465425274e-12,0
1,0.8632141773008494,1
0,1.914709358772429e-06,0
0,0.021063783014642012,0
0,0.016311780298248868,0
0,1.9289977896925998e-14,0
1,0.8736825268183194,1
0,0.007578201592403913,0
0,0.0006657287913241178,0
0,3.4735046718065545e-12,0
1,0.996163899159365,1
0,3.836119939017984e-11,0
0,0.00010415515306810181,0
0,3.4187497306068086e-06,0
0,4.414989679609834e-12,0
0,1.0001794027894402e-11,0
0,0.018388652396298215,0
0,4.0976013175943935e-06,0
0,0.0009067185703161382,0
0,0.011105773313301693,0
0,2.967201508786446e-11,0
0,0.0007653197719642204,0
0,0.0003808100348988142,0
0,0.014857952797250489,0
0,0.017492713091424535,0
0,0.010457235139747827,0
0,0.01490964674226627,0
0,0.03536127419993621,0
0,7.112654226290958e-12,0
0,0.78460446137885,1
0,0.031156942500611465,0
0,0.9455926714839737,1
0,6.608084031991293e-12,0
0,0.014109183741141026,0
0,2.183744440575964e-09,0
0,0.9688746067369893,1
0,0.8137024982634202,1
0,3.2207821453664403e-15,0
0,0.01427853383730025,0
0,0.026560352719731947,0
0,4.119454950215342e-12,0
0,0.0011009297659681436,0
0,4.2438809147320275e-16,0
0,1.3019825014518863e-15,0
0,1.6070348865271088e-06,0
0,0.0002997582004341696,0
0,8.50063213600477e-12,0
0,9.494030255996134e-16,0
0,0.0006093382728619251,0
0,0.0011961464375256972,0
0,4.401632380234754e-12,0
0,0.9628175861059899,1
0,2.207772262562904e-06,0
0,2.9660884861604876e-06,0
0,0.00768159453564429,0
0,0.0010898197615187481,0
0,7.158662227391333e-06,0
1,0.999999991241708,1
0,6.840605150459302e-16,0
0,1.2344402825142411e-14,0
0,8.780776039874282e-12,0
0,0.0009874109683972003,0
0,4.088636542348356e-06,0
0,0.8075482180508888,1
0,0.0006920954902818027,0
0,0.0031722464734441633,0
0,4.499283438520696e-12,0
0,0.009729848958442713,0
0,5.6325128522920285e-06,0
0,0.021243001473342148,0
0,0.009193347183581196,0
0,0.04518836398938482,0
0,0.00021281988186955405,0
0,0.0006541601156023357,0
1,0.8776880091195456,1
0,1.3176690250744892e-06,0
0,0.0009348442127533222,0
0,0.03147664804683123,0
0,3.4633381867015506e-11,0
0,1.4933651724089463e-06,0
0,0.001227861626697713,0
0,4.462722058196204e-06,0
0,2.2452001047424736e-06,0
0,7.838390755630767e-09,0
0,8.529776793486502e-16,0
0,0.0006032040022763819,0
0,0.0008012725397108855,0
0,2.5946290353122507e-06,0
0,6.516692504901466e-06,0
0,2.5478479054496177e-11,0
0,1.6643257067502761e-06,0
0,0.0363038183175725,0
0,1.0417020287349762e-11,0
0,4.927333361433066e-15,0
0,0.0029568904444930767,0
0,0.013120365370741082,0
0,4.101146981035604e-12,0
0,0.00037513676458408054,0
0,0.03753153145477934,0
0,5.9458790475904955e-06,0
0,2.348203290462605e-06,0
0,0.00026481561868352634,0
0,3.9772257265600314e-05,0
0,0.0015983904266182022,0
0,0.0007995547551998411,0
0,0.0053067503813143,0
0,0.014475215482105237,0
0,6.972408363888974e-16,0
0,1.887894371338585e-15,0
0,6.7448021719933e-05,0
0,0.001289719688203828,0
0,3.8896651511726646e-12,0
0,0.937976207438895,1
0,8.57654659895157e-06,0
0,0.0009528497290234863,0
1,0.8356066414201109,1
0,5.225738155633305e-06,0
0,0.0007368728797556819,0
0,9.632305940317223e-16,0
0,1.5800986688799268e-11,0
0,1.0089729525807632e-15,0
0,3.837120812791262e-05,0
0,0.017436603973382536,0
0,0.00014255221314975766,0
0,1.4115816536361914e-10,0
0,0.011220765849421626,0
0,0.0182204793782198,0
0,0.0003798040983112222,0
0,1.7074308138319701e-10,0
1,0.9999998624809319,1
0,1.4414084869088638e-11,0
0,0.026537249192695758,0
0,5.38678013940893e-06,0
0,7.44450765105038e-15,0
0,5.59017287149032e-06,0
0,2.5097597452966858e-11,0
0,1.96399316996597e-15,0
0,9.181981801378713e-16,0
0,7.898456380380469e-12,0
0,5.243704201587068e-16,0
0,6.537818961293688e-12,0
0,1.544561457052844e-11,0
0,0.005344760067795493,0
0,3.2001879367511343e-16,0
1,0.9998639512575975,1
0,1.5491246980504695e-06,0
0,1.0353693635994025e-15,0
0,0.000646945365374754,0
0,0.007780648208264755,0
0,0.9197141642856599,1
0,0.009110126970523937,0
0,9.061851910809848e-12,0
0,0.0007089934359888238,0
1,0.9999999999413822,1
0,0.03440982746552401,0
0,0.02072291649499749,0
0,0.00048181386246992685,0
0,0.01325941056070973,0
0,0.016348556377962994,0
0,3.732583450684083e-12,0
0,6.859270113323853e-11,0
0,1.1758851536552442e-11,0
0,3.2437825490693554e-06,0
0,7.78136292405293e-12,0
0,0.0009853219188074552,0
0,2.2668218123945046e-12,0
0,0.0005061542462952312,0
1,0.9995684324594813,1
0,0.7525943527804857,1
0,0.0005501280152725609,0
0,2.911767943895882e-12,0
0,2.6720420170675384e-05,0
0,0.9070672544427275,1
0,1.0052972766981929e-14,0
0,0.013014572803161636,0
0,0.007929600026152596,0
0,1.7221192275080129e-15,0
0,2.9398697790795793e-06,0
0,0.021900441814846773,0
0,2.3678050428996856e-07,0
0,4.909850698427129e-16,0
0,4.451224301847387e-16,0
0,0.9667553457074223,1
0,0.0009358298056574399,0
0,3.9821866953369305e-11,0
0,2.8822722534591316e-06,0
0,0.015362952527031744,0
0,0.009695517155848342,0
0,0.00044738619871464866,0
0,1.867625127316951e-11,0
0,0.007407368948560946,0
0,0.017729944027759202,0
0,4.115659602802031e-06,0
1,0.9937682901961686,1
0,0.8442187226828882,1
0,0.0009771873152644138,0
0,2.2803227922668218e-05,0
0,9.051266353773268e-12,0
0,0.00010455958787996624,0
0,2.826192637047193e-06,0
0,2.7059957687869717e-16,0
0,7.000832096409943e-16,0
0,1.3152769611585238e-11,0
0,0.02439673991410387,0
0,2.767269837385943e-06,0
0,0.012736171730674936,0
0,0.00015195847629779653,0
0,5.947649214864048e-06,0
0,1.943645790323653e-14,0
0,1.447131194666878e-15,0
1,0.9999999992903299,1
0,9.846697713999602e-12,0
0,4.4663296808836786e-12,0
0,6.61413103015658e-05,0
0,1.4730900213694433e-12,0
0,0.032728783079946026,0
0,5.929578538428971e-16,0
0,1.9360591277174242e-11,0
0,0.021782168370315165,0
0,0.0002892263659606254,0
0,3.812388535381379e-12,0
0,0.0015903050098374269,0
0,1.574453246916327e-05,0
0,0.8984759503074248,1
0,1.9905038382098607e-11,0
0,0.0003356675350436283,0
0,3.2908033131354708e-15,0
0,3.3667232867501477e-11,0
0,0.0014048794242110076,0
0,0.0019613736795172894,0
0,0.014278781759296783,0
0,8.947110022337884e-12,0
0,0.0013581934727061352,0
0,1.5261536354152182e-11,0
0,0.0001241592405384522,0
0,0.00030568483501828273,0
0,0.9701654716358322,1
0,1.2891040175223542e-15,0
0,0.00032314639121593477,0
0,0.00045030654133422233,0
0,6.029908311584914e-16,0
0,0.0005793032025707386,0
0,0.02051894831379527,0
0,0.0009245652582224991,0
0,4.6938012223060375e-06,0
0,2.237436085250239e-06,0
0,4.224926975667659e-12,0
0,0.0007952474551451901,0
0,5.625165131680062e-12,0
0,0.0002829218911534049,0
0,2.779798039175849e-11,0
0,1.8552072988034927e-11,0
0,0.01761657722802289,0
0,5.979977237957598e-16,0
0,1.7701434950785524e-14,0
0,7.738949358508074e-10,0
0,1.520708331028153e-11,0
0,3.727353610550746e-12,0
0,0.020641023690899162,0
0,7.129760340702254e-16,0
0,3.684118252647601e-06,0
0,5.273695104916988e-07,0
0,0.05033724532412891,0
0,6.205913258046154e-06,0
0,4.046584810203135e-05,0
0,1.4064410238918826e-11,0
0,0.00010602696955400821,0
1,0.8178045351343457,1
0,0.8069905403146441,1
0,1.478758851587799e-15,0
0,1.6531377654702464e-15,0
0,3.661414748810175e-06,0
0,1.1941228105895548e-14,0
0,1.1357627802095808e-08,0
0,4.320505293991937e-12,0
0,0.000831951817304941,0
0,1.3565181247428657e-11,0
0,1.5068247775715144e-15,0
0,0.0014274493749858353,0
0,5.3371317720536246e-06,0
0,0.022918217545762693,0
0,0.0012648000344201733,0
0,1.886681876116477e-11,0
0,4.1582381972214724e-11,0
0,0.0007773089209567145,0
0,3.9871686157631545e-06,0
0,0.01275552201673182,0
0,0.015339153200149438,0
0,3.4174760387038905e-12,0
0,4.337266591012318e-12,0
0,8.760244771368267e-15,0
0,0.0014990187932943432,0
0,0.001291830621287035,0
1,0.9999000273242783,1
0,1.7922802959099025e-15,0
0,2.642627125777888e-11,0
0,8.86610204776943e-05,0
0,4.703022277158318e-11,0
0,0.00048671831206915754,0
0,1.2934299161021296e-10,0
0,0.00035468519385093485,0
0,4.339291029165094e-12,0
0,4.139031495162001e-06,0
0,0.0004295448441046724,0
0,0.001636979917973134,0
0,0.0013034800788945054,0
0,0.017225076272479916,0
0,0.014475667608811334,0
0,5.457908212538625e-06,0
0,8.278686045268538e-12,0
0,7.476878129674633e-05,0
0,0.6404085610749988,1
0,0.0006952633668637304,0
0,2.2459531295531708e-14,0
0,2.5886259781766084e-12,0
0,0.0008944456021811601,0
0,0.012790769660026536,0
0,0.009789002378718376,0
0,0.7496038398995845,1
0,0.0016214911489079247,0
0,0.6923145913099432,1
0,4.2190401095379865e-06,0
0,0.021559610493262674,0
0,0.000819837558804054,0
0,1.9277226578166284e-06,0
0,0.01038110908235626,0
1,0.7951423836729995,1
0,3.212726376788608e-06,0
0,5.619644140754701e-12,0
0,0.001607273924442521,0
0,0.00012667051156099057,0
0,0.014195255282232104,0
0,0.024175878399139983,0
0,0.0001842421161663185,0
0,5.5112705526419395e-12,0
0,0.016827719168493613,0
0,1.6950534286740028e-07,0
0,0.0005583092621465897,0
0,3.124601862820162e-06,0
0,3.619263110633915e-15,0
0,0.018576012442241205,0
0,0.0004847051428121082,0
0,0.01381687658994687,0
0,0.021822431389439716,0
1,0.9955889675437015,1
0,0.0006997856264772388,0
0,5.300365038389444e-12,0
0,2.0754367982019157e-15,0
0,0.002011859396571493,0
0,2.2963648903107683e-12,0
0,2.303932418318642e-14,0
0,0.0004907037829072216,0
0,0.0018625338358401458,0
0,1.2029654551315516e-14,0
0,0.0007971940287724178,0
0,0.0006892208798969142,0
0,2.2276562226184163e-06,0
0,0.0005306711983652546,0
0,0.8741276837309748,1
0,6.364171588542748e-11,0
0,1.9264638971671947e-05,0
0,6.464477682770996e-12,0
0,1.7870851969292356e-15,0
0,0.00025579515589587413,0
0,0.029503311485071005,0
0,1.8925314025657376e-09,0
0,2.279856041796978e-06,0
0,0.02463180694214073,0
0,2.1986316250641913e-11,0
0,3.875924857154022e-12,0
0,2.1432237602448335e-06,0
0,2.914376839837021e-15,0
0,4.833281522082273e-16,0
0,0.000912700440676343,0
0,6.02380799561544e-06,0
0,1.4140193236055953e-12,0
0,1.213373982564205e-15,0
0,0.0007899006969729249,0
0,1.0254476470713904e-06,0
0,0.0012503901438334672,0
0,0.017533941161028247,0
1,0.935118377386036,1
0,0.02173688913921113,0
0,9.961329110731116e-12,0
0,2.3109532224376673e-06,0
0,0.000489196479304162,0
0,1.7069414967653688e-11,0
1,0.9948469568643103,1
0,0.00016488000093314024,0
0,0.0033142330016821993,0
0,8.601764302729275e-13,0
0,0.008684496734749251,0
0,0.028520697705945154,0
0,3.231850132567201e-06,0
0,0.7825573542405961,1
0,1.541541632036345e-05,0
0,0.0026640624596937926,0
0,0.001496053625354992,0
0,2.7790312376468028e-12,0
0,9.208529236468016e-15,0
1,0.9972088705605849,1
0,0.7805879777100618,1
0,0.0003715097190342504,0
0,2.8914200970640826e-05,0
0,0.0007738272694564466,0
1,0.9905919883438344,1
0,0.0057432114049961154,0
0,0.00039519612719684627,0
0,0.00028174549974600496,0
0,0.0004934865669116281,0
0,0.009109807037835248,0
0,2.741302303657982e-12,0
0,1.4025975931752056e-15,0
0,0.017655792888892387,0
0,0.0005991373543245916,0
0,2.874841811542358e-11,0
0,0.0004964987560117666,0
0,0.009036858036442802,0
0,0.6707215250579779,1
0,0.002432728084611389,0
0,0.000654905011659338,0
0,0.6181721386611541,1
1,0.9940754965904979,1
0,0.014911908128467344,0
0,0.0008518166817482656,0
0,0.0007759365606372128,0
0,0.0171875344219757,0
0,6.987845356125553e-09,0
0,0.8102224255598224,1
0,1.2693557989974654e-06,0
0,0.04087935964464553,0
0,2.6001703728904745e-06,0
0,3.503965095252912e-06,0
0,5.65349056001338e-11,0
0,2.394412604505226e-06,0
0,0.00041597423848578006,0
0,0.00025416655542504266,0
0,0.0009393070193337783,0
0,0.9768469769579565,1
0,3.1053576702709015e-16,0
0,6.488411505982556e-16,0
0,0.00035606268162107196,0
0,8.48537103663449e-12,0
0,1.0592735014022802e-05,0
0,0.01296551684923542,0
0,0.0009843744766481067,0
0,0.0008734962519300839,0
0,1.0289720051888945e-11,0
0,0.000323062540155787,0
0,3.7797032948554824e-06,0
0,0.0013384819187457636,0
0,0.0009476586014556513,0
0,6.770117199645587e-16,0
0,0.018627645009132023,0
0,4.612617606058731e-12,0
0,2.351672470097144e-15,0
0,4.0775962097125025e-12,0
0,0.026746732510159285,0
0,0.011909284019479823,0
0,0.9622977338598445,1
0,0.028552694679396605,0
0,0.0003992377984926035,0
0,0.0007186587738943746,0
0,1.1902545775793193e-11,0
0,0.00021250979505575435,0
0,0.0015657478598977723,0
0,0.01648304585578571,0
0,0.012337940353981385,0
0,2.1442674187499483e-12,0
0,7.483971131911588e-16,0
0,0.00048374029300490807,0
0,7.573299622511648e-05,0
0,0.016872848015591947,0
0,4.7697289664531697e-14,0
0,0.012345010323138384,0
0,0.001115233170969423,0
0,0.0008575480608169554,0
0,0.00046197931883481467,0
0,6.73653370735016e-16,0
0,0.015473784225099136,0
0,5.602188865206378e-12,0
0,3.157242895858238e-11,0
0,2.4495117752341873e-06,0
0,4.882713520934924e-06,0
0,4.842666358203665e-06,0
0,0.011387809512829921,0
0,0.7943155098157976,1
0,2.2409389006337527e-06,0
0,6.313241439608825e-06,0
1,0.999999881265445,1
0,6.347714884829863e-12,0
0,0.0006273268004649732,0
0,0.0008202080072180272,0
0,0.011918418575112135,0
0,1.445660775544004e-11,0
0,0.014730147535523702,0
0,0.015070939006639552,0
0,0.000862385870283727,0
0,0.018895532483156195,0
0,0.0009671685471873616,0
0,8.031508045990019e-12,0
0,2.6680815246538355e-11,0
0,0.0010462597742750973,0
0,0.0008067470500596501,0
0,1.679813408719364e-05,0
0,4.412445381899169e-05,0
0,5.837739625738511e-05,0
0,3.44449480077348e-06,0
0,6.949588539857078e-16,0
0,0.09337888817566427,0
0,0.0005078860850574787,0
0,1.573174900796128e-11,0
0,0.00035021825297564034,0
0,1.1886144132125493e-05,0
0,1.1855124997416257e-15,0
0,0.025239489033823583,0
0,0.9244242652233879,1
1,0.9999999998600875,1
0,0.001363084217298106,0
0,3.1649139418770556e-10,0
0,4.606614522672125e-16,0
0,5.2488529227150784e-11,0
0,7.206954379079338e-12,0
0,8.732317318194551e-06,0
0,0.000466483493773537,0
0,6.745054506223669e-06,0
0,0.020354477953264765,0
0,2.069415156297838e-06,0
0,4.601937170520153e-06,0
0,0.02459732947689914,0
0,7.412933432481774e-16,0
0,3.087396187516989e-11,0
0,6.3617490878236796e-12,0
0,2.854102717881841e-05,0
0,8.509112349171564e-16,0
0,4.582173525224595e-12,0
0,3.5735872038013095e-15,0
0,3.844485215933695e-07,0
0,2.006395649789481e-15,0
0,4.709283616365472e-06,0
0,0.0009919344348048634,0
0,1.2682414399594932e-15,0
0,1.7833395665904934e-06,0
0,0.00014742847927408584,0
0,0.014664779452377874,0
0,0.6465702761480726,1
0,0.029001070728764757,0
0,3.520936112654497e-12,0
0,2.8879507122721856e-06,0
0,0.0011417590154093082,0
0,8.704878345825531e-08,0
0,4.3228382722328805e-16,0
0,4.5564345934883176e-11,0
0,0.0009411839336586732,0
0,7.98261148914252e-12,0
0,1.890121307914161e-11,0
0,0.00027818706081849623,0
0,0.0008275028026787907,0
0,1.4102293791264692e-15,0
0,1.9746524728892948e-14,0
0,7.684031559435621e-05,0
0,0.016692075377971217,0
0,0.014308247790770565,0
0,0.0005851551346641122,0
0,0.00936621023610714,0
0,6.732538865290321e-16,0
0,6.864188475428977e-10,0
0,0.00042079939109545503,0
0,1.5484808891249915e-12,0
0,0.0012087359900607613,0
0,0.0005479345151503234,0
1,0.9989862666407219,1
0,0.01721895943690909,0
0,1.3921928139494698e-09,0
0,0.0004410012829679652,0
0,0.018671735054170663,0
0,0.022211661647784764,0
0,6.895264098996533e-16,0
0,0.7557995171296296,1
0,0.00024066120283236864,0
0,0.014772064296726378,0
0,6.582781068609494e-16,0
0,0.014020062017140468,0
0,1.0934037233996764e-15,0
0,0.0001011158674966558,0
0,0.01337273522662571,0
0,0.0006889159292227571,0
0,1.1166173708667802e-05,0
0,2.0471410268546484e-06,0
0,3.439262037594356e-06,0
1,0.9907837507084197,1
0,3.0402608704670036e-06,0
0,8.729160919638511e-05,0
0,4.914970193869674e-12,0
0,1.4752224451425826e-06,0
0,5.170838321286605e-06,0
0,0.0006914376877644855,0
0,5.483059743937782e-06,0
0,0.015695915624723285,0
0,2.3860791954254497e-15,0
0,2.365929336373901e-15,0
0,4.61722218825269e-12,0
1,0.9876297288004393,1
0,4.128019751148078e-12,0
0,0.0011186770566664742,0
0,0.017211852615945402,0
0,2.282293050629444e-10,0
0,2.2680776179023247e-11,0
0,0.5864296470298298,1
0,0.00014722138124515527,0
0,2.946017573778206e-11,0
0,0.021255751797533837,0
0,0.0011300488858271003,0
0,0.024731507642327743,0
0,0.7443967407405302,1
0,7.14788456767185e-12,0
0,3.1878208694521874e-11,0
0,0.0005557131013480271,0
0,2.723296405989995e-14,0
0,4.694660718034761e-06,0
0,3.325969884471456e-11,0
0,0.016479824696893606,0
0,0.016433884094518583,0
0,0.0005242759966329636,0
0,4.2853730351270365e-06,0
0,1.9052020088273982e-11,0
1,0.9880920874787733,1
0,0.02206971614509974,0
0,2.6055867125957638e-15,0
0,0.001497278530860346,0
0,8.401792329131411e-16,0
0,3.4074533815435305e-11,0
0,0.016176139474847306,0
0,4.281654063670465e-05,0
0,0.016241284251790677,0
0,1.4948727951137724e-11,0
0,0.02133430296163983,0
0,6.189114951337241e-12,0
0,6.922485571535635e-15,0
1,0.8724354877671728,1
0,7.833625592194532e-11,0
0,0.01691679581059229,0
0,0.0006913599079617883,0
0,0.008945254867293,0
0,7.761261641045326e-12,0
0,0.0006494281626953264,0
0,5.312967824470375e-11,0
0,1.733322538896454e-09,0
0,6.034150594578882e-12,0
0,0.00039363764839999007,0
0,3.8926003525447266e-15,0
0,6.02039954798489e-12,0
0,0.001496884918607085,0
0,2.4690700890246927e-06,0
0,0.0009520740920846867,0
0,0.03562869889473039,0
0,3.132867715488691e-06,0
0,2.2431737179761288e-10,0
0,0.0006359225074179945,0
1,0.9996790534268726,1
0,0.5629645347223097,1
0,1.6903888483654365e-11,0
0,5.19779568195247e-05,0
0,0.0014215291273230672,0
0,5.955273404206249e-06,0
0,0.016631613982149265,0
0,3.110267741366729e-06,0
0,2.4895043952298473e-11,0
0,2.990068395281602e-11,0
0,0.014833348245356377,0
0,0.0006506649867817438,0
0,7.1086985351857235e-06,0
0,7.875779874484517e-12,0
0,0.0009637929731014536,0
0,3.7416351516715464e-15,0
0,0.0004989525405681519,0
0,0.02575482970479057,0
0,6.824782028765856e-12,0
0,0.007877678817818848,0
0,0.000799911588681167,0
0,2.590964913652493e-12,0
0,0.0005301794281910754,0
0,0.03894502905027955,0
0,1.0288720754838182e-11,0
0,7.348919295180593e-11,0
0,0.0006210114173246891,0
0,0.00043900454007861004,0
0,0.014189628099428664,0
0,0.0016697077878126236,0
0,0.03220037969557322,0
1,0.9994700306888737,1
0,0.8303288163063538,1
0,9.386936854187917e-16,0
0,0.9391407760237813,1
0,0.0009145701673272338,0
0,0.010413496881093793,0
0,0.027465522348488456,0
0,0.0008545284161873312,0
0,0.0009600113527611736,0
0,0.0024831665630339773,0
0,3.773217183389379e-12,0
0,0.02273145987878554,0
0,4.061816206634775e-06,0
0,0.9836920049797594,1
0,0.017579247721301157,0
0,0.0005533944409208764,0
0,0.0013543885325783198,0
0,0.031071578803662615,0
0,0.0185905657821956,0
0,0.00010142126987530016,0
0,2.035768897945861e-11,0
0,0.029472553363575005,0
1,0.9879850215251037,1
0,7.836610352711931e-12,0
0,1.267363302415582e-15,0
0,0.0007295801263610055,0
0,2.1032701631173186e-11,0
0,0.0008586952190554253,0
1,0.9960815702610487,1
0,1.535389874661688e-11,0
0,0.017044211721677877,0
0,4.549331333018667e-06,0
0,6.867297326774669e-12,0
0,0.02914118745914033,0
0,1.4983139581561885e-15,0
0,2.5229259650013588e-12,0
0,0.009017797646387769,0
0,0.0004061612988034541,0
0,0.7481001533182347,1
0,0.001222668418844089,0
0,2.8369380051241673e-11,0
0,0.0009806303402325619,0
0,0.0010773106634724872,0
0,0.0009298815302295945,0
0,7.1492190015881536e-12,0
0,0.6667005015670523,1
0,0.8540112401538814,1
0,2.768401613891837e-15,0
0,0.027692409182198067,0
0,6.080448453761975e-16,0
0,0.020107650197228783,0
0,5.859129880476137e-06,0
0,8.499107319005974e-16,0
0,5.1863623760943255e-05,0
0,0.01862548005963946,0
0,0.0007082746975695344,0
0,4.394236414282501e-06,0
0,9.938389262729666e-12,0
0,1.6252221861564523e-14,0
0,5.074925076057087e-16,0
0,0.013606594758743616,0
0,0.021787063938983876,0
0,0.0008646302397093794,0
0,0.009584662579021587,0
0,2.719882024953138e-05,0
0,1.1875870950771547e-15,0
0,2.7202994208640296e-06,0
0,1.9327448649897693e-11,0
1,0.9045315131232889,1
0,0.010736256010842276,0
0,0.021908219871317542,0
0,5.769972918897681e-16,0
0,0.01765438863681646,0
0,0.016345313245126215,0
0,4.756247526678652e-12,0
0,0.03613058973956145,0
0,0.0002935723817028997,0
0,4.0320664189126835e-12,0
0,0.0012462677795716487,0
1,0.7635076993740366,1
0,1.245767921847598e-05,0
0,1.5087945577034734e-15,0
0,4.465251341067735e-12,0
0,0.0009867383189008539,0
0,0.00040209861827301556,0
0,3.4650347209596405e-06,0
0,7.714748917106601e-06,0
0,3.17268467574765e-06,0
0,0.0005265376924424873,0
0,8.043799967555794e-12,0
0,3.980956109633102e-06,0
0,0.0010489526575674607,0
0,3.432187180294797e-15,0
0,5.884300175913727e-11,0
0,0.0192235418769797,0
0,1.8027345764670727e-14,0
0,0.026001151835538684,0
0,0.0004134202269741426,0
0,0.02325691169300038,0
0,0.0011004622316689132,0
0,0.021388753952670217,0
0,0.00044925022536421486,0
0,1.467963022003625e-06,0
0,2.705605841586449e-12,0
0,0.01908308008945403,0
0,0.013660354081420498,0
0,0.007178821563363331,0
1,0.996364221902832,1
0,0.0001376111228829899,0
0,9.997533937933074e-16,0
0,0.0003804989831287193,0
0,6.661760052408635e-05,0
0,2.528688710621116e-06,0
0,3.266963720717668e-06,0
0,0.01266003289368596,0
0,0.00015973685183372417,0
0,0.022507895732422588,0
0,0.0004068504596583996,0
0,0.0033467913029493054,0
0,0.0002868798381724722,0
0,1.4077992494747171e-15,0
0,0.013196204138581745,0
0,0.03317436474920234,0
1,0.9947261492527603,1
0,0.0005096610928639641,0
0,6.676937436383245e-06,0
0,0.9126512982992155,1
0,3.752072528604394e-12,0
0,3.94779501800829e-05,0
0,4.628481447614296e-12,0
0,0.0003098028307381873,0
0,0.0007618630731658932,0
0,0.0007596098832212047,0
0,0.01970267221582696,0
0,0.019997115788341183,0
0,2.2041406078993637e-14,0
0,0.019428452965638845,0
0,0.0001622718891842855,0
0,3.2665817698318686e-11,0
1,0.9512572438052279,1
0,4.5259283795422984e-11,0
0,1.5125229681220728e-11,0
0,2.2451640428646447e-05,0
0,2.2748419531706903e-12,0
0,0.0005628870118769236,0
0,0.0007015470837791227,0
0,2.8842082954677053e-11,0
0,2.6824826138905318e-12,0
0,3.841441738413639e-06,0
0,2.436489362098146e-06,0
0,3.436787291052961e-08,0
0,3.3290546522770283e-06,0
0,0.0006484801918594015,0
0,4.606575350975482e-12,0
0,0.0004510868518132824,0
0,0.0041625232695740155,0
0,0.016893783233346452,0
0,4.248974917993203e-06,0
0,0.005070745684214856,0
0,0.014246367840456416,0
0,8.155955275983871e-12,0
1,0.9963531922513498,1
0,1.0259823669753313e-15,0
0,0.00042794985081353617,0
0,1.0224004445298432e-10,0
0,0.026137728056020534,0
0,3.526446467237247e-11,0
0,0.006061024152929746,0
0,2.017023583135044e-06,0
0,5.028083099197987e-05,0
0,0.0008589374188168944,0
0,1.8179000480880136e-15,0
0,0.001616758743621373,0
0,0.00023128601935612126,0
0,0.0009690671656635073,0
0,2.180582023368605e-06,0
0,0.9281752814695592,1
1,0.9334982358247231,1
0,0.009777087844400557,0
0,3.967895360891475e-06,0
0,0.0008011572719710179,0
0,0.015975291905916747,0
0,4.95486845000028e-12,0
1,0.9999999999902931,1
0,0.9472060715929094,1
0,7.249080241659547e-16,0
0,2.1783826740188996e-15,0
0,3.2196598220930402e-06,0
0,0.0004744099228254363,0
0,3.841030318376793e-09,0
0,0.025908826197682658,0
0,1.140263344683631e-15,0
0,0.0008011762916377685,0
0,0.016046612842074377,0
0,2.002937789648306e-06,0
0,9.316953775998045e-16,0
0,2.5341622949235793e-11,0
0,0.0004514612854505105,0
0,3.310625013637111e-12,0
0,1.8133412401704872e-15,0
0,6.199744447553104e-12,0
0,1.241109389517622e-08,0
0,0.0007484072006840607,0
0,0.011076864483101391,0
0,5.02455416481974e-06,0
0,0.0003747657277136144,0
0,0.0004983142820134237,0
0,7.20812959038525e-12,0
0,0.0009745708511238936,0
0,0.0002690819605492168,0
0,2.4111748666872385e-11,0
0,1.0417699699468142e-15,0
0,0.0010320249527634795,0
0,5.49048815757498e-16,0
0,2.6625838578760103e-12,0
0,0.020767054009591036,0
1,0.9983717898662632,1
1,0.9973164676200237,1
0,2.8321850054968946e-05,0
0,0.0004493133038911552,0
0,2.135772232278026e-06,0
0,0.0008204537247383404,0
0,0.024968560945681194,0
0,2.777445181426874e-16,0
0,3.140178616942771e-12,0
0,0.01406994691025866,0
0,1.374864160349885e-11,0
0,0.03000565739062955,0
0,0.007585816765186808,0
0,0.028959068011984033,0
0,0.8536033664754753,1
0,4.751103162751215e-06,0
0,0.6502764199095199,1
0,1.2307460697889683e-11,0
0,4.012485051180523e-12,0
0,0.018833328101805255,0
0,8.95858452075921e-15,0
0,0.0002503125354736965,0
0,0.015276586230890987,0
0,0.0007975752090047872,0
0,0.016093694085964946,0
0,0.00152530867411697,0
0,4.1423381224015426e-12,0
1,0.9999942948416932,1
0,1.2047141425138601e-15,0
0,0.0010366952694400781,0
0,0.0008222751906819285,0
0,0.00018735209261095876,0
0,7.29300952810449e-16,0
0,3.571053443111873e-06,0
0,0.027592832923033307,0
0,2.2623274635926783e-15,0
0,0.015500830039785094,0
0,2.213913905541642e-09,0
0,4.883473583802781e-12,0
0,0.022645850241089695,0
0,2.4114232500314792e-11,0
0,7.217994554926858e-11,0
0,0.7500977213129246,1
0,0.00015113233954822366,0
0,3.434765570840762e-06,0
0,0.0015536936472313986,0
0,7.1422761887509265e-12,0
0,7.433624679330838e-12,0
1,0.9458628378471723,1
0,3.230917841872196e-12,0
0,0.0006767653572963984,0
0,0.01031391720659764,0
0,0.020578492953846998,0
0,8.215141671878622e-06,0
0,2.230116675026489e-06,0
0,0.04227425828678975,0
0,6.2329040562120974e-06,0
0,3.1999978093932065e-15,0
0,2.8583421110195974e-15,0
0,0.010225932808022593,0
0,7.345171773735715e-16,0
0,0.0013451724556383451,0
0,5.371159215647445e-06,0
0,2.5592570481654585e-11,0
0,3.21485560596205e-11,0
0,0.7321294909507376,1
0,0.798682778678196,1
0,0.0006450403266269339,0
0,4.456701781563411e-16,0
0,3.986167016368607e-14,0
0,0.019150583934480304,0
0,6.3248280863285645e-06,0
0,7.673897813036808e-08,0
0,1.4976218503164417e-12,0
0,0.0004413982085315521,0
0,0.008642896801419234,0
0,0.02453111497070241,0
0,2.7338382275242347e-12,0
0,3.163198734369638e-11,0
0,0.00022173541311465403,0
0,4.044916960547629e-06,0
0,7.420582744814932e-12,0
0,3.4166781452812696e-06,0
0,8.439119472176645e-12,0
0,3.76321273387733e-12,0
1,0.9941433653232271,1
1,0.9832934066180568,1
0,4.0096624230366116e-12,0
0,0.6366051387491386,1
0,1.1195949228444608e-05,0
0,0.013092137327944973,0
0,0.0007677436086160321,0
0,0.5862190843058533,1
1,0.9963421325605606,1
0,0.02265457125026743,0
0,5.957100397279031e-12,0
0,0.00097615244699976,0
0,0.011280011681989057,0
0,0.0227056003444556,0
0,3.506196257870129e-05,0
1,0.9704068397206088,1
0,0.008300285892316827,0
0,0.0022403892680010647,0
0,0.0003050597754054412,0
0,0.020658858862428985,0
0,0.009229877978636161,0
0,0.0012919161860827687,0
0,0.0004530192856910634,0
0,0.00014638463646146204,0
0,0.02068968210497873,0
0,0.033627836370639055,0
0,3.049712550052669e-05,0
0,4.234301899163921e-06,0
0,6.272068995861552e-16,0
0,0.02862756439451234,0
0,0.7298739951397267,1
0,0.04312986740461503,0
0,0.0019004535554599967,0
0,0.00015068376953461377,0
0,0.001015639018407215,0
0,0.011924164736244455,0
0,0.024752800714251275,0
0,0.01971566613041765,0
0,2.2217920799864014e-06,0
0,0.00038832096098269587,0
0,7.34817276988526e-16,0
0,0.0013625253994990524,0
0,1.3016196121322885e-11,0
0,0.0009443266387441018,0
0,1.0543182327262563e-11,0
0,0.012121523347717364,0
0,0.01690354388489705,0
0,0.012735789504556647,0
0,3.542920607077686e-05,0
0,0.00020067346996994933,0
0,1.123498045460433e-07,0
0,0.00021843352202488992,0
0,5.166821252259735e-16,0
0,0.001884608811061804,0
0,0.0005822664378788047,0
0,0.04906204730590749,0
0,0.001014425659798036,0
0,0.0006891656351479767,0
0,9.229599028574204e-16,0
0,1.4713371768063897e-09,0
0,0.0001720205360171749,0
0,8.97294634970266e-12,0
0,0.024168713105313686,0
0,6.4941273543619435e-12,0
0,2.7956030136045094e-06,0
0,4.299671576209957e-15,0
0,0.001111989498378925,0
0,8.363007683269807e-12,0
0,2.393711547293415e-06,0
0,7.359698994241418e-15,0
0,0.024960672565487882,0
0,3.6409051330787055e-06,0
0,0.00014313687717825278,0
0,0.0004975745132910254,0
0,0.0017232816054469984,0
0,0.014584472690130443,0
0,0.0008532733423421975,0
0,5.842849813598213e-06,0
0,0.02271701271537007,0
0,0.7850889842700287,1
0,5.299794905594166e-11,0
0,8.6909029025589e-07,0
0,0.019421283340837567,0
0,3.548405902416729e-05,0
0,8.334587884418778e-06,0
0,6.60376534497279e-06,0
0,6.664666441114308e-16,0
0,0.019287331499219084,0
0,0.02388361635015192,0
0,5.624989973739698e-12,0
0,0.0003835595288459218,0
0,0.0011208788950179624,0
0,3.3646313483597844e-16,0
0,7.759361709297385e-16,0
1,0.9732320157070747,1
0,0.008712162193815862,0
0,3.264322212211799e-16,0
0,1.8522066274616745e-12,0
0,3.6166780622459973e-06,0
0,4.365020467137099e-06,0
0,0.04914829992787703,0
0,1.085277217509363e-15,0
0,0.0018165333638157151,0
0,0.0006607391395011406,0
0,0.002427908106750883,0
0,7.610346335470039e-05,0
0,0.0023406288450414955,0
0,0.00033431458779560716,0
0,0.0017332255230012928,0
0,0.009186055589899666,0
0,3.725175838338139e-06,0
0,0.00018526373976731497,0
0,1.0303206028904805e-08,0
1,0.9723944461989659,1
0,0.00041414876640686026,0
0,0.0006811506212954,0
0,0.002191302634088231,0
0,0.007339683071791507,0
0,0.7752985662665293,1
0,3.326619175733435e-08,0
0,0.8884689689259897,1
0,4.97666139142334e-16,0
0,1.7266554912116284e-11,0
0,0.025902395982942118,0
0,7.213205899538391e-12,0
0,9.070792146798102e-05,0
0,0.024937424520935416,0
0,1.7168798189530007e-06,0
0,0.0008387648726299062,0
0,0.0004904088032528963,0
0,0.0006271670828617863,0
0,1.5318271898397447e-10,0
1,0.9995194985355189,1
0,0.0007148067439012286,0
1,0.9913673137749466,1
0,7.185885560805915e-16,0
0,0.0009849705232838771,0
0,0.0003158356224470735,0
1,0.9999854425446563,1
0,0.0009933306715669138,0
0,5.024033620398079e-06,0
0,1.0475001026858445e-11,0
0,0.0006338235198146081,0
0,0.0147679895347015,0
0,7.844166508110107e-15,0
0,0.023763519744724175,0
0,6.605028354782753e-12,0
0,1.847221612607539e-05,0
0,0.043404522077742105,0
0,7.277522393037386e-11,0
0,0.0011984157345658563,0
0,0.0003815933967982572,0
0,0.019661500225479106,0
0,0.0007113958025035548,0
0,0.013917365729764814,0
0,1.2151731882225881e-15,0
0,4.2627100308759075e-06,0
0,0.019085007821817192,0
0,0.02384318531998347,0
0,0.5856059516899785,1
0,0.001088456129359284,0
0,0.0006279220151858211,0
0,2.710098126744501e-15,0
0,6.353858909120614e-16,0
0,0.0006552418508065041,0
0,9.432782915780137e-05,0
0,4.769876729995153e-12,0
0,0.013894603616193183,0
0,0.0008474108823054864,0
0,3.2859147500800996e-12,0
0,0.0021463519743529624,0
0,0.011463242413495098,0
0,0.0006144112549096802,0
0,8.263165387733242e-12,0
0,2.3247359134034117e-15,0
0,0.0008079119643959025,0
0,0.0006087630111560223,0
0,2.13316334655907e-12,0
0,0.0005889149762019792,0
0,8.232174284017824e-16,0
0,8.370629157864031e-16,0
0,3.998348932975647e-12,0
0,0.0006019108009389208,0
0,0.0005614276740971845,0
0,1.7303002452913015e-06,0
0,0.026813555036654987,0
0,0.001128935868727783,0
0,1.3427988259115507e-11,0
0,7.872160631147233e-12,0
0,0.018557692412297305,0
0,0.0007831144556807499,0
0,6.890342426643503e-16,0
0,3.657966423742804e-05,0
0,0.0012640546276844352,0
0,0.018379563519203553,0
0,0.008953242416912331,0
0,1.1815572373940681e-15,0
0,8.885693249629855e-06,0
0,4.773922891478262e-05,0
0,5.064161872404202e-16,0
0,3.5425158003245594e-06,0
0,4.290328536390007e-12,0
1,0.9699126352040305,1
0,0.009661294700251042,0
0,0.0009765484862454544,0
0,0.01649741815916228,0
0,0.0010660168668238216,0
0,0.0023411751325473082,0
0,3.364441110119027e-15,0
0,1.8011512437034477e-05,0
0,0.0003130243821731585,0
0,0.5884376511511794,1
1,0.9026014027312178,1
0,0.0012459215835918267,0
0,0.010024559645730163,0
0,9.607620774761317e-12,0
0,7.942905751512607e-09,0
0,0.0009143464062851367,0
0,4.929168544234554e-06,0
0,0.012842096628618224,0
0,5.0545849492025075e-12,0
0,3.407238879144375e-06,0
0,3.0777900095649483e-12,0
0,2.2656240954998627e-06,0
0,0.0008973169711141767,0
0,6.335029217243232e-16,0
0,0.0001020685734585009,0
0,0.0006557741520820117,0
0,0.025260149052118763,0
0,8.021239757035897e-16,0
0,4.0375513166382155e-05,0
0,0.0012028734578929474,0
0,0.000536629498993876,0
0,0.0011848699596533677,0
0,2.7054973727524655e-06,0
0,0.0009702576925757215,0
0,2.3449789153086553e-06,0
0,0.7901780699484462,1
0,6.814185125491941e-06,0
0,0.0007582425454583073,0
0,0.0015138287782430267,0
0,8.351258231810247e-12,0
0,0.0020727652064111185,0
0,0.0009395483809243001,0
0,0.0006598321081357614,0
0,0.015190807516112381,0
0,6.647605203365309e-16,0
0,0.0002384775118842893,0
0,3.516617858792019e-11,0
0,2.1436359240081027e-06,0
0,2.844766767853085e-15,0
0,4.745143929213235e-16,0
0,3.1192064062070577e-15,0
0,3.682795110243394e-06,0
0,0.008934361907016334,0
0,0.0008183479084889415,0
0,1.5729469789088565e-11,0
0,0.01241128864200447,0
0,3.80582926314327e-06,0
0,2.900847073120928e-06,0
0,0.0005602837374169299,0
0,0.0006871241805924759,0
0,4.447840593478415e-12,0
0,4.5213759540486986e-05,0
0,6.673800099710334e-12,0
0,0.014585064342103842,0
0,0.042222301706591886,0
0,8.229502977607197e-11,0
0,0.04378243689021098,0
0,6.593074410838017e-06,0
0,0.00011905862076407397,0
0,0.0011693054493036525,0
0,0.0006841339904194828,0
0,0.0005233831873499294,0
0,0.0008368850315611656,0
0,3.455300025704138e-15,0
0,0.009420281388593646,0
0,6.3635316079171615e-06,0
0,0.004844876941672945,0
0,8.027852643576343e-09,0
1,0.9824971252802752,1
0,0.0016754060829395733,0
0,0.01505453704107119,0
0,0.0012173984755238995,0
0,4.796484125261716e-06,0
0,0.014594407219464714,0
0,6.87883331918013e-16,0
0,0.045250497414477384,0
0,0.006487796234657993,0
0,8.477563319675156e-16,0
0,1.4220530797159527e-12,0
0,4.773633544833953e-16,0
0,7.204365156035705e-06,0
0,1.821528693925599e-11,0
0,2.8207037943320182e-06,0
0,3.042440328002771e-15,0
0,0.0008304510515115133,0
0,0.0008786814612107777,0
0,0.9529277227955965,1
0,3.683608254938039e-06,0
0,0.0006402765156215748,0
0,1.8474016789188504e-06,0
0,3.847648802067817e-06,0
0,6.392014929990384e-09,0
0,5.211619006182155e-06,0
0,2.14174459284155e-06,0
0,0.017860202446401095,0
0,0.0005542235023521964,0
0,0.014259058326580453,0
0,6.391487840766558e-06,0
0,0.0008744533897408892,0
0,0.015465733249793974,0
0,6.763693267013097e-16,0
0,0.00025419508657215583,0
0,0.01586169962064144,0
0,6.9966143584001e-16,0
0,0.9163670426964605,1
0,6.124155664198303e-06,0
0,0.021163450334102454,0
0,5.5117224616370265e-06,0
0,0.004964132082724849,0
0,0.9619006426464505,1
0,0.001624807254175278,0
0,3.5670534322608466e-15,0
0,0.014981668219013004,0
0,0.00072783039993904,0
0,3.507659296455833e-06,0
0,0.021866605663458737,0
0,1.972425579788958e-15,0
0,2.1012814839711578e-11,0
0,6.483744123211052e-06,0
0,2.0356350451479704e-15,0
1,0.9900575236500561,1
0,3.922454840269319e-06,0
0,0.013936504368769725,0
0,0.012184981964192864,0
0,0.022802203160031703,0
0,1.2457217179839302e-15,0
0,7.704175761302734e-16,0
0,3.925537084490099e-16,0
0,0.01549791099908532,0
0,0.0006239624766457187,0
0,0.9694782053218995,1
0,0.00946587540427455,0
0,7.240333359516383e-11,0
0,0.021919469080894566,0
0,7.16802592420264e-16,0
0,0.6275203797549624,1
0,0.0008089422269456718,0
0,0.0002675993792450708,0
0,0.0006951063998487955,0
0,6.7056844764519325e-12,0
0,0.028404532569349803,0
0,0.00014744263545701818,0
0,0.00025550130997153373,0
0,8.875648127790354e-16,0
0,4.37944117326825e-06,0
0,3.2484371663278937e-16,0
0,0.7670913176520393,1
0,0.0015218645983544833,0
0,6.088660897061835e-08,0
0,0.008783026961491516,0
0,2.9070737462942607e-15,0
0,5.5588107724655345e-05,0
0,0.018837315731581206,0
0,1.7108668886643518e-06,0
0,0.032789380874917465,0
0,3.819564356322755e-16,0
1,0.9729913170374952,1
0,0.00029374885748726975,0
0,4.585771636345387e-12,0
0,0.021008234118176494,0
0,0.011519572766280104,0
1,0.9856345867243749,1
0,5.367501348925222e-12,0
0,0.005433915587784145,0
0,1.466177751419283e-11,0
1,0.9078637031584693,1
0,3.5204647482363132e-12,0
0,2.517568747915102e-11,0
0,3.980288590913157e-05,0
0,4.270004559707905e-12,0
0,0.0009056740738011182,0
0,3.507663413240144e-06,0
1,0.9991619800086108,1
0,5.273491384561689e-06,0
0,9.12275455648867e-08,0
0,4.128008019154441e-05,0
0,4.732439988349694e-05,0
0,0.015068821890508548,0
0,0.01744367500831128,0
0,0.0017089632077779808,0
0,2.1184469787204444e-05,0
0,2.1572192141246027e-06,0
0,0.0006483127313779359,0
0,3.916585238921834e-16,0
0,0.01889508039222517,0
0,7.576622536064286e-16,0
0,5.697377628498713e-06,0
0,0.0007549916418949806,0
0,0.0010399977458321126,0
0,4.865775694627949e-12,0
0,1.79404179305969e-05,0
0,0.0011262087291634322,0
0,3.3346075642862337e-06,0
0,8.666524540689138e-05,0
1,0.974757080277707,1
0,3.3469035881145044e-06,0
0,5.351091349936976e-16,0
0,6.0789768242062845e-12,0
0,3.4543063226495074e-06,0
0,1.056735775794536e-06,0
0,0.00034261242711216313,0
0,0.011655503930104196,0
0,1.778177750701972e-11,0
0,7.05625423616472e-12,0
0,6.604311647937587e-06,0
0,0.013522297591007917,0
1,0.978969803246828,1
0,6.863507832063076e-06,0
0,2.4442648366785476e-15,0
0,0.015456785956869903,0
0,3.2590530780558746e-06,0
0,0.012825955603640755,0
0,0.0177607508046823,0
0,3.0812991916239184e-11,0
0,0.0005606211684171764,0
0,0.00030145432332866434,0
0,2.2615748900192436e-11,0
0,0.00019644049027262134,0
0,0.0007200330580646231,0
1,0.9437573337027949,1
0,0.00986617993824897,0
0,8.30128447070041e-12,0
0,0.00013842299842517936,0
0,0.0005746465479826613,0
0,0.023558329477276867,0
0,0.019484382172666268,0
0,3.779263221187967e-12,0
0,6.473874831053111e-06,0
0,9.85394569011603e-12,0
0,0.0005434054262042863,0
0,0.020790765077182194,0
0,0.9691739419103573,1
0,0.02313702195056468,0
0,9.631377497461798e-12,0
0,0.00010473972298535156,0
0,1.2258566550971508e-15,0
0,1.943422064281326e-15,0
0,0.8342713078481314,1
0,5.341303557840535e-06,0
0,2.7746401583665517e-06,0
0,3.346705967687074e-06,0
0,0.010679583620898435,0
0,3.577778191792548e-06,0
0,0.011233693338695472,0
0,0.007283070363210074,0
0,0.01651963658206279,0
0,0.0005890627715287603,0
0,3.94538170962479e-12,0
0,2.2776280245406866e-06,0
0,2.801828552607042e-16,0
0,5.757396339791085e-06,0
0,0.018354181633303063,0
0,4.088526207627009e-15,0
0,0.02037678381831333,0
0,0.0001512748254566116,0
0,0.018671130209132428,0
0,7.120693430744733e-12,0
0,5.0613823360467705e-11,0
0,4.995140043127213e-11,0
0,1.0997578663823919e-15,0
0,0.03792753461195871,0
0,0.022861451653761605,0
0,3.222600974307059e-11,0
0,4.25819356482247e-06,0
0,0.023852006843818434,0
0,1.3742666734201143e-14,0
0,0.01985635984620826,0
0,2.8809267931572664e-06,0
0,3.772178077222605e-12,0
0,1.580668087093143e-11,0
0,2.99565844788872e-12,0
0,0.0006681805226269953,0
0,1.8907509672520477e-05,0
0,0.0011572093627681807,0
0,0.001751691808268204,0
0,6.226614331867328e-06,0
0,0.025116311946316843,0
0,2.797631593295355e-12,0
0,2.9701490395838214e-11,0
0,0.8276864131745697,1
0,0.013429295707603223,0
0,0.017847586485381713,0
0,8.411416258822107e-12,0
0,0.7389899150400492,1
0,0.010779935541792695,0
0,0.0005285349247952526,0
0,1.1841644244148544e-15,0
0,8.033501974140825e-16,0
0,3.2814276677655002e-06,0
0,0.02242276295757472,0
0,4.796155262001704e-06,0
0,1.2020030788853853e-10,0
0,1.2525192947148865e-06,0
0,0.8762860432068791,1
0,9.30644974440417e-16,0
0,0.02158414655358335,0
0,2.2708600814044796e-15,0
0,0.0007749717374925735,0
0,0.00019480811335701885,0
0,0.8841183621167867,1
0,2.8936849372762304e-06,0
0,1.6684440817938293e-12,0
0,1.215891543948745e-14,0
0,3.6576160684385623e-11,0
1,0.999738064088452,1
0,2.7130366051965784e-06,0
0,1.3734166615461462e-15,0
0,0.753523996259077,1
1,0.9690063195391057,1
0,0.0005321046553505555,0
0,0.014100892357521388,0
0,2.379674522941145e-06,0
0,6.0038421505656205e-06,0
0,0.0108191679870421,0
0,0.0006383535231605998,0
0,9.701805550254548e-16,0
0,3.126710611076128e-05,0
0,0.0009462100547997616,0
0,0.01971653319493252,0
0,0.0009061866872395027,0
0,5.059951610542021e-12,0
0,0.029074168038765773,0
0,0.001049642413847773,0
0,0.01896464171403894,0
0,3.104086347221757e-06,0
0,6.544559123381517e-06,0
0,0.016620190670659417,0
0,0.0006115588460171483,0
0,7.499854401818983e-16,0
0,0.0004460198014666133,0
0,0.012146567803812396,0
0,4.458405672838007e-12,0
0,0.012300913681785723,0
0,6.257604350743735e-16,0
0,0.010249327584927798,0
0,1.0306550430760382e-15,0
0,0.00046201089907256727,0
0,0.022384651817369167,0
0,3.766437692828426e-06,0
0,4.219673666893989e-12,0
0,0.0007390198925769543,0
0,1.6973897325457267e-11,0
0,0.0007144102750457017,0
0,2.8631852500039785e-06,0
0,1.4303834366234924e-11,0
0,0.014378342899257587,0
0,0.0011761489616491229,0
0,3.4496863935560596e-06,0
0,6.2331786042291825e-12,0
0,0.00040775866361541857,0
0,1.969748905885385e-12,0
0,0.03977566717368394,0
0,0.7518821602203115,1
0,0.018198343679706415,0
0,0.008500768833521166,0
0,0.6754684941881135,1
0,2.656030343047399e-06,0
0,1.8116981837014602e-06,0
0,0.01489268884956142,0
0,3.7119688921694216e-15,0
0,0.014587410811552551,0
0,0.011033743990194937,0
0,0.016504618979950755,0
0,0.022355330336079518,0
0,0.015027376550981441,0
0,0.00043189133530473217,0
0,0.0009496321027407516,0
0,0.009858673435139022,0
0,0.017359235258989414,0
0,0.00042888684072504743,0
0,0.0005334907822258782,0
0,7.562776986070073e-06,0
0,2.526538189686617e-06,0
0,0.0002382752684525431,0
0,0.010143910340271836,0
0,0.0011070157966069697,0
0,0.8821513872105644,1
0,0.00029659270054375775,0
0,3.148538010859791e-05,0
0,1.1576309968088717e-11,0
0,0.0002473843963468944,0
0,1.6381184465161363e-10,0
0,0.022180275464810478,0
0,1.757963265748877e-05,0
0,0.0067213549591939184,0
0,4.0389280808236206e-07,0
0,0.0010656872291443713,0
0,0.00011122698417697244,0
0,0.023622125075274582,0
0,0.013406565308733324,0
0,0.02337227857106217,0
0,6.749301349667027e-05,0
0,0.0005843491615743904,0
0,3.80862078691687e-12,0
0,0.0006245705580018417,0
0,1.8687769876683902e-11,0
0,3.93064710203904e-12,0
0,4.431904287658594e-06,0
0,0.0025039645102012194,0
0,4.587363014824116e-16,0
0,0.001057866786996442,0
0,6.731030729558075e-05,0
0,0.0019910079539415125,0
0,0.0006681218031715239,0
0,1.546929437229631e-06,0
1,0.8591880786922191,1
0,0.00046390258531417124,0
0,0.0005082926646437906,0
0,0.0005802303936340643,0
0,1.2501770727804723e-15,0
0,1.732987378590393e-11,0
0,0.006006366214814823,0
0,4.3442371414207885e-12,0
0,7.630899694656746e-12,0
0,5.464761582637966e-12,0
0,7.72267398771431e-16,0
0,3.5476116032726357e-06,0
0,2.7160151322977054e-09,0
0,0.010922734690780487,0
0,1.2883230558541652e-11,0
0,0.0001457264541737056,0
0,0.004130876608465653,0
0,0.7807144026292674,1
0,0.0011485244733250397,0
0,5.479870893128434e-11,0
0,4.185539227814225e-06,0
0,0.0003571642554683199,0
0,1.3571985167173166e-06,0
0,0.014881061058121666,0
0,3.0145385955401206e-12,0
0,6.8713966957759025e-12,0
0,0.0017698669047448467,0
0,0.0006427590793290655,0
0,0.02331202473540958,0
0,0.3088938206796794,0
0,5.786950570157426e-16,0
0,0.01515634842713948,0
0,0.8716717561756661,1
0,2.7243516763400754e-05,0
0,0.0011325340660126753,0
0,2.4251046678342583e-11,0
0,3.2495770636332595e-12,0
0,7.133758998165309e-16,0
0,3.83998404117951e-06,0
0,0.0005557972288299465,0
0,2.985443579068345e-11,0
0,0.0010726874311056795,0
0,2.9758524753703333e-12,0
0,0.001062964594286869,0
0,2.1204774034526195e-15,0
0,0.00033709967184840443,0
0,9.465776022931107e-16,0
0,1.1361876870623879e-11,0
0,0.007803259675869036,0
0,0.028207887165652604,0
0,3.285068029522493e-11,0
0,1.4841411680543994e-06,0
0,0.00023234718056640397,0
0,0.0005275182461400594,0
0,0.017474923449288967,0
0,0.0009163595446286236,0
0,3.5864447718665655e-06,0
0,0.0005641062004998655,0
0,0.025312765285099813,0
0,0.0019147918340951177,0
0,5.45100186278282e-16,0
0,0.025407887560477835,0
0,0.0006206456727288106,0
0,0.0015737586754921283,0
0,0.000516152213982731,0
0,9.726138043956659e-15,0
0,0.04868001445911633,0
0,8.985740529485276e-12,0
0,0.0005435495692685857,0
0,0.00037641920784282185,0
0,8.120655507543336e-16,0
0,0.016591140884324233,0
0,0.015239606114200159,0
0,2.1865363313301602e-06,0
0,6.01483465249322e-16,0
0,7.814462138322042e-12,0
1,0.8632381086749256,1
0,0.00037010449037939785,0
0,0.0003900368556588379,0
0,7.2273015537743704e-12,0
0,0.00033921648256532655,0
0,0.0007879171817465729,0
0,5.450108051405148e-06,0
0,0.0006572643526507911,0
0,0.0006013678222343212,0
0,1.659637229427562e-05,0
0,6.669153861931129e-05,0
0,0.0005987072914739113,0
0,1.748592675169182e-06,0
0,1.1407884233899293e-06,0
0,0.00019262926910392433,0
0,1.032311254231435e-15,0
0,0.0002793606033927536,0
0,0.01059489479934901,0
0,0.0004501275955585464,0
0,6.233830498439398e-16,0
0,2.2842168014829757e-15,0
0,0.013650898612464416,0
0,0.0002522280251764969,0
0,9.651513252883597e-12,0
0,3.3180614807002697e-06,0
0,0.021630364174365913,0
1,0.944403317643823,1
0,2.411449647691997e-06,0
0,2.7228067010910517e-05,0
0,0.008207267405643493,0
0,0.9338061309305493,1
0,2.791453667908055e-06,0
0,0.02150562202485334,0
1,0.9926048264415404,1
0,0.0011375983241552732,0
0,0.00044209953195245203,0
0,0.0002765866088856667,0
0,0.000673342194829462,0
0,0.0003314362432313655,0
0,8.93910865721186e-15,0
0,0.00021159881261628084,0
0,0.9435255008892336,1
0,1.7536749949693177e-12,0
0,0.00029625177114304133,0
1,0.9992631132189269,1
0,0.908544328321853,1
0,2.3027362090028393e-05,0
0,7.149730421546932e-12,0
0,0.0014247817471912346,0
0,1.3703401120612563e-11,0
0,0.013353007587863395,0
0,4.313633556859006e-06,0
0,4.169099171246166e-09,0
0,3.0140441022774216e-12,0
0,0.00011469349643637331,0
0,0.013829482823915756,0
0,0.010081580787470816,0
0,2.292154994879308e-16,0
0,1.5370485547556912e-09,0
0,0.023575028347514397,0
0,2.5518727146032164e-05,0
0,0.00023982388755531346,0
0,0.005713685075205171,0
0,1.3886481395698455e-11,0
0,0.0001751207351314428,0
0,3.3352707930045358e-06,0
0,0.0005757770679957553,0
0,1.169478364071003e-11,0
0,7.489497500715101e-15,0
1,0.9999977733481147,1
0,0.0236042715457859,0
0,4.379765389873306e-06,0
0,2.934942104397247e-12,0
0,1.4827180245341306e-15,0
0,9.100609748505247e-16,0
0,0.0016197909635701517,0
0,0.011639824374579043,0
0,7.661716919381224e-16,0
0,3.719314151983672e-16,0
0,5.356016273208141e-15,0
1,0.9860057733882747,1
0,0.0007052036384264766,0
0,0.01147320098337792,0
0,3.1776444297862755e-16,0
0,1.6837265419053598e-08,0
0,5.493907874981735e-12,0
0,1.2076576339698792e-15,0
0,0.01501667514163765,0
0,3.132888640894219e-12,0
0,0.7635498971673449,1
0,0.012678953724669791,0
0,0.0004236889454955555,0
0,0.019157527687918657,0
0,9.915414959845383e-16,0
0,0.0005579262008369957,0
0,1.0525011387690997e-05,0
0,0.019852922852067755,0
0,0.8980757128513827,1
1,0.9994012186505584,1
0,4.956368283271421e-06,0
0,0.0024388320366082227,0
0,4.7175996251266844e-12,0
0,2.196503710153187e-06,0
0,8.184780323421348e-11,0
0,0.00018449147969708203,0
0,0.02563208179495539,0
0,4.9845481871502116e-11,0
0,0.0009864452387048966,0
0,0.0017837368927436333,0
0,0.016800750787264222,0
0,0.0005506689669577837,0
0,6.87476958773407e-12,0
0,2.8307995780232185e-05,0
0,4.962524291493261e-06,0
0,0.0004910798473384697,0
0,2.0776368996084052e-15,0
0,7.226375272556821e-06,0
0,0.01846354671706411,0
0,0.0005394082360463063,0
0,3.23826713512515e-06,0
0,3.702846686603588e-06,0
0,1.1533384747348549e-11,0
0,0.042970267938085636,0
0,2.7893036229880447e-11,0
0,1.8903325750525828e-11,0
0,0.00040871691719893165,0
0,0.0015391632523047746,0
0,5.0875124277696465e-15,0
0,5.035427417236222e-06,0
0,8.022261552477231e-16,0
0,0.00036890072497167207,0
0,2.7816928911512256e-11,0
0,1.9329508990074207e-15,0
0,0.0004731058456414619,0
0,0.9446360208604837,1
0,7.344737543960994e-12,0
0,0.010833757087407189,0
0,0.009378441442687702,0
0,1.3009659402217664e-15,0
0,0.0008378011228242778,0
0,0.0006058591493321625,0
0,0.005818927608244548,0
0,2.2356491911095206e-06,0
0,0.015623961798662822,0
0,0.023669243347592097,0
0,0.04668174937293628,0
0,1.6107983468129065e-15,0
0,2.277859004642614e-15,0
0,0.002163737804446609,0
0,1.5648981846409664e-06,0
0,9.49598884436721e-12,0
0,5.4869973708792944e-12,0
0,0.0010689881217825722,0
0,0.014237056131054894,0
0,3.2974360315538447e-06,0
0,0.0013043279337991778,0
0,4.357274943408913e-06,0
0,1.3102744668632832e-15,0
0,1.0371178599904872e-11,0
0,2.8403908274177336e-06,0
0,2.8999765186490335e-11,0
0,0.0008775113596305475,0
1,0.9995353914665651,1
0,0.00044139765319079285,0
0,0.003362359956081524,0
0,2.8050728161830545e-06,0
0,3.3676232056160615e-09,0
0,3.859261696500317e-12,0
0,0.8187067918831645,1
0,0.04560145224045388,0
0,2.564680528404383e-06,0
0,0.001031432579902889,0
0,4.282497680523993e-06,0
0,0.026042691723000996,0
0,0.012855389149148484,0
0,4.577359596124597e-06,0
0,3.4038213883434244e-06,0
0,0.0004766622609073701,0
0,0.0009629742606821535,0
0,0.02083713286196089,0
0,6.2342540489983985e-06,0
0,2.8024814256974615e-12,0
0,1.948220580452809e-15,0
0,1.7947532403003474e-15,0
0,0.0009703537528923501,0
0,0.003770140941805286,0
0,7.272249261036913e-16,0
0,0.0010475550315211977,0
0,0.015468823028668801,0
0,0.002199155643120454,0
0,0.008409840496168148,0
0,0.013584972719298722,0
0,0.8054182671198626,1
0,0.011364048754475735,0
0,0.048260014473439944,0
0,0.01604924032892452,0
0,1.7919876082865213e-06,0
0,1.3068593359435632e-11,0
0,0.14718264627904587,0
0,0.046977081357603694,0
0,0.018752342542405105,0
0,6.295327199879132e-16,0
0,0.00027150990505824007,0
0,5.86687763704579e-12,0
0,0.005002161146753582,0
0,0.0002806773002653096,0
0,0.012492904407893968,0
0,3.892769004162638e-12,0
0,1.0180010690915112e-14,0
0,3.225038717162446e-11,0
0,0.04374360400976579,0
0,1.2574344780935585e-05,0
0,0.0018428066292223862,0
0,0.000526962228376654,0
0,0.018479273036242385,0
0,0.9487050025938322,1
0,0.020619644983294782,0
0,0.014697264756976353,0
0,0.0008702187331458256,0
0,8.600775828241893e-16,0
0,5.240844814807298e-12,0
0,2.7264925587727053e-06,0
1,0.9997904000028163,1
0,1.663042658760782e-06,0
0,7.699718794720767e-16,0
0,4.5978990059164585e-06,0
0,4.938413238804117e-11,0
0,5.52571894499036e-06,0
0,2.7225827784453415e-06,0
0,0.0003666082793583544,0
0,0.0005537757077195077,0
0,0.01372519020567612,0
0,5.36465118094066e-12,0
0,0.011695064251858699,0
0,6.848311222783168e-12,0
0,0.008508111947752334,0
1,0.876188261124632,1
0,0.006988515283505197,0
0,3.3300659248009295e-06,0
0,0.00014219834429112955,0
0,0.020113404889559844,0
0,0.01950705686789509,0
0,0.025418312564366923,0
0,0.06401024196607104,0
0,0.00011843670020368314,0
0,0.00029575044385275257,0
0,9.75701915471124e-16,0
0,5.382085407122765e-11,0
0,0.011036392903742117,0
0,0.00018899080166302225,0
0,4.900355610859758e-06,0
0,0.01143493253666772,0
0,1.9470644222691454e-06,0
0,0.013006705028444886,0
0,0.0004514909944353787,0
0,2.5281720567871884e-06,0
0,0.029488374292406187,0
0,0.0007102600974400892,0
1,0.998970347068765,1
0,0.010519442123081325,0
0,0.0007217872855552283,0
0,2.633994178367306e-06,0
0,0.028024837398180628,0
0,0.025986694897779872,0
0,5.317979498465112e-06,0
0,2.2160774434667374e-11,0
0,0.0007142206663633048,0
0,5.089545485309207e-15,0
0,3.99969087642271e-06,0
0,0.0004084593381629903,0
0,2.978900050831053e-16,0
1,0.9173177153518388,1
0,3.5696227484013336e-06,0
0,3.473871719544116e-12,0
0,6.725839578965154e-06,0
0,0.012251353978644264,0
0,0.011968988099839935,0
0,0.0015397905953763566,0
0,9.304624206078713e-12,0
0,3.5975321670037136e-12,0
0,0.0004540365453236775,0
0,1.4744738855499487e-11,0
0,5.1096875778992e-16,0
0,4.424303705901392e-07,0
0,0.024065127353671358,0
0,0.0016803748752267623,0
0,2.4290464216547388e-06,0
0,3.2695272551103447e-11,0
1,0.7931740656848828,1
1,0.9999999966081758,1
0,0.016039226834506756,0
0,0.00073091892226728,0
0,7.368895904002986e-11,0
0,2.5876046321409568e-11,0
0,8.401988815213019e-16,0
0,0.7875218557421233,1
0,0.0010093478789822373,0
0,0.00021827057305728216,0
0,0.008438509638156778,0
0,8.778879475957865e-15,0
0,1.0304843996373963e-14,0
0,0.04489489792500648,0
0,1.503958088625049e-11,0
0,0.010246532505868862,0
0,0.0003607882846736658,0
0,0.024276385169179283,0
0,0.000548563084401598,0
0,1.1946703916834726e-15,0
0,0.017122598064400103,0
1,0.902398221374302,1
0,0.0011889114840139237,0
0,0.0005773577294972046,0
0,0.0003155071951445187,0
0,2.882558887104822e-15,0
0,0.0005548855912739007,0
0,1.1787954035134407e-15,0
0,3.0636827874311338e-06,0
0,0.7368153989750658,1
0,0.014870400143142202,0
0,0.0014793809929642434,0
0,5.164298531874463e-06,0
0,0.0003501780087061144,0
0,5.4792480255268545e-06,0
0,2.854102080021325e-12,0
0,0.0011794311863042232,0
0,0.8167430626162785,1
1,0.7941166230927006,1
0,0.009486453229749052,0
0,0.9107986389268827,1
0,0.01782110146050481,0
0,0.0002592439727246884,0
0,0.02054935140292641,0
0,4.246243856737045e-12,0
0,0.0006362962503383375,0
0,1.8139227644123004e-06,0
0,2.2497711411558395e-11,0
0,0.0009651879612978772,0
0,0.0005136168653425698,0
1,0.9957417408356709,1
0,0.01647485300132454,0
0,1.3712894784621988e-06,0
0,6.110925807488579e-06,0
0,8.92405062403171e-12,0
0,0.016446433274567965,0
0,0.0009356087319888061,0
0,2.5500173488957894e-06,0
0,0.00038501618315410713,0
0,4.370782216764053e-06,0
0,0.0009045600938975934,0
0,0.0011798498420692695,0
0,0.015328594258288012,0
0,0.00041319492072448936,0
0,4.641462261161313e-06,0
0,0.014275201928373657,0
0,0.0003916372428520588,0
0,1.7161990432477606e-11,0
0,2.0545855536422176e-06,0
0,0.0005959964016278324,0
0,7.122030062070195e-06,0
0,3.284395171547093e-11,0
0,1.0613735361254952e-09,0
0,0.028582081253663325,0
0,2.0237402128791666e-16,0
0,0.0007150744637251319,0
0,1.1384487094183882e-05,0
1,0.992068589106316,1
0,8.233514709724081e-11,0
1,0.9969506945591622,1
0,0.015095212006921564,0
0,0.0030092372033521967,0
0,8.465723010522563e-12,0
0,0.001006519630763262,0
0,6.624351844047011e-15,0
0,9.038652908880165e-16,0
0,2.5104279101737133e-06,0
0,0.0005236541406493756,0
0,0.0003811018505380913,0
0,0.021645083720618054,0
0,3.332607577343645e-12,0
0,0.02479043208799915,0
0,7.34690287896278e-12,0
0,9.994759127492551e-12,0
0,2.890442895448228e-12,0
0,2.749500565606857e-06,0
0,0.0412841396613294,0
1,0.9894712732567149,1
0,8.076089883498151e-16,0
0,7.0790997307427485e-12,0
0,2.3170082212483475e-11,0
0,2.762064453366921e-06,0
0,0.0003940667806189866,0
0,0.0010605781712532266,0
0,0.010693504157528604,0
0,6.4421284577514376e-06,0
0,6.04776069992939e-12,0
0,0.8372025159284522,1
0,0.00034413106034259536,0
0,1.1035183103978337e-10,0
0,2.429952174841303e-06,0
0,2.5162415725420633e-14,0
0,5.616875594859797e-06,0
0,9.849446395948096e-16,0
0,9.39070562883338e-16,0
0,3.3885958842688224e-06,0
0,2.9588312441421296e-12,0
1,0.9282019158366155,1
0,3.4182455931926635e-15,0
0,6.8959827218868e-12,0
0,1.21706382593161e-10,0
0,3.0062275764689274e-16,0
0,3.96895537158002e-12,0
0,7.587940372545866e-06,0
1,0.974732817673419,1
0,3.247294587089018e-14,0
0,2.3608373415263744e-06,0
0,0.0009279195095888569,0
0,0.019469451160442373,0
0,2.5610249705223985e-06,0
0,1.4332670419401348e-15,0
0,2.3117120613610626e-11,0
1,0.9876745372724669,1
0,0.016831491655394982,0
0,9.583103817218715e-12,0
1,0.9657356069089671,1
0,0.018675684068331026,0
0,5.26137458110699e-09,0
0,5.661573982877464e-06,0
0,0.0005419531218250339,0
0,0.0007550795774065683,0
1,0.9914972509769788,1
0,9.439828281040975e-16,0
0,5.830966205022011e-06,0
0,0.00037005640595298483,0
0,2.078913881918777e-11,0
0,3.845647864612358e-11,0
0,5.70028019090304e-12,0
0,7.1505135267599306e-06,0
0,0.0166529925221832,0
0,5.056306303296213e-05,0
1,0.9996621164324367,1
0,0.0008017417302776872,0
0,1.6921889388455129e-15,0
0,0.008385545797986917,0
0,0.7229889122844432,1
0,0.035583596793537585,0
0,1.528173476934253e-15,0
0,0.0007090525900248263,0
0,5.218681061707902e-16,0
0,2.1801074017733303e-11,0
0,0.00036101333396395743,0
1,0.9947537373417422,1
0,1.2170856554909602e-05,0
0,2.802105405020309e-16,0
0,0.0029453837621177246,0
0,0.057286402072132356,0
0,5.4532166118774154e-11,0
0,0.00046661708416724756,0
0,0.02748148714706279,0
0,9.647778103626562e-12,0
1,0.8968445754757692,1
0,0.984026049984209,1
0,3.344979341475678e-16,0
0,9.102754515443783e-06,0
0,2.9386346838557115e-12,0
0,2.5072032338155837e-15,0
0,3.2278094453077844e-05,0
0,0.00040647112224550695,0
0,0.0005872329086843782,0
0,0.00045628724337224054,0
0,0.00035909406689296275,0
0,0.0015225352992444092,0
1,0.9986429323075715,1
0,1.8088195985175993e-06,0
0,9.698896143331955e-16,0
0,6.308923631897911e-12,0
1,0.9903342775058995,1
0,3.619953977586644e-12,0
0,0.018420771720413197,0
0,5.440304081531779e-12,0
0,2.56010200532806e-11,0
0,8.383336523154658e-12,0
0,0.0014553706008556629,0
0,0.0009177001913306653,0
0,0.0005813887607699441,0
0,0.0007248916023105906,0
0,0.0014292730229373363,0
0,8.966617438931701e-16,0
0,0.010148243903243703,0
0,0.021083711469557443,0
0,0.00133785011945466,0
0,5.370642392312685e-12,0
0,0.0076782186950925015,0
0,4.8554410371389894e-06,0
0,0.02412647634110879,0
0,2.7500467066418396e-11,0
1,0.9999079889986561,1
0,1.67275813390717e-09,0
0,0.7931492235170978,1
0,0.9457008472612797,1
0,2.3043128015780785e-11,0
0,1.46023732142662e-15,0
0,1.0902032259162577e-06,0
0,4.095709845465738e-15,0
0,0.007328657240568881,0
0,0.029294189285096778,0
0,0.0009001492157997355,0
0,3.992550416562246e-06,0
0,3.7738096332830076e-06,0
0,5.359978437866958e-06,0
0,0.0005330857795409924,0
0,0.0013074482079403172,0
0,0.000917971702528538,0
0,1.477906188544537e-15,0
0,3.523525033816149e-11,0
0,7.056631595546099e-06,0
0,5.761807060986225e-12,0
0,7.271205442483268e-16,0
0,0.00048530148040657015,0
0,0.040396615097094614,0
0,0.0006176216690048724,0
0,0.02444906168049626,0
0,0.0009493168711914797,0
0,0.0008687459170868117,0
0,0.0011045615666728623,0
0,4.1870068627504145e-12,0
0,0.012492591203327956,0
0,0.0015618249184068693,0
0,3.770026459635845e-06,0
0,0.01760086267653414,0
1,0.9985493087386992,1
0,0.03055906083842991,0
0,9.308844205781215e-06,0
0,4.140974604134685e-12,0
0,0.03294314291194393,0
0,0.7990932789581829,1
0,1.667877723861924e-15,0
0,1.2499047373776718e-11,0
0,2.3552586125153737e-06,0
0,1.2837963473679376e-11,0
0,0.019721862677473688,0
0,0.0007593240218198542,0
0,9.710245088604428e-07,0
0,0.02092979466378052,0
0,0.0006135213830947016,0
0,0.01740500383672713,0
0,0.027979478839709346,0
0,0.0009244581325739805,0
0,0.019832179647010586,0
0,5.532276685917407e-15,0
1,0.999824137181391,1
0,8.398958265221259e-16,0
0,0.00038846361352570466,0
0,0.00022383855998424595,0
0,2.575674812011709e-06,0
0,0.017735371205193896,0
0,0.0009027516013914055,0
0,0.011805880293011665,0
0,2.8389630961414704e-06,0
0,2.2279106028255705e-12,0
0,1.4732945446083719e-15,0
0,3.168377900069433e-06,0
0,0.0008405061397264692,0
0,0.00024585477911273895,0
0,0.0006948872495091388,0
0,0.026226780715831656,0
0,4.668249289764795e-06,0
0,0.014830715068021158,0
0,8.500729360089164e-11,0
0,0.02156201704628645,0
0,8.776285719214647e-16,0
0,2.201604574299317e-11,0
0,5.111139692580099e-12,0
0,0.03108974074709314,0
0,1.8317626684900103e-06,0
0,6.563513918830782e-15,0
0,3.3751239190228206e-15,0
1,0.9999018971701347,1
0,3.6899020395304226e-15,0
0,0.0006021318402875848,0
0,0.0006683369071245522,0
0,3.06860579626797e-12,0
0,0.0008411926469051477,0
0,1.2999751340137327e-15,0
0,0.0004416221375651058,0
1,0.990100362099572,1
0,0.00013529417519474169,0
0,5.425994739730816e-15,0
0,0.0004733373242576335,0
0,0.003952206667962642,0
0,4.4773086049073645e-12,0
0,0.0008958647042593747,0
0,0.029509007890835538,0
0,4.956184496555662e-06,0
0,3.2976602300159184e-06,0
0,4.483782627977595e-11,0
0,1.6255985970445583e-15,0
0,3.829266552667385e-06,0
0,0.9510710311705097,1
0,0.0006534836824458422,0
0,0.0002889827045630277,0
0,0.7491317124492773,1
0,7.275343754765553e-16,0
0,1.408289418687941e-05,0
0,0.007999880204468342,0
0,0.0009448077961548836,0
0,0.0004427353633837953,0
0,0.000984562864727949,0
0,1.1897229352815035e-06,0
0,0.005976870943944036,0
0,0.0008764311493028841,0
0,0.0005176787524527067,0
0,0.0007423359626865455,0
0,0.0006292981138930242,0
0,0.00023287253629882305,0
0,1.7042844558247704e-11,0
0,2.4128666034430295e-06,0
0,0.6783995203640295,1
0,3.514675089519383e-11,0
1,0.9295592619315761,1
0,3.190544444936411e-15,0
0,0.00039933612998272215,0
0,0.8153810516558764,1
0,9.780196128284451e-16,0
0,5.095604535823308e-06,0
0,7.295444841024859e-16,0
0,0.016161727590482025,0
0,0.9318776532434858,1
0,2.074207261426505e-15,0
0,1.614393469241181e-06,0
0,0.00896840228354747,0
0,0.0013580541263899738,0
0,3.916254190413097e-06,0
0,0.013193645667357786,0
0,0.015155812321382703,0
0,0.030199690674645285,0
0,4.858874788502445e-10,0
0,3.5291483420054218e-12,0
0,6.611921284655244e-16,0
0,0.0015366010696611205,0
0,0.0007895405091111241,0
0,1.9263889974539155e-05,0
0,0.022982170391307854,0
0,1.8335459791565147e-15,0
0,2.6710122664433414e-06,0
0,2.979617261880882e-06,0
0,6.477352206353142e-11,0
0,8.714898761352137e-15,0
0,3.7113193759220794e-12,0
0,3.864970088154445e-12,0
0,0.0004862638330280824,0
