y_true,fraud_probability,prediction_at_0_50
0,1.1081175e-06,0
0,2.6095058e-06,0
0,1.7909829e-06,0
0,0.0029849014,0
1,0.99999225,1
0,4.2981002e-05,0
0,2.1154078e-07,0
0,0.00026899733,0
0,0.00064582063,0
0,7.373081e-07,0
0,4.6705813e-06,0
0,5.8027774e-07,0
0,3.5071214e-05,0
0,1.3819126e-06,0
0,0.0003408517,0
0,0.00013926947,0
0,1.3511359e-06,0
0,1.3575461e-06,0
0,5.821446e-06,0
0,1.1081175e-06,0
0,3.181529e-07,0
0,7.669756e-05,0
0,5.686148e-07,0
0,1.1976648e-06,0
0,4.0886236e-05,0
0,0.00014391748,0
0,0.00048516298,0
0,5.5379433e-06,0
0,0.0014065873,0
0,0.00015595692,0
0,1.3575461e-06,0
0,1.8396023e-06,0
0,9.922262e-07,0
0,3.6382502e-07,0
0,0.00016390672,0
0,8.633364e-07,0
0,1.4078588e-06,0
1,0.9999672,1
0,1.1976648e-06,0
0,2.80924e-06,0
0,1.4411639e-06,0
0,0.0007194559,0
0,2.4096018e-06,0
0,5.805196e-07,0
0,7.886705e-06,0
0,1.2425568e-06,0
0,3.116114e-06,0
0,1.7954137e-06,0
0,3.7713048e-06,0
0,1.0343302e-06,0
0,1.2837149e-06,0
0,4.9580046e-07,0
1,0.9999975,1
0,6.406602e-07,0
0,0.00013812468,0
1,0.9999949,1
0,9.721639e-07,0
1,0.9999975,1
1,0.99992096,1
0,0.004162009,0
0,2.6558992e-05,0
0,4.3285067e-06,0
0,1.2762846e-06,0
0,3.044606e-06,0
0,3.5513585e-06,0
0,0.00013441515,0
0,0.00017996707,0
0,9.74967e-07,0
0,8.770666e-07,0
0,8.0621675e-07,0
0,1.4841939e-07,0
0,6.199649e-05,0
0,0.00029836895,0
0,6.4308665e-07,0
1,0.9998735,1
0,1.6814911e-06,0
0,3.1751395e-07,0
0,0.0034758265,0
0,1.3377881e-07,0
1,0.99981564,1
0,0.0001020881,0
0,2.3123976e-06,0
0,1.1081175e-06,0
0,2.80924e-06,0
0,3.1251582e-06,0
0,1.710498e-05,0
0,1.3090078e-06,0
0,2.4326682e-06,0
0,9.567497e-07,0
0,2.134371e-05,0
0,4.9306e-07,0
0,1.3203341e-06,0
0,7.791723e-05,0
0,1.2054661e-06,0
0,0.00030006372,0
0,1.2408585e-05,0
0,0.0002387499,0
0,3.995847e-08,0
0,4.6830473e-06,0
0,6.594782e-07,0
0,1.5614592e-06,0
0,1.2425568e-06,0
0,7.002405e-05,0
0,0.8910019,1
0,3.115301e-07,0
0,0.0003074337,0
0,5.039325e-07,0
0,8.162454e-07,0
0,0.00015411086,0
0,2.2862784e-07,0
1,0.9997508,1
0,3.689673e-05,0
0,2.2868895e-05,0
0,1.1976648e-06,0
0,1.7193698e-06,0
0,6.5793334e-05,0
0,1.4265518e-06,0
0,1.8833416e-05,0
0,6.368599e-06,0
0,1.1976648e-06,0
0,9.360602e-07,0
0,5.9456456e-06,0
0,3.7837148e-05,0
0,6.732136e-08,0
0,2.884547e-08,0
0,0.00021840089,0
0,9.99126e-05,0
0,1.1503457e-07,0
0,2.6843823e-06,0
0,1.1976648e-06,0
0,1.2451023e-06,0
0,3.7024442e-06,0
0,1.2461359e-06,0
0,1.2258e-06,0
0,3.959525e-06,0
0,1.2158131e-06,0
0,1.7244642e-05,0
0,8.647696e-05,0
0,0.00023741154,0
0,0.00010504242,0
0,9.922262e-07,0
0,2.3115178e-06,0
0,5.425822e-07,0
0,1.0927976e-06,0
0,6.3254415e-06,0
1,0.99995565,1
0,1.3881366e-06,0
0,1.3398352e-06,0
0,1.2511503e-06,0
0,0.0003713265,0
0,3.4795619e-06,0
0,1.1976648e-06,0
0,1.8743935e-05,0
0,3.386213e-05,0
0,1.0904804e-05,0
0,1.7380107e-05,0
0,5.476336e-07,0
0,1.1976648e-06,0
0,9.51451e-06,0
0,6.686622e-07,0
0,1.4681469e-06,0
0,7.0992564e-07,0
0,1.1976648e-06,0
0,0.00022118365,0
0,5.4018888e-06,0
0,5.7857196e-06,0
1,0.9999838,1
0,1.1700002e-06,0
0,8.099381e-06,0
0,5.2613173e-05,0
0,2.392716e-05,0
0,8.2482893e-07,0
0,1.1497996e-05,0
0,2.668221e-06,0
0,1.2685355e-06,0
0,1.1674679e-06,0
0,4.764803e-06,0
0,2.2365411e-05,0
0,1.4147134e-06,0
0,1.1081175e-06,0
0,1.7283233e-05,0
0,1.231625e-06,0
0,8.324212e-06,0
0,4.2181446e-06,0
0,9.008475e-05,0
0,2.857155e-06,0
0,2.4089903e-05,0
0,1.3472038e-06,0
0,0.00047404927,0
0,1.5263764e-06,0
1,0.99999285,1
0,1.3575461e-06,0
0,2.0053003e-06,0
0,2.0808714e-06,0
0,3.1358162e-05,0
0,8.633364e-07,0
0,1.2511503e-06,0
0,3.574596e-05,0
0,1.2685355e-06,0
0,1.2995937e-07,0
0,5.522272e-08,0
0,8.939866e-07,0
0,1.412252e-06,0
0,0.00015089496,0
0,1.2655689e-06,0
0,1.1976648e-06,0
0,2.0453544e-06,0
0,8.5167176e-07,0
0,1.0232475e-06,0
0,7.669756e-05,0
0,5.2821747e-07,0
0,7.9723605e-07,0
0,8.652019e-05,0
0,6.3325397e-06,0
0,8.5899853e-07,0
0,3.8456465e-06,0
0,2.1006167e-06,0
0,0.0001618162,0
0,9.397713e-07,0
0,8.28988e-07,0
0,2.6027383e-06,0
0,1.1861525e-06,0
0,7.314117e-06,0
0,0.00016893474,0
0,1.0749353e-06,0
0,9.644964e-07,0
0,0.0006393916,0
0,1.8281015e-06,0
0,1.6180431e-06,0
0,3.1277176e-07,0
0,0.00020531246,0
0,4.229919e-06,0
0,7.0767996e-06,0
0,9.360602e-07,0
0,5.4027746e-06,0
0,2.1006167e-06,0
0,1.5092588e-05,0
0,8.786489e-07,0
0,3.0399e-06,0
0,9.721639e-07,0
0,9.507797e-06,0
0,2.505269e-06,0
0,1.00944774e-07,0
0,1.1026002e-06,0
0,3.6478363e-05,0
0,1.2633501e-06,0
0,9.3994906e-08,0
0,6.7498075e-07,0
0,3.74686e-05,0
0,0.0010478023,0
0,0.00015244311,0
1,0.9999074,1
0,4.8844163e-07,0
0,1.1911743e-06,0
0,0.016115814,0
0,3.6283268e-06,0
0,3.3605897e-06,0
0,8.440159e-05,0
0,4.996015e-05,0
0,8.633364e-07,0
1,0.9999019,1
0,1.3892252e-06,0
0,8.138704e-05,0
0,0.0002936023,0
0,1.9314732e-06,0
0,0.0002523604,0
0,0.0026608203,0
0,3.111796e-06,0
0,0.0008080809,0
0,0.00041254968,0
0,3.2297685e-05,0
0,1.8021754e-05,0
0,8.528866e-05,0
0,8.891009e-05,0
0,6.4328293e-07,0
0,6.353615e-06,0
0,1.3580692e-06,0
0,1.0913228e-06,0
0,5.327745e-06,0
0,6.221481e-06,0
0,5.5434016e-06,0
0,0.00021247084,0
0,1.6710268e-06,0
0,8.5043e-07,0
1,0.99998915,1
0,2.0382167e-07,0
0,2.4612612e-07,0
0,7.117607e-07,0
0,3.7581206e-08,0
0,3.8073992e-07,0
0,5.5984452e-05,0
0,1.9684187e-05,0
0,2.3966693e-06,0
0,4.7710506e-07,0
0,2.0193796e-05,0
0,3.242986e-07,0
0,0.0035537314,0
0,2.8999023e-06,0
0,1.06585485e-05,0
0,2.1932628e-06,0
0,1.1138177e-06,0
0,1.6632094e-07,0
0,0.0001276934,0
0,9.644964e-07,0
0,0.0007573489,0
0,3.540882e-05,0
0,5.4584046e-08,0
0,8.633364e-07,0
0,3.8438093e-06,0
0,4.3091975e-05,0
0,5.943616e-06,0
0,4.834321e-07,0
0,0.00022684452,0
0,1.4681469e-06,0
0,8.106251e-07,0
0,6.226323e-05,0
0,3.4315725e-08,0
0,8.0287913e-07,0
0,1.2511325e-06,0
0,1.5155792e-05,0
0,0.00032069304,0
0,1.5712145e-05,0
0,2.5388067e-06,0
1,0.9995994,1
0,8.705074e-05,0
0,9.3973546e-07,0
0,0.0024893177,0
0,6.48296e-05,0
0,5.9230024e-07,0
0,3.6320173e-06,0
0,2.7450717e-05,0
0,2.3663495e-06,0
0,9.0002695e-06,0
0,3.2206954e-05,0
1,0.99998987,1
0,4.7920084e-06,0
0,4.3427946e-05,0
0,3.1048606e-07,0
0,5.160522e-07,0
0,3.4808597e-06,0
0,3.2343642e-06,0
0,8.9737e-05,0
0,1.7954137e-06,0
0,6.1431274e-07,0
0,7.768056e-08,0
0,0.00045308337,0
0,1.1861525e-06,0
0,3.5673465e-06,0
0,1.051006e-05,0
0,0.00081413897,0
0,0.00013663525,0
0,8.465825e-05,0
0,1.1976648e-06,0
0,4.324434e-06,0
0,0.00014855334,0
0,1.061537e-06,0
0,1.3097495e-06,0
1,0.99973243,1
0,3.2590756e-06,0
0,0.0049297544,0
0,1.2629558e-05,0
0,5.1004486e-07,0
0,0.00012613506,0
0,1.8640402e-06,0
0,9.61412e-08,0
0,0.0010970347,0
0,3.455579e-08,0
0,7.7667366e-08,0
0,1.6610124e-07,0
0,1.0453181e-07,0
1,0.9999949,1
0,1.5470783e-06,0
0,8.3462364e-05,0
0,2.7224896e-06,0
0,2.0716858e-05,0
0,1.1150835e-06,0
0,1.1716114e-06,0
0,3.6608283e-06,0
0,0.0004224938,0
0,9.238076e-07,0
0,4.553028e-05,0
0,0.0040053083,0
0,0.00037642109,0
0,1.0649754e-06,0
1,0.99998355,1
0,8.0784685e-07,0
0,4.9031838e-05,0
0,0.00049013994,0
0,2.1112007e-06,0
0,1.1225931e-06,0
0,1.2380017e-06,0
0,1.3841233e-06,0
0,7.6289543e-06,0
0,1.0485355e-06,0
0,5.6391383e-07,0
0,2.050274e-06,0
0,1.6038253e-05,0
0,9.832035e-06,0
0,0.0021802918,0
0,6.458358e-07,0
0,9.644964e-07,0
0,4.259941e-06,0
0,1.1861525e-06,0
0,3.7346551e-06,0
0,3.345379e-06,0
0,5.5079213e-06,0
0,1.1861525e-06,0
0,1.3417008e-06,0
0,7.199656e-05,0
0,1.2054661e-06,0
0,8.3295424e-07,0
0,1.1358259e-06,0
0,7.5967097e-07,0
0,9.188202e-05,0
0,5.1548943e-07,0
0,2.225831e-06,0
0,0.00040508655,0
0,1.3614846e-05,0
0,2.6883663e-05,0
0,7.2779864e-07,0
0,0.00015742605,0
0,8.9026435e-07,0
0,0.0011053218,0
0,0.005960085,0
0,9.647907e-07,0
0,1.7570709e-06,0
0,1.0130648e-06,0
1,0.99991274,1
0,1.6859802e-05,0
0,4.7875136e-07,0
0,1.3475341e-06,0
0,7.1165887e-06,0
0,1.1756632e-06,0
0,2.7234896e-06,0
1,0.99988663,1
0,4.0765084e-07,0
0,1.3233206e-06,0
0,9.754239e-08,0
0,1.1991902e-07,0
0,7.373081e-07,0
0,0.000113373426,0
0,1.4768099e-06,0
0,4.5769535e-05,0
0,9.731768e-07,0
0,9.0614606e-07,0
0,1.6872741e-06,0
0,2.7016793e-06,0
0,2.3245627e-06,0
0,5.359325e-06,0
0,0.00011441407,0
0,2.5940205e-06,0
0,4.0399664e-05,0
0,8.057625e-07,0
0,6.190215e-05,0
0,1.1276061e-06,0
0,2.7187587e-06,0
0,7.009545e-07,0
0,6.7373194e-06,0
0,0.00015760599,0
0,7.669756e-05,0
0,0.00031702753,0
0,2.3404518e-06,0
0,7.67801e-05,0
0,5.2278443e-07,0
0,1.553597e-06,0
0,2.2578062e-05,0
0,5.255942e-06,0
0,5.9440977e-06,0
0,2.4740006e-05,0
0,1.9674879e-05,0
0,9.1697785e-07,0
0,1.3488518e-05,0
0,1.1976648e-06,0
0,9.3973546e-07,0
0,3.170055e-06,0
0,1.0770533e-06,0
0,1.0001915e-05,0
0,1.4964241e-06,0
0,0.00010232181,0
0,5.434365e-05,0
0,7.334445e-05,0
0,1.1467916e-06,0
0,8.5312206e-07,0
0,2.345393e-05,0
0,6.2419904e-06,0
0,3.1795712e-06,0
0,0.00031638352,0
0,5.718827e-06,0
0,0.00028250556,0
0,2.6042949e-06,0
0,7.669756e-05,0
0,1.0485355e-06,0
0,0.0011080824,0
0,0.00021127955,0
0,5.7946698e-05,0
0,1.7209135e-06,0
0,3.6538762e-07,0
0,0.00013219693,0
0,2.5872635e-06,0
0,3.7775353e-05,0
1,0.9999919,1
0,8.6271257e-07,0
0,8.829431e-06,0
0,5.9456456e-06,0
0,6.7273726e-07,0
0,2.5324533e-05,0
0,1.205534e-06,0
0,9.085335e-07,0
0,7.7301265e-05,0
0,1.1810449e-06,0
0,0.00041709287,0
0,4.1967414e-05,0
0,7.884885e-07,0
0,1.3345914e-06,0
0,5.6425392e-06,0
0,1.2685355e-06,0
0,1.6416783e-06,0
0,1.4387086e-06,0
0,9.2466786e-07,0
0,1.2709107e-05,0
0,6.802403e-07,0
0,1.9712518e-06,0
0,1.173424e-06,0
0,3.5246336e-05,0
0,0.0005511879,0
0,8.1987633e-07,0
0,2.7413305e-05,0
0,1.8595944e-06,0
0,8.0252066e-05,0
0,2.7294147e-05,0
0,3.2089386e-07,0
0,1.2475081e-06,0
0,2.3023479e-06,0
0,5.5037503e-07,0
0,0.00069645495,0
0,1.9756066e-05,0
0,8.003045e-08,0
0,1.8088846e-06,0
0,2.9431903e-06,0
0,0.00028690576,0
0,7.068145e-05,0
0,3.0966134e-05,0
0,2.6679538e-07,0
0,1.0800511e-05,0
0,3.038863e-07,0
1,0.99982065,1
0,3.9972917e-07,0
0,3.9089377e-06,0
0,1.0859594e-06,0
0,2.556982e-06,0
0,1.1976648e-06,0
0,7.761623e-05,0
0,8.967053e-05,0
0,1.3603126e-05,0
0,1.0102948e-06,0
0,2.449441e-07,0
0,2.80924e-06,0
0,0.0005053027,0
0,3.0756833e-06,0
0,0.00066108885,0
0,6.842796e-05,0
0,8.203673e-06,0
0,4.5254797e-05,0
0,1.0237228e-06,0
0,0.00059989083,0
0,2.0368001e-05,0
0,2.4937297e-05,0
0,1.1861525e-06,0
0,1.1069071e-06,0
0,0.0005354924,0
0,5.3464453e-05,0
0,1.2511325e-06,0
0,7.2779864e-07,0
0,7.4840995e-07,0
0,7.240597e-08,0
1,0.99960953,1
0,3.3418954e-07,0
0,3.2415155e-05,0
0,1.2376521e-05,0
0,1.4535688e-06,0
1,0.99999106,1
0,9.888915e-07,0
0,7.2482006e-05,0
0,6.506601e-05,0
0,0.001476769,0
0,6.4328293e-07,0
0,0.00017874636,0
1,0.99995697,1
0,0.00018264922,0
0,8.53332e-07,0
0,3.0521733e-06,0
0,0.00019021009,0
0,0.00018795703,0
1,0.9999832,1
0,2.506306e-07,0
0,1.1861525e-06,0
0,1.3085721e-06,0
0,9.796223e-07,0
0,4.1751466e-07,0
0,8.082816e-05,0
0,5.248634e-05,0
0,3.8062337e-06,0
0,0.010959179,0
0,9.644964e-07,0
0,8.6818045e-07,0
0,2.7110018e-06,0
0,1.6626604e-05,0
0,7.3729204e-08,0
0,9.526494e-06,0
0,1.797233e-06,0
0,4.725947e-07,0
0,5.918593e-07,0
0,9.698219e-07,0
0,7.537863e-05,0
0,2.2013432e-06,0
0,8.155895e-07,0
0,0.00018658658,0
0,1.2685355e-06,0
0,5.805196e-07,0
0,1.2608983e-06,0
0,7.177159e-06,0
0,3.5701948e-06,0
0,2.3592002e-05,0
0,1.11330155e-05,0
0,5.9563496e-07,0
1,0.999966,1
0,0.00045776126,0
0,4.9990318e-05,0
0,9.797942e-07,0
0,4.7661284e-05,0
0,0.000366091,0
0,3.6097943e-05,0
0,8.9135225e-05,0
0,2.4801375e-06,0
0,7.117607e-07,0
0,3.6312387e-05,0
0,2.968803e-05,0
0,0.0011259302,0
0,1.8319643e-05,0
0,0.00012416946,0
1,0.9995096,1
0,0.00014698232,0
0,5.1097084e-07,0
0,3.1012e-07,0
0,3.8196554e-06,0
0,1.6372645e-06,0
0,5.973928e-07,0
0,0.00017688844,0
0,2.7196612e-07,0
0,2.1664036e-07,0
0,7.2779864e-07,0
0,1.4525321e-07,0
0,1.0944777e-06,0
0,6.418888e-07,0
0,1.2842967e-06,0
0,7.529365e-07,0
0,9.74967e-07,0
0,1.1512066e-06,0
0,3.1893357e-08,0
0,7.3012893e-07,0
0,2.1224481e-05,0
0,1.0439664e-05,0
0,5.661193e-07,0
0,0.00016568264,0
0,5.979155e-05,0
0,7.9554314e-07,0
0,2.0413465e-05,0
0,1.6130651e-06,0
0,2.7521185e-06,0
1,0.99999034,1
0,6.409321e-07,0
0,0.00012427938,0
0,2.024178e-06,0
0,2.1443695e-06,0
0,0.000117787036,0
0,0.000393248,0
0,1.7249342e-06,0
0,6.4160695e-06,0
0,6.594782e-07,0
0,2.0474074e-06,0
0,0.00010755551,0
0,1.1081175e-06,0
0,7.1373876e-07,0
0,8.19401e-05,0
0,1.2663013e-07,0
0,4.8820226e-07,0
0,6.497658e-06,0
0,9.1871624e-07,0
0,8.707568e-07,0
0,8.567919e-07,0
0,4.015608e-06,0
0,4.976133e-07,0
0,6.937442e-07,0
0,6.22408e-06,0
0,0.0022233203,0
0,7.2990616e-07,0
0,0.00031702753,0
0,3.855076e-06,0
0,5.3481537e-05,0
0,0.00014878628,0
0,1.8703814e-06,0
0,4.4942994e-05,0
0,6.0399867e-05,0
0,1.2054661e-06,0
0,4.585511e-06,0
0,0.0020717818,0
0,1.301301e-05,0
0,5.6984495e-06,0
0,9.73809e-05,0
0,0.0021036651,0
0,3.575401e-05,0
0,5.617266e-07,0
0,4.4264343e-08,0
0,1.2389951e-06,0
0,0.00033516507,0
0,7.1230266e-07,0
0,0.00011242626,0
0,8.5980827e-07,0
0,2.7099031e-06,0
0,5.9110125e-08,0
0,0.0032728848,0
0,0.00019297843,0
0,1.4209809e-05,0
0,8.36552e-05,0
0,3.3361266e-06,0
0,0.00027357557,0
0,9.195946e-07,0
0,0.0002325043,0
1,0.99997354,1
0,1.9409347e-06,0
0,2.2567063e-05,0
0,6.5927696e-07,0
0,3.630213e-07,0
0,6.3216714e-05,0
0,2.9059046e-07,0
1,0.99997354,1
0,9.429837e-05,0
0,0.00010232073,0
0,8.207235e-07,0
0,0.00017452403,0
0,2.5371188e-05,0
0,8.3418166e-07,0
0,3.0375904e-06,0
0,0.00059409166,0
0,1.7146099e-06,0
0,9.721639e-07,0
0,7.377705e-05,0
0,0.0001450292,0
0,8.633364e-07,0
0,6.2174973e-07,0
0,0.00018764635,0
0,0.00019535165,0
1,0.9997508,1
1,0.9999958,1
0,3.2835092e-06,0
0,4.8472557e-06,0
0,0.00026367587,0
0,1.1236888e-06,0
0,0.0001980533,0
0,0.00064333266,0
0,3.4034508e-06,0
0,0.00038907866,0
0,1.2054661e-06,0
0,9.647907e-07,0
0,8.53332e-07,0
0,6.233125e-05,0
0,0.0001625142,0
0,1.1387486e-05,0
0,1.713884e-06,0
0,0.00031290326,0
0,1.1991541e-06,0
0,6.43638e-06,0
0,0.00021986468,0
0,6.4231625e-07,0
0,0.00050618843,0
0,8.9026435e-07,0
0,0.00028805117,0
0,5.7306494e-05,0
0,2.8551206e-06,0
0,1.0237228e-06,0
0,6.592987e-05,0
0,3.1348115e-06,0
1,0.99897647,1
0,2.8953073e-05,0
0,2.9555758e-07,0
0,2.321197e-05,0
0,8.3418166e-07,0
0,0.00024264982,0
0,1.0956902e-06,0
0,7.4726064e-05,0
1,0.9999951,1
0,0.0006270626,0
0,5.480805e-06,0
0,3.6085934e-05,0
0,1.2511503e-06,0
0,1.0913228e-06,0
0,7.4611846e-05,0
0,1.2685355e-06,0
0,7.8341554e-07,0
0,1.4389186e-06,0
0,0.0001460279,0
0,4.8719204e-07,0
0,5.9456456e-06,0
0,6.162556e-07,0
0,0.00016502295,0
0,1.1700002e-06,0
0,9.886803e-07,0
0,1.1976648e-06,0
0,1.1700002e-06,0
0,1.5525143e-06,0
1,0.9999254,1
0,1.1330897e-06,0
0,9.74967e-07,0
0,3.8418162e-07,0
0,2.035375e-07,0
0,1.5539896e-06,0
0,4.4116778e-06,0
0,3.2582116e-06,0
0,1.1976648e-06,0
0,2.518086e-05,0
0,4.088748e-05,0
0,1.1700002e-06,0
0,0.000119118275,0
1,0.9999951,1
0,5.4671327e-05,0
0,1.1976648e-06,0
0,1.5263764e-06,0
0,2.974655e-05,0
0,1.19899305e-05,0
0,6.9963016e-07,0
0,6.303799e-05,0
0,8.2726075e-07,0
0,4.1381932e-07,0
0,8.913059e-07,0
0,1.9832876e-05,0
0,3.966722e-07,0
1,0.99998975,1
0,3.1833533e-05,0
0,0.00024961683,0
0,1.1861525e-06,0
0,5.130828e-08,0
0,9.064226e-07,0
0,0.0001746419,0
0,0.0014705852,0
0,0.00018611233,0
0,3.4189911e-06,0
0,0.00024928505,0
0,9.625207e-07,0
0,1.063007e-06,0
0,1.4980333e-06,0
0,1.1308431e-05,0
0,1.1976648e-06,0
0,3.2071694e-05,0
0,5.1920662e-05,0
0,4.435775e-06,0
0,7.589424e-07,0
0,1.08450486e-07,0
0,3.3743564e-07,0
0,8.2726075e-07,0
0,1.963559e-06,0
0,8.38624e-08,0
0,1.4672623e-06,0
0,0.00019138586,0
1,0.99999666,1
0,1.6628192e-06,0
0,7.021079e-07,0
0,1.1081175e-06,0
0,2.2578727e-06,0
0,9.0354695e-07,0
0,2.0913042e-06,0
0,3.8062337e-06,0
0,1.0995801e-06,0
0,8.926466e-06,0
0,1.8088846e-06,0
0,3.410226e-05,0
0,9.417649e-07,0
0,7.625296e-06,0
0,4.80134e-07,0
0,1.3639257e-06,0
0,7.0864235e-06,0
0,6.1532315e-05,0
0,1.21273e-07,0
0,0.00013385186,0
0,1.1976648e-06,0
0,0.00015927675,0
0,4.6853656e-06,0
1,0.99961543,1
0,6.0510774e-07,0
0,6.1431274e-07,0
0,0.00029477215,0
1,0.9999602,1
0,9.74967e-07,0
0,1.2054661e-06,0
0,0.0009789491,0
0,0.00032181063,0
1,0.9999958,1
0,2.3916461e-06,0
0,8.3462364e-05,0
1,0.99909794,1
0,0.0048414655,0
0,5.4472713e-07,0
0,0.00010773248,0
0,2.274346e-07,0
0,1.6822098e-06,0
0,1.2054661e-06,0
0,2.5193156e-05,0
0,2.6286434e-06,0
0,2.120887e-06,0
0,1.1976648e-06,0
0,4.0904915e-06,0
0,4.3729187e-06,0
0,0.00067350717,0
1,0.9999975,1
0,0.00012565212,0
0,0.000347473,0
0,1.9550907e-06,0
0,1.1229357e-06,0
0,1.3871215e-06,0
0,9.394846e-07,0
0,3.092647e-07,0
0,1.6030364e-05,0
0,2.4013843e-05,0
0,8.2726075e-07,0
0,1.6814911e-06,0
0,0.00035557552,0
0,1.1459663e-06,0
0,5.68732e-06,0
0,1.4969706e-06,0
0,1.1189995e-06,0
1,0.999869,1
0,3.774457e-07,0
0,0.0002010471,0
0,1.1861525e-06,0
0,7.66132e-05,0
0,2.5145704e-07,0
0,6.5298275e-07,0
0,3.3889654e-07,0
0,0.00011186505,0
0,0.00015809908,0
1,0.9999875,1
0,3.075088e-06,0
0,5.5332766e-06,0
0,5.505818e-05,0
0,1.0485445e-06,0
0,1.3374747e-06,0
0,2.344464e-06,0
0,1.1182688e-06,0
0,3.305083e-06,0
0,4.7718063e-06,0
0,1.4133016e-06,0
0,4.395203e-06,0
0,1.0485355e-06,0
0,1.2548882e-06,0
0,4.0783283e-07,0
0,1.1272856e-06,0
0,1.5868216e-06,0
0,0.00035723005,0
0,0.00066615135,0
0,1.7952932e-05,0
0,6.9134007e-06,0
0,7.5613866e-07,0
0,8.633364e-07,0
0,4.6143407e-05,0
0,1.1081175e-06,0
0,2.997361e-06,0
1,0.99837166,1
0,1.1976648e-06,0
0,3.729836e-06,0
0,7.2379993e-07,0
0,0.00076059846,0
0,1.4720538e-05,0
0,2.4568715e-06,0
0,6.0320148e-05,0
0,1.0821116e-06,0
0,3.9652273e-06,0
0,2.0305893e-06,0
0,4.266891e-08,0
0,9.45519e-06,0
0,1.1861525e-06,0
1,0.9999504,1
0,0.000145363,0
0,3.4034508e-06,0
0,2.8815255e-06,0
0,0.00041815222,0
0,7.207452e-05,0
0,0.00012614542,0
0,1.1467916e-06,0
0,0.00010838608,0
0,1.2511503e-06,0
0,0.00032968502,0
1,0.9974815,1
0,0.0040424853,0
0,3.2593614e-06,0
1,0.99831176,1
0,4.868853e-05,0
0,1.3614846e-05,0
0,1.2297245e-07,0
0,0.0001495739,0
0,8.4574464e-07,0
0,3.9242595e-06,0
0,5.703218e-06,0
0,1.4265518e-06,0
0,9.4109777e-07,0
0,1.0998119e-06,0
0,9.3819887e-07,0
0,4.7200333e-06,0
0,6.862735e-06,0
0,1.3097495e-06,0
0,4.984152e-05,0
0,8.2726075e-07,0
0,1.0781848e-06,0
0,7.62221e-05,0
0,6.2794646e-07,0
0,7.358856e-07,0
0,2.2094923e-07,0
0,0.00076461985,0
0,1.8244755e-06,0
0,7.902997e-07,0
0,1.8292176e-06,0
0,6.594782e-07,0
0,7.2779864e-07,0
0,1.1976648e-06,0
0,6.7286896e-06,0
0,0.000117596814,0
0,5.9456456e-06,0
1,0.9998888,1
0,1.6341603e-05,0
0,5.505818e-05,0
0,4.438668e-05,0
0,0.00014633316,0
0,8.2726075e-07,0
0,0.00016452663,0
0,1.6814911e-06,0
0,8.577574e-07,0
0,1.07848555e-05,0
0,2.4754103e-08,0
1,0.99993885,1
0,1.8595944e-06,0
0,0.00011365877,0
0,4.900435e-05,0
0,8.2492435e-05,0
0,4.3061314e-07,0
0,8.5050306e-07,0
0,1.13347205e-05,0
0,7.264324e-06,0
0,9.17625e-06,0
0,0.0003167445,0
0,1.4889015e-05,0
0,8.024145e-07,0
0,1.3162244e-06,0
0,8.577574e-07,0
0,9.8722485e-06,0
0,5.5077936e-07,0
0,6.8958525e-07,0
0,6.3455883e-07,0
0,0.00032310854,0
0,3.4754398e-06,0
0,7.825352e-06,0
1,0.99943966,1
0,3.12134e-05,0
0,0.00011185406,0
0,2.2104112e-07,0
0,1.1861525e-06,0
1,0.9999336,1
0,2.3945215e-05,0
0,0.00024810823,0
0,5.999442e-05,0
0,9.326607e-07,0
0,8.8135886e-07,0
0,1.0998119e-06,0
0,3.8062337e-06,0
0,0.0002633822,0
0,1.3956817e-06,0
0,4.6563473e-05,0
0,0.00012735244,0
0,4.34041e-05,0
0,1.2372318e-07,0
0,5.6391383e-07,0
1,0.9999801,1
0,9.360602e-07,0
0,1.1512066e-06,0
0,4.595706e-07,0
0,3.751883e-07,0
0,3.050026e-06,0
0,1.1976648e-06,0
1,0.999871,1
0,5.762763e-05,0
0,1.6502379e-06,0
0,5.333395e-07,0
0,5.5107794e-06,0
0,9.647907e-07,0
0,1.1976648e-06,0
0,1.061537e-06,0
0,2.3305927e-05,0
0,4.2681677e-06,0
0,2.1845185e-06,0
1,0.9999088,1
0,7.2779864e-07,0
0,6.539225e-07,0
0,1.9969339e-06,0
0,1.5658772e-05,0
0,1.0135384e-06,0
0,0.000518429,0
0,1.3097495e-06,0
1,0.99999094,1
0,5.370363e-07,0
0,1.1796985e-06,0
0,3.4923934e-07,0
0,8.896414e-07,0
0,0.00015412996,0
0,6.2852137e-06,0
0,3.6702627e-07,0
0,1.1081175e-06,0
0,5.8081132e-05,0
0,0.00011033938,0
0,8.934414e-05,0
0,9.979164e-06,0
0,1.1850403e-05,0
0,8.417348e-06,0
0,9.5209325e-05,0
0,0.0001136761,0
0,7.411768e-06,0
0,1.4387086e-06,0
0,6.406602e-07,0
0,3.0167728e-05,0
0,8.345809e-06,0
0,4.0005547e-05,0
0,2.8551206e-06,0
0,3.2359499e-06,0
0,9.647907e-07,0
0,1.4030647e-05,0
0,8.9026435e-07,0
0,0.00029990642,0
0,2.4879691e-06,0
0,6.032331e-05,0
0,5.9046e-07,0
0,0.0004417226,0
0,5.8569293e-07,0
0,0.00013632812,0
0,2.0653753e-05,0
0,2.8644452e-06,0
0,7.8660923e-07,0
0,8.339287e-07,0
0,1.42818935e-05,0
0,1.3161618e-05,0
0,5.624069e-06,0
0,6.065198e-05,0
0,4.214441e-06,0
0,0.00014242397,0
0,0.00023877768,0
0,0.00064000156,0
0,1.4463452e-06,0
0,4.0780433e-05,0
1,0.99997973,1
0,3.3249303e-06,0
0,2.3870275e-06,0
0,6.732154e-07,0
0,2.2014037e-05,0
0,6.8493307e-07,0
0,0.00010065083,0
0,9.075635e-07,0
0,0.00017180319,0
0,2.129312e-06,0
0,6.6044195e-06,0
0,1.540725e-05,0
0,1.2968168e-07,0
0,6.272635e-07,0
0,1.1831982e-06,0
0,0.00021036573,0
0,2.4403892e-07,0
0,4.0290502e-07,0
0,0.000103468694,0
0,5.3685213e-05,0
0,6.0481176e-07,0
1,0.999997,1
0,2.5322432e-05,0
0,4.782795e-06,0
0,3.9902991e-07,0
0,7.296799e-07,0
0,2.2427484e-07,0
0,2.6682922e-06,0
0,0.00049895566,0
0,1.3318831e-05,0
0,5.8130452e-05,0
0,2.2814134e-05,0
0,0.00031082466,0
0,0.00011155932,0
0,2.23796e-05,0
0,0.00042416182,0
1,0.9999975,1
0,5.1141054e-05,0
0,1.3152683e-06,0
0,8.577574e-07,0
0,8.633364e-07,0
0,0.0006261533,0
0,9.546402e-06,0
0,2.4843746e-06,0
0,9.54677e-07,0
0,4.4980767e-05,0
0,1.1976648e-06,0
0,1.1893956e-06,0
0,0.00060192373,0
0,5.900844e-05,0
0,7.820816e-07,0
0,1.2054661e-06,0
0,0.00017728322,0
0,1.0195976e-06,0
0,9.455334e-06,0
0,0.0009105157,0
0,6.407518e-07,0
0,5.9466774e-06,0
0,3.2370458e-06,0
0,8.5167176e-07,0
0,1.5002021e-06,0
0,9.4057384e-07,0
0,4.820721e-07,0
0,0.00017789434,0
0,1.1976648e-06,0
0,0.00047495478,0
0,1.770848e-05,0
0,1.2842967e-06,0
0,1.0534227e-06,0
0,1.3301454e-06,0
0,1.1976648e-06,0
0,1.0237228e-06,0
0,7.5302116e-05,0
0,9.418849e-06,0
0,9.64614e-05,0
0,2.2452916e-06,0
0,1.8339723e-06,0
0,2.516768e-05,0
0,0.0005013403,0
0,1.0541916e-06,0
0,1.1312013e-06,0
0,4.7417524e-07,0
0,1.0257927e-06,0
0,0.00031904326,0
0,2.5694507e-07,0
0,2.8267002e-06,0
0,2.0339508e-07,0
0,4.930764e-06,0
0,2.5991043e-05,0
1,0.9998018,1
0,0.0005445804,0
0,1.051277e-06,0
0,2.540834e-06,0
0,3.5859327e-06,0
0,5.0483436e-07,0
0,3.4364505e-06,0
0,2.050274e-06,0
0,7.009881e-05,0
0,2.810797e-06,0
0,0.0002585336,0
0,0.0002354086,0
0,7.3126824e-07,0
0,1.8784756e-06,0
0,1.1787022e-06,0
0,1.1861525e-06,0
0,6.100113e-07,0
0,8.172253e-07,0
0,5.108153e-06,0
0,1.0913228e-06,0
0,0.00020414456,0
0,6.069352e-07,0
0,1.1976648e-06,0
0,1.4140525e-06,0
0,8.131056e-05,0
0,2.4989838e-06,0
0,6.6986936e-06,0
0,6.2392667e-07,0
0,1.2562492e-05,0
0,1.02689e-06,0
0,2.936445e-06,0
0,2.2861223e-06,0
0,0.00018764635,0
1,0.9999279,1
0,8.34849e-05,0
0,1.6237085e-07,0
0,5.02752e-05,0
0,0.0018159896,0
0,1.1330897e-06,0
0,4.3108168e-05,0
0,0.00024472183,0
0,5.1978575e-05,0
0,3.958328e-06,0
0,1.126586e-06,0
1,0.9999523,1
0,1.885311e-05,0
0,2.8267002e-06,0
0,1.3575461e-06,0
0,0.0016477776,0
0,3.8277994e-05,0
0,0.00024647993,0
0,3.2832573e-05,0
0,5.3991823e-07,0
0,0.00028537205,0
0,6.932337e-08,0
0,3.0058973e-06,0
0,1.8335772e-06,0
0,0.00025003677,0
0,3.3605897e-06,0
0,1.1779662e-06,0
0,3.5314222e-06,0
0,7.669756e-05,0
0,8.7124437e-07,0
0,3.829503e-06,0
0,4.418257e-07,0
0,0.0001617107,0
0,1.7308895e-06,0
0,1.1976648e-06,0
0,7.370603e-06,0
0,4.660058e-08,0
0,4.195883e-07,0
0,1.322488e-05,0
0,1.2511503e-06,0
0,5.834741e-06,0
0,8.5167176e-07,0
0,2.533372e-06,0
0,3.072756e-05,0
0,1.1342205e-06,0
0,0.00018945368,0
0,8.732952e-06,0
0,1.8140765e-05,0
0,2.103166e-05,0
0,1.476484e-05,0
0,4.195013e-06,0
1,0.99981505,1
0,6.2919903e-06,0
0,9.195576e-06,0
0,9.510418e-06,0
0,8.599426e-05,0
0,3.9932065e-06,0
0,0.00046430045,0
0,0.00016926834,0
0,7.870865e-07,0
0,1.8871806e-06,0
1,0.9997508,1
0,6.5610466e-06,0
0,3.4121022e-06,0
0,0.00025488125,0
0,1.13855e-06,0
0,5.09829e-05,0
0,5.4253724e-07,0
0,0.00032305773,0
0,5.738407e-06,0
0,2.5830993e-06,0
0,1.0599973e-06,0
0,5.3375e-05,0
0,8.250828e-06,0
0,0.00013650763,0
0,8.9026435e-07,0
0,0.0004224938,0
0,1.2376688e-06,0
0,4.515951e-07,0
0,3.929102e-07,0
0,6.535927e-07,0
0,6.7014014e-07,0
1,0.999992,1
0,1.3097495e-06,0
0,2.6761827e-05,0
0,4.977367e-07,0
0,7.174189e-06,0
0,0.0001529323,0
0,7.5511826e-07,0
0,1.2842967e-06,0
0,8.728673e-05,0
0,0.00022682225,0
0,0.0001678322,0
0,2.2194098e-07,0
0,0.000653212,0
0,1.1756542e-06,0
0,2.088464e-06,0
0,1.7112592e-06,0
0,3.06881e-06,0
0,0.015810346,0
0,6.69927e-05,0
0,7.2779864e-07,0
0,2.7205795e-07,0
0,5.1149107e-07,0
0,7.169335e-07,0
0,6.944696e-05,0
0,8.215401e-06,0
0,9.950045e-07,0
0,5.3878534e-06,0
0,1.1861525e-06,0
0,1.1976648e-06,0
0,3.9785917e-07,0
0,1.1312013e-06,0
0,2.6064541e-05,0
0,0.00027647562,0
0,1.0977706e-06,0
0,0.00010877995,0
0,6.870495e-06,0
0,0.0004136949,0
0,1.264646e-06,0
0,1.393967e-06,0
0,1.5497556e-06,0
0,6.2553234e-05,0
0,1.1902001e-06,0
0,2.2556062e-06,0
0,2.4987264e-06,0
0,2.3499595e-06,0
0,1.0856439e-05,0
0,5.194184e-06,0
0,1.4699468e-05,0
0,0.00014431999,0
0,2.8842756e-05,0
0,1.0784738e-06,0
0,4.3706685e-05,0
0,0.00020611526,0
0,8.9026435e-07,0
0,7.7025913e-07,0
0,1.7935466e-06,0
0,1.3575461e-06,0
0,4.327502e-07,0
0,0.0056133703,0
0,1.1081175e-06,0
0,0.00014115107,0
1,0.9999678,1
0,1.934873e-06,0
0,8.2726075e-07,0
0,1.0490777e-06,0
0,0.00013909256,0
0,9.1135377e-07,0
0,5.57501e-06,0
0,7.3141486e-08,0
0,6.3789834e-05,0
1,0.999992,1
0,3.4795619e-06,0
0,1.2054661e-06,0
0,2.238737e-05,0
0,0.00011765335,0
0,2.518682e-06,0
0,1.43969955e-05,0
0,9.2906623e-07,0
0,1.7472555e-06,0
0,1.2201365e-06,0
0,1.3578245e-06,0
0,7.2779864e-07,0
0,1.6459752e-06,0
0,8.3418166e-07,0
0,9.74967e-07,0
0,3.6597876e-07,0
0,4.13286e-06,0
0,7.599631e-05,0
0,6.1431274e-07,0
0,8.633364e-07,0
0,0.00014200888,0
0,5.4307816e-07,0
0,0.00019319677,0
0,9.157666e-05,0
0,6.0519556e-05,0
0,0.00034133898,0
0,4.69703e-05,0
0,1.7428887e-05,0
0,9.644964e-07,0
0,1.325383e-06,0
0,1.4153086e-06,0
0,1.325383e-06,0
0,1.5849265e-06,0
1,0.9999975,1
0,2.3531238e-06,0
0,0.00014062661,0
0,2.4163628e-06,0
0,5.949442e-05,0
1,0.9999865,1
0,2.2576141e-06,0
0,8.307568e-07,0
0,0.00078750687,0
0,0.00014155732,0
0,0.000103555765,0
0,3.0315041e-05,0
0,3.0967747e-06,0
0,0.001756075,0
0,7.183658e-06,0
1,0.9998672,1
0,8.112847e-06,0
0,1.1118543e-06,0
0,4.195021e-06,0
0,0.00073290034,0
0,1.3669649e-06,0
0,0.0016261557,0
0,2.442341e-06,0
0,1.1002882e-06,0
0,0.00012022495,0
0,3.460626e-06,0
0,2.9497153e-06,0
0,1.424484e-06,0
0,2.6516361e-06,0
0,3.0399e-06,0
0,9.1866104e-07,0
0,1.331511e-05,0
0,1.1183573e-06,0
0,5.59636e-06,0
0,1.8884103e-06,0
0,5.701134e-07,0
0,8.250592e-06,0
0,1.447493e-05,0
0,1.3097495e-06,0
0,0.017219022,0
0,4.8647335e-06,0
0,3.995194e-05,0
0,1.1398462e-06,0
0,0.0106460955,0
0,0.0006302383,0
0,1.180921e-06,0
0,9.0025185e-07,0
0,2.34195e-06,0
0,5.0538633e-06,0
0,1.8842438e-06,0
0,1.2054661e-06,0
0,4.916448e-08,0
0,4.1647868e-07,0
0,1.3932228e-06,0
0,2.1972355e-07,0
0,2.7657793e-06,0
0,1.1976648e-06,0
1,0.999684,1
0,1.1976648e-06,0
0,3.816196e-06,0
0,0.00022374016,0
0,3.0498766e-05,0
0,0.00023827577,0
1,0.9995734,1
0,1.99733e-06,0
0,0.004540765,0
0,6.1828987e-06,0
0,3.0679483e-05,0
0,0.00018699175,0
0,7.3870137e-06,0
0,1.2238785e-06,0
0,1.1756542e-06,0
0,6.16623e-05,0
0,2.3240653e-07,0
0,1.99733e-06,0
0,1.6591963e-05,0
0,4.0950697e-05,0
0,6.1694647e-07,0
0,0.026357373,0
0,6.497658e-06,0
0,1.2762846e-06,0
0,2.3249764e-05,0
0,8.803625e-07,0
0,4.989838e-07,0
1,0.9999778,1
1,0.9999864,1
0,0.00022888259,0
0,4.6847104e-05,0
0,1.3260607e-06,0
0,2.4350034e-06,0
0,1.2438431e-06,0
0,0.00014659292,0
0,1.1963908e-06,0
0,0.0005855821,0
1,0.9999975,1
0,4.165406e-05,0
0,9.698219e-07,0
0,3.032902e-07,0
0,4.5987804e-06,0
0,2.4671203e-06,0
0,7.6202577e-06,0
0,2.0903788e-06,0
0,3.9911236e-05,0
1,0.99979216,1
0,1.2762846e-06,0
0,2.9284913e-06,0
0,1.0803415e-05,0
0,1.6163111e-06,0
0,0.0002822848,0
0,1.4387086e-06,0
0,8.510504e-05,0
0,4.1017147e-06,0
0,2.0799745e-05,0
0,1.3144897e-05,0
0,2.2013432e-06,0
0,5.908577e-07,0
0,1.1081175e-06,0
0,1.8598248e-06,0
0,0.00058483914,0
0,4.396666e-06,0
0,1.2054661e-06,0
0,5.979155e-05,0
0,1.9126108e-05,0
0,0.00013468842,0
0,1.2114162e-06,0
0,1.6154656e-05,0
0,1.0982723e-06,0
0,8.288296e-06,0
1,0.99999285,1
0,0.00020225822,0
0,1.4984025e-05,0
0,5.556613e-06,0
0,1.1861525e-06,0
0,7.60203e-08,0
0,1.1976648e-06,0
0,8.72988e-05,0
0,3.7997914e-05,0
0,2.1094768e-07,0
0,1.2054661e-06,0
0,8.172253e-07,0
0,5.646361e-06,0
0,3.1734235e-05,0
0,8.289118e-06,0
0,2.5701307e-05,0
0,0.0002241604,0
0,1.491119e-06,0
0,0.00047192257,0
0,0.00021538476,0
0,1.3011046e-06,0
0,8.106259e-07,0
0,0.00032073216,0
0,6.373474e-05,0
0,1.4542344e-06,0
0,1.1667395e-05,0
0,1.25504575e-05,0
0,9.647907e-07,0
1,0.99996233,1
0,0.00012616358,0
0,3.4290945e-06,0
0,7.4141008e-06,0
0,0.00019039336,0
0,1.1976648e-06,0
0,1.7554496e-06,0
1,0.99972135,1
0,4.4634126e-06,0
0,4.6349234e-07,0
0,1.813185e-06,0
0,1.058419e-05,0
0,7.0034247e-07,0
0,3.798535e-06,0
0,3.002165e-07,0
0,1.0732052e-06,0
0,2.7798233e-06,0
1,0.9999912,1
0,1.3568947e-05,0
0,9.366752e-06,0
0,5.970255e-05,0
0,9.30978e-05,0
0,3.3979893e-06,0
0,0.0001097102,0
0,0.00010576559,0
0,1.2054661e-06,0
0,7.9242345e-06,0
0,1.4132407e-07,0
0,1.1976648e-06,0
0,1.2457411e-05,0
0,1.1976648e-06,0
1,0.99646664,1
0,4.5878555e-06,0
1,0.9999919,1
0,0.0010321647,0
0,0.003878186,0
1,0.99999154,1
1,0.9999809,1
0,1.1963908e-06,0
0,2.9500718e-05,0
0,3.4153086e-06,0
0,2.7718695e-05,0
0,0.00027328543,0
0,3.0479787e-06,0
0,2.15258e-05,0
0,1.1976648e-06,0
0,8.0691365e-07,0
0,1.2511503e-06,0
0,2.344067e-05,0
0,2.5388067e-06,0
0,8.440148e-07,0
0,1.2054661e-06,0
0,0.0009789491,0
0,8.5167176e-07,0
0,8.2726075e-07,0
0,0.00017067819,0
0,1.8300344e-06,0
0,9.647907e-07,0
1,0.99998426,1
0,0.00018468258,0
0,2.085787e-06,0
0,2.8727836e-06,0
0,1.3097495e-06,0
0,7.9740485e-06,0
0,8.5312206e-07,0
0,2.15258e-05,0
0,0.0001852464,0
0,7.3656634e-06,0
0,0.00028034512,0
1,0.9999213,1
0,1.0012693e-07,0
0,1.8519717e-06,0
0,1.1976648e-06,0
0,1.27983685e-05,0
0,1.0425917e-06,0
0,3.4039073e-07,0
0,1.1976648e-06,0
0,1.6997957e-06,0
0,2.3098291e-05,0
0,6.497658e-06,0
0,1.2156567e-06,0
0,1.6344222e-05,0
0,8.73824e-07,0
0,1.1315658e-05,0
0,7.688737e-06,0
0,9.698219e-07,0
0,2.7679534e-06,0
0,0.0005345838,0
0,1.1330897e-06,0
0,1.8159062e-05,0
0,9.99381e-07,0
0,5.722589e-05,0
0,8.577574e-07,0
0,3.3463741e-06,0
0,9.647907e-07,0
0,1.7974834e-06,0
1,0.9999975,1
0,0.00017760621,0
0,9.3679755e-06,0
0,0.0010618884,0
0,1.9803449e-05,0
0,9.05026e-05,0
0,5.973928e-07,0
0,1.5143078e-05,0
0,7.270279e-07,0
0,4.0075397e-06,0
0,5.1628977e-06,0
0,4.350888e-06,0
0,6.614907e-07,0
0,3.4121022e-06,0
0,0.0003626518,0
0,1.3573619e-05,0
1,0.99987924,1
0,1.3090078e-06,0
0,0.00016822954,0
0,2.8202807e-05,0
0,8.2726075e-07,0
0,0.0004224938,0
0,1.2054661e-06,0
0,0.00027553618,0
0,0.00060648454,0
0,1.0647408e-06,0
0,8.7368807e-07,0
0,2.1058231e-05,0
0,5.1644747e-07,0
0,8.419997e-05,0
0,5.633861e-06,0
0,3.5966698e-06,0
0,0.00046521708,0
0,2.2055074e-05,0
0,8.3709847e-07,0
0,1.1861525e-06,0
0,0.00037821854,0
0,0.00076105964,0
0,5.9811107e-05,0
0,2.0804426e-05,0
0,1.5243617e-06,0
0,2.6592281e-06,0
0,0.00021698055,0
1,0.99985516,1
1,0.99997616,1
0,2.6600221e-06,0
0,0.00068947254,0
0,5.837615e-05,0
0,3.647102e-06,0
1,0.99998295,1
0,7.09552e-07,0
0,9.4150564e-05,0
0,3.8438093e-06,0
0,7.2779864e-07,0
0,1.2054661e-06,0
0,1.3345914e-06,0
0,9.644964e-07,0
0,1.1893956e-06,0
0,4.4247638e-05,0
0,6.346237e-05,0
0,2.5605373e-06,0
0,8.246572e-06,0
0,4.983767e-05,0
0,0.00011900701,0
1,0.9991037,1
0,7.75604e-07,0
0,6.930888e-06,0
0,6.4308665e-07,0
0,1.1976648e-06,0
0,7.187118e-06,0
0,9.832035e-06,0
1,0.999241,1
0,1.8109075e-06,0
0,8.9026435e-07,0
0,0.00025066047,0
0,0.00072284223,0
0,2.1006167e-06,0
0,2.6843823e-06,0
0,1.6885338e-05,0
0,6.4231625e-07,0
0,8.866186e-06,0
0,0.00040197585,0
0,3.005811e-06,0
0,2.80924e-06,0
0,3.1253202e-07,0
0,8.7368807e-07,0
0,0.0005005336,0
0,4.8719204e-07,0
0,1.1081175e-06,0
0,2.2861223e-06,0
0,2.522133e-05,0
1,0.9999244,1
0,4.7432077e-05,0
0,1.3148897e-05,0
1,0.99987507,1
0,2.573441e-06,0
0,1.0485355e-06,0
0,1.1787022e-06,0
0,4.829399e-07,0
0,1.749028e-07,0
0,1.4681469e-06,0
0,2.4459935e-06,0
0,1.2685355e-06,0
0,7.1075874e-06,0
0,1.5252125e-05,0
0,0.0006455022,0
0,9.807163e-06,0
0,1.4763592e-06,0
0,9.402276e-07,0
0,8.7087665e-06,0
0,0.00010081893,0
0,2.2843894e-06,0
0,0.0013791904,0
0,8.233056e-06,0
0,8.9903523e-07,0
0,1.4265518e-06,0
0,4.9873135e-05,0
0,0.00022590668,0
0,1.0747335e-06,0
0,0.00012686351,0
0,4.5561345e-07,0
0,1.4812572e-06,0
0,1.2511503e-06,0
0,8.649682e-07,0
0,1.2685355e-06,0
0,0.00013601105,0
0,7.1287263e-06,0
0,1.1903692e-06,0
0,1.6963772e-07,0
0,7.0576937e-07,0
0,1.3798615e-05,0
0,9.448424e-05,0
0,5.7795267e-05,0
0,9.0737216e-05,0
0,1.8294375e-06,0
0,0.00020611526,0
0,0.0005302886,0
0,0.00018421318,0
0,1.5249084e-06,0
0,1.9117411e-05,0
0,1.1081175e-06,0
0,1.0925557e-06,0
0,7.6278375e-05,0
0,1.4681469e-06,0
0,1.3676963e-06,0
0,1.1330897e-06,0
0,6.8524537e-07,0
0,9.647907e-07,0
0,1.2963794e-06,0
0,1.2054661e-06,0
0,1.1748215e-06,0
0,0.00053389126,0
0,4.41217e-06,0
0,8.101011e-05,0
0,5.29097e-06,0
0,1.0292556e-05,0
0,3.2895803e-06,0
1,0.99986124,1
0,9.047308e-06,0
0,0.0002607243,0
0,0.0017028829,0
0,3.4216356e-07,0
0,1.1874961e-06,0
0,1.3749049e-06,0
0,4.296168e-07,0
0,6.210664e-07,0
0,8.5553773e-07,0
0,4.4128416e-07,0
0,0.00034352034,0
0,7.980715e-08,0
1,0.99977773,1
0,0.0011966582,0
0,3.5226694e-07,0
0,1.2054661e-06,0
0,3.5486535e-06,0
0,1.510622e-06,0
0,1.2054661e-06,0
0,1.2333312e-07,0
0,1.289451e-06,0
0,1.153931e-05,0
0,2.6728492e-05,0
0,2.1214232e-06,0
0,9.277877e-07,0
0,1.173424e-06,0
0,0.0004700448,0
0,3.252747e-05,0
0,8.633364e-07,0
0,1.0749353e-06,0
0,8.660668e-07,0
0,7.596477e-07,0
0,6.088077e-07,0
0,2.0257344e-06,0
0,1.5290792e-05,0
0,8.307568e-07,0
0,1.0476809e-06,0
0,0.00013786626,0
0,4.921636e-07,0
1,0.9999075,1
0,3.464357e-05,0
0,1.1756542e-06,0
0,2.144666e-06,0
0,3.4834156e-05,0
0,3.194267e-08,0
0,9.336468e-07,0
0,1.4642067e-06,0
0,1.2471512e-06,0
0,1.7349585e-07,0
0,4.035912e-05,0
0,0.00025758907,0
0,7.869523e-08,0
1,0.99908006,1
0,9.464576e-07,0
0,9.56401e-05,0
0,1.967824e-06,0
0,7.4970217e-07,0
0,1.2511325e-06,0
0,6.226323e-05,0
0,9.2833477e-07,0
0,1.1861525e-06,0
0,0.00017861823,0
0,1.1861525e-06,0
0,3.0831602e-06,0
0,1.6523181e-06,0
0,9.306738e-06,0
1,0.99996245,1
0,1.0913228e-06,0
1,0.9999378,1
0,4.1967414e-05,0
0,7.439168e-05,0
0,8.297725e-05,0
0,2.894589e-06,0
0,9.696855e-05,0
0,0.00010865855,0
0,3.1257005e-06,0
0,2.2867871e-05,0
0,3.9939754e-05,0
0,0.00021125092,0
0,8.577574e-07,0
0,9.752208e-07,0
0,0.00024961683,0
0,6.300676e-07,0
0,5.6011922e-06,0
0,1.4681469e-06,0
0,1.5191704e-06,0
0,8.6719825e-07,0
0,2.5562797e-06,0
0,3.146646e-06,0
0,2.050274e-06,0
0,1.1460928e-05,0
0,6.908605e-05,0
0,3.8674567e-05,0
0,0.00017809121,0
0,9.911879e-05,0
0,0.00033763048,0
0,1.5483933e-07,0
0,1.1976648e-06,0
0,0.00025134275,0
0,1.8088846e-06,0
0,0.00012681742,0
0,1.9775632e-06,0
0,9.19285e-06,0
0,8.8135886e-07,0
0,4.1025437e-06,0
0,7.2688345e-05,0
0,4.0155686e-05,0
0,1.0543112e-06,0
0,2.5041654e-06,0
0,0.00017849362,0
0,1.9570422e-05,0
0,3.9614555e-05,0
0,9.4109777e-07,0
0,9.2904327e-07,0
1,0.9998938,1
0,1.2511503e-06,0
0,1.1002882e-06,0
0,0.00011119153,0
0,2.28653e-06,0
0,2.128244e-06,0
0,1.0966562e-06,0
0,8.782644e-07,0
0,4.255334e-05,0
1,0.99998474,1
0,4.8652928e-05,0
0,9.050631e-07,0
0,4.0144364e-06,0
0,8.794741e-06,0
0,6.0557813e-06,0
0,3.559082e-05,0
0,3.646128e-06,0
0,1.1861525e-06,0
0,1.2277101e-07,0
0,0.0003117221,0
0,9.937558e-06,0
0,3.7187367e-06,0
0,1.3305463e-06,0
0,0.000114758914,0
0,6.5927696e-07,0
0,4.4466884e-07,0
0,2.0040492e-05,0
0,6.949268e-06,0
0,1.38735895e-05,0
0,2.9826822e-07,0
0,1.1458942e-06,0
0,0.00035893742,0
0,6.3192095e-07,0
0,0.0001317012,0
0,1.2054661e-06,0
0,1.247921e-06,0
0,1.1002882e-06,0
0,7.7893964e-07,0
0,1.0076458e-06,0
0,1.1976648e-06,0
0,0.00013180134,0
0,2.7434553e-06,0
0,7.27528e-07,0
0,6.932032e-06,0
0,3.9722755e-07,0
0,5.4253724e-07,0
0,9.911879e-05,0
0,5.5736546e-06,0
0,1.0325139e-06,0
0,0.00021789692,0
0,1.6753442e-05,0
0,1.1508553e-06,0
0,1.3492173e-06,0
1,0.9999957,1
0,1.0010026e-06,0
0,1.2984854e-06,0
1,0.9999645,1
0,1.9501708e-06,0
0,0.00018705096,0
0,1.2762846e-06,0
0,7.161686e-05,0
0,3.1434993e-06,0
0,9.797942e-07,0
0,1.5081836e-06,0
0,3.4106197e-05,0
0,6.594782e-07,0
0,3.0339454e-06,0
0,2.9177865e-05,0
0,5.111268e-07,0
0,9.374672e-07,0
0,9.2442895e-07,0
0,1.1577928e-06,0
0,1.4506054e-06,0
0,1.5763689e-07,0
0,9.74967e-07,0
0,3.5177898e-05,0
0,5.7946698e-05,0
0,7.839183e-05,0
0,1.6074753e-06,0
0,7.17194e-07,0
0,1.1976648e-06,0
0,8.2726075e-07,0
0,1.1796985e-06,0
0,2.9041897e-07,0
0,1.1419863e-06,0
0,3.9273414e-07,0
0,2.4001687e-05,0
0,2.37844e-06,0
0,3.4510356e-06,0
0,0.00028034512,0
0,6.1516107e-07,0
0,1.3783123e-05,0
0,4.2887277e-06,0
0,1.1976648e-06,0
0,1.2054661e-06,0
0,2.4759186e-07,0
0,5.025905e-05,0
0,3.1732734e-06,0
0,0.00039385163,0
0,0.0060656983,0
0,1.1499268e-05,0
0,9.292674e-07,0
0,8.633364e-07,0
0,1.2511503e-06,0
0,0.000113336784,0
0,1.0626775e-06,0
0,3.057189e-05,0
0,1.1976648e-06,0
0,0.00018997265,0
0,1.3832121e-05,0
0,8.577574e-07,0
0,9.647907e-07,0
0,7.341535e-07,0
0,0.00017645737,0
0,1.9510228e-06,0
0,9.05026e-05,0
0,1.301301e-05,0
0,0.0009130308,0
0,0.0002585622,0
0,6.6501466e-06,0
0,8.577574e-07,0
0,0.00019774177,0
0,9.5281337e-07,0
0,2.1563333e-06,0
0,1.1081175e-06,0
0,4.5147456e-07,0
0,3.7556888e-06,0
0,0.0023111273,0
0,1.2054661e-06,0
0,1.6734142e-06,0
0,8.576302e-06,0
0,6.0470853e-07,0
0,1.9605502e-06,0
0,0.00010575722,0
0,1.1976648e-06,0
0,0.00017515704,0
0,0.0027029456,0
0,0.00015796558,0
0,8.9591726e-05,0
0,7.8349626e-07,0
0,1.5191704e-06,0
0,1.9788742e-05,0
0,4.206582e-05,0
0,1.3375155e-06,0
0,3.3467346e-05,0
0,2.136474e-06,0
0,6.415996e-05,0
0,0.005045898,0
0,0.00034139867,0
0,1.2181297e-06,0
1,0.99999285,1
0,7.640871e-07,0
0,1.130856e-06,0
0,9.647907e-07,0
0,3.5740513e-06,0
0,8.0058535e-06,0
0,1.1503457e-07,0
0,0.0008931294,0
0,9.58557e-07,0
0,4.091959e-06,0
0,1.1976648e-06,0
0,0.00027334326,0
0,1.1861525e-06,0
0,5.329545e-05,0
0,7.1829654e-06,0
0,7.4623727e-06,0
0,1.0343302e-06,0
0,1.4568411e-06,0
0,0.00025840473,0
0,1.3024242e-06,0
0,3.026068e-05,0
0,1.08765974e-07,0
0,6.526748e-06,0
0,6.644986e-06,0
0,1.4578335e-06,0
0,0.00033801617,0
0,2.7482001e-06,0
0,2.9826822e-07,0
0,9.755427e-07,0
0,4.593205e-06,0
0,8.172253e-07,0
0,1.701931e-05,0
0,1.8215396e-05,0
0,7.884885e-07,0
0,7.148962e-07,0
0,2.7969913e-06,0
0,1.01234576e-07,0
0,3.1368302e-06,0
0,3.9456118e-06,0
1,0.99999285,1
0,8.526373e-07,0
0,1.1022858e-06,0
1,0.9999244,1
1,0.9999914,1
0,0.00025488125,0
0,2.8267002e-06,0
0,8.2874055e-07,0
0,5.4728557e-06,0
0,8.428015e-06,0
0,2.1197174e-07,0
0,0.00021245239,0
0,6.2113904e-06,0
0,5.803425e-07,0
0,2.3404518e-06,0
0,2.3980228e-06,0
0,1.6252874e-05,0
0,1.6235009e-07,0
0,2.3229006e-06,0
0,6.8027675e-06,0
0,4.9169732e-05,0
0,8.5167176e-07,0
0,2.5509426e-05,0
0,1.2504609e-06,0
0,8.028982e-07,0
0,5.173177e-05,0
0,1.1976648e-06,0
0,7.296799e-07,0
0,1.3233281e-06,0
0,5.855998e-05,0
0,0.00029425242,0
0,1.1976648e-06,0
0,1.7898457e-06,0
0,8.207235e-07,0
0,4.409116e-06,0
1,0.9998087,1
0,0.0002124921,0
0,6.5635664e-05,0
0,2.1006167e-06,0
0,7.466067e-06,0
1,0.9999201,1
0,2.6953253e-06,0
0,0.00019774177,0
0,7.296799e-07,0
0,3.43161e-06,0
0,4.807113e-07,0
0,1.5117043e-06,0
0,6.958599e-07,0
0,9.225233e-05,0
0,2.4116157e-06,0
0,1.2148883e-05,0
0,7.732274e-07,0
1,0.99999034,1
0,1.5290163e-06,0
0,5.7499507e-05,0
0,8.2726075e-07,0
0,1.1976648e-06,0
0,2.508633e-06,0
0,4.4342258e-05,0
0,6.1447405e-05,0
0,0.00012273519,0
0,1.4387086e-06,0
0,1.2742761e-05,0
0,0.004588294,0
0,5.111268e-07,0
0,2.893411e-07,0
0,0.00033958707,0
0,7.2779864e-07,0
0,6.497658e-06,0
0,2.7870835e-06,0
0,6.1156186e-07,0
0,5.5785557e-07,0
0,7.097686e-07,0
0,0.00043036236,0
0,1.9369425e-06,0
0,6.4328293e-07,0
0,9.342471e-07,0
0,0.0019967572,0
0,3.6666628e-07,0
0,8.741759e-08,0
0,6.57845e-07,0
0,6.738932e-05,0
0,7.296799e-07,0
0,5.505789e-06,0
0,1.7721895e-05,0
0,1.4964241e-06,0
0,1.0275089e-05,0
0,9.55009e-06,0
0,1.9117411e-05,0
0,7.4970217e-07,0
1,0.9999585,1
0,1.3603126e-05,0
0,6.701411e-05,0
0,1.0668433e-05,0
0,8.342608e-05,0
0,0.0010574784,0
0,2.5384024e-06,0
0,8.9844456e-05,0
0,7.9690535e-06,0
0,8.53332e-07,0
0,9.549293e-07,0
0,1.0485445e-06,0
0,4.1061656e-07,0
0,9.536657e-06,0
1,0.9999759,1
0,8.4927757e-07,0
0,1.804978e-06,0
0,3.2403534e-06,0
1,0.99999475,1
0,0.0004068451,0
0,0.00080052903,0
0,4.8987417e-06,0
0,2.4400383e-06,0
0,2.0946289e-05,0
0,6.445234e-07,0
0,1.2304389e-07,0
0,6.426651e-05,0
0,2.4044848e-05,0
1,0.999961,1
0,1.0669939e-05,0
0,5.3804e-07,0
0,3.108388e-06,0
0,7.296799e-07,0
0,1.0384528e-06,0
0,3.1011398e-06,0
0,1.7974834e-06,0
0,1.0237228e-06,0
0,4.006133e-06,0
0,9.74967e-07,0
0,1.1874961e-06,0
0,1.7991762e-06,0
0,1.2511325e-06,0
0,1.2054661e-06,0
0,1.2485352e-06,0
0,1.1254756e-06,0
0,0.0011234296,0
0,8.8950166e-08,0
0,6.685148e-05,0
0,1.4082428e-06,0
0,1.6515147e-06,0
0,2.5190348e-05,0
1,0.9999769,1
0,2.4581957e-06,0
0,0.00013159426,0
0,1.2241027e-06,0
0,2.4096198e-05,0
0,2.2163407e-05,0
0,3.6735407e-06,0
0,3.4584848e-06,0
0,2.1078952e-06,0
0,1.2842967e-06,0
0,1.1308431e-05,0
0,9.74967e-07,0
0,1.9242514e-06,0
0,1.3212411e-06,0
0,0.00020362124,0
0,8.618733e-06,0
0,0.00025781928,0
0,2.1471176e-06,0
0,0.00026380163,0
0,7.943589e-07,0
0,0.009474058,0
0,9.703105e-07,0
0,0.0006696915,0
0,6.594782e-07,0
0,3.3867825e-06,0
0,9.661339e-05,0
0,1.1971487e-06,0
0,8.3654464e-07,0
0,5.222427e-05,0
1,0.99989665,1
0,2.7924076e-05,0
0,9.167488e-07,0
0,7.732438e-06,0
0,0.00029469686,0
0,5.978921e-05,0
0,0.00028894783,0
0,6.815988e-07,0
0,8.489366e-07,0
0,1.1022858e-06,0
0,8.36552e-05,0
0,0.0010164425,0
0,5.5077936e-07,0
0,0.0032483835,0
0,6.769754e-07,0
0,1.2054661e-06,0
0,2.5657855e-06,0
0,1.1976648e-06,0
0,8.633364e-07,0
0,1.1756542e-06,0
0,2.5771322e-07,0
0,1.2008833e-06,0
0,1.2054661e-06,0
0,2.5809645e-06,0
0,0.00013980595,0
0,1.1189098e-06,0
0,4.027497e-06,0
0,0.000119302545,0
0,2.0365605e-06,0
0,2.8976547e-06,0
0,4.87602e-06,0
1,0.99997807,1
0,0.00034708314,0
0,0.00023740587,0
0,2.931509e-05,0
0,3.2911273e-06,0
0,0.000101174985,0
0,1.2054661e-06,0
0,0.00026315326,0
0,6.64771e-05,0
1,0.9999949,1
0,1.701931e-05,0
0,8.207235e-07,0
0,8.1778745e-07,0
0,5.2618998e-05,0
0,4.1990872e-05,0
0,0.0034021353,0
0,0.00014049151,0
0,2.088464e-06,0
0,0.00012143391,0
0,6.914779e-06,0
0,3.131308e-07,0
0,0.000108289576,0
0,7.296799e-07,0
0,0.00051436474,0
0,1.1861525e-06,0
0,8.758179e-07,0
1,2.1612253e-05,0
0,0.00010350226,0
0,1.0913228e-06,0
0,4.4577378e-06,0
0,1.1312013e-06,0
0,6.289466e-05,0
0,1.3925852e-06,0
0,3.234503e-05,0
0,2.5638897e-06,0
0,4.146116e-06,0
0,3.693532e-08,0
0,7.2688345e-05,0
0,2.8867962e-07,0
0,3.2193878e-07,0
0,0.00020944948,0
0,1.0750871e-06,0
0,7.536641e-05,0
0,1.2054661e-06,0
0,1.1960258e-06,0
0,3.4768584e-06,0
0,0.00016225423,0
0,1.1958479e-06,0
0,0.0019314776,0
0,1.8193168e-06,0
0,1.1976648e-06,0
0,8.9026435e-07,0
0,1.1810449e-06,0
0,1.1319621e-06,0
0,3.6431254e-06,0
0,1.2546489e-06,0
0,1.3032893e-05,0
0,1.7203298e-05,0
0,8.865331e-07,0
0,1.4387086e-06,0
0,4.8719204e-07,0
0,1.1348048e-06,0
0,1.3251833e-06,0
0,3.0047917e-07,0
0,0.00023149101,0
0,8.9026435e-07,0
1,0.99991775,1
0,8.7953765e-07,0
0,7.2148623e-06,0
0,9.599315e-05,0
0,0.00017779379,0
0,1.2451023e-06,0
0,0.00012484893,0
0,1.2670544e-06,0
0,0.00022170621,0
0,1.2504129e-05,0
1,0.9998977,1
0,1.1868575e-06,0
0,3.0605494e-05,0
0,2.0919365e-06,0
0,9.93336e-06,0
0,3.816362e-05,0
0,1.8747887e-06,0
0,6.2111535e-06,0
0,1.4463452e-06,0
0,2.6768255e-06,0
0,5.879006e-06,0
0,8.2726075e-07,0
0,9.6696e-07,0
0,7.537863e-05,0
0,7.853137e-05,0
1,0.99999213,1
0,1.0947891e-05,0
0,1.38735895e-05,0
0,4.8256006e-05,0
0,2.1831522e-05,0
0,0.00015934357,0
0,7.1240316e-07,0
0,3.5926864e-06,0
0,4.3535115e-06,0
0,1.620698e-06,0
0,9.013196e-07,0
0,0.00038560017,0
0,1.0902743e-06,0
0,1.6073143e-06,0
0,7.2779864e-07,0
0,1.0380468e-06,0
0,3.2959404e-05,0
0,2.4459935e-06,0
0,0.00014751038,0
0,2.4967803e-06,0
0,0.0009862337,0
0,7.2688345e-05,0
0,8.2726075e-07,0
0,3.1479783e-06,0
0,6.596735e-05,0
0,8.633364e-07,0
0,4.7258436e-06,0
0,0.007371012,0
0,2.4841568e-06,0
0,1.4466018e-06,0
0,1.059094e-06,0
0,0.00020702225,0
0,1.9104993e-07,0
0,7.296799e-07,0
0,2.3231598e-06,0
0,1.2054661e-06,0
0,1.5263764e-06,0
0,3.9975876e-05,0
0,1.1756542e-06,0
0,1.9872256e-05,0
0,8.5167176e-07,0
0,0.0010287385,0
0,0.00010297036,0
0,1.5573798e-06,0
0,8.3510974e-07,0
0,9.622796e-05,0
0,0.00045914264,0
0,0.00017036195,0
0,1.099513e-06,0
0,1.1976648e-06,0
0,7.0757613e-07,0
0,7.884885e-07,0
0,2.2984206e-05,0
0,4.3108168e-05,0
0,9.548022e-08,0
0,0.00038041745,0
0,0.00020731697,0
0,0.00048282693,0
0,8.9720737e-07,0
0,4.2449765e-06,0
0,0.00012090555,0
0,0.0004345547,0
0,1.2054661e-06,0
0,2.2302463e-06,0
0,0.00015352594,0
0,8.633364e-07,0
0,7.28841e-06,0
1,0.9996111,1
0,0.00033987092,0
0,1.0012891e-05,0
0,6.644415e-05,0
0,1.3251833e-06,0
0,2.5228987e-06,0
0,4.2776628e-05,0
0,7.2688345e-05,0
0,6.701404e-05,0
0,0.00014116925,0
0,4.7433663e-05,0
1,0.9999013,1
0,9.647907e-07,0
0,5.799579e-05,0
0,8.633364e-07,0
0,1.3221663e-06,0
0,6.3296744e-07,0
0,1.8596067e-05,0
0,1.1976648e-06,0
0,7.7108025e-06,0
0,0.00038763738,0
0,0.0002818862,0
1,0.9999951,1
0,1.1976648e-06,0
0,4.6711157e-06,0
0,1.1976648e-06,0
0,6.4308665e-07,0
0,9.466634e-07,0
0,2.026658e-06,0
0,0.00015506323,0
0,7.4623727e-06,0
0,2.0811274e-06,0
0,0.00033223222,0
0,3.3326191e-06,0
0,0.00048355214,0
1,0.99999285,1
1,0.9999901,1
0,3.1390537e-06,0
0,1.1976648e-06,0
0,4.3754073e-07,0
0,1.2054661e-06,0
0,1.5263764e-06,0
0,5.6492925e-05,0
0,8.5167176e-07,0
1,0.99998987,1
0,2.1253263e-07,0
0,0.0024262539,0
0,9.8268494e-05,0
0,0.00011384566,0
0,0.0029666345,0
0,4.506969e-05,0
0,1.2832026e-05,0
0,1.1243964e-06,0
0,0.00058620976,0
0,2.2192721e-07,0
0,9.3019577e-07,0
0,4.143805e-07,0
0,7.7043405e-05,0
0,1.9390493e-06,0
0,4.6343184e-06,0
0,3.6782453e-07,0
0,6.2599065e-05,0
0,1.1349247e-05,0
0,0.00015411086,0
0,1.9249396e-06,0
0,0.00039197583,0
0,1.9668745e-05,0
0,5.8130452e-05,0
0,7.9521163e-07,0
0,1.4541814e-05,0
1,0.9999213,1
0,0.00022840843,0
0,1.1003218e-06,0
0,9.115862e-05,0
0,5.8502305e-06,0
0,6.474713e-07,0
0,8.633364e-07,0
0,3.2959404e-05,0
0,0.0002449296,0
0,3.5767138e-05,0
1,0.9998116,1
0,2.9467677e-05,0
0,1.3100795e-05,0
0,9.822089e-07,0
0,5.4982015e-06,0
0,2.4404271e-06,0
0,1.4164836e-05,0
0,2.3966693e-06,0
0,4.1157764e-05,0
0,0.00013531766,0
0,1.0679106e-06,0
0,0.00012974386,0
0,4.0530364e-07,0
0,1.5614592e-06,0
0,1.2655689e-06,0
0,2.4166571e-05,0
1,0.99947745,1
0,4.2281834e-05,0
0,0.0030796067,0
0,1.1976648e-06,0
0,0.00030050546,0
0,1.4690124e-06,0
0,0.0002703781,0
0,2.1294338e-06,0
0,0.00053571037,0
0,1.2284038e-05,0
0,9.1135377e-07,0
0,3.2936188e-07,0
0,0.00023595487,0
0,0.00032167413,0
0,1.0395913e-06,0
0,3.2594635e-05,0
0,1.0905888e-07,0
0,4.4598615e-05,0
0,4.4486396e-07,0
0,8.035662e-06,0
0,1.1976648e-06,0
0,9.647907e-07,0
1,0.9999939,1
0,1.1081175e-06,0
0,8.633364e-07,0
0,4.236675e-07,0
0,2.810797e-06,0
0,8.157691e-06,0
0,2.9393198e-06,0
0,0.00022415782,0
0,0.00041216856,0
0,9.531889e-05,0
0,7.332739e-05,0
0,7.6105745e-05,0
0,0.00096046634,0
0,5.929587e-07,0
0,0.00031483214,0
0,4.1226653e-07,0
0,0.0006546086,0
0,2.637334e-06,0
0,8.0487774e-07,0
0,1.4474822e-06,0
0,4.148582e-05,0
0,1.1202509e-05,0
0,8.155895e-07,0
0,2.6872458e-06,0
0,2.4163628e-06,0
0,4.8719204e-07,0
0,0.00024472183,0
0,1.7740686e-06,0
1,0.9995276,1
0,2.4296858e-05,0
0,9.683409e-06,0
0,4.044091e-05,0
0,0.0020789811,0
0,0.00082330965,0
0,0.00037561776,0
0,0.0004530227,0
0,4.1154584e-05,0
0,1.0861431e-05,0
0,1.903735e-06,0
0,1.2612671e-05,0
0,0.00023105879,0
0,1.1861525e-06,0
0,1.1043082e-05,0
0,5.803425e-07,0
0,9.064226e-07,0
0,1.0707283e-06,0
0,5.100705e-06,0
0,1.2511503e-06,0
0,0.00015334452,0
0,9.274528e-08,0
1,0.999992,1
0,5.7048153e-05,0
0,7.054361e-05,0
0,5.918593e-07,0
0,2.976927e-06,0
0,5.1930176e-05,0
1,0.99984956,1
0,1.3945565e-05,0
0,1.5845532e-06,0
0,2.7385956e-06,0
0,0.00030650216,0
0,1.0963969e-06,0
0,1.0041397e-06,0
0,8.069082e-06,0
0,4.559303e-07,0
0,8.4611173e-07,0
0,0.00015335798,0
0,1.5593072e-06,0
0,2.6857983e-06,0
0,1.3625709e-06,0
0,0.00012806045,0
0,1.8771038e-06,0
0,1.2511325e-06,0
0,7.507906e-08,0
0,3.5151104e-05,0
0,6.8624927e-06,0
0,0.000112312366,0
0,0.0014990132,0
0,0.00086105,0
0,0.0011438656,0
0,0.0001944522,0
0,9.7609945e-06,0
0,3.2134267e-06,0
0,2.1006167e-06,0
0,5.9456456e-06,0
0,1.2054661e-06,0
0,1.8088846e-06,0
0,1.1810449e-06,0
0,2.3191376e-06,0
0,3.244829e-08,0
0,1.4070172e-06,0
0,0.00061209535,0
1,0.9999795,1
0,7.936623e-06,0
0,3.5477842e-05,0
0,0.000102548714,0
0,8.633364e-07,0
0,5.3610212e-05,0
0,6.1431274e-07,0
0,1.1081175e-06,0
0,2.2107347e-06,0
0,4.989239e-07,0
0,1.0973938e-06,0
0,1.1976648e-06,0
0,8.190298e-06,0
0,3.8062337e-06,0
0,2.429316e-06,0
0,0.0001504229,0
0,1.3776558e-06,0
0,7.596477e-07,0
0,7.669828e-06,0
0,1.2565431e-06,0
0,7.1520304e-07,0
0,3.6713272e-06,0
0,0.0007832302,0
0,1.5396424e-07,0
0,1.8112978e-06,0
0,0.00047169367,0
0,2.3723373e-06,0
0,0.00024984946,0
0,1.1976648e-06,0
0,2.143521e-06,0
0,5.6496152e-05,0
0,6.203044e-05,0
0,1.1976648e-06,0
0,7.166031e-05,0
0,5.9807e-05,0
0,3.3963563e-06,0
0,0.00034219964,0
0,2.1187018e-06,0
0,1.1546227e-06,0
0,2.7449863e-07,0
0,1.1861525e-06,0
0,8.3489397e-07,0
0,8.9026435e-07,0
0,1.6829314e-05,0
1,0.9993917,1
0,6.21407e-07,0
0,0.004042756,0
0,0.0002190129,0
0,7.951256e-05,0
0,8.419997e-05,0
0,1.23107175e-05,0
0,2.5117805e-07,0
0,9.661793e-07,0
0,7.0992564e-07,0
0,8.0832164e-05,0
0,1.2196757e-06,0
0,3.3564647e-06,0
0,2.4163628e-06,0
0,1.1512066e-06,0
0,0.00023370514,0
0,1.589754e-07,0
0,1.9115382e-07,0
0,9.647907e-07,0
0,1.1081175e-06,0
0,9.74967e-07,0
0,5.2995497e-06,0
0,1.1081175e-06,0
0,1.7954137e-06,0
0,3.075088e-06,0
0,1.0247514e-06,0
0,1.2687883e-06,0
0,9.724606e-07,0
0,9.7680844e-05,0
0,0.00022229318,0
0,1.4387086e-06,0
0,8.920116e-07,0
0,1.1861525e-06,0
0,0.002599093,0
0,6.1415296e-05,0
0,3.4771096e-05,0
0,7.83627e-07,0
0,8.905566e-06,0
0,0.00028169842,0
0,2.6494392e-06,0
0,0.00022570281,0
0,6.471644e-05,0
0,1.477652e-07,0
0,3.341989e-06,0
0,1.409245e-06,0
0,7.0992564e-07,0
0,9.647907e-07,0
0,0.0001428238,0
0,1.1963908e-06,0
0,8.044879e-07,0
0,4.724253e-06,0
0,7.2501294e-05,0
0,6.375803e-07,0
0,2.357884e-06,0
0,1.2347475e-06,0
0,0.00021584381,0
0,7.4938407e-07,0
0,1.6252874e-05,0
0,1.4991194e-06,0
0,5.2393523e-05,0
0,1.3097495e-06,0
1,0.9999244,1
0,1.6639074e-06,0
0,2.7815763e-06,0
0,2.5572376e-07,0
0,6.930419e-07,0
0,1.5723446e-05,0
0,1.1081175e-06,0
0,1.1976648e-06,0
0,9.0164974e-07,0
0,0.00025676077,0
0,3.4121022e-06,0
0,2.7920876e-06,0
0,5.21946e-05,0
0,0.000543928,0
0,2.6984965e-06,0
0,2.3710186e-06,0
0,1.1976648e-06,0
0,1.8564261e-06,0
0,8.9026435e-07,0
0,5.7893185e-06,0
0,0.00012396999,0
0,1.1700002e-06,0
0,2.9306517e-07,0
0,1.2979652e-06,0
0,1.1976648e-06,0
0,7.7098375e-05,0
0,0.00012718025,0
0,6.458358e-07,0
0,1.0174227e-06,0
0,7.782998e-05,0
0,1.5646277e-05,0
0,1.6709296e-06,0
0,2.546508e-06,0
0,6.594782e-07,0
0,1.2250988e-06,0
0,0.00033664345,0
0,5.283692e-05,0
0,8.581322e-07,0
0,4.004005e-05,0
0,4.5975526e-06,0
0,3.978583e-05,0
1,0.9999958,1
0,1.1976648e-06,0
0,6.9817524e-08,0
0,1.1189098e-06,0
0,2.6040639e-06,0
0,0.002296219,0
0,5.684044e-08,0
0,1.0147641e-07,0
0,1.1756542e-06,0
0,2.3404518e-06,0
0,9.299829e-07,0
0,8.0784685e-07,0
0,3.823289e-06,0
0,1.3621084e-06,0
0,2.1006167e-06,0
0,0.00067804987,0
0,1.2160706e-06,0
0,2.4026489e-05,0
0,3.9143397e-06,0
0,9.049086e-07,0
0,6.5524177e-06,0
0,8.128901e-05,0
0,1.3097495e-06,0
1,0.99998295,1
0,0.0023512468,0
0,3.770589e-05,0
0,2.63909e-06,0
0,2.1951976e-07,0
0,1.0927976e-06,0
0,5.2846713e-06,0
0,3.2383455e-06,0
0,0.00025488125,0
0,0.00014084522,0
0,1.5117043e-06,0
0,1.4038553e-06,0
0,8.0164566e-05,0
0,1.6030532e-05,0
0,1.2762846e-06,0
0,1.1756542e-06,0
0,0.0001425279,0
0,3.969003e-06,0
0,2.5004047e-06,0
0,1.2054661e-06,0
0,3.0451808e-06,0
0,1.1861525e-06,0
0,0.00019596261,0
0,0.00016851725,0
0,1.0963969e-06,0
0,1.9117411e-05,0
0,9.911879e-05,0
0,1.2054661e-06,0
0,4.4399295e-07,0
1,0.9999957,1
0,3.0498766e-05,0
0,2.980316e-06,0
1,0.9999958,1
0,6.5927696e-07,0
0,1.7701524e-05,0
0,1.1976648e-06,0
0,0.00022520538,0
0,0.00015524786,0
0,2.1214232e-06,0
0,1.4387086e-06,0
0,9.613823e-07,0
0,0.00013960026,0
0,3.0723957e-05,0
0,4.7896647e-06,0
0,1.4387086e-06,0
0,9.4039706e-07,0
0,6.0710877e-06,0
0,4.567332e-07,0
0,0.00015203752,0
0,3.7574224e-05,0
0,8.207235e-07,0
0,5.427028e-07,0
0,0.0009941786,0
0,4.2814336e-05,0
0,5.339459e-06,0
0,7.692382e-05,0
0,0.0001353547,0
0,0.0003859116,0
0,1.8130623e-06,0
0,0.00019759324,0
0,3.901079e-05,0
0,4.370751e-06,0
0,0.00021407606,0
0,7.884885e-07,0
0,1.1976648e-06,0
0,3.955649e-06,0
0,1.2957481e-05,0
0,2.7595534e-06,0
0,4.130884e-05,0
0,2.0385348e-06,0
0,0.00039448403,0
0,1.1976648e-06,0
0,4.990761e-07,0
0,9.385171e-06,0
0,4.122533e-05,0
0,1.3002388e-06,0
0,5.254383e-05,0
1,0.9999372,1
0,1.1948299e-06,0
0,3.7929208e-06,0
0,9.703105e-07,0
0,9.2825485e-06,0
0,3.972855e-07,0
0,1.9185106e-06,0
0,5.6793953e-05,0
0,5.565363e-06,0
0,8.25676e-05,0
0,5.055349e-07,0
0,7.272343e-06,0
0,9.954014e-06,0
0,3.760154e-06,0
0,0.00033466093,0
0,1.6589703e-06,0
0,1.2054661e-06,0
0,9.7585034e-05,0
0,2.6573142e-07,0
0,1.24520075e-05,0
0,4.2867446e-06,0
0,2.1095946e-06,0
0,0.00021036352,0
0,1.2543366e-06,0
0,7.2779864e-07,0
0,0.00017147325,0
0,1.4367494e-06,0
0,5.828651e-07,0
0,1.5932844e-07,0
0,5.9521382e-05,0
0,4.327329e-05,0
0,6.306252e-06,0
0,7.3234725e-05,0
0,1.3703207e-06,0
0,1.1893562e-05,0
0,1.3710331e-06,0
0,0.0060656983,0
0,1.5953719e-06,0
0,8.2726075e-07,0
0,1.9490595e-07,0
0,1.1081175e-06,0
0,9.2687327e-07,0
0,1.7954137e-06,0
0,1.6626604e-05,0
0,0.00014996305,0
0,6.4308665e-07,0
0,0.0022235995,0
1,0.9999019,1
0,5.1808956e-06,0
0,1.0049012e-05,0
0,1.0777983e-06,0
0,0.00011563969,0
0,1.2054661e-06,0
0,8.318926e-06,0
0,0.0012771805,0
0,0.00024914724,0
1,0.99998856,1
0,1.40896855e-05,0
0,0.00025840473,0
0,1.1458942e-06,0
0,3.6798275e-07,0
0,2.3154273e-06,0
0,9.914014e-07,0
1,0.99999213,1
0,7.794481e-06,0
0,7.092673e-08,0
0,8.3871896e-07,0
0,1.5001878e-06,0
0,1.2239276e-06,0
0,1.8088846e-06,0
0,0.000147248,0
0,8.002655e-07,0
0,4.5740955e-05,0
0,0.00021260417,0
0,8.2726075e-07,0
0,1.0549076e-06,0
0,1.1081175e-06,0
0,2.4766557e-06,0
0,0.00035557552,0
0,1.417001e-05,0
0,7.0992564e-07,0
0,1.1497561e-06,0
1,0.9996259,1
0,4.9114e-06,0
0,3.9635528e-05,0
0,9.527571e-07,0
0,6.00128e-08,0
0,1.0503777e-05,0
0,3.8770242e-05,0
0,7.855523e-06,0
0,5.6588565e-06,0
0,8.2726075e-07,0
0,4.3498303e-06,0
0,2.4652059e-06,0
0,1.00938e-06,0
0,0.010770038,0
0,8.577574e-07,0
0,3.474922e-07,0
0,5.4376125e-07,0
0,1.3061945e-06,0
0,0.00010234103,0
0,7.218758e-06,0
0,5.9503765e-07,0
0,2.3861694e-06,0
0,4.6390578e-05,0
0,1.5485559e-06,0
0,8.7900514e-07,0
0,2.3678845e-06,0
0,7.77764e-06,0
0,1.3097495e-06,0
0,0.00016359068,0
0,2.4163628e-06,0
0,0.00024489948,0
0,0.00022558318,0
0,0.00024438003,0
0,0.00016713688,0
0,0.0018159896,0
0,8.253721e-05,0
0,1.1314397e-06,0
0,3.7665245e-07,0
0,5.6638564e-05,0
0,4.2363723e-07,0
0,1.629389e-07,0
0,4.200173e-06,0
1,0.99999285,1
0,0.00014537797,0
0,0.00014862548,0
0,1.4681469e-06,0
0,8.4574464e-07,0
0,0.00024780422,0
0,1.2511503e-06,0
0,1.2511325e-06,0
1,0.9999964,1
0,5.093205e-06,0
0,5.0290502e-05,0
0,1.4387086e-06,0
0,1.061537e-06,0
0,7.4374134e-06,0
0,8.8323435e-07,0
0,4.9228476e-07,0
0,6.914832e-07,0
0,0.00018059295,0
0,3.497389e-05,0
0,7.28841e-06,0
0,0.0005217121,0
0,3.708915e-07,0
0,1.1138475e-05,0
0,6.7246415e-06,0
0,7.3961803e-07,0
0,3.9955907e-05,0
0,8.4574464e-07,0
0,8.419997e-05,0
0,1.8954541e-06,0
0,1.1555459e-06,0
0,3.4198388e-06,0
1,0.99996436,1
0,1.0259052e-06,0
0,1.1756542e-06,0
0,4.484155e-07,0
0,4.0669665e-06,0
0,1.7592758e-06,0
0,2.3663495e-06,0
1,0.99988174,1
0,1.0925557e-06,0
0,4.42053e-06,0
0,2.2712406e-06,0
0,4.072396e-06,0
0,9.829296e-07,0
0,0.00023654863,0
0,1.1022858e-06,0
0,0.0003404545,0
0,7.503223e-07,0
0,1.3703207e-06,0
0,4.506303e-05,0
0,1.8844003e-06,0
0,2.9817129e-05,0
0,5.838465e-07,0
0,2.5525476e-06,0
0,0.0005147733,0
0,2.9922381e-05,0
0,4.2936836e-06,0
0,3.4121022e-06,0
1,0.9998141,1
0,1.8774095e-05,0
0,2.5301367e-06,0
0,1.0713442e-06,0
0,3.4634256e-06,0
0,1.2054661e-06,0
1,0.9993166,1
0,5.8174e-06,0
0,5.092585e-05,0
0,0.00037725345,0
0,8.0262726e-07,0
0,4.648766e-07,0
0,1.1976648e-06,0
0,1.3510981e-07,0
0,7.8729295e-07,0
0,1.3918904e-07,0
1,0.9999975,1
0,0.0001102112,0
0,4.438897e-07,0
1,0.99996936,1
0,3.494242e-05,0
0,2.8099396e-07,0
0,1.4387086e-06,0
0,7.1075874e-06,0
0,1.0130117e-06,0
0,1.7359283e-05,0
0,1.0501954e-05,0
0,3.1613083e-05,0
0,3.262915e-07,0
0,0.0003642838,0
1,0.999775,1
0,1.1211037e-05,0
0,1.00938e-06,0
0,5.21965e-07,0
0,1.3868213e-06,0
0,3.0126528e-06,0
1,0.99981636,1
0,1.1330897e-06,0
0,1.4522733e-06,0
0,9.156138e-05,0
0,2.4116157e-06,0
0,0.00023353052,0
0,1.188459e-06,0
0,0.00019847487,0
0,2.997361e-06,0
0,7.715061e-08,0
0,2.7808794e-05,0
0,4.112273e-05,0
0,3.772812e-06,0
1,0.9999919,1
0,1.801776e-07,0
0,0.0013791904,0
0,2.7300473e-05,0
0,1.23595955e-05,0
0,2.7352078e-06,0
0,2.0685872e-07,0
0,0.00012361433,0
0,8.0569646e-07,0
0,9.423156e-07,0
0,1.4964241e-06,0
0,2.6625094e-06,0
0,3.2335003e-05,0
0,7.4938407e-07,0
0,0.000576523,0
1,0.9999956,1
0,1.1512066e-06,0
0,1.7270329e-06,0
0,1.1976648e-06,0
0,0.0003404545,0
0,1.779974e-05,0
0,5.4591408e-05,0
0,2.1006167e-06,0
0,1.1512066e-06,0
0,0.0010263147,0
0,9.644964e-07,0
1,0.99952424,1
0,6.5927696e-07,0
0,1.3061409e-06,0
0,7.72681e-05,0
0,9.800382e-07,0
0,1.1976648e-06,0
0,1.2376688e-06,0
0,2.7202028e-05,0
0,5.8066016e-05,0
0,8.2726075e-07,0
0,0.00014796258,0
0,5.9585255e-07,0
0,2.2691386e-06,0
1,0.99980277,1
0,8.633364e-07,0
0,7.296799e-07,0
0,0.000827441,0
0,6.531958e-08,0
0,2.2401734e-06,0
0,1.1315658e-05,0
0,4.381965e-06,0
0,3.784144e-05,0
0,1.2054661e-06,0
0,6.700711e-07,0
1,0.998978,1
0,2.6366122e-06,0
0,5.0229486e-05,0
0,2.4643055e-06,0
0,5.4298283e-08,0
0,9.882205e-06,0
0,1.0442462e-05,0
0,4.037547e-07,0
0,1.361972e-06,0
0,8.339287e-07,0
0,3.4319313e-05,0
1,0.9999951,1
0,0.00048994255,0
0,1.2685355e-06,0
0,1.631001e-06,0
0,1.5263764e-06,0
0,5.5220306e-07,0
0,1.5587838e-07,0
0,3.4132096e-05,0
0,0.00018905975,0
0,3.4213917e-06,0
0,1.1570235e-06,0
0,1.8134274e-06,0
0,0.0043158396,0
0,8.577574e-07,0
0,1.2004665e-06,0
0,4.8705823e-07,0
0,6.2066474e-06,0
0,3.8433853e-05,0
0,8.599426e-05,0
0,5.3171585e-05,0
1,0.9999356,1
0,1.6648102e-05,0
0,5.7277644e-05,0
0,2.6494392e-06,0
0,2.7622627e-06,0
0,2.378143e-06,0
0,1.0638304e-06,0
0,6.739838e-07,0
0,3.2261635e-06,0
0,2.1006167e-06,0
1,0.99963963,1
0,0.00013543088,0
0,1.3521078e-06,0
0,9.154784e-06,0
0,1.5614592e-06,0
0,2.0982702e-06,0
0,2.4732094e-07,0
0,2.0044181e-05,0
0,1.0534227e-06,0
0,1.1903703e-06,0
0,2.1078102e-05,0
0,0.0005752556,0
0,6.208947e-07,0
0,1.4666118e-06,0
0,1.1976648e-06,0
0,4.4304484e-06,0
0,2.5641693e-05,0
0,7.0992564e-07,0
1,0.9998809,1
0,1.2007977e-05,0
1,0.9999975,1
0,6.2726385e-06,0
0,0.00018572039,0
0,6.3659454e-06,0
0,6.885257e-05,0
0,2.860569e-07,0
0,1.0425917e-06,0
0,1.7355757e-06,0
0,8.577574e-07,0
0,1.3011764e-06,0
0,2.0311006e-06,0
0,5.581259e-07,0
0,1.0970903e-06,0
0,6.6394234e-05,0
0,5.641291e-06,0
0,1.1629946e-05,0
0,2.9225487e-06,0
0,9.991955e-05,0
0,0.00035242297,0
0,4.0886236e-05,0
0,3.2590756e-06,0
0,1.3097495e-06,0
0,3.3180206e-07,0
0,0.0004224938,0
0,9.240896e-07,0
0,6.5927696e-07,0
0,1.018915e-05,0
0,1.5485559e-06,0
0,0.00018670384,0
1,0.9994849,1
0,4.2431286e-05,0
0,7.661937e-07,0
0,6.601757e-05,0
0,0.00043487377,0
0,5.1468726e-07,0
0,5.8585215e-06,0
0,1.3097495e-06,0
0,1.1756542e-06,0
0,1.3784457e-06,0
0,1.0164975e-06,0
0,1.1700002e-06,0
0,0.00026877815,0
0,0.00034932516,0
0,1.5977015e-06,0
0,5.8075725e-06,0
0,1.2685355e-06,0
0,1.235277e-07,0
0,0.00041758118,0
0,7.03667e-06,0
0,1.6931494e-06,0
1,0.9997595,1
0,0.00043670888,0
0,1.1211444e-05,0
0,1.575871e-05,0
0,1.8639568e-06,0
0,8.577574e-07,0
0,1.4681469e-06,0
0,1.0250338e-06,0
0,0.00011559195,0
0,1.4099938e-06,0
0,0.0019459447,0
0,2.210233e-06,0
0,6.6044195e-06,0
0,3.1775644e-06,0
0,1.5473099e-06,0
0,5.6287054e-06,0
0,1.1497561e-06,0
0,8.582205e-05,0
1,0.9999801,1
0,9.1838075e-07,0
0,0.0004765495,0
0,7.778745e-06,0
0,0.0006325012,0
0,4.3090004e-06,0
0,0.0004685257,0
0,1.9117411e-05,0
0,8.9026435e-07,0
0,1.6815362e-06,0
0,4.006638e-06,0
0,1.3891205e-06,0
0,1.02036975e-05,0
0,5.929994e-07,0
0,1.3853554e-06,0
0,0.0006863048,0
0,1.0051975e-05,0
0,1.3825731e-06,0
0,1.1976648e-06,0
1,0.99999154,1
0,0.00017505117,0
0,3.357825e-06,0
0,1.7270329e-06,0
0,2.816099e-06,0
0,1.173424e-06,0
0,1.052098e-05,0
0,8.9026435e-07,0
0,2.6968888e-07,0
0,4.3610433e-07,0
0,1.3697844e-05,0
0,1.7415579e-06,0
0,3.4242625e-08,0
0,1.0572885e-06,0
0,2.6800572e-05,0
0,0.0003431719,0
0,0.00029039776,0
0,8.2726075e-07,0
0,0.0024844373,0
0,5.069374e-07,0
0,7.342445e-07,0
0,0.0010500106,0
0,1.5255367e-06,0
0,9.165427e-08,0
0,2.114715e-06,0
0,5.560587e-07,0
0,1.9536576e-06,0
0,0.0014262288,0
0,1.9951844e-06,0
0,7.847802e-07,0
0,5.829079e-07,0
0,4.3285067e-06,0
0,6.256075e-08,0
0,1.1861525e-06,0
0,6.8611575e-07,0
0,4.860898e-06,0
0,1.944733e-06,0
0,1.2054661e-06,0
0,1.2054661e-06,0
0,8.339287e-07,0
0,0.0007551944,0
0,1.3781625e-05,0
0,0.0006472721,0
0,9.4339746e-05,0
0,0.00057794055,0
0,1.0065904e-05,0
0,5.661319e-05,0
0,0.000114403054,0
0,3.3434775e-05,0
0,1.3718578e-05,0
0,4.7779282e-05,0
0,1.1861525e-06,0
0,9.764613e-07,0
0,8.9026435e-07,0
0,2.9978222e-07,0
0,9.1216157e-07,0
0,0.0067077857,0
0,0.00030287754,0
0,2.3670243e-06,0
0,0.0012771805,0
0,9.484726e-07,0
0,1.02296835e-05,0
0,6.248039e-05,0
0,1.6588292e-05,0
0,0.00026905455,0
0,2.144261e-06,0
0,6.9370444e-06,0
0,1.8264398e-05,0
0,2.6622376e-06,0
0,8.255749e-07,0
0,6.7094865e-05,0
0,6.93956e-08,0
0,7.959977e-07,0
0,3.1399784e-05,0
0,2.976927e-06,0
0,0.0003882813,0
0,1.5554175e-06,0
0,1.0649754e-06,0
0,0.0003035227,0
0,8.7407505e-05,0
0,0.0004224938,0
0,2.1991589e-06,0
1,0.99999213,1
0,0.00011777199,0
0,3.3000217e-06,0
0,9.360602e-07,0
0,4.5620243e-05,0
0,0.00034202237,0
0,5.82315e-07,0
0,6.3768703e-06,0
0,2.2549955e-06,0
0,1.8751659e-06,0
0,1.1861525e-06,0
0,0.0002831476,0
0,8.3916467e-07,0
0,1.9851839e-06,0
0,2.5185955e-06,0
0,1.1351121e-06,0
0,1.3018865e-06,0
0,5.9750164e-07,0
0,7.97044e-05,0
0,1.0963709e-05,0
0,1.2054661e-06,0
0,0.00018699175,0
0,1.0248343e-05,0
1,0.9999838,1
0,1.1976648e-06,0
0,1.9546943e-07,0
0,1.1628841e-06,0
0,1.1861525e-06,0
0,0.00033422216,0
0,1.0579336e-05,0
0,1.3637431e-05,0
0,3.3861043e-06,0
0,2.4328308e-06,0
0,2.2597703e-06,0
0,1.0092731e-05,0
0,7.2779864e-07,0
0,0.0001736211,0
0,2.0089225e-07,0
1,0.9999012,1
0,4.391644e-08,0
0,1.2098959e-05,0
0,6.941697e-05,0
0,1.1976648e-06,0
0,5.339459e-06,0
0,2.0995467e-05,0
0,1.5561398e-05,0
0,4.195021e-06,0
0,3.6175638e-07,0
0,8.2857304e-07,0
0,6.2434074e-06,0
0,1.1976648e-06,0
0,2.7475231e-05,0
0,1.1061917e-06,0
0,3.3485098e-06,0
0,1.013374e-06,0
0,8.388366e-05,0
0,0.00028034512,0
0,0.00011358303,0
0,9.3075614e-05,0
0,1.1976648e-06,0
0,1.2590222e-05,0
0,3.946079e-08,0
0,5.892618e-06,0
0,6.647868e-07,0
0,1.5321257e-05,0
0,1.578604e-05,0
0,1.2511503e-06,0
0,3.628788e-05,0
0,9.1871624e-07,0
0,1.2511503e-06,0
0,9.338644e-08,0
0,7.1359324e-08,0
0,4.5516262e-07,0
0,1.4813519e-06,0
0,5.573676e-06,0
0,0.00013996949,0
0,6.0308963e-07,0
0,8.36893e-06,0
0,6.9191536e-08,0
0,9.542583e-05,0
0,1.2054661e-06,0
0,4.1258838e-05,0
0,0.00012768744,0
0,7.8941986e-07,0
0,8.376648e-05,0
0,3.6756534e-05,0
1,0.9999676,1
0,4.6128494e-06,0
0,8.633364e-07,0
0,1.9766583e-06,0
1,0.9999826,1
0,3.523827e-05,0
1,0.9999119,1
0,6.884157e-07,0
0,1.6163111e-06,0
0,2.0050065e-07,0
0,1.1976648e-06,0
0,0.00033765688,0
0,1.1022858e-06,0
0,1.2054661e-06,0
0,6.162779e-07,0
0,4.1797146e-05,0
0,7.072501e-05,0
0,8.041202e-05,0
0,1.1976648e-06,0
0,3.7368925e-06,0
0,1.13855e-06,0
0,1.5859237e-05,0
0,5.016983e-06,0
0,5.884638e-07,0
0,2.3966693e-06,0
0,9.4334166e-05,0
0,2.598554e-06,0
0,7.9120616e-07,0
0,7.5038993e-06,0
0,2.3000212e-05,0
0,1.3409359e-06,0
0,8.7760213e-07,0
0,1.2485352e-06,0
0,7.0992564e-07,0
0,0.00038907866,0
0,2.5299258e-08,0
1,0.9999813,1
0,2.2114052e-06,0
0,1.0647408e-06,0
0,4.153704e-05,0
0,3.953149e-07,0
0,8.750441e-05,0
0,0.00012817992,0
0,0.00013571787,0
1,0.9998956,1
1,0.9998267,1
0,2.710482e-06,0
0,9.4094787e-07,0
0,0.00025909004,0
0,5.208779e-07,0
0,4.9886028e-05,0
1,0.9999498,1
0,4.083546e-06,0
0,3.3571035e-07,0
0,0.0002957109,0
0,7.3019482e-06,0
0,9.0874055e-06,0
0,1.1976648e-06,0
0,2.7794126e-06,0
0,8.9026435e-07,0
0,1.1399756e-06,0
0,0.0001588763,0
0,8.9026435e-07,0
0,1.5950237e-06,0
0,5.7973724e-05,0
0,1.4484252e-05,0
1,0.9999975,1
0,0.0002527124,0
0,1.7817969e-06,0
0,1.914256e-06,0
0,1.2511503e-06,0
0,5.8358868e-08,0
0,5.655365e-07,0
0,1.00101215e-05,0
0,8.400277e-05,0
0,2.483155e-06,0
0,8.4927757e-07,0
0,3.4768584e-06,0
0,6.4308665e-07,0
0,0.0008596711,0
0,1.1081175e-06,0
0,1.0622002e-06,0
0,1.8703814e-06,0
0,1.1189098e-06,0
0,7.1165887e-06,0
0,0.0004337549,0
0,7.169335e-07,0
0,2.9925633e-05,0
0,2.0127707e-06,0
0,4.7531894e-06,0
0,1.1933453e-05,0
0,0.0006902559,0
0,2.3687206e-05,0
0,8.934812e-06,0
0,4.5845853e-05,0
0,1.8907203e-06,0
0,0.00029000707,0
0,9.838345e-07,0
0,0.8517971,1
0,1.4050902e-06,0
0,5.4677485e-06,0
0,2.6422128e-06,0
0,5.9131093e-08,0
0,7.257761e-07,0
0,7.566591e-05,0
0,1.1081175e-06,0
0,4.559026e-06,0
0,1.1263453e-06,0
0,0.00022749408,0
0,5.9456456e-06,0
0,8.9026435e-07,0
0,1.4685922e-06,0
0,3.0461504e-05,0
0,0.00020668343,0
0,8.3672967e-07,0
0,7.498767e-07,0
0,8.53332e-07,0
0,8.413207e-06,0
0,1.903105e-06,0
0,0.00011066013,0
0,0.06205037,0
0,1.2146496e-05,0
0,1.2059019e-06,0
0,9.948442e-07,0
0,8.7120367e-07,0
0,1.2019225e-06,0
0,8.159539e-05,0
0,2.2182255e-06,0
0,4.93834e-05,0
0,0.0003812683,0
0,4.087988e-06,0
0,1.3097495e-06,0
0,1.2110455e-06,0
0,0.00031578535,0
0,2.9395833e-06,0
0,0.0015400053,0
0,2.1870279e-05,0
0,1.3784457e-06,0
0,1.8088846e-06,0
0,0.028221196,0
0,7.7108025e-06,0
0,4.079004e-05,0
0,2.252404e-05,0
0,2.7969913e-06,0
0,0.00013529819,0
0,1.2845637e-06,0
0,6.299898e-06,0
0,1.2927769e-06,0
0,6.306252e-06,0
0,0.00040956182,0
0,0.00042915915,0
0,1.1364195e-06,0
1,0.99999666,1
0,3.726419e-07,0
0,1.1976648e-06,0
0,1.1242215e-05,0
0,5.3627474e-07,0
0,1.0092783e-07,0
0,1.8080847e-07,0
0,6.495801e-05,0
0,8.4472015e-07,0
0,2.5388067e-06,0
0,5.6673903e-06,0
0,0.00024915722,0
0,1.1976648e-06,0
0,1.1976648e-06,0
0,7.6278375e-05,0
0,1.0141755e-06,0
0,6.11002e-05,0
0,7.75604e-07,0
0,1.8624393e-06,0
0,1.1976648e-06,0
0,1.0487196e-06,0
0,0.00035873422,0
0,9.777324e-07,0
0,1.3345914e-06,0
0,8.2726075e-07,0
0,5.4730106e-07,0
0,1.13072765e-05,0
0,2.6541636e-06,0
0,8.559168e-06,0
0,1.6814911e-06,0
0,2.8825346e-07,0
0,7.2206785e-06,0
0,8.633364e-07,0
0,1.5599364e-06,0
0,4.7479826e-08,0
0,2.463805e-06,0
0,1.5191704e-06,0
0,2.144666e-06,0
0,0.00079022965,0
0,4.7188496e-06,0
0,4.7245543e-05,0
0,8.498441e-08,0
0,4.413233e-07,0
0,5.515885e-06,0
0,6.4850576e-07,0
0,5.863296e-05,0
0,4.0035743e-06,0
0,1.1081175e-06,0
0,2.5805116e-06,0
0,4.368696e-06,0
0,1.1695502e-05,0
0,1.963559e-06,0
0,3.1395027e-06,0
0,3.729836e-06,0
0,7.689103e-05,0
0,7.8421164e-07,0
0,3.734662e-07,0
0,0.0003215086,0
0,4.1661053e-05,0
0,8.339213e-06,0
0,0.0031346867,0
0,3.5197418e-06,0
0,6.9116277e-07,0
0,2.5221698e-06,0
0,4.884193e-08,0
0,1.2103977e-06,0
0,2.3971606e-06,0
0,4.61442e-05,0
0,6.014085e-07,0
0,1.0195976e-06,0
0,2.9005278e-07,0
0,8.2726075e-07,0
0,1.1861525e-06,0
0,7.9378464e-05,0
0,1.8590819e-06,0
0,6.540698e-05,0
0,6.339703e-07,0
0,7.8941986e-07,0
0,8.057371e-07,0
0,1.2054661e-06,0
0,3.598172e-07,0
0,0.00014721922,0
0,7.6347e-05,0
0,7.846168e-05,0
0,0.00012133992,0
0,1.0624232e-06,0
0,2.0995994e-06,0
0,1.7159102e-06,0
1,0.9999422,1
0,9.724606e-07,0
0,0.00030450325,0
0,0.00012984795,0
0,2.8517316e-05,0
0,7.628755e-07,0
0,9.832035e-06,0
0,0.00013060805,0
0,0.00026231335,0
0,7.782998e-05,0
0,7.5791786e-06,0
0,1.7503093e-06,0
0,1.2054661e-06,0
0,7.4623727e-06,0
0,0.00019152186,0
0,1.9872256e-05,0
0,0.0002450305,0
0,0.00048214055,0
0,9.360602e-07,0
0,0.00055484177,0
0,3.3389751e-06,0
0,1.1052616e-06,0
0,0.00032555405,0
0,1.0383636e-06,0
0,7.704795e-05,0
0,8.175379e-07,0
0,9.0205833e-07,0
0,0.000107849344,0
0,1.7901062e-05,0
0,5.334181e-06,0
0,3.9389204e-07,0
0,1.2553095e-06,0
0,1.1976648e-06,0
0,1.6888574e-05,0
1,0.99999213,1
0,5.294521e-05,0
0,0.0006374725,0
0,4.718188e-06,0
0,8.2726075e-07,0
0,0.00025520296,0
0,8.133355e-07,0
0,4.2296224e-07,0
0,4.990761e-07,0
0,3.6403475e-05,0
0,5.487709e-06,0
0,0.109352365,0
0,3.8814414e-06,0
1,0.99980336,1
0,1.1756632e-06,0
0,1.4983248e-06,0
0,2.9500718e-05,0
0,1.1911743e-06,0
0,7.27306e-07,0
0,4.4187555e-06,0
0,1.300684e-06,0
0,9.647907e-07,0
0,8.419997e-05,0
0,7.518695e-05,0
0,3.5028e-05,0
0,4.903262e-06,0
0,0.00024088346,0
0,3.4189911e-06,0
0,4.0290502e-07,0
0,8.396602e-07,0
0,5.0897927e-07,0
0,8.03484e-05,0
0,4.2814336e-05,0
1,0.99999213,1
0,1.5117043e-06,0
0,4.9031073e-06,0
0,1.5732151e-06,0
0,0.000147248,0
0,1.4522733e-06,0
0,1.5958939e-06,0
0,0.00054351083,0
0,2.80924e-06,0
0,7.398933e-05,0
0,0.00027647562,0
0,7.1829654e-06,0
0,0.000112612,0
0,1.4387086e-06,0
0,6.4308665e-07,0
0,2.989557e-05,0
0,5.439723e-07,0
0,0.00023105879,0
0,0.0002941949,0
0,0.00047182385,0
0,9.360602e-07,0
0,1.9883255e-06,0
0,2.2305867e-06,0
0,0.00036949327,0
0,8.980266e-07,0
0,0.00013301872,0
0,1.5640121e-06,0
0,1.1976648e-06,0
0,8.167056e-07,0
0,1.678368e-05,0
0,1.1512066e-06,0
0,0.0001284578,0
0,1.7893269e-06,0
0,1.1976648e-06,0
0,1.1733564e-07,0
0,4.462357e-06,0
0,8.336743e-07,0
0,0.0028744503,0
0,0.00016769479,0
0,0.0009792966,0
0,6.1038474e-05,0
0,8.968687e-06,0
0,6.154273e-06,0
1,0.99997807,1
0,1.1081175e-06,0
0,3.9990824e-05,0
0,1.2633501e-06,0
1,0.99998534,1
0,1.1297027e-06,0
0,1.4387086e-06,0
0,9.75004e-05,0
0,0.0002477135,0
0,1.1976648e-06,0
0,1.4387086e-06,0
0,1.4387086e-06,0
0,5.0685445e-05,0
0,0.00011791448,0
0,4.2205384e-06,0
0,9.8468954e-05,0
0,2.1880795e-05,0
0,1.0539257e-05,0
0,6.4033955e-08,0
0,1.6449914e-06,0
0,9.288862e-06,0
0,9.397713e-07,0
0,3.770603e-05,0
1,0.99998355,1
0,8.7120367e-07,0
0,0.00015411086,0
0,6.096089e-08,0
0,3.5701948e-06,0
0,3.2396554e-06,0
0,9.721639e-07,0
0,2.0390002e-07,0
0,1.1756542e-06,0
0,0.00028207898,0
0,1.2063758e-06,0
0,1.173376e-06,0
0,1.3783123e-05,0
0,1.1508553e-06,0
0,3.5790893e-06,0
0,3.9895036e-07,0
0,2.5754273e-06,0
0,0.00020578614,0
0,1.804978e-06,0
0,5.1035095e-05,0
0,0.0004459154,0
0,0.0013014693,0
1,0.9999026,1
0,4.767815e-05,0
0,2.050274e-06,0
0,1.6857477e-06,0
0,1.2843852e-05,0
0,0.0001944368,0
0,7.8379145e-07,0
0,1.3029289e-05,0
0,1.1749218e-07,0
0,0.000339956,0
0,6.584256e-07,0
0,1.4427125e-06,0
0,9.1344664e-05,0
0,0.00020690267,0
0,6.594782e-07,0
0,8.359414e-06,0
0,5.1489496e-07,0
0,1.0647408e-06,0
0,0.00011265345,0
0,2.976927e-06,0
0,1.2186504e-06,0
0,2.7368674e-06,0
0,9.715081e-08,0
0,0.00090979814,0
0,8.676433e-05,0
0,8.2726075e-07,0
0,1.70457e-07,0
1,0.99997747,1
0,5.1099863e-07,0
0,0.00046032935,0
0,2.0106114e-05,0
0,0.00024958825,0
0,5.104303e-05,0
1,0.9998586,1
0,9.586394e-07,0
0,6.700759e-05,0
0,2.7622627e-06,0
0,0.0005772477,0
0,1.1081175e-06,0
0,0.00010376264,0
0,8.110535e-07,0
0,3.673495e-05,0
0,1.3575461e-06,0
0,3.1781492e-06,0
0,8.592672e-07,0
0,0.000101385136,0
0,8.307568e-07,0
0,0.0004251808,0
0,8.9026435e-07,0
0,4.717981e-06,0
0,3.2107982e-06,0
0,4.4828295e-07,0
0,5.166488e-06,0
1,0.9998604,1
1,0.9999975,1
0,1.1756542e-06,0
0,9.077618e-07,0
0,2.997361e-06,0
0,1.0677863e-06,0
0,1.2842967e-06,0
0,1.0141726e-05,0
0,8.59847e-08,0
0,7.407765e-05,0
0,6.205058e-07,0
0,0.00026071985,0
0,0.00055006373,0
0,1.0660312e-06,0
0,0.00021201994,0
0,8.8894405e-05,0
0,2.2609679e-07,0
0,4.5875013e-06,0
1,0.99999416,1
0,0.00041331947,0
0,1.5817118e-06,0
0,2.8121565e-06,0
0,5.289865e-06,0
0,1.4387086e-06,0
0,8.490184e-07,0
0,9.869258e-05,0
0,4.5925384e-07,0
0,8.4927757e-07,0
0,8.855151e-06,0
0,2.1608375e-06,0
0,5.226478e-08,0
0,1.1078946e-06,0
0,0.0002095208,0
0,5.645224e-07,0
0,9.628248e-05,0
0,7.566591e-05,0
0,1.3084725e-05,0
0,8.2726075e-07,0
0,2.5388067e-06,0
0,2.0606358e-05,0
0,9.385697e-08,0
0,1.3575461e-06,0
0,9.647907e-07,0
0,3.4306024e-06,0
0,1.1976648e-06,0
0,3.863586e-07,0
0,9.39817e-07,0
0,5.509542e-05,0
0,1.1312013e-06,0
0,0.0006983931,0
0,0.00010232073,0
0,8.633364e-07,0
0,9.647907e-07,0
0,0.0002290675,0
0,8.6713874e-07,0
0,0.00011935704,0
0,1.0041397e-06,0
0,1.9424826e-06,0
1,0.99999595,1
0,6.3320897e-07,0
0,7.652349e-07,0
0,0.00014580555,0
0,0.00025488125,0
0,9.4334166e-05,0
0,1.0704445e-06,0
0,1.3783971e-06,0
0,0.0003744715,0
0,1.1314397e-06,0
0,1.804978e-06,0
0,1.0913228e-06,0
0,8.9026435e-07,0
0,9.5412644e-05,0
0,2.0128512e-06,0
0,0.00030142942,0
1,0.99999475,1
0,0.00034388225,0
0,5.199523e-07,0
0,5.9892557e-07,0
0,0.00011332803,0
0,8.4574464e-07,0
0,1.9447718e-06,0
0,7.296799e-07,0
0,3.1800412e-06,0
0,2.7956212e-05,0
0,1.1976648e-06,0
0,9.336468e-07,0
0,2.861547e-05,0
0,0.00019364235,0
0,4.851469e-06,0
0,7.2726857e-07,0
0,7.107984e-05,0
0,1.375764e-06,0
0,1.1497561e-06,0
0,1.2250988e-06,0
0,0.0012750735,0
0,0.00018318379,0
0,2.0499263e-05,0
0,1.6577904e-06,0
0,0.000824464,0
0,0.00012868068,0
1,0.99997735,1
0,5.3788e-07,0
0,9.2466786e-07,0
0,3.0167728e-05,0
0,1.1510097e-05,0
0,1.2360057e-06,0
0,8.339287e-07,0
0,3.7713048e-06,0
0,8.9026435e-07,0
0,7.0923136e-07,0
0,0.00011182581,0
0,0.00030345327,0
0,0.0003634412,0
1,0.9999918,1
0,7.7572605e-07,0
0,0.00012613506,0
0,0.00014470251,0
0,2.284921e-06,0
0,0.00013250766,0
0,0.00025672308,0
0,3.2886644e-06,0
0,1.22465135e-05,0
0,6.497658e-06,0
0,8.473553e-07,0
0,3.4768584e-06,0
0,5.7121715e-06,0
0,0.00013670485,0
0,1.4199945e-06,0
0,9.402276e-07,0
0,4.7483413e-06,0
0,7.1292225e-06,0
0,1.8142973e-06,0
0,0.00013274048,0
0,3.3131744e-06,0
0,8.413207e-06,0
0,1.8818246e-05,0
0,0.0005784676,0
0,1.613818e-05,0
0,7.0992564e-07,0
0,1.4308628e-06,0
0,0.00036992185,0
0,1.710255e-05,0
0,7.165023e-08,0
0,5.406607e-05,0
0,1.1976648e-06,0
0,1.3575461e-06,0
0,1.2595306e-06,0
0,8.7093787e-07,0
0,2.1374162e-05,0
0,1.6325264e-05,0
0,1.1491685e-06,0
0,1.1512066e-06,0
0,4.755478e-08,0
0,0.00018678825,0
0,0.0005981572,0
0,0.0005450181,0
0,4.526754e-06,0
0,1.9666062e-05,0
0,3.544994e-06,0
0,0.00013333379,0
0,2.2199229e-06,0
0,0.00824243,0
0,8.2726075e-07,0
0,4.8844163e-07,0
0,1.5040891e-05,0
1,0.9999211,1
0,8.746118e-07,0
0,1.9792897e-06,0
0,3.3628116e-06,0
0,2.505269e-06,0
0,1.1022858e-06,0
0,6.5927696e-07,0
0,1.2685355e-06,0
0,3.1821892e-06,0
0,6.46041e-07,0
0,0.00013321546,0
1,0.9999589,1
0,1.08169935e-07,0
0,4.9873135e-05,0
0,8.4901274e-07,0
0,1.00938e-06,0
0,4.148582e-05,0
0,7.405138e-05,0
0,3.6168847e-06,0
0,1.6551869e-05,0
0,8.980266e-07,0
0,1.3894842e-05,0
0,9.147952e-05,0
0,6.155664e-06,0
0,1.2685355e-06,0
1,0.9999958,1
0,4.4600458e-07,0
0,1.1134258e-06,0
0,9.0918877e-07,0
0,3.045358e-06,0
0,1.0778003e-06,0
0,4.899709e-06,0
0,1.7954137e-06,0
0,1.7954137e-06,0
0,7.3318133e-06,0
0,2.548805e-05,0
0,1.2755624e-05,0
0,7.736218e-05,0
0,6.439139e-07,0
0,4.5698907e-06,0
0,0.00969023,0
0,7.2779864e-07,0
0,3.6646427e-06,0
0,6.0066373e-05,0
1,0.9998306,1
0,3.5673465e-06,0
0,5.704741e-06,0
0,6.780677e-05,0
0,1.0913228e-06,0
0,0.00023321612,0
0,0.00035305755,0
0,1.1976648e-06,0
0,4.0454062e-05,0
0,5.9574404e-08,0
0,0.00033362178,0
0,1.1709335e-06,0
0,8.0638057e-07,0
0,1.9413696e-06,0
0,5.900844e-05,0
0,0.00037642109,0
0,1.1512066e-06,0
0,8.460028e-07,0
0,2.9806085e-06,0
0,9.338596e-07,0
0,1.8343834e-06,0
0,7.4840995e-07,0
0,8.738442e-05,0
0,9.790865e-06,0
0,2.3416853e-05,0
0,2.057639e-06,0
0,3.2409068e-06,0
0,1.6619486e-05,0
0,1.1976648e-06,0
1,0.99995255,1
0,2.5641693e-05,0
0,9.1866104e-07,0
0,8.271465e-05,0
0,0.00043372306,0
0,2.2532586e-06,0
0,8.8483114e-07,0
0,8.232632e-06,0
0,7.640871e-07,0
0,0.00043842217,0
0,2.102547e-06,0
0,5.505818e-05,0
1,0.9999062,1
0,3.630938e-05,0
0,1.227734e-06,0
0,1.3249067e-05,0
0,7.2779864e-07,0
0,2.1006167e-06,0
0,1.2548882e-06,0
0,3.917307e-05,0
1,0.99995303,1
0,4.1384578e-07,0
0,0.0003132701,0
0,0.000116663425,0
1,0.9986125,1
0,4.868853e-05,0
0,8.4927757e-07,0
0,0.00010511547,0
0,9.897655e-05,0
0,1.3522225e-06,0
0,1.1756542e-06,0
0,1.4095207e-06,0
0,2.2013432e-06,0
0,0.00026655107,0
0,5.54316e-05,0
0,9.459889e-06,0
0,0.00015910507,0
1,0.99999154,1
0,1.1189098e-06,0
0,6.1516107e-07,0
1,0.99999154,1
0,1.8088846e-06,0
0,5.9791196e-06,0
1,0.99999046,1
0,0.0010542966,0
0,0.0001369423,0
0,2.8867953e-06,0
0,1.3097495e-06,0
0,6.5465946e-07,0
0,1.5713898e-05,0
0,1.0425917e-06,0
0,7.1165887e-06,0
0,6.616957e-07,0
0,6.51146e-06,0
0,1.0714959e-07,0
0,1.7881875e-07,0
0,0.00040086877,0
0,1.7448829e-07,0
0,1.76488e-06,0
0,2.3894796e-07,0
0,3.6194135e-07,0
1,0.99895954,1
0,6.930419e-07,0
0,2.3240189e-05,0
0,2.604752e-06,0
0,1.2372911e-06,0
0,4.927681e-07,0
0,1.2685355e-06,0
0,0.000513955,0
0,1.585151e-05,0
0,1.1176259e-06,0
0,9.360602e-07,0
0,8.5167176e-07,0
0,0.0004417226,0
0,6.594782e-07,0
0,6.18504e-05,0
0,3.6739786e-07,0
0,1.9286128e-06,0
0,1.020729e-06,0
0,0.0001311757,0
0,1.0855359e-06,0
0,1.1976648e-06,0
0,0.0003206478,0
0,1.8323697e-05,0
0,6.11391e-07,0
0,4.54897e-05,0
0,1.1081175e-06,0
0,1.1976648e-06,0
0,8.543238e-07,0
0,9.036237e-07,0
0,1.4387086e-06,0
0,1.1976648e-06,0
0,8.2726075e-07,0
0,1.1861525e-06,0
0,4.0703267e-06,0
1,0.999944,1
0,7.388858e-05,0
0,1.838471e-06,0
0,1.9953918e-06,0
0,0.0009868686,0
0,6.527862e-05,0
0,7.872722e-05,0
0,7.3130395e-05,0
0,1.1031073e-05,0
0,4.684633e-06,0
0,1.0886207e-07,0
0,1.1976648e-06,0
0,2.5264308e-06,0
0,7.321811e-08,0
0,1.2511325e-06,0
0,7.296799e-07,0
0,8.080819e-07,0
0,2.4068638e-07,0
0,8.633364e-07,0
0,2.4480223e-05,0
0,1.13855e-06,0
0,3.2296973e-06,0
0,2.0180294e-06,0
0,3.610881e-06,0
0,1.2842967e-06,0
0,0.00029922754,0
1,0.9999893,1
0,9.033815e-06,0
0,2.1541034e-06,0
0,5.392374e-07,0
0,1.9005296e-06,0
0,1.1491685e-06,0
0,2.9395833e-06,0
0,0.00015126087,0
0,3.1377797e-07,0
0,0.00029749237,0
0,8.0915306e-05,0
0,0.00043670888,0
0,1.3387177e-06,0
0,5.283235e-06,0
0,6.7415084e-07,0
0,9.2224895e-05,0
0,1.3072687e-06,0
0,1.2243595e-06,0
0,7.508606e-07,0
0,6.406602e-07,0
0,2.442341e-06,0
0,1.4443604e-06,0
0,1.1861525e-06,0
0,0.0003634412,0
1,0.99999285,1
0,4.691084e-07,0
0,2.1107678e-06,0
0,1.2816653e-05,0
0,2.0027126e-06,0
0,2.0350799e-05,0
0,7.0873165e-07,0
0,2.5188545e-05,0
0,2.5244583e-06,0
0,1.1534249e-05,0
0,6.6394234e-05,0
0,6.5495794e-07,0
1,0.99979085,1
0,1.0062592e-05,0
0,9.644964e-07,0
0,0.00018372446,0
0,9.91949e-07,0
1,0.9999728,1
0,2.8964914e-06,0
0,0.00011577254,0
0,3.8508657e-07,0
0,0.0002865466,0
0,0.00027356957,0
0,8.633364e-07,0
0,8.6325576e-07,0
0,0.0003423615,0
0,1.4681469e-06,0
1,0.99970824,1
0,0.0005431263,0
0,1.4387086e-06,0
0,4.0057734e-05,0
0,1.2511503e-06,0
0,3.602413e-06,0
1,0.9999244,1
0,5.275873e-05,0
0,7.793269e-05,0
0,0.001572076,0
0,9.74967e-07,0
0,8.2726075e-07,0
0,3.6175796e-05,0
0,0.00054351083,0
0,1.5297485e-07,0
0,5.544427e-06,0
0,3.6074454e-07,0
0,9.1920934e-05,0
0,1.1780166e-06,0
0,9.352259e-07,0
0,2.0632832e-07,0
0,9.866853e-07,0
0,1.6527545e-05,0
0,8.307568e-07,0
0,6.594782e-07,0
0,8.276814e-07,0
1,0.9999919,1
0,0.0011935255,0
0,8.287437e-05,0
0,3.710373e-06,0
0,3.1947563e-06,0
0,2.3706934e-05,0
0,0.0001663267,0
0,7.8738606e-07,0
0,0.0011472749,0
0,0.0001330588,0
0,2.981649e-06,0
0,1.765693e-05,0
0,6.930419e-07,0
0,0.00014633316,0
0,2.1202977e-05,0
0,0.00091437314,0
0,9.7715565e-06,0
0,8.285422e-07,0
0,3.0545289e-06,0
0,2.1038014e-07,0
0,8.633364e-07,0
0,1.1976648e-06,0
0,1.41539385e-05,0
0,2.030994e-06,0
0,6.937442e-07,0
0,8.698554e-07,0
1,0.9999651,1
0,0.00022298435,0
0,6.214021e-05,0
0,1.8673105e-06,0
0,0.00016461371,0
1,0.9999069,1
0,1.0086447e-06,0
0,2.7000438e-06,0
0,0.00015167249,0
0,1.8160015e-05,0
0,9.8396864e-05,0
0,1.0767312e-05,0
0,9.297718e-07,0
0,1.0250338e-06,0
0,2.5221667e-05,0
0,1.1372088e-06,0
0,3.3902597e-06,0
0,0.00012909657,0
0,0.0010362284,0
0,8.497831e-07,0
1,0.99998295,1
0,4.6755344e-05,0
0,8.572603e-05,0
0,5.092585e-05,0
0,1.7809063e-05,0
0,1.6022516e-07,0
0,0.0007502414,0
0,2.2846421e-05,0
1,0.9999808,1
0,8.609652e-07,0
0,2.6188647e-07,0
0,1.309827e-06,0
0,4.8048673e-06,0
0,1.0195976e-06,0
0,7.4746654e-06,0
0,1.4681469e-06,0
0,1.7415579e-06,0
0,6.4116716e-06,0
1,0.9999908,1
0,2.5895593e-05,0
0,1.2817943e-06,0
0,7.1161565e-05,0
1,0.9999949,1
0,5.339231e-05,0
0,8.002655e-07,0
0,1.916395e-06,0
0,3.981513e-06,0
0,3.7465518e-06,0
0,1.5031727e-05,0
0,8.633364e-07,0
0,1.3038185e-06,0
0,8.047188e-06,0
0,8.9026435e-07,0
0,2.1006167e-06,0
0,1.1180091e-07,0
0,7.167036e-06,0
0,9.520742e-05,0
0,5.3987755e-05,0
0,1.1294615e-06,0
0,0.008550595,0
0,3.0505903e-06,0
0,1.1976648e-06,0
0,1.1078946e-06,0
0,1.5625612e-05,0
0,2.089466e-06,0
0,8.04211e-07,0
0,1.027608e-06,0
0,4.869259e-06,0
0,5.013966e-05,0
0,9.32287e-06,0
0,6.4127664e-05,0
0,5.366247e-07,0
0,1.4387086e-06,0
0,8.633364e-07,0
0,0.00016130092,0
0,0.0006540399,0
0,4.278487e-05,0
0,8.462539e-05,0
0,4.7308354e-06,0
0,6.109991e-05,0
1,7.57199e-05,0
0,0.0014911778,0
0,5.0730032e-05,0
0,1.3575461e-06,0
0,0.0010230878,0
0,1.1344129e-05,0
0,8.4927757e-07,0
0,2.1006167e-06,0
0,1.9919182e-06,0
0,0.0002166878,0
0,6.327092e-08,0
0,0.00018670384,0
0,9.542583e-05,0
0,8.819871e-06,0
0,4.5195497e-06,0
0,1.1976648e-06,0
0,2.2248971e-06,0
0,3.0438423e-06,0
0,1.1756542e-06,0
0,7.4872856e-05,0
0,4.6143407e-05,0
1,0.9999939,1
0,2.047833e-06,0
0,0.00014696507,0
0,3.959016e-05,0
0,0.00016907848,0
0,1.2883977e-06,0
0,7.314117e-06,0
0,0.00018715193,0
0,0.00013420741,0
0,5.9456456e-06,0
0,1.4387086e-06,0
0,1.740774e-06,0
0,0.00014102583,0
0,0.00048391504,0
0,0.0001718235,0
0,2.144666e-06,0
0,4.3416685e-07,0
0,1.6344222e-05,0
0,5.9807e-05,0
0,7.2458664e-07,0
0,3.274321e-05,0
0,9.31441e-06,0
0,1.1330897e-06,0
0,3.30989e-06,0
0,7.093852e-05,0
0,8.152978e-07,0
0,0.00052656163,0
0,9.328486e-05,0
0,6.7014014e-07,0
0,3.716442e-08,0
0,2.4683181e-06,0
0,6.1431274e-07,0
0,2.97468e-07,0
0,0.00023416507,0
0,2.6679538e-07,0
0,1.8629775e-05,0
0,1.8735498e-05,0
0,8.9026435e-07,0
0,1.2054661e-06,0
1,0.9999902,1
0,0.00023007943,0
0,1.1312013e-06,0
0,5.686148e-07,0
0,3.7724305e-06,0
1,0.99980336,1
0,0.0040874896,0
0,2.6070284e-06,0
0,2.6578643e-06,0
0,1.412252e-06,0
0,2.1607006e-07,0
0,0.00023867958,0
0,7.090498e-05,0
0,1.1497029e-07,0
1,0.9999949,1
0,5.9892557e-07,0
1,0.99999285,1
0,5.211527e-07,0
0,2.5388067e-06,0
0,7.0323705e-07,0
0,1.2133506e-05,0
0,6.128554e-05,0
0,0.000115763374,0
0,3.7774709e-07,0
0,0.0001618162,0
0,0.00011242626,0
0,3.763587e-07,0
0,7.153449e-07,0
0,1.3260607e-06,0
0,8.9567465e-07,0
0,0.0004540488,0
0,6.914779e-06,0
0,1.2772989e-06,0
0,0.000105740575,0
1,0.9999356,1
0,0.000116108844,0
0,4.9575885e-07,0
0,0.00015692729,0
0,1.2375023e-05,0
0,7.506136e-07,0
0,5.799586e-06,0
0,8.608016e-05,0
0,9.2797274e-07,0
0,3.0565494e-07,0
0,2.9119656e-06,0
0,8.559168e-06,0
0,5.329545e-05,0
0,6.3659454e-06,0
0,8.9026435e-07,0
0,1.5150875e-06,0
0,5.6392255e-06,0
0,2.7413305e-05,0
0,1.821006e-07,0
0,5.397535e-07,0
0,5.805196e-07,0
1,0.9999918,1
0,1.4973006e-06,0
0,8.633364e-07,0
0,1.1976648e-06,0
0,2.0176906e-06,0
0,1.2156567e-06,0
0,1.0927976e-06,0
0,8.419997e-05,0
0,0.00027874944,0
0,4.2511395e-08,0
0,1.2182785e-05,0
0,1.1022858e-06,0
0,5.1097084e-07,0
0,1.0031519e-06,0
0,2.581504e-05,0
0,7.7025913e-07,0
0,9.069665e-05,0
0,3.2104062e-06,0
0,2.225188e-06,0
0,1.4981174e-07,0
0,1.0348206e-06,0
0,1.4904528e-05,0
0,2.0455104e-06,0
0,1.4681469e-06,0
0,0.00037524625,0
0,1.3733474e-05,0
0,1.2704689e-06,0
0,0.00010966219,0
0,1.1976648e-06,0
0,8.642511e-05,0
0,1.9445237e-05,0
0,1.1911743e-06,0
0,7.2141484e-07,0
0,7.385344e-06,0
0,1.5849265e-06,0
0,1.0686936e-05,0
0,1.0913228e-06,0
0,6.067726e-07,0
0,2.2712406e-06,0
0,0.00035399332,0
0,6.1431274e-07,0
0,3.0633166e-07,0
0,1.7934144e-05,0
0,1.4188666e-07,0
0,1.1157228e-05,0
0,2.2301954e-06,0
0,8.2726075e-07,0
0,4.6562386e-06,0
0,0.00012089621,0
0,0.00018539802,0
0,5.8155973e-07,0
0,9.659526e-07,0
0,0.00032620554,0
0,1.0711133e-06,0
0,9.3043955e-06,0
0,1.3196758e-06,0
0,9.336468e-07,0
0,1.0005073e-06,0
0,7.7012174e-07,0
0,1.0692822e-06,0
0,1.7712991e-05,0
0,2.5200464e-07,0
0,5.2170166e-05,0
0,7.517154e-07,0
0,1.0449516e-05,0
0,1.0160952e-06,0
0,0.00038146062,0
1,0.99993145,1
0,1.3676963e-06,0
0,0.00047790122,0
0,3.9463835e-06,0
0,1.4387086e-06,0
0,1.325383e-06,0
0,8.3114355e-07,0
0,2.5868418e-05,0
0,1.5822806e-06,0
0,2.3365046e-06,0
1,0.9988906,1
0,3.2596374e-05,0
0,1.4661713e-06,0
0,0.0007752868,0
0,4.0282484e-05,0
0,0.00011888928,0
0,0.0006294874,0
0,1.8423958e-05,0
0,0.00026748638,0
0,5.599247e-07,0
0,4.36418e-08,0
0,7.296799e-07,0
0,5.915465e-05,0
0,1.6050877e-05,0
1,0.9999192,1
0,0.000112959795,0
0,9.647907e-07,0
0,8.633364e-07,0
0,1.1976648e-06,0
0,1.0657563e-05,0
0,4.983779e-07,0
0,1.2054661e-06,0
0,1.0425917e-06,0
0,8.4899654e-07,0
0,1.5191704e-06,0
0,2.508307e-07,0
0,3.6312387e-05,0
0,7.825352e-06,0
0,1.796289e-06,0
1,0.99999595,1
0,2.8556695e-05,0
0,7.288569e-06,0
0,9.708745e-08,0
0,1.419292e-05,0
0,0.0007584221,0
0,5.7888595e-08,0
0,1.963559e-06,0
0,8.2726075e-07,0
0,0.00012091443,0
0,0.00031824945,0
0,1.6320063e-06,0
0,5.2709143e-05,0
0,0.00014968847,0
0,1.1512066e-06,0
0,1.2376688e-06,0
0,0.00016225423,0
0,8.633364e-07,0
0,1.3575461e-06,0
0,0.00014852885,0
0,4.3090004e-06,0
0,1.1976648e-06,0
0,3.3364227e-06,0
0,2.3019834e-06,0
0,1.6501639e-07,0
0,8.285422e-07,0
0,7.729914e-07,0
0,8.633364e-07,0
0,2.6787407e-06,0
0,3.9975723e-05,0
0,2.4004755e-06,0
0,8.897119e-07,0
0,1.6770696e-06,0
0,1.4625568e-05,0
0,5.3029496e-05,0
0,7.775021e-07,0
0,1.4681469e-06,0
0,0.00025414283,0
0,0.00031511407,0
0,9.103114e-07,0
1,0.9999949,1
0,1.0543112e-06,0
0,0.00027029176,0
0,1.2054661e-06,0
0,1.3658911e-06,0
0,7.810941e-06,0
0,1.1081175e-06,0
0,9.703968e-05,0
0,1.2054661e-06,0
0,2.4967803e-06,0
0,3.3249303e-06,0
0,5.3041913e-06,0
0,0.0015522224,0
0,7.0175514e-07,0
0,0.00017924728,0
0,3.099304e-08,0
0,2.1326538e-05,0
0,3.8770242e-05,0
0,8.14344e-05,0
0,6.458315e-07,0
0,1.1861525e-06,0
0,9.74967e-07,0
0,3.3605897e-06,0
0,9.331356e-06,0
0,6.600578e-06,0
0,0.0005193784,0
0,0.00031425216,0
0,3.8118278e-06,0
0,6.511995e-06,0
0,2.1006167e-06,0
0,3.5484197e-07,0
0,4.1751466e-07,0
0,1.9206707e-06,0
0,5.999442e-05,0
1,0.9999956,1
0,0.00044520842,0
0,0.0001691683,0
0,8.1318495e-07,0
0,3.6283268e-06,0
0,0.00084619795,0
0,9.9934994e-08,0
0,3.423827e-06,0
0,0.00025488125,0
0,6.994327e-07,0
0,4.37971e-05,0
0,0.000509921,0
0,6.287584e-07,0
0,8.4574464e-07,0
0,4.5878555e-06,0
0,8.633364e-07,0
0,0.0006077509,0
0,0.00016973964,0
0,1.6662672e-07,0
0,1.0237228e-06,0
0,0.00010390612,0
0,9.3977105e-06,0
0,2.013983e-07,0
0,0.00012772555,0
0,1.475364e-06,0
0,2.9500718e-05,0
0,3.1482305e-06,0
0,8.676543e-08,0
0,0.00021903632,0
0,1.2924119e-06,0
0,4.4220718e-07,0
0,7.490027e-05,0
0,9.623069e-07,0
0,1.52468e-06,0
0,0.00038123285,0
0,4.2981002e-05,0
0,2.5061052e-05,0
1,0.9999901,1
0,6.4308665e-07,0
0,3.771078e-05,0
0,1.43318175e-05,0
1,0.99998426,1
0,1.6073527e-06,0
0,2.016373e-06,0
0,8.5576896e-05,0
0,1.6695274e-05,0
0,1.384588e-06,0
0,0.0016835073,0
0,7.0749034e-06,0
1,0.99612695,1
0,0.00023595487,0
0,1.99733e-06,0
0,6.674021e-07,0
0,1.395893e-07,0
1,0.9999939,1
0,0.00012409477,0
0,6.0336464e-07,0
0,3.8461785e-06,0
0,0.0015501834,0
0,3.200173e-05,0
0,4.6726414e-05,0
0,3.9894695e-07,0
0,1.1649965e-06,0
0,1.0383636e-06,0
0,1.3521078e-06,0
0,1.1976648e-06,0
0,7.5891817e-06,0
0,1.1976648e-06,0
0,8.7050885e-06,0
0,1.1976648e-06,0
0,4.4523717e-06,0
0,9.4828175e-07,0
0,0.0007347269,0
0,3.0324788e-06,0
0,7.3402043e-07,0
0,1.7552186e-06,0
0,6.974196e-05,0
0,1.4277006e-05,0
0,8.1217047e-07,0
0,5.697553e-06,0
0,6.1431274e-07,0
0,2.3971606e-06,0
0,1.1700002e-06,0
0,2.4049164e-06,0
0,3.8062337e-06,0
0,0.0003207386,0
0,0.000113073605,0
0,7.479578e-05,0
0,2.697331e-06,0
0,8.2726075e-07,0
0,1.1976648e-06,0
0,0.00044920025,0
0,0.0011918191,0
0,1.3450997e-06,0
0,1.1976648e-06,0
0,3.6214371e-06,0
1,0.99987555,1
0,1.5730666e-06,0
0,1.3097495e-06,0
0,1.2059996e-06,0
0,7.3012893e-07,0
0,2.9739994e-07,0
0,7.197299e-07,0
0,6.553934e-07,0
0,1.1344129e-05,0
0,4.91364e-07,0
0,2.0090374e-07,0
0,1.0383636e-06,0
0,5.7067105e-06,0
0,9.703105e-07,0
0,9.839481e-07,0
0,0.00014992029,0
0,8.167056e-07,0
0,2.4687631e-06,0
0,5.2727995e-05,0
0,4.3120426e-06,0
0,1.2423328e-06,0
0,0.0004923503,0
0,4.504614e-06,0
0,1.0766224e-05,0
0,3.3409502e-05,0
0,0.00024409803,0
0,3.1482725e-06,0
0,1.1277243e-06,0
0,1.5400844e-06,0
0,2.6167802e-06,0
0,5.9456456e-06,0
0,4.500539e-06,0
0,0.00052818,0
0,7.319245e-06,0
0,0.00010113052,0
0,3.4137065e-06,0
1,0.9999827,1
0,4.5780576e-05,0
0,0.0012174562,0
0,2.347177e-07,0
0,1.6626604e-05,0
0,4.3990008e-07,0
0,0.000609754,0
0,3.0137187e-06,0
0,1.8767009e-06,0
0,0.0015400053,0
0,9.647907e-07,0
0,2.2097304e-07,0
0,9.9199446e-05,0
0,8.980266e-07,0
0,9.567287e-07,0
0,1.1976648e-06,0
0,6.937713e-05,0
0,5.503857e-06,0
0,9.1812063e-07,0
0,4.3543653e-07,0
0,9.0244725e-07,0
0,0.00028960974,0
0,5.854301e-05,0
0,1.1935806e-06,0
0,1.5800453e-05,0
0,1.0627475e-06,0
0,0.0002982532,0
0,7.7477085e-07,0
0,1.2511503e-06,0
0,2.341787e-06,0
0,1.3097495e-06,0
0,0.0004224938,0
0,0.00010873981,0
0,1.3300756e-06,0
0,2.3829627e-06,0
0,1.1081175e-06,0
0,9.6895164e-05,0
0,8.7740795e-05,0
0,8.460028e-07,0
0,6.754489e-05,0
0,5.3776944e-06,0
0,0.00017462973,0
0,1.1976648e-06,0
0,0.0023035433,0
0,1.3331298e-05,0
0,1.4466018e-06,0
0,0.00025686927,0
0,1.2201365e-06,0
0,3.0998683e-06,0
0,2.562995e-06,0
0,1.1976648e-06,0
0,5.2921376e-07,0
0,7.4069736e-05,0
0,3.8020073e-07,0
0,0.00061807863,0
0,6.4328293e-07,0
0,1.084846e-05,0
0,0.00012553416,0
0,3.1378218e-07,0
0,9.885844e-06,0
0,1.0701141e-05,0
0,1.1138177e-06,0
0,8.195377e-06,0
0,1.1976648e-06,0
0,8.633364e-07,0
0,0.00015738208,0
0,1.2054661e-06,0
0,1.3097495e-06,0
0,0.002385729,0
0,1.1323722e-05,0
0,1.13855e-06,0
0,8.040956e-05,0
0,7.729914e-07,0
1,0.999982,1
0,1.1861525e-06,0
0,7.565859e-07,0
0,1.5717768e-06,0
0,2.051996e-07,0
0,6.9817524e-08,0
0,4.5142083e-06,0
0,1.2864202e-05,0
0,0.00036820138,0
0,1.2054661e-06,0
0,9.644614e-07,0
0,3.1110406e-07,0
0,1.2526475e-06,0
0,1.1976648e-06,0
0,0.014677385,0
0,7.63308e-06,0
0,1.3421501e-06,0
0,9.644964e-07,0
0,3.3026117e-07,0
0,5.2849216e-05,0
0,1.2526475e-06,0
0,1.3088467e-06,0
0,2.6693153e-06,0
0,6.078526e-06,0
0,3.5059963e-06,0
0,8.633364e-07,0
0,1.2685355e-06,0
0,1.2392102e-06,0
0,1.4387086e-06,0
0,0.00023126708,0
0,8.3302336e-07,0
0,2.9863616e-06,0
0,1.5297485e-07,0
0,2.9328066e-06,0
0,8.175379e-07,0
1,0.99999,1
0,1.64472e-07,0
1,0.9999887,1
0,7.281046e-06,0
0,2.676019e-06,0
0,5.803425e-07,0
0,2.8351606e-05,0
0,3.5979976e-06,0
0,7.296799e-07,0
0,1.1756542e-06,0
0,9.4179566e-05,0
0,4.82216e-06,0
0,1.804978e-06,0
0,0.0003709228,0
0,7.795714e-05,0
0,6.2097047e-07,0
0,8.58065e-05,0
0,3.3062022e-06,0
0,2.1560559e-06,0
0,0.0020294925,0
0,2.2549955e-06,0
0,8.36905e-06,0
0,0.00012850766,0
0,0.0026359241,0
0,1.7184583e-06,0
0,7.529365e-07,0
0,5.544427e-06,0
0,0.00028199615,0
0,1.2057308e-05,0
0,1.2762846e-06,0
0,1.1512066e-06,0
0,1.2692421e-06,0
0,2.0158315e-07,0
0,5.294288e-07,0
1,5.772124e-05,0
0,6.680632e-06,0
0,1.7048518e-05,0
0,6.5927696e-07,0
0,1.2545077e-06,0
0,2.4514378e-05,0
0,1.3920152e-07,0
0,1.3021759e-06,0
0,4.651621e-05,0
0,9.777127e-07,0
0,1.3309956e-06,0
0,0.00020687604,0
0,2.050274e-06,0
0,9.201304e-06,0
0,6.930003e-07,0
0,7.117607e-07,0
0,4.4509645e-05,0
0,1.1861525e-06,0
0,0.00031587147,0
0,8.633364e-07,0
0,1.130856e-06,0
0,1.3689904e-05,0
0,7.0992564e-07,0
0,3.6138056e-06,0
0,1.1976648e-06,0
0,1.1976648e-06,0
0,0.0002135163,0
0,4.129501e-05,0
0,1.1916735e-05,0
0,1.1330897e-06,0
0,1.1896023e-05,0
0,4.2326124e-07,0
0,7.28841e-06,0
0,2.308026e-05,0
0,4.809397e-08,0
0,7.7108025e-06,0
1,0.999342,1
0,7.833817e-05,0
0,0.0004761513,0
0,7.2779864e-07,0
0,6.561733e-05,0
0,1.5952594e-06,0
0,5.796285e-07,0
0,1.4001957e-06,0
0,4.473651e-08,0
0,0.0001693502,0
0,1.2113516e-06,0
0,2.0100908e-06,0
0,0.0011240639,0
0,7.4840995e-07,0
0,1.0237228e-06,0
0,6.5927696e-07,0
0,1.2685355e-06,0
0,7.0992564e-07,0
0,6.303919e-06,0
0,9.586394e-07,0
0,0.0003015303,0
0,1.5923677e-05,0
0,1.13855e-06,0
0,0.00041331947,0
0,3.033518e-07,0
0,8.853014e-05,0
0,9.721639e-07,0
0,1.0485355e-06,0
0,3.9056663e-06,0
0,8.716059e-07,0
0,0.00031899035,0
0,0.00017023968,0
0,1.1081175e-06,0
0,3.1124312e-06,0
0,7.832572e-07,0
0,0.0008861619,0
0,1.0500532e-05,0
0,0.00021302988,0
0,8.955329e-05,0
1,0.99999213,1
0,1.2511503e-06,0
0,1.46306165e-05,0
0,9.064226e-07,0
0,5.696618e-07,0
0,1.3575461e-06,0
0,1.131701e-06,0
0,5.339459e-06,0
0,6.4308665e-07,0
0,3.1042168e-06,0
0,1.9411013e-06,0
0,2.6140415e-06,0
0,4.7682488e-07,0
0,2.2814134e-05,0
0,1.2054661e-06,0
0,1.3455652e-05,0
0,1.0367922e-06,0
0,1.1976648e-06,0
0,2.4107116e-05,0
0,6.5927696e-07,0
0,0.30669743,0
0,2.941131e-06,0
0,5.3776944e-06,0
0,0.00043335918,0
0,0.00049704267,0
0,1.6984588e-06,0
0,1.4812806e-05,0
0,1.6173998e-06,0
0,4.864474e-08,0
0,2.0740679e-06,0
0,0.00048214055,0
0,1.1069262e-05,0
0,0.00014166428,0
0,1.1976648e-06,0
0,1.7405333e-06,0
0,1.46779e-06,0
0,0.00015850921,0
0,1.0606343e-06,0
1,0.99978405,1
0,8.464499e-07,0
0,5.7045218e-05,0
0,2.0569445e-05,0
0,4.607916e-06,0
0,1.1861525e-06,0
0,0.00012388373,0
0,1.2059996e-06,0
0,0.00037111132,0
0,1.729116e-06,0
0,7.4970217e-07,0
0,2.3932364e-06,0
0,0.000100158046,0
0,6.9328256e-05,0
0,7.432439e-05,0
0,8.5167176e-07,0
0,1.313283e-06,0
0,1.6814911e-06,0
1,0.99989915,1
0,6.445234e-07,0
0,8.633364e-07,0
0,4.8975013e-05,0
0,0.00015096634,0
0,1.2796746e-05,0
0,0.0011073838,0
0,1.4167279e-06,0
0,0.00034481834,0
0,2.505269e-06,0
0,2.4514378e-05,0
0,1.1976648e-06,0
0,0.00016415023,0
0,9.452206e-06,0
0,3.7594512e-07,0
0,0.00014227114,0
0,3.0381032e-06,0
0,4.6574687e-06,0
0,8.4547776e-07,0
0,1.4551485e-06,0
0,5.504385e-05,0
0,6.618026e-05,0
0,1.8913768e-06,0
0,2.9604138e-07,0
0,1.2704689e-06,0
0,0.00012989451,0
0,1.2483305e-06,0
0,0.00011272748,0
0,4.7556603e-07,0
0,1.2054661e-06,0
0,0.00053389126,0
0,1.9914528e-06,0
0,0.00025675786,0
0,1.1976648e-06,0
0,0.0003019428,0
0,1.0388222e-06,0
0,7.3012893e-07,0
0,2.240036e-07,0
0,1.1974216e-06,0
0,5.685828e-05,0
0,3.2329363e-06,0
0,0.00039454628,0
0,1.8409699e-07,0
0,1.7954137e-06,0
0,0.00010524786,0
0,0.00071895006,0
0,0.00027928094,0
0,1.1175597e-06,0
0,0.00016328463,0
0,1.1229357e-06,0
0,7.6703116e-05,0
0,3.970669e-06,0
0,1.1950627e-05,0
0,1.3420999e-05,0
0,3.5835944e-06,0
0,5.9755e-06,0
0,1.1738773e-06,0
0,1.0961637e-06,0
0,8.2764245e-06,0
0,1.1118543e-06,0
0,1.2376688e-06,0
1,0.9999958,1
0,8.653332e-06,0
0,1.0925557e-06,0
0,1.0237228e-06,0
0,0.00012806985,0
0,2.442341e-06,0
0,7.7025913e-07,0
0,3.78456e-07,0
0,5.2170166e-05,0
0,3.0018096e-05,0
0,1.1976648e-06,0
1,0.999871,1
0,1.2059019e-06,0
0,3.5758992e-06,0
0,5.09843e-07,0
0,5.7003735e-06,0
1,0.9999975,1
0,6.620702e-05,0
0,0.00031390841,0
0,0.00011990414,0
0,9.08801e-05,0
0,1.1081175e-06,0
0,0.00031190223,0
0,0.00021402423,0
0,0.00027567413,0
0,6.5927696e-07,0
1,0.99999285,1
0,0.00041960747,0
0,1.1081175e-06,0
0,2.407358e-06,0
0,9.1866104e-07,0
0,8.92215e-07,0
0,0.00025712606,0
0,8.633364e-07,0
0,3.6946988e-06,0
0,9.645754e-05,0
0,3.8510748e-07,0
0,3.2359499e-06,0
0,0.0024285724,0
1,0.9999827,1
0,1.131226e-05,0
0,1.4681469e-06,0
0,1.3123238e-06,0
0,1.3395861e-06,0
0,1.0244427e-06,0
0,6.0792695e-07,0
0,1.3263296e-07,0
0,4.8252367e-08,0
0,5.617106e-06,0
0,6.2794646e-07,0
0,6.016259e-07,0
0,1.1022858e-06,0
0,2.577415e-06,0
0,6.732136e-08,0
0,6.2336144e-06,0
0,3.4768584e-06,0
0,9.927421e-07,0
0,0.0004224938,0
0,6.761019e-06,0
0,1.740774e-06,0
0,0.00052675186,0
1,0.99986947,1
0,0.00014633316,0
0,5.7431174e-05,0
0,1.1976648e-06,0
0,0.00027052456,0
0,1.1081175e-06,0
0,6.5927696e-07,0
0,3.7002383e-07,0
0,2.4095284e-06,0
0,6.883399e-05,0
0,2.8600383e-05,0
0,0.00063005515,0
0,4.6214882e-05,0
0,2.8271501e-05,0
0,9.0729e-05,0
0,9.724606e-07,0
0,1.393967e-06,0
0,0.00028141146,0
0,7.998993e-05,0
0,1.0232475e-06,0
0,1.6092376e-06,0
0,5.8457714e-05,0
1,0.9998976,1
0,3.8196554e-06,0
0,3.1022962e-06,0
0,1.0329965e-06,0
0,0.00016786916,0
0,5.04367e-05,0
0,9.578854e-07,0
0,1.2804907e-06,0
0,4.0944897e-07,0
0,9.1325745e-07,0
0,8.419997e-05,0
0,1.393967e-06,0
0,9.74967e-07,0
0,1.4839924e-05,0
0,1.0169881e-06,0
0,4.9660048e-05,0
0,1.5381705e-06,0
0,3.0330773e-05,0
0,3.903766e-05,0
0,9.724606e-07,0
0,7.4840995e-07,0
0,5.194184e-06,0
0,2.2391034e-06,0
0,4.4711123e-05,0
0,9.647907e-07,0
0,0.0002978332,0
0,8.440148e-07,0
0,9.217803e-05,0
0,1.1312013e-06,0
0,4.394277e-06,0
0,2.330786e-05,0
0,1.7675212e-06,0
0,1.3873583e-06,0
0,7.758167e-05,0
0,1.2221371e-06,0
0,8.752703e-05,0
0,3.0303595e-06,0
0,5.703218e-06,0
0,2.1050336e-07,0
0,5.616603e-06,0
0,4.1967414e-05,0
0,7.884885e-07,0
0,1.1976648e-06,0
0,2.548805e-05,0
1,0.9998596,1
0,1.1787022e-06,0
0,1.2784774e-06,0
0,3.5673465e-06,0
0,5.9072285e-05,0
0,9.3312786e-07,0
0,0.00023595487,0
0,3.477515e-06,0
0,2.1829442e-06,0
0,7.8975273e-07,0
0,0.0031990893,0
0,8.633364e-07,0
0,3.943051e-07,0
0,4.7235502e-05,0
0,1.2319257e-06,0
0,0.0013929211,0
0,3.2439708e-05,0
0,3.914383e-05,0
0,2.7066126e-05,0
0,2.7900007e-06,0
0,7.1584174e-07,0
0,0.0013868032,0
0,1.8088846e-06,0
0,9.1866104e-07,0
0,1.1081175e-06,0
0,1.5849265e-06,0
0,2.0340663e-06,0
0,0.00010701443,0
0,0.00033237733,0
0,5.347485e-05,0
0,5.686148e-07,0
0,1.2085246e-06,0
0,4.0790896e-06,0
0,1.1467916e-06,0
0,9.647907e-07,0
0,1.6136913e-06,0
0,3.6950828e-06,0
0,1.0117141e-05,0
0,0.00039454628,0
0,1.8517317e-06,0
0,1.8088846e-06,0
0,6.277051e-07,0
0,8.9026435e-07,0
0,7.88069e-07,0
0,1.1893956e-06,0
0,4.4342258e-05,0
0,0.00048449566,0
0,1.3034568e-06,0
0,3.3865433e-06,0
1,0.99992,1
0,5.526394e-06,0
0,5.512682e-06,0
0,1.0913228e-06,0
0,2.2573452e-06,0
0,9.962129e-05,0
0,5.840882e-07,0
0,1.3417008e-06,0
0,9.867296e-07,0
0,1.0548096e-05,0
0,1.1229357e-06,0
0,1.0289928e-06,0
0,9.39817e-07,0
0,0.00022891097,0
0,2.2531617e-06,0
0,1.1189098e-06,0
0,1.2762846e-06,0
0,8.372679e-05,0
0,0.0006369608,0
0,1.1081175e-06,0
0,7.296799e-07,0
0,2.4195865e-06,0
1,0.9999162,1
0,3.3240445e-07,0
0,5.5434016e-06,0
0,1.6298535e-06,0
0,0.00011323989,0
0,5.918593e-07,0
0,5.384599e-07,0
0,2.8308435e-08,0
0,8.3454805e-05,0
0,0.0065487972,0
0,7.821742e-06,0
0,4.2793636e-06,0
0,9.596748e-07,0
0,8.245982e-06,0
0,7.689903e-05,0
0,3.3852905e-06,0
0,8.660668e-07,0
0,9.798422e-06,0
0,9.698219e-07,0
0,9.41134e-05,0
0,3.578731e-06,0
0,1.2685355e-06,0
0,4.27889e-06,0
0,1.6443373e-05,0
0,8.9026435e-07,0
1,0.9999975,1
0,7.1448912e-06,0
0,1.8233432e-06,0
0,1.22267e-06,0
0,1.061537e-06,0
0,2.8343686e-05,0
0,1.2511503e-06,0
0,7.358077e-07,0
0,5.1205557e-06,0
0,0.00069385004,0
0,0.00062086893,0
0,0.0031128325,0
0,0.00022325132,0
0,3.3071954e-06,0
0,1.2685355e-06,0
0,3.826827e-06,0
0,1.188459e-06,0
0,0.00014677236,0
0,3.2356072e-06,0
0,1.0237228e-06,0
0,9.77572e-07,0
0,9.6752856e-08,0
0,1.1753588e-07,0
0,2.1669666e-06,0
0,1.4658987e-06,0
0,1.1976648e-06,0
0,1.804978e-06,0
0,0.024103185,0
0,0.00713308,0
0,6.930003e-07,0
0,1.3308381e-06,0
0,1.589948e-06,0
0,7.117607e-07,0
0,1.1217272e-06,0
0,1.2511503e-06,0
0,5.3775816e-06,0
0,8.4927757e-07,0
0,9.442254e-05,0
0,1.9094507e-05,0
0,0.0007712789,0
0,0.00014482564,0
0,0.0003773799,0
0,0.0001246107,0
0,6.4328293e-07,0
0,7.084837e-07,0
0,2.4758085e-05,0
0,3.257766e-07,0
0,0.0019474401,0
0,2.1186272e-06,0
0,0.0012170996,0
0,9.3251396e-07,0
0,0.0003232888,0
0,2.3704852e-06,0
0,1.0064261e-06,0
0,1.5787099e-06,0
0,0.0016660024,0
0,7.169335e-07,0
0,6.3805294e-07,0
0,1.4681469e-06,0
0,4.682565e-06,0
0,1.384753e-06,0
0,0.00015977248,0
0,2.2356755e-05,0
0,8.577574e-07,0
1,0.99997103,1
0,1.3052394e-06,0
0,1.2177986e-06,0
0,7.8710906e-07,0
0,0.00013520068,0
0,7.620866e-05,0
0,8.0569646e-07,0
0,8.4611173e-07,0
0,1.1976648e-06,0
0,6.60086e-07,0
0,1.5855372e-06,0
0,5.186345e-07,0
0,8.2726075e-07,0
0,4.051806e-06,0
0,2.4459935e-06,0
0,3.905074e-06,0
0,0.00016425905,0
0,7.878037e-07,0
0,0.0006369341,0
1,0.9999317,1
0,2.3500513e-06,0
0,8.152978e-07,0
0,1.2916518e-06,0
0,9.381765e-07,0
0,2.162691e-06,0
0,1.99733e-06,0
0,1.1861525e-06,0
0,0.0017048961,0
0,1.024381e-06,0
0,1.0911888e-05,0
0,2.2270265e-06,0
0,1.1756542e-06,0
0,5.06163e-07,0
0,2.120887e-06,0
0,1.5245711e-06,0
0,7.7108025e-06,0
0,6.930003e-07,0
0,1.1017889e-05,0
0,3.233246e-07,0
0,2.0167277e-05,0
0,9.74967e-07,0
0,7.4460684e-07,0
0,0.001613516,0
0,9.0614606e-07,0
0,1.0925557e-06,0
0,1.1654688e-06,0
0,1.3575461e-06,0
0,5.1338867e-07,0
0,1.2372911e-06,0
0,1.50491405e-05,0
0,9.075324e-07,0
0,9.123732e-05,0
0,1.0721384e-06,0
0,1.2054661e-06,0
0,0.00014683789,0
0,0.0065548467,0
0,1.1081175e-06,0
0,4.867509e-07,0
0,0.00010950869,0
0,1.5470841e-06,0
0,1.1861525e-06,0
0,1.1963908e-06,0
0,4.015608e-06,0
0,1.1728703e-06,0
0,5.153415e-07,0
0,1.4466018e-06,0
0,5.1708543e-05,0
0,2.5580048e-05,0
0,4.525095e-07,0
0,0.00029748076,0
0,7.512016e-05,0
0,2.423787e-07,0
0,3.729836e-06,0
0,4.2993562e-08,0
0,1.3419784e-06,0
0,4.4145798e-07,0
0,2.831554e-06,0
0,1.8595944e-06,0
0,1.6136637e-06,0
0,1.7967773e-06,0
0,4.6945347e-06,0
0,3.5939954e-06,0
0,5.915602e-07,0
0,4.2066225e-05,0
0,7.932837e-05,0
0,1.7081695e-06,0
0,2.4038775e-06,0
0,0.00012313775,0
0,1.2414492e-05,0
0,2.2013432e-06,0
0,3.0706453e-06,0
0,1.1976648e-06,0
0,8.633364e-07,0
0,7.776832e-06,0
0,0.0001888268,0
0,2.2602946e-05,0
0,7.2779864e-07,0
0,9.238076e-07,0
0,1.2054661e-06,0
0,6.482983e-06,0
0,8.633364e-07,0
0,0.00023897673,0
0,7.296799e-07,0
0,8.186685e-05,0
0,6.8956324e-05,0
0,1.2779885e-06,0
0,1.2054661e-06,0
0,1.2186504e-06,0
0,2.9506878e-05,0
0,1.2054661e-06,0
0,6.828858e-07,0
0,3.5467895e-06,0
0,5.397535e-07,0
0,0.0002111118,0
0,3.238537e-06,0
0,2.2361842e-06,0
0,0.00016633654,0
1,0.99987316,1
0,1.0138323e-06,0
0,7.0223047e-07,0
0,1.0801293e-05,0
0,1.804978e-06,0
0,1.1861525e-06,0
0,5.6881003e-05,0
1,0.9999682,1
0,5.63375e-05,0
0,1.0732052e-06,0
0,5.8316147e-07,0
1,0.9998448,1
0,8.7120367e-07,0
0,2.355646e-05,0
0,9.3019577e-07,0
0,5.5077936e-07,0
0,1.4077796e-06,0
0,0.00060405326,0
0,8.339287e-07,0
0,0.0007627615,0
0,8.680588e-05,0
0,1.8074516e-06,0
0,1.1081175e-06,0
0,7.0346236e-06,0
0,0.00032114648,0
0,2.6655048e-06,0
0,0.00014499629,0
0,0.0011667585,0
0,0.00017388485,0
0,1.3836567e-05,0
0,3.247723e-06,0
0,1.424969e-06,0
0,8.1318495e-07,0
0,8.633364e-07,0
0,0.00015121026,0
0,1.4208032e-06,0
0,0.00041371523,0
0,6.785891e-05,0
0,2.5343039e-05,0
0,1.6851079e-06,0
0,7.296799e-07,0
0,3.0027837e-07,0
0,0.00017728322,0
0,1.6814911e-06,0
0,0.0002740797,0
0,1.7288127e-06,0
0,1.4976562e-06,0
0,3.0126528e-06,0
0,1.6964961e-05,0
0,8.633364e-07,0
0,1.2054661e-06,0
0,0.006016474,0
0,2.3642117e-05,0
0,5.5157902e-06,0
0,8.897119e-07,0
0,0.00010168965,0
0,5.999196e-05,0
0,6.208947e-07,0
0,0.00015548742,0
0,7.8329896e-07,0
0,3.6372072e-05,0
0,3.7889793e-05,0
0,9.4109777e-07,0
0,3.3896486e-06,0
1,0.9999918,1
0,7.515749e-05,0
0,1.6966449e-05,0
0,0.000116040224,0
0,0.00017815473,0
0,0.0009789491,0
0,2.1292357e-05,0
0,8.30002e-05,0
0,1.3097495e-06,0
0,4.5975526e-06,0
0,1.2245077e-05,0
0,5.5077936e-07,0
0,4.6673504e-05,0
0,2.0393845e-06,0
0,1.1976648e-06,0
0,0.00031082466,0
0,0.001281762,0
0,1.5221143e-06,0
0,1.5826744e-07,0
0,3.30989e-06,0
1,0.99992,1
0,1.1835394e-05,0
0,1.2595306e-06,0
0,3.2735913e-06,0
0,0.00033631656,0
0,0.00024489948,0
0,6.898925e-08,0
0,1.2923454e-06,0
0,8.2726075e-07,0
0,1.0190007e-06,0
0,9.963977e-06,0
0,1.1976648e-06,0
0,5.5764824e-05,0
0,1.373847e-06,0
0,7.7108025e-06,0
0,0.00019313987,0
0,1.4180918e-06,0
0,0.000550027,0
0,0.0006118355,0
0,2.1929807e-06,0
1,0.9999894,1
0,0.00013506693,0
1,0.9999958,1
0,5.2393523e-05,0
0,1.1512066e-06,0
0,8.577574e-07,0
0,1.05471e-05,0
0,0.000118553166,0
1,0.9999943,1
0,2.9708392e-05,0
1,0.99999547,1
0,1.5263764e-06,0
0,0.00031721106,0
0,1.051006e-05,0
0,8.708155e-05,0
0,1.2685355e-06,0
0,9.4109777e-07,0
0,1.1756542e-06,0
0,0.0009193645,0
0,1.2191653e-06,0
1,0.99997735,1
0,4.5800578e-05,0
0,3.477051e-06,0
0,1.9963163e-05,0
0,7.207389e-07,0
0,7.2972907e-06,0
0,1.8980329e-05,0
0,1.1081175e-06,0
0,0.00015411086,0
0,3.8461785e-06,0
0,1.1861525e-06,0
0,9.015883e-05,0
0,0.00093880994,0
0,2.6516361e-06,0
0,1.0785293e-06,0
0,5.400001e-07,0
0,1.3247103e-07,0
0,5.284241e-05,0
0,1.1622417e-07,0
0,1.0542578e-06,0
0,3.8476832e-05,0
0,1.5076904e-06,0
0,3.3605897e-06,0
0,3.5036867e-06,0
0,7.797721e-07,0
0,2.238483e-05,0
0,9.1702184e-08,0
0,1.1976648e-06,0
0,0.00026748638,0
0,8.2726075e-07,0
0,1.1491685e-06,0
0,2.2555375e-06,0
0,8.069308e-05,0
0,2.4683181e-06,0
0,6.3363135e-05,0
0,1.193886e-05,0
0,9.265684e-07,0
0,0.00011219452,0
0,1.1976648e-06,0
0,1.7462495e-05,0
0,4.479146e-07,0
0,1.804978e-06,0
0,2.7833496e-05,0
0,2.5952602e-06,0
0,1.0177691e-06,0
0,1.5141605e-05,0
0,1.1861525e-06,0
0,7.815075e-05,0
0,3.3801484e-06,0
0,6.0963094e-07,0
0,8.2726075e-07,0
0,2.540834e-06,0
0,6.3762077e-06,0
0,8.766318e-07,0
0,0.00011371026,0
0,1.5263764e-06,0
0,6.2794646e-07,0
0,2.5388067e-06,0
0,0.00013225972,0
0,4.6499457e-07,0
0,1.1919285e-07,0
0,9.103817e-07,0
0,8.9026435e-07,0
0,0.0001593843,0
0,6.6136073e-07,0
0,6.9617636e-05,0
0,9.832858e-05,0
0,9.401499e-08,0
0,2.2381919e-06,0
0,0.00010439465,0
0,0.00067379157,0
0,0.0003482608,0
0,1.013374e-06,0
0,1.6172858e-06,0
0,1.5961085e-06,0
0,1.7189435e-06,0
0,2.5388067e-06,0
0,1.0770862e-06,0
0,5.9456456e-06,0
0,2.7794126e-06,0
0,0.00034055806,0
0,4.037547e-07,0
0,1.0077496e-06,0
0,2.881204e-06,0
0,5.2328764e-05,0
0,6.536937e-07,0
0,1.1189098e-06,0
0,0.0001609982,0
0,2.4766557e-06,0
0,1.1081175e-06,0
0,0.00019295562,0
0,5.6391383e-07,0
0,1.1976648e-06,0
0,1.9110876e-06,0
0,6.0092098e-05,0
0,4.0715352e-07,0
0,2.964465e-07,0
0,2.3404161e-06,0
0,3.6339537e-07,0
0,1.8238995e-06,0
0,1.4959253e-05,0
0,2.7254773e-06,0
0,0.00021517539,0
0,0.0001764937,0
0,5.3064304e-07,0
0,8.955329e-05,0
0,2.3773677e-05,0
0,2.3115178e-06,0
1,0.99989784,1
0,7.3012893e-07,0
0,1.7954137e-06,0
0,1.0927976e-06,0
0,1.491365e-06,0
0,1.7043918e-05,0
0,3.3950803e-06,0
0,2.6462792e-05,0
0,8.633364e-07,0
0,5.603093e-07,0
0,0.00022840843,0
0,9.783256e-07,0
0,9.277877e-07,0
0,1.0396151e-06,0
0,9.336468e-07,0
0,1.3417008e-06,0
0,8.621363e-06,0
0,0.00042329135,0
0,1.1142607e-06,0
0,0.00061264454,0
0,2.505269e-06,0
0,0.0007701328,0
0,3.1947826e-07,0
1,0.99999285,1
0,2.5119416e-06,0
0,8.3677753e-07,0
0,9.647907e-07,0
0,2.0659247e-06,0
0,4.845629e-07,0
0,0.00030247064,0
0,2.2814134e-05,0
0,2.2013432e-06,0
0,2.3437844e-06,0
0,1.192644e-06,0
0,0.0001099558,0
0,4.3323955e-05,0
0,2.3619125e-06,0
0,7.311882e-05,0
0,8.9026435e-07,0
0,6.040969e-06,0
0,0.00021503141,0
0,1.0179381e-06,0
0,5.242276e-05,0
0,1.2054661e-06,0
0,2.4935346e-06,0
0,2.4493698e-05,0
0,1.3097495e-06,0
0,8.862466e-05,0
0,1.4387086e-06,0
0,1.804978e-06,0
1,0.9998276,1
0,4.9302093e-05,0
0,1.1240983e-06,0
0,2.328185e-07,0
0,1.199705e-07,0
0,1.4535688e-06,0
0,1.4316709e-05,0
0,1.1078671e-06,0
0,7.153449e-07,0
0,7.6184534e-07,0
0,0.00010232073,0
0,2.8380964e-06,0
0,6.0085927e-06,0
0,0.00030142942,0
0,1.1861525e-06,0
0,4.7095076e-05,0
0,4.7667872e-05,0
0,1.3450997e-06,0
0,7.1290003e-07,0
0,1.4501849e-06,0
0,7.4840995e-07,0
0,1.6540223e-06,0
0,8.633364e-07,0
0,4.0093514e-06,0
0,1.0089304e-06,0
0,0.0003461521,0
0,1.0459977e-06,0
0,0.00013956339,0
0,7.617901e-05,0
0,0.0017047825,0
0,0.000119681856,0
0,3.3485098e-06,0
1,0.9998692,1
0,2.44674e-06,0
0,7.120437e-06,0
0,0.00010685749,0
0,1.0132155e-06,0
0,1.5317164e-06,0
0,8.9026435e-07,0
0,2.5388067e-06,0
0,1.8710949e-06,0
0,2.1006167e-06,0
0,0.00014828022,0
1,0.9999951,1
0,1.1081175e-06,0
0,2.4186936e-06,0
0,8.2726075e-07,0
0,5.6975085e-07,0
0,4.770803e-05,0
0,1.4337873e-05,0
0,1.2511503e-06,0
0,5.7112625e-06,0
0,2.8722245e-06,0
0,3.1996362e-05,0
0,0.00011990414,0
0,1.2224624e-06,0
0,1.0395913e-06,0
0,3.935531e-05,0
0,1.8729356e-06,0
0,2.1170023e-05,0
0,0.00012172852,0
0,0.00029597658,0
0,0.00015244311,0
0,2.6702853e-06,0
0,3.3690646e-06,0
0,5.270257e-06,0
1,0.99999666,1
0,0.000371969,0
0,1.0824997e-06,0
0,8.351687e-07,0
0,8.068646e-05,0
0,1.667874e-05,0
0,0.00044520842,0
0,1.6163111e-06,0
1,0.99989915,1
0,8.9903523e-07,0
0,5.2676885e-05,0
0,0.00038786605,0
0,7.8329896e-07,0
0,0.0047873864,0
0,1.501758e-07,0
0,3.180495e-05,0
0,0.00014675279,0
0,1.7405333e-06,0
1,0.99916446,1
0,4.9873135e-05,0
0,7.729412e-05,0
0,2.8029406e-05,0
0,7.09552e-07,0
0,7.4970467e-06,0
0,1.5095694e-06,0
1,0.9999913,1
0,2.487936e-06,0
0,5.245617e-05,0
0,7.468503e-05,0
0,4.5878555e-06,0
0,0.00021574793,0
0,2.968803e-05,0
0,7.76545e-05,0
1,0.99997973,1
0,9.985712e-07,0
1,0.99997354,1
0,9.277877e-07,0
0,1.8296736e-07,0
0,9.721639e-07,0
0,3.312775e-07,0
0,3.6221386e-06,0
0,0.00014158702,0
0,3.816196e-06,0
0,1.0861431e-05,0
0,5.189812e-06,0
0,6.796059e-05,0
0,5.927359e-06,0
0,5.1273487e-06,0
0,1.1976648e-06,0
0,8.9026435e-07,0
0,7.373081e-07,0
0,0.00014382227,0
0,2.5922722e-05,0
0,0.0008133174,0
0,1.0169881e-06,0
0,0.00010950869,0
0,7.986057e-07,0
0,2.2214554e-05,0
0,8.255749e-07,0
0,1.8590055e-05,0
1,0.99987805,1
0,4.5447005e-06,0
0,3.8626354e-07,0
0,0.00019321816,0
0,6.7867677e-07,0
0,1.0032829e-06,0
0,1.2186504e-06,0
0,9.601697e-06,0
0,0.00012768744,0
0,0.00040002665,0
0,1.0793437e-05,0
0,0.00043166464,0
0,1.3415842e-05,0
0,1.8595944e-06,0
0,1.9892548e-06,0
0,4.095355e-06,0
0,1.1861525e-06,0
0,4.395731e-06,0
0,4.933431e-06,0
0,1.3309752e-06,0
0,1.7274699e-05,0
0,0.00086017785,0
0,7.974185e-07,0
0,1.2110455e-06,0
0,1.0717836e-06,0
0,5.8804076e-06,0
0,5.9973197e-05,0
0,1.1708574e-06,0
0,3.630647e-05,0
0,0.00039454628,0
0,1.7361983e-05,0
0,0.0003376712,0
0,5.9807e-05,0
0,6.4127908e-06,0
0,2.2798192e-06,0
0,7.477585e-07,0
0,0.00022214085,0
0,0.000105656014,0
0,1.2035308e-05,0
0,0.0061129495,0
0,9.3725356e-07,0
0,1.0259296e-05,0
0,1.1810449e-06,0
0,1.1976648e-06,0
0,5.9145957e-05,0
0,0.0013987868,0
0,1.1976648e-06,0
0,1.1976648e-06,0
0,2.0053003e-06,0
0,7.848765e-05,0
0,0.00019019903,0
0,1.1976648e-06,0
0,0.00018546928,0
0,9.114202e-05,0
0,5.701134e-07,0
0,1.9998091e-05,0
0,2.7819053e-06,0
0,9.54677e-07,0
0,0.00014049151,0
0,9.551464e-08,0
0,1.3575461e-06,0
0,1.7392805e-06,0
0,1.6266408e-06,0
0,0.00012807692,0
0,0.00023589817,0
0,5.1035095e-05,0
1,0.99928325,1
0,7.8738606e-07,0
0,2.0734767e-06,0
0,1.7323415e-05,0
0,4.4004778e-07,0
0,5.3331667e-07,0
0,1.1183615e-05,0
0,1.3455652e-05,0
0,1.8335772e-06,0
0,2.2602946e-05,0
0,9.2802054e-07,0
0,1.2575646e-06,0
1,0.99937147,1
0,1.1048221e-06,0
0,8.065344e-07,0
0,0.000110185145,0
0,5.7023077e-05,0
1,0.9999945,1
0,1.79873e-06,0
0,5.072887e-05,0
0,6.277548e-07,0
0,1.475364e-06,0
0,5.794511e-06,0
0,0.00016818993,0
0,0.00012768744,0
0,1.0714959e-07,0
0,3.8219655e-06,0
0,1.4387086e-06,0
0,7.6055614e-05,0
0,2.2839015e-06,0
0,4.2811077e-08,0
0,1.1739585e-05,0
0,9.329632e-07,0
0,2.505269e-06,0
0,8.043797e-07,0
0,0.00045804607,0
0,2.1006167e-06,0
0,6.6439525e-06,0
0,0.00092815363,0
0,5.3071184e-05,0
0,1.2858487e-05,0
0,3.3234278e-06,0
0,5.258491e-07,0
0,1.2511503e-06,0
0,1.0485445e-06,0
0,1.6265416e-06,0
0,0.00012346213,0
0,9.985712e-07,0
0,0.00033257954,0
0,3.8836e-05,0
0,1.6548745e-06,0
0,3.301492e-06,0
0,6.5927696e-07,0
0,0.0023338033,0
0,3.200029e-06,0
0,6.782199e-07,0
0,1.7076483e-06,0
0,7.691825e-06,0
1,0.999995,1
0,0.00015530917,0
0,7.6937374e-07,0
0,5.9910664e-05,0
0,4.031956e-07,0
0,1.607301e-05,0
0,8.633364e-07,0
0,6.866185e-07,0
0,2.0903844e-05,0
0,5.397535e-07,0
0,2.8672684e-06,0
0,3.0416254e-06,0
0,5.7755653e-05,0
0,1.5083317e-06,0
0,1.1459663e-06,0
0,4.093196e-06,0
0,1.5150412e-06,0
0,1.4606625e-05,0
0,1.2762846e-06,0
0,1.8642979e-05,0
1,0.99996936,1
0,0.00015959158,0
0,1.1861525e-06,0
0,1.4289141e-06,0
0,2.1006167e-06,0
0,1.5585265e-05,0
0,8.555241e-05,0
0,1.1976648e-06,0
0,1.5543645e-05,0
0,6.809838e-05,0
0,1.3575461e-06,0
0,0.00014698386,0
0,0.00016303647,0
0,0.00010238769,0
0,8.542325e-07,0
0,1.4777024e-05,0
0,5.799624e-07,0
0,1.1861525e-06,0
0,1.4440985e-06,0
1,0.99999,1
0,2.4683181e-06,0
0,0.00035760264,0
0,6.7868816e-05,0
0,8.597697e-07,0
0,9.515185e-07,0
0,1.4387086e-06,0
0,9.062506e-06,0
0,7.2779864e-07,0
0,3.7009618e-06,0
0,9.84558e-05,0
0,3.969003e-06,0
0,1.1116773e-05,0
0,1.9636358e-05,0
0,1.6376003e-05,0
0,0.0020975152,0
0,0.0007081915,0
0,8.9026435e-07,0
0,0.00016602248,0
0,3.5573687e-06,0
0,6.9962147e-07,0
1,0.99999213,1
0,9.752709e-05,0
0,5.0825085e-05,0
0,8.4414874e-05,0
0,4.0363004e-05,0
0,9.68129e-07,0
0,1.3039468e-06,0
0,5.397535e-07,0
0,6.111659e-06,0
0,1.017546e-06,0
1,0.999992,1
0,3.7335901e-06,0
0,1.0977706e-06,0
0,0.0010584943,0
0,5.037426e-05,0
0,1.1861525e-06,0
0,1.0237228e-06,0
1,0.99988747,1
0,1.2762846e-06,0
0,6.4328293e-07,0
0,1.6089891e-06,0
0,4.17374e-05,0
0,8.155202e-06,0
0,0.00045197405,0
0,1.2685355e-06,0
0,1.8703814e-06,0
0,9.1135377e-07,0
0,1.9429501e-07,0
0,7.272343e-06,0
0,3.5354464e-05,0
0,3.9116307e-07,0
0,1.4681469e-06,0
0,4.618087e-05,0
0,2.4004755e-06,0
0,2.2705824e-06,0
0,7.296799e-07,0
0,1.4159272e-05,0
0,8.562871e-07,0
0,5.547726e-07,0
0,6.497658e-06,0
0,7.2779864e-07,0
0,2.183654e-05,0
0,2.6516361e-06,0
0,8.207235e-07,0
0,1.5554175e-06,0
0,8.5167176e-07,0
0,4.984152e-05,0
0,1.4525376e-05,0
1,0.99993956,1
0,3.857544e-06,0
0,1.1081175e-06,0
0,0.00014774546,0
0,3.8101763e-05,0
0,7.09552e-07,0
0,9.901419e-07,0
0,6.260364e-06,0
0,3.8057606e-05,0
0,3.5721052e-05,0
0,3.1251582e-06,0
0,1.0259052e-06,0
0,2.5570964e-07,0
0,1.1976648e-06,0
0,1.1102957e-05,0
0,0.00013105667,0
0,1.8098475e-06,0
0,0.00035573152,0
0,1.8907156e-07,0
0,9.064226e-07,0
0,0.00088702235,0
0,2.9068606e-05,0
0,1.5095694e-06,0
0,8.633364e-07,0
0,0.00022811159,0
0,1.4252191e-06,0
0,2.2439759e-05,0
0,0.00042612417,0
0,0.00589318,0
0,0.02284128,0
0,1.3676963e-06,0
0,5.039396e-05,0
0,1.1990205e-05,0
1,0.99942636,1
0,1.1976648e-06,0
0,7.076592e-08,0
0,7.6166083e-07,0
0,0.0001828184,0
0,3.5873272e-05,0
0,5.9892557e-07,0
0,2.9083715e-06,0
0,0.00015498031,0
0,0.00025599592,0
0,4.4057307e-07,0
0,1.1976648e-06,0
0,4.57204e-06,0
0,8.9026435e-07,0
0,3.6578756e-06,0
0,1.4984639e-05,0
0,0.0004224938,0
0,8.514807e-05,0
0,3.8876843e-07,0
0,1.1434292e-06,0
0,1.0503777e-05,0
0,6.053635e-08,0
0,6.480201e-06,0
0,2.4459935e-06,0
0,1.1976648e-06,0
0,9.265684e-07,0
0,0.0010661259,0
0,8.041202e-05,0
0,1.769095e-07,0
0,0.0010167172,0
0,1.7954137e-06,0
0,8.9069035e-05,0
0,2.1750662e-05,0
0,6.837316e-07,0
0,2.3825654e-05,0
0,1.6698272e-06,0
0,0.00021506113,0
1,0.9999192,1
0,6.9816184e-07,0
0,1.1976648e-06,0
0,2.9961987e-07,0
0,1.00938e-06,0
0,9.1871624e-07,0
0,2.5962652e-06,0
0,4.9302093e-05,0
0,1.2054661e-06,0
0,1.7973713e-05,0
0,0.00019842794,0
0,0.0005375558,0
0,0.00039346793,0
0,7.3893156e-05,0
0,3.793998e-05,0
0,0.00033394288,0
0,8.633364e-07,0
0,1.4681469e-06,0
0,0.00027557902,0
1,0.999856,1
0,1.2615942e-05,0
0,7.0992564e-07,0
0,1.73054e-05,0
0,0.0011242214,0
0,5.338576e-07,0
1,0.9999975,1
0,1.2073589e-05,0
0,3.2290475e-06,0
0,9.731768e-07,0
0,7.09399e-06,0
1,0.9990563,1
0,1.9115382e-07,0
0,1.4466018e-06,0
0,3.675363e-07,0
0,0.00038252596,0
0,2.6516361e-06,0
0,5.3353974e-06,0
0,8.6131884e-05,0
0,3.3341325e-06,0
0,3.436503e-05,0
0,3.28446e-05,0
0,1.43969955e-05,0
0,6.9597144e-07,0
0,0.00045972687,0
0,6.530438e-07,0
0,9.1866104e-07,0
0,3.5378613e-05,0
0,1.0887354e-06,0
0,8.9026435e-07,0
0,1.9249396e-06,0
0,8.487014e-06,0
0,9.477317e-06,0
0,2.3468465e-06,0
0,0.00059886335,0
0,0.000384161,0
0,1.4856556e-06,0
0,3.5372258e-07,0
0,8.336743e-07,0
0,0.00011242626,0
0,2.442341e-06,0
0,7.8642853e-07,0
0,2.865587e-06,0
0,1.1976648e-06,0
0,2.7680858e-07,0
0,5.4981683e-05,0
0,8.633364e-07,0
0,6.528049e-05,0
0,3.3626159e-06,0
0,2.9126546e-05,0
0,3.0762644e-06,0
0,0.0001211628,0
0,0.00012764118,0
0,8.180239e-05,0
0,1.38735895e-05,0
0,7.4291796e-07,0
0,7.117607e-07,0
0,1.3103391e-06,0
0,1.1081175e-06,0
0,8.9026435e-07,0
0,0.0004224938,0
0,1.0003259e-06,0
0,1.2511503e-06,0
0,3.6128788e-06,0
0,0.00014806603,0
0,7.371134e-08,0
0,2.1629796e-06,0
0,1.6320654e-06,0
0,0.0006072312,0
0,9.008475e-05,0
0,1.1022858e-06,0
0,0.00083789596,0
0,7.2688345e-05,0
0,1.4121943e-05,0
0,1.8271261e-05,0
0,3.301487e-07,0
0,2.5322432e-05,0
0,6.599968e-06,0
0,1.6753943e-06,0
0,1.0539257e-05,0
0,2.463805e-06,0
0,1.0604199e-06,0
0,0.00024727554,0
1,0.99982893,1
0,6.9752823e-06,0
0,2.0071388e-06,0
0,2.4179858e-06,0
0,6.7790614e-05,0
0,1.3563539e-05,0
0,1.4800993e-06,0
0,1.886049e-06,0
0,3.0617412e-06,0
0,3.4034508e-06,0
0,2.6657895e-06,0
0,1.624489e-06,0
0,2.0212092e-06,0
0,2.2289865e-05,0
1,0.99998975,1
0,1.2471512e-06,0
0,0.00026585968,0
0,1.3427233e-05,0
0,1.6174569e-06,0
0,1.0749353e-06,0
0,1.2447664e-06,0
0,0.0001993929,0
0,2.2142078e-06,0
0,1.890051e-05,0
0,8.2059125e-07,0
0,4.7212307e-05,0
0,0.0006074173,0
0,1.4681469e-06,0
0,1.5421537e-07,0
0,1.2054661e-06,0
0,0.00015691188,0
1,0.99997354,1
0,1.2054661e-06,0
0,7.296799e-07,0
0,1.3152683e-06,0
0,2.135173e-05,0
0,3.624405e-06,0
0,6.753556e-06,0
0,8.476968e-06,0
0,2.7918506e-06,0
0,9.647907e-07,0
0,1.1081175e-06,0
0,2.7876042e-06,0
0,1.6375097e-05,0
0,6.9650656e-07,0
0,1.6192101e-06,0
1,0.9999927,1
1,0.9999975,1
0,0.00043670888,0
0,9.797942e-07,0
0,9.0244725e-07,0
0,4.982724e-07,0
0,8.553267e-05,0
0,0.00013576628,0
0,2.0368001e-05,0
0,3.1886811e-06,0
0,3.850138e-06,0
0,4.2706808e-05,0
1,0.9999585,1
0,0.00040405663,0
0,1.5263764e-06,0
1,0.9999852,1
0,8.024978e-06,0
0,2.3475711e-07,0
0,1.4057333e-07,0
0,7.977435e-05,0
0,1.3307036e-06,0
0,0.00028193754,0
0,0.00015748806,0
0,7.711045e-06,0
0,6.696677e-05,0
0,2.2638665e-06,0
0,8.9026435e-07,0
0,1.3857174e-06,0
0,0.0042469497,0
0,6.8624795e-06,0
0,7.3289402e-06,0
0,7.169335e-07,0
1,0.9999975,1
0,7.097686e-07,0
0,4.1639964e-07,0
0,6.5226726e-05,0
0,1.2054661e-06,0
0,2.2792454e-05,0
0,0.0001723706,0
0,1.5196371e-06,0
0,2.8595517e-07,0
0,0.00014244924,0
0,1.6947286e-05,0
0,1.1976648e-06,0
0,1.8595944e-06,0
0,5.151671e-07,0
0,1.7419682e-06,0
0,7.0992564e-07,0
1,0.99999523,1
0,5.9609465e-07,0
0,1.1467916e-06,0
0,4.7464487e-06,0
0,3.8487356e-06,0
0,1.1131647e-05,0
0,7.3012893e-07,0
0,2.759322e-06,0
0,1.4709129e-05,0
0,3.4887194e-06,0
0,0.00042836173,0
0,0.00010798405,0
0,1.0237228e-06,0
0,9.548022e-08,0
0,0.00050901965,0
0,1.3776494e-06,0
0,1.2054661e-06,0
0,6.536937e-07,0
0,0.00039187534,0
0,6.050084e-06,0
0,1.1756542e-06,0
0,0.0035280152,0
0,6.9210535e-07,0
0,1.3316429e-05,0
0,1.6473132e-05,0
0,4.5810916e-06,0
0,5.6530903e-06,0
0,2.471154e-06,0
0,3.1022962e-06,0
0,1.1976648e-06,0
0,0.00016175835,0
0,1.1976648e-06,0
0,3.2164037e-06,0
0,1.0176304e-06,0
0,1.976743e-06,0
0,5.0029266e-06,0
0,3.494242e-05,0
0,8.004861e-06,0
0,9.618867e-07,0
0,0.00019535165,0
0,0.0001313468,0
0,1.1976648e-06,0
0,9.647907e-07,0
0,2.6078954e-08,0
0,2.050274e-06,0
0,1.2511503e-06,0
0,0.00035893742,0
0,1.46291e-06,0
0,5.5723297e-07,0
0,1.8706119e-07,0
0,1.613818e-05,0
0,8.633364e-07,0
0,1.0638304e-06,0
0,2.0574572e-07,0
0,0.00024961683,0
0,5.9456456e-06,0
0,1.2054661e-06,0
0,4.3557293e-06,0
0,1.7405333e-06,0
0,1.1976648e-06,0
0,1.2455617e-05,0
0,8.7951076e-07,0
0,3.0414078e-06,0
0,0.00011341884,0
0,3.8047783e-06,0
0,1.1976648e-06,0
0,1.2540755e-05,0
0,5.985367e-06,0
0,5.8630776e-05,0
0,2.1006167e-06,0
0,1.5773945e-06,0
0,3.233525e-05,0
0,8.250537e-06,0
0,1.1766418e-05,0
0,1.8658046e-06,0
0,8.9268915e-06,0
0,0.00013739498,0
0,7.652349e-07,0
1,0.9998889,1
0,5.28224e-07,0
0,8.7087945e-05,0
0,8.633364e-07,0
0,2.6207688e-06,0
0,1.9564766e-05,0
0,1.0913228e-06,0
0,6.5927696e-07,0
0,1.13855e-06,0
0,0.00018077368,0
0,0.00039454628,0
0,4.989966e-08,0
0,0.00011033443,0
0,5.704741e-06,0
0,0.0005690926,0
0,1.5040891e-05,0
0,7.8329896e-07,0
0,2.3745422e-05,0
0,1.2466185e-06,0
0,1.1343935e-05,0
0,9.4109777e-07,0
0,1.0485355e-06,0
0,6.5927696e-07,0
0,2.7388176e-06,0
0,0.00023343168,0
0,1.100582e-06,0
0,0.010100279,0
0,9.2466786e-07,0
0,1.1976648e-06,0
0,2.997361e-06,0
0,0.0009014734,0
0,6.466327e-07,0
0,2.0592252e-06,0
0,1.02259e-06,0
0,2.585722e-05,0
0,2.0400523e-05,0
0,7.256853e-05,0
0,0.00025987977,0
0,5.686148e-07,0
0,1.412252e-06,0
0,1.4599021e-07,0
0,2.0463826e-06,0
0,1.6523181e-06,0
0,6.214225e-08,0
0,8.7074e-05,0
0,3.273028e-07,0
0,1.1063552e-06,0
1,0.9999958,1
0,6.621403e-05,0
0,1.1810449e-06,0
0,1.4740773e-06,0
0,7.6853775e-07,0
0,8.633364e-07,0
0,0.0007384778,0
0,6.329109e-05,0
0,4.366168e-06,0
1,0.99981374,1
0,5.9559466e-07,0
0,0.00024264982,0
0,0.00015006131,0
0,7.7072355e-07,0
0,2.4967803e-06,0
0,4.137042e-05,0
0,1.1976648e-06,0
0,4.1722233e-06,0
0,3.256574e-05,0
0,2.5888483e-05,0
0,1.1756542e-06,0
0,1.4762592e-06,0
0,3.368903e-05,0
0,0.00011610487,0
0,0.0035716782,0
0,7.376942e-07,0
0,7.28841e-06,0
0,0.0003709228,0
0,7.117607e-07,0
0,1.4865414e-06,0
0,1.0195976e-06,0
0,1.0904804e-05,0
1,0.9999932,1
0,5.3637145e-08,0
0,0.0002029883,0
0,0.00057969126,0
0,9.644964e-07,0
0,1.2704689e-06,0
0,5.417936e-05,0
0,9.647907e-07,0
0,1.4541814e-05,0
0,1.4398713e-06,0
0,3.30989e-06,0
0,8.2726075e-07,0
0,6.769154e-08,0
0,1.2456948e-05,0
1,0.99973625,1
0,6.5289396e-06,0
0,0.000102463084,0
0,3.544994e-06,0
0,2.6064045e-06,0
0,1.1081175e-06,0
0,4.487429e-06,0
0,0.09372749,0
0,1.2003349e-06,0
0,3.289067e-05,0
0,0.00016909477,0
0,1.963559e-06,0
1,0.9999924,1
0,1.1202509e-05,0
0,1.1579966e-07,0
0,0.00021713038,0
0,4.989239e-07,0
0,4.2000444e-05,0
0,1.5523898e-07,0
0,0.00056803017,0
0,0.00036466864,0
0,0.00021988376,0
0,3.3884917e-06,0
0,1.1081175e-06,0
0,8.172253e-07,0
0,7.621337e-05,0
0,3.2846543e-07,0
0,2.1006167e-06,0
0,7.49628e-05,0
0,0.0008815511,0
0,6.7917273e-07,0
0,8.9102366e-07,0
0,0.00030714337,0
0,1.1081175e-06,0
0,1.5625092e-07,0
0,3.2364624e-06,0
0,4.946923e-05,0
0,8.035103e-07,0
0,0.00021283193,0
0,3.6385358e-05,0
0,1.2442525e-06,0
0,1.0349715e-06,0
0,7.6364563e-07,0
0,0.00023613602,0
0,5.2690557e-06,0
0,1.1976648e-06,0
0,1.6868245e-05,0
0,6.594782e-07,0
0,9.385165e-07,0
0,1.2562492e-05,0
0,8.92215e-07,0
0,9.178001e-06,0
0,1.0807039e-06,0
0,1.5834383e-06,0
0,2.5562797e-06,0
0,3.1130105e-05,0
0,6.5286777e-06,0
0,1.0913228e-06,0
0,1.9011079e-06,0
0,5.117404e-07,0
0,7.508606e-07,0
0,8.3020154e-07,0
0,1.0389934e-05,0
0,8.9026435e-07,0
0,1.0812017e-06,0
0,8.414925e-05,0
0,5.0839386e-05,0
0,2.4110471e-07,0
0,2.5586505e-06,0
1,0.99997985,1
0,3.845555e-07,0
0,3.0987994e-07,0
0,1.3616728e-05,0
0,7.855606e-06,0
0,6.107937e-07,0
0,2.9478273e-05,0
0,1.2314323e-05,0
0,1.1022858e-06,0
0,6.1431274e-07,0
0,1.2280652e-05,0
0,0.01298328,0
0,1.5614592e-06,0
1,0.9999957,1
0,3.5661935e-06,0
0,8.690462e-07,0
0,2.6771522e-06,0
0,1.1189098e-06,0
0,0.0017147908,0
0,6.594782e-07,0
0,1.1963908e-06,0
0,1.8335772e-06,0
0,0.00052656163,0
0,2.6802918e-06,0
0,1.6872741e-06,0
0,7.3402043e-07,0
0,1.040215e-06,0
0,9.326288e-07,0
0,3.3801484e-06,0
0,1.3575461e-06,0
0,0.000120627206,0
0,4.124906e-06,0
0,2.751961e-06,0
0,9.757138e-07,0
1,0.99927145,1
0,9.236948e-07,0
1,0.9993949,1
0,3.0230146e-07,0
0,1.1120908e-06,0
0,9.126421e-05,0
0,1.2054661e-06,0
0,0.0018534104,0
0,1.3419784e-06,0
0,1.4681469e-06,0
0,7.3097134e-08,0
0,0.0001438674,0
1,0.99999464,1
1,0.999764,1
0,1.8088846e-06,0
0,3.0973366e-05,0
0,2.326374e-07,0
1,0.9999144,1
0,1.1810449e-06,0
0,9.647907e-07,0
0,1.1150835e-06,0
0,1.0344338e-06,0
0,0.0003880036,0
0,1.3227239e-05,0
0,0.00024645598,0
1,0.9985183,1
0,3.1775644e-06,0
0,0.00014633316,0
0,0.00041404035,0
0,0.00019175118,0
0,7.296799e-07,0
0,2.075954e-06,0
0,1.0474101e-06,0
0,3.167289e-05,0
0,1.0485355e-06,0
0,0.0005629843,0
1,0.9999958,1
0,3.6693953e-06,0
0,1.0913228e-06,0
0,2.4864653e-06,0
0,1.4296271e-06,0
0,9.3019577e-07,0
0,9.350475e-07,0
0,1.3419784e-06,0
0,5.487709e-06,0
0,8.155895e-07,0
0,2.1309459e-05,0
0,0.00023857766,0
0,8.375333e-06,0
0,3.9220915e-05,0
0,1.393967e-06,0
0,1.1810449e-06,0
0,9.336468e-07,0
0,2.1006167e-06,0
0,7.558925e-05,0
0,1.1976648e-06,0
0,3.914381e-07,0
0,8.307568e-07,0
0,3.6003195e-05,0
0,3.21822e-06,0
0,1.45833665e-05,0
0,1.1081175e-06,0
0,1.7954137e-06,0
0,1.0032829e-06,0
0,4.2751267e-08,0
0,3.5673465e-06,0
0,1.8138928e-07,0
1,0.99756867,1
0,1.3279691e-06,0
0,2.9902696e-07,0
0,1.1976648e-06,0
0,0.00030263563,0
0,1.1976648e-06,0
0,6.3420487e-07,0
0,3.6815932e-06,0
0,1.1522815e-05,0
0,7.4970217e-07,0
0,8.1031055e-07,0
1,0.9999846,1
0,6.3267356e-07,0
0,4.473913e-06,0
0,0.00038598265,0
0,9.445307e-05,0
0,8.717023e-07,0
0,1.6045285e-06,0
0,3.3190124e-06,0
0,7.0992564e-07,0
0,1.0913228e-06,0
0,7.786389e-07,0
0,0.0012464166,0
0,0.00015941425,0
0,1.804978e-06,0
0,7.379377e-07,0
0,3.5572564e-05,0
0,8.1304694e-07,0
0,0.001662094,0
0,0.0011461367,0
1,0.9998541,1
0,2.3992322e-07,0
0,3.5673465e-06,0
0,0.00012616358,0
0,7.984428e-06,0
0,7.2779864e-07,0
0,1.1976648e-06,0
0,2.224457e-05,0
0,2.2549955e-06,0
0,4.0748176e-07,0
0,7.7225304e-05,0
1,0.9999733,1
0,7.3672396e-07,0
0,8.2764245e-06,0
0,4.9114e-06,0
1,0.9999975,1
0,4.6728284e-05,0
0,0.00015027581,0
0,0.0014230175,0
0,1.5984956e-06,0
0,1.1756542e-06,0
0,1.3664892e-06,0
0,1.0616154e-05,0
0,0.00027399766,0
0,4.2814336e-05,0
0,5.7722395e-05,0
1,0.9999379,1
0,0.00017119633,0
0,1.4517387e-06,0
0,0.00028710524,0
0,1.2685355e-06,0
0,9.698219e-07,0
0,1.4681469e-06,0
0,2.4683181e-06,0
0,0.00019485774,0
0,1.7790836e-06,0
0,1.1861525e-06,0
0,8.337225e-06,0
0,9.74967e-07,0
0,9.826165e-07,0
0,0.00023626913,0
0,7.766198e-05,0
0,1.2485352e-06,0
0,7.4970217e-07,0
0,1.1081175e-06,0
0,8.0022355e-06,0
1,0.99979395,1
0,5.9350973e-06,0
1,0.9999356,1
0,1.2699965e-06,0
0,3.7975353e-06,0
1,0.99992,1
0,1.100582e-06,0
0,2.5846693e-05,0
0,4.9796595e-06,0
0,3.0332133e-06,0
0,1.636097e-05,0
0,1.2483337e-05,0
0,1.5191704e-06,0
0,9.146527e-06,0
0,6.674021e-07,0
0,1.1081175e-06,0
0,1.1810449e-06,0
0,3.4887194e-06,0
0,1.1505568e-06,0
0,1.9973997e-05,0
0,4.884514e-07,0
0,4.185127e-06,0
0,1.804978e-06,0
0,9.26541e-07,0
0,8.5167176e-07,0
0,6.6930346e-07,0
0,3.4882323e-08,0
0,1.6538204e-06,0
0,9.336468e-07,0
0,4.1908106e-06,0
0,8.927368e-07,0
0,9.265684e-07,0
0,3.8518165e-06,0
0,7.60203e-08,0
0,4.6727287e-06,0
0,5.7954654e-05,0
0,1.6030532e-05,0
0,1.1976648e-06,0
0,3.6233787e-06,0
0,5.241946e-06,0
0,1.1976648e-06,0
0,1.4387086e-06,0
0,2.1284025e-06,0
0,6.4231625e-07,0
0,2.0381174e-05,0
0,2.3974578e-06,0
0,5.5963324e-07,0
0,7.792407e-06,0
0,2.069123e-05,0
0,0.0063094865,0
1,0.9999039,1
0,6.5157524e-06,0
0,0.00014049151,0
0,2.8091115e-06,0
0,0.00034563307,0
0,1.1756542e-06,0
0,0.00012605883,0
0,2.050274e-06,0
0,2.1003823e-06,0
0,1.3575461e-06,0
0,5.0536022e-05,0
0,3.4391458e-05,0
0,0.00013060805,0
0,6.8385685e-05,0
0,8.8135886e-07,0
0,7.669756e-05,0
0,0.00044543957,0
0,0.00017704081,0
1,0.9999746,1
0,6.497658e-06,0
0,0.0006087193,0
0,7.7266035e-05,0
0,4.434375e-06,0
0,4.1762894e-07,0
0,0.00012555199,0
0,1.4545423e-06,0
0,1.0691406e-06,0
0,5.891011e-07,0
0,2.8278164e-06,0
0,6.497658e-06,0
0,1.5573798e-06,0
0,0.0002678092,0
0,1.4294838e-05,0
1,0.9999975,1
0,1.553597e-06,0
0,8.1613024e-07,0
0,7.7477085e-07,0
0,1.2054661e-06,0
0,1.2262912e-05,0
0,6.725173e-07,0
0,1.1893956e-06,0
0,1.4244447e-05,0
0,6.9094594e-06,0
0,1.7976317e-05,0
0,1.1861525e-06,0
0,1.2054661e-06,0
0,9.591473e-06,0
1,0.992698,1
0,1.1330897e-06,0
0,0.002403954,0
0,1.7861437e-06,0
0,1.0575352e-05,0
0,8.476968e-06,0
0,3.088649e-06,0
0,1.2054661e-06,0
0,8.832683e-08,0
0,1.7885848e-06,0
0,0.0007111853,0
0,4.6170393e-05,0
0,1.8088846e-06,0
0,0.0006968729,0
0,7.0992564e-07,0
0,2.4934705e-05,0
0,2.2013432e-06,0
0,8.9026435e-07,0
1,0.9999875,1
0,1.1976648e-06,0
1,0.99966276,1
0,1.2511503e-06,0
0,1.5117043e-06,0
0,9.985712e-07,0
0,8.633364e-07,0
0,2.5388067e-06,0
0,9.505498e-07,0
0,7.802997e-06,0
0,8.9026435e-07,0
0,3.1697498e-06,0
0,1.4537934e-06,0
0,3.0531542e-06,0
0,1.9502975e-06,0
0,0.0064900406,0
0,3.9682195e-06,0
0,8.037772e-08,0
0,1.2252344e-06,0
0,9.081253e-05,0
0,1.1861525e-06,0
0,4.1487596e-07,0
0,1.7338703e-05,0
0,1.5191704e-06,0
0,1.2054661e-06,0
0,1.9953918e-06,0
0,0.00019718955,0
0,5.5077936e-07,0
0,0.00011873905,0
0,1.5110832e-06,0
0,8.577574e-07,0
0,5.544315e-07,0
0,1.3394122e-05,0
0,5.403499e-07,0
0,0.0007816528,0
1,0.9999769,1
0,8.182678e-06,0
0,9.0372105e-06,0
0,1.3181313e-05,0
0,3.075808e-05,0
0,1.1838058e-05,0
0,2.1006167e-06,0
1,0.9999896,1
0,6.445234e-07,0
0,9.4187624e-07,0
0,5.6212943e-05,0
0,8.2726075e-07,0
0,0.00010740946,0
0,9.288283e-08,0
0,6.474713e-07,0
0,5.00371e-07,0
0,2.2598242e-06,0
0,1.370948e-06,0
0,7.820816e-07,0
0,1.3493589e-06,0
0,1.4387086e-06,0
1,0.99961615,1
0,7.097686e-07,0
0,7.38759e-05,0
0,1.8088846e-06,0
0,6.426651e-05,0
0,2.9944497e-06,0
0,7.43275e-05,0
0,3.9818522e-07,0
0,0.00012208713,0
0,1.6993515e-06,0
0,2.38192e-05,0
0,5.543433e-06,0
0,5.6156e-07,0
0,0.00054897973,0
0,1.2460539e-06,0
0,0.003084437,0
0,8.633364e-07,0
0,0.000277721,0
0,0.00022468636,0
1,0.99999285,1
0,0.00017602397,0
1,0.9997838,1
0,1.1896023e-05,0
0,0.00013358307,0
0,7.2779864e-07,0
0,0.00022009958,0
1,0.99997187,1
1,0.9999474,1
0,3.8415266e-07,0
0,5.6921053e-08,0
0,0.00025488125,0
0,1.6276432e-06,0
0,8.9903523e-07,0
0,4.910084e-06,0
0,1.1810449e-06,0
0,1.2058259e-06,0
0,4.8778435e-07,0
0,1.2054661e-06,0
0,1.2685355e-06,0
0,0.0016881211,0
1,0.9999975,1
0,0.0013491336,0
0,1.959526e-06,0
0,1.2054661e-06,0
0,2.6387772e-05,0
0,1.1756542e-06,0
0,9.647907e-07,0
0,2.0275771e-05,0
0,1.2685355e-06,0
0,1.6993515e-06,0
0,0.00041540465,0
0,6.1717543e-07,0
0,0.013732868,0
0,1.9206916e-05,0
0,7.949031e-06,0
0,3.5652956e-06,0
0,0.00021096792,0
0,0.00059276645,0
0,0.00013358307,0
0,4.2222414e-06,0
0,7.1646173e-06,0
0,9.1866104e-07,0
0,9.1838075e-07,0
0,7.28841e-06,0
0,7.272787e-05,0
0,1.1482823e-06,0
0,1.2054661e-06,0
0,1.3578267e-05,0
0,0.001453491,0
0,1.1637479e-07,0
0,1.7146099e-06,0
0,5.2812373e-07,0
0,1.3182696e-05,0
0,3.2529857e-05,0
0,4.903262e-06,0
0,9.62356e-06,0
0,6.303799e-05,0
0,6.445234e-07,0
0,6.436716e-05,0
0,1.6225955e-06,0
0,6.3467516e-05,0
1,0.9999975,1
0,1.9517786e-06,0
0,4.413233e-07,0
0,3.216652e-06,0
0,2.5809645e-06,0
0,7.876965e-05,0
0,0.00010238906,0
0,7.986057e-07,0
0,1.1022858e-06,0
0,8.6648157e-07,0
0,1.4864485e-05,0
0,0.00027052456,0
0,9.4109777e-07,0
1,0.99992764,1
0,1.4140525e-06,0
0,0.0003503357,0
0,1.3575461e-06,0
0,8.577574e-07,0
0,8.155202e-06,0
0,8.195377e-06,0
0,1.2054661e-06,0
0,0.0023286343,0
0,1.1976648e-06,0
1,0.9999877,1
0,1.1078671e-06,0
0,3.4391458e-05,0
0,0.00024774467,0
0,1.0543112e-06,0
1,0.9999585,1
0,5.227674e-05,0
0,2.050274e-06,0
0,1.4239951e-05,0
0,8.92215e-07,0
0,1.1976648e-06,0
0,0.00034371295,0
0,8.3677753e-07,0
0,2.0247262e-06,0
0,6.864712e-07,0
0,1.6737042e-05,0
0,5.2695555e-07,0
0,0.0003863922,0
0,6.539225e-07,0
0,1.0000971e-06,0
0,9.570554e-07,0
0,2.0842097e-05,0
0,1.375764e-06,0
0,7.462337e-05,0
0,1.9955708e-06,0
0,5.7834137e-07,0
0,8.057625e-07,0
0,0.0002559603,0
0,2.2311092e-07,0
0,4.7412996e-05,0
1,0.9998394,1
0,5.339459e-06,0
0,5.7680743e-05,0
0,0.0002675231,0
0,1.1976648e-06,0
0,2.120887e-06,0
0,1.6830185e-06,0
0,9.01857e-07,0
0,3.9465828e-08,0
0,2.4287299e-06,0
0,1.531103e-05,0
0,1.6814911e-06,0
0,0.00073022424,0
0,9.99126e-05,0
0,1.0490777e-06,0
0,2.6111113e-07,0
1,0.9999676,1
0,3.1685015e-06,0
0,5.4549723e-06,0
0,0.0003019428,0
0,7.7108025e-06,0
0,5.979132e-05,0
0,3.0500987e-06,0
0,5.1377552e-05,0
0,7.7902674e-05,0
0,4.989239e-07,0
0,1.3756431e-06,0
0,2.6473455e-07,0
0,1.3185864e-05,0
0,4.8235168e-05,0
0,7.744556e-06,0
0,5.1063034e-07,0
0,8.602189e-05,0
0,3.082368e-05,0
0,6.406602e-07,0
0,0.00080093945,0
0,0.0018931364,0
0,4.1714244e-05,0
0,0.00044662732,0
0,1.9136779e-07,0
0,3.258413e-05,0
0,8.209567e-05,0
0,4.498388e-07,0
0,6.1553146e-05,0
0,0.00027091714,0
0,1.3575461e-06,0
0,1.2054661e-06,0
0,0.00016435681,0
0,4.2431286e-05,0
0,4.161113e-06,0
0,8.633364e-07,0
0,2.2013432e-06,0
0,1.2063758e-06,0
0,0.0002830658,0
0,3.1213933e-06,0
0,1.0000971e-06,0
0,1.8183528e-07,0
0,4.8335737e-06,0
0,2.80924e-06,0
0,9.064226e-07,0
0,7.7536737e-07,0
0,8.1490685e-07,0
0,5.669774e-06,0
0,2.1006167e-06,0
1,0.99993825,1
0,9.197985e-05,0
0,2.8222853e-06,0
0,3.9540993e-07,0
0,0.00012016844,0
0,9.2684417e-07,0
0,2.501735e-07,0
0,8.078052e-06,0
0,1.0969643e-07,0
0,3.044606e-06,0
0,4.7418103e-05,0
0,6.5927696e-07,0
0,1.145243e-06,0
0,5.1644747e-07,0
0,2.0659247e-06,0
0,0.0011120696,0
0,6.7186606e-06,0
0,9.059681e-07,0
0,1.22120155e-05,0
0,1.0570602e-05,0
0,5.886428e-07,0
0,1.8067958e-05,0
0,0.0014766994,0
0,0.00013812468,0
0,6.271532e-06,0
0,8.633364e-07,0
0,3.878689e-06,0
0,6.774395e-05,0
0,2.7969913e-06,0
0,3.5591127e-06,0
1,0.9997571,1
0,8.106436e-06,0
0,1.2054661e-06,0
0,1.3260607e-06,0
0,2.442341e-06,0
0,1.6038253e-05,0
0,1.6344222e-05,0
0,1.2860861e-06,0
0,2.3437844e-06,0
0,0.00040949017,0
0,4.5023452e-07,0
1,0.9999703,1
0,2.2015026e-06,0
0,2.4766557e-06,0
0,5.446954e-08,0
0,0.0005431263,0
0,1.7687373e-07,0
0,1.2499088e-06,0
0,0.00017734087,0
0,5.640784e-07,0
1,0.99970275,1
0,0.00044606355,0
0,2.2801096e-07,0
1,0.999995,1
0,5.838465e-07,0
0,0.00018764635,0
0,1.2358548e-06,0
0,3.8958565e-06,0
0,0.001101076,0
0,8.771745e-07,0
0,1.1976648e-06,0
0,0.00033775074,0
0,2.6682922e-06,0
0,1.3480367e-06,0
1,0.99967706,1
0,8.633364e-07,0
0,0.00038139225,0
0,8.633364e-07,0
0,1.4037508e-06,0
0,1.2146554e-06,0
0,0.00048113146,0
0,4.6684295e-07,0
0,1.3781625e-05,0
0,1.5881266e-06,0
0,1.1725973e-06,0
0,7.536361e-05,0
0,8.263934e-07,0
0,9.915547e-07,0
0,1.4876022e-06,0
0,1.7043918e-05,0
0,4.438668e-05,0
0,6.701031e-08,0
0,0.00011105485,0
0,7.169429e-06,0
0,0.0012606875,0
0,0.0032156757,0
0,7.314117e-06,0
0,5.2709143e-05,0
0,2.3240189e-05,0
0,5.803425e-07,0
0,1.8754326e-06,0
0,6.592727e-06,0
0,8.577574e-07,0
0,2.8551206e-06,0
0,7.2779864e-07,0
0,6.1088664e-05,0
0,1.6082589e-06,0
0,1.2054661e-06,0
0,7.1290003e-07,0
1,0.99999094,1
0,4.333164e-05,0
0,1.804978e-06,0
0,0.00021744074,0
0,0.00058786786,0
0,0.002352127,0
0,9.377397e-05,0
0,2.1453677e-06,0
0,6.744519e-07,0
0,8.402592e-05,0
0,0.00020142473,0
0,1.0485355e-06,0
0,4.6491154e-05,0
0,6.769029e-05,0
0,2.1653739e-06,0
0,5.710798e-08,0
0,0.008632115,0
0,8.382928e-07,0
0,2.6030705e-07,0
0,4.7072973e-08,0
0,5.145062e-07,0
0,2.3019834e-06,0
0,4.4388628e-07,0
0,6.479984e-06,0
0,3.0399e-06,0
0,1.1976648e-06,0
0,1.3566272e-06,0
0,7.0146274e-07,0
0,2.2209774e-06,0
0,1.8601499e-07,0
0,3.6744236e-06,0
0,0.00025071637,0
0,4.1808944e-06,0
0,7.1671474e-07,0
0,0.0002565929,0
0,1.0747335e-06,0
0,0.00010374969,0
0,2.2381919e-06,0
0,4.4168387e-06,0
0,0.00035386492,0
0,2.5440952e-06,0
0,2.8815255e-06,0
0,9.239152e-05,0
0,1.4450807e-05,0
1,0.99999034,1
0,0.00043928224,0
0,0.0003512316,0
0,1.4992352e-06,0
0,9.915547e-07,0
0,0.00016830029,0
0,0.00037821854,0
0,0.00041709287,0
0,0.000524985,0
0,9.141749e-06,0
0,4.408876e-05,0
0,6.2416216e-06,0
0,1.0949267e-06,0
0,1.7675212e-06,0
0,3.075088e-06,0
0,4.6643563e-05,0
0,0.03588035,0
1,0.99998987,1
0,1.1756632e-06,0
0,4.031713e-06,0
0,8.2726075e-07,0
0,1.8088846e-06,0
1,0.9999958,1
0,5.105033e-05,0
0,1.1041228e-06,0
0,0.00022718022,0
0,7.4840995e-07,0
0,4.103737e-05,0
0,3.5873272e-05,0
0,8.577574e-07,0
0,8.994109e-07,0
0,1.2025187e-06,0
0,9.487192e-05,0
0,2.1202977e-05,0
0,0.000113644244,0
0,0.0006535495,0
0,6.5610466e-06,0
0,1.1976648e-06,0
0,7.54071e-05,0
0,3.0490487e-06,0
0,7.322153e-05,0
0,1.0925557e-06,0
0,0.0001240782,0
0,1.4608954e-06,0
0,4.364865e-06,0
1,0.99999213,1
0,7.2135634e-07,0
0,3.4153086e-06,0
0,0.0001877122,0
0,0.00022520131,0
0,1.7415579e-06,0
0,0.00014273259,0
0,3.8282193e-05,0
0,9.541282e-07,0
0,1.3097495e-06,0
0,1.5264695e-07,0
0,1.1081175e-06,0
0,5.0070327e-07,0
0,2.710141e-05,0
0,3.4918148e-06,0
0,4.010717e-06,0
0,6.4911154e-07,0
0,7.010695e-07,0
0,0.00016160142,0
0,7.9200566e-07,0
0,2.5398955e-05,0
0,8.9026435e-07,0
0,6.679339e-06,0
0,0.00049002265,0
0,8.9026435e-07,0
0,1.3097495e-06,0
0,1.865335e-06,0
0,9.0737216e-05,0
0,7.729914e-07,0
0,3.564394e-07,0
0,6.6299566e-07,0
0,6.6266903e-06,0
0,1.1976648e-06,0
0,0.00010528831,0
0,5.7479538e-06,0
0,1.1441143e-06,0
0,1.22462925e-05,0
0,7.2779864e-07,0
0,0.00010454168,0
0,1.1976648e-06,0
0,4.868674e-06,0
0,7.054361e-05,0
1,0.999897,1
0,3.6255315e-07,0
0,1.5279027e-06,0
0,3.519966e-08,0
0,7.561981e-05,0
0,1.1861525e-06,0
0,5.701134e-07,0
0,8.705691e-07,0
0,4.5639823e-05,0
0,7.990903e-07,0
0,3.9281138e-05,0
0,0.00020450653,0
0,0.0010008723,0
0,4.2652014e-06,0
0,0.0004184774,0
0,0.00018665686,0
0,1.375764e-06,0
0,0.00012811211,0
0,1.0240617e-06,0
0,8.3830484e-05,0
0,0.0001540004,0
0,1.4787188e-05,0
0,2.0811274e-06,0
0,4.18768e-07,0
0,9.490403e-05,0
0,7.061018e-05,0
0,5.465354e-07,0
1,0.9999682,1
0,7.819689e-05,0
0,8.577574e-07,0
0,9.1489625e-07,0
0,1.762031e-05,0
0,1.636097e-05,0
0,4.1490762e-07,0
0,1.5321868e-06,0
0,5.985367e-06,0
0,1.4123992e-05,0
0,4.86209e-07,0
0,1.2372911e-06,0
0,2.9481178e-06,0
0,4.9435326e-05,0
0,2.0044181e-05,0
0,3.28446e-05,0
0,1.4040438e-07,0
0,0.0006993155,0
0,7.3289402e-06,0
0,9.335356e-05,0
0,1.1976648e-06,0
1,0.9999975,1
1,0.999316,1
0,2.1967899e-05,0
0,0.0005870141,0
0,1.26481555e-05,0
0,0.0056907237,0
0,0.01702242,0
0,4.2640846e-07,0
0,5.0762293e-07,0
0,3.0370105e-05,0
0,1.3628409e-07,0
0,0.0005067572,0
0,0.00043842217,0
0,1.0937025e-06,0
0,0.0013517714,0
0,1.963559e-06,0
0,8.53332e-07,0
0,5.805196e-07,0
0,2.1996602e-06,0
0,2.3057773e-05,0
0,1.0375776e-06,0
0,2.6843823e-06,0
0,1.0739107e-06,0
0,1.0140556e-06,0
0,1.6816867e-06,0
0,0.0016289327,0
0,9.807163e-06,0
0,1.5743287e-06,0
0,1.458989e-05,0
0,0.00024577242,0
0,9.832858e-05,0
0,1.1963908e-06,0
1,0.99999154,1
0,1.1810449e-06,0
0,3.94885e-07,0
0,4.413233e-07,0
0,1.5317164e-06,0
0,9.566124e-06,0
0,0.00010568837,0
0,0.00038768913,0
0,5.934113e-07,0
0,1.1433159e-06,0
0,2.3437844e-06,0
0,2.694968e-07,0
0,5.995451e-07,0
0,2.037155e-06,0
0,1.188459e-06,0
0,0.0010122808,0
0,9.524029e-05,0
0,0.00043372306,0
0,0.00010410765,0
0,7.0992564e-07,0
0,1.1324889e-05,0
0,1.6506848e-06,0
0,1.555594e-06,0
0,2.188252e-07,0
0,3.3850677e-06,0
0,6.7999315e-07,0
0,8.131172e-05,0
0,4.5685763e-05,0
0,2.2030633e-06,0
0,8.577574e-07,0
0,9.031662e-06,0
0,1.4681469e-06,0
1,0.99999046,1
0,0.00075247325,0
0,4.642536e-05,0
0,2.6075752e-05,0
0,7.2779864e-07,0
0,1.8950711e-06,0
0,3.0302277e-07,0
0,9.724606e-07,0
0,1.7898457e-06,0
0,1.804978e-06,0
0,1.1976648e-06,0
0,2.125455e-06,0
0,8.386771e-06,0
0,1.0485445e-06,0
0,1.4474999e-05,0
0,4.0918025e-05,0
0,0.000147248,0
0,1.1861525e-06,0
0,1.7954137e-06,0
0,1.0534227e-06,0
0,4.7215636e-07,0
0,3.1399784e-05,0
0,0.0001123626,0
0,1.8610598e-06,0
0,5.97423e-07,0
0,2.7385956e-06,0
0,0.00016127646,0
0,1.4473179e-06,0
0,0.00052850053,0
0,3.3542885e-06,0
0,8.25534e-07,0
0,1.188459e-06,0
0,7.363707e-07,0
0,2.4496501e-05,0
0,6.8146363e-07,0
0,1.3694487e-05,0
0,1.8513256e-05,0
0,7.0992564e-07,0
1,0.99973506,1
0,0.0001269659,0
0,0.00051828095,0
0,1.0775774e-06,0
0,2.9818339e-06,0
0,0.00024993927,0
0,3.3833735e-06,0
0,0.00013585888,0
0,8.9026435e-07,0
0,0.00020996276,0
0,1.3484469e-06,0
0,1.824117e-06,0
0,9.75004e-05,0
0,1.7954137e-06,0
1,0.99999297,1
0,7.3251977e-07,0
0,5.751413e-07,0
0,0.0001157446,0
0,9.737565e-08,0
0,8.2726075e-07,0
0,2.6881712e-06,0
0,1.5973055e-06,0
0,0.00010048703,0
0,4.6372623e-08,0
0,4.3102988e-05,0
0,5.1951547e-06,0
0,8.836388e-07,0
0,9.320052e-06,0
0,0.00035685,0
0,0.00013367763,0
0,1.8088846e-06,0
1,0.9999682,1
0,0.00012312365,0
0,4.670826e-06,0
0,0.00012653392,0
0,9.1884474e-05,0
0,1.0167834e-05,0
0,0.0010149794,0
0,1.1781576e-05,0
0,6.547581e-07,0
0,7.664934e-07,0
0,1.0577746e-06,0
0,3.4225502e-06,0
0,4.650665e-06,0
0,5.339231e-05,0
0,0.00012376212,0
0,1.1182688e-06,0
0,9.1697785e-07,0
0,9.3196104e-07,0
0,0.00015461278,0
0,4.049602e-07,0
0,5.046178e-07,0
0,7.4887503e-06,0
0,1.2511503e-06,0
0,9.703105e-07,0
0,1.6847041e-05,0
0,1.504849e-06,0
0,1.130856e-06,0
0,4.314235e-06,0
0,3.6769194e-07,0
0,1.770379e-06,0
0,4.3114733e-07,0
0,2.5843636e-05,0
0,5.8238977e-05,0
0,1.1974216e-06,0
0,8.763494e-06,0
1,0.99999213,1
0,9.724606e-07,0
0,5.3398844e-07,0
0,1.2054661e-06,0
0,1.1802083e-06,0
0,7.2685296e-05,0
0,5.8469755e-05,0
0,1.8088846e-06,0
0,4.271711e-05,0
0,1.3625709e-06,0
0,2.6262228e-06,0
0,3.7368925e-06,0
0,1.7002496e-06,0
0,1.1976648e-06,0
0,1.4387086e-06,0
0,1.804978e-06,0
0,9.014503e-07,0
0,0.00053389126,0
0,4.4882043e-05,0
0,0.00043605248,0
0,3.525363e-05,0
0,2.1006167e-06,0
0,8.4611173e-07,0
0,2.8444552e-05,0
0,2.3816133e-06,0
0,0.00021657316,0
0,0.00014910269,0
0,1.338484e-05,0
0,9.1697785e-07,0
0,0.00012183372,0
0,0.00043842217,0
0,5.6391383e-07,0
1,0.9993988,1
0,3.2335004e-06,0
0,5.9585255e-07,0
0,0.0003400808,0
0,8.9903523e-07,0
0,1.5346832e-05,0
0,5.496449e-05,0
1,0.999987,1
0,5.9898495e-05,0
0,7.3559016e-07,0
0,0.00015087942,0
1,0.99997556,1
0,1.5361284e-05,0
0,6.594782e-07,0
0,1.5263764e-06,0
0,6.031011e-07,0
0,1.1838979e-06,0
0,1.2207544e-05,0
0,1.7346904e-06,0
0,5.8376376e-05,0
0,2.0208238e-06,0
0,7.8941986e-07,0
0,2.550641e-05,0
0,1.4699164e-06,0
0,8.304422e-05,0
0,5.036331e-06,0
0,6.5927696e-07,0
0,2.7106864e-06,0
0,6.8105696e-06,0
0,1.1210984e-06,0
0,2.9517837e-06,0
0,2.5638897e-06,0
0,1.1976603e-06,0
1,0.9999256,1
0,6.068808e-07,0
0,1.244402e-06,0
0,0.00040573176,0
0,0.0002135163,0
0,2.7394133e-06,0
0,4.4983835e-07,0
0,1.2842967e-06,0
0,0.0001263644,0
0,0.00018768517,0
0,1.3703207e-06,0
0,1.2378034e-06,0
0,0.0002939238,0
0,1.0627475e-06,0
0,0.00038123285,0
0,0.004683565,0
0,1.1081175e-06,0
0,1.3210193e-06,0
0,1.1976648e-06,0
1,0.9999881,1
0,2.1325317e-05,0
0,0.00020286371,0
0,1.9913952e-05,0
0,0.0003788356,0
0,1.3458565e-05,0
0,0.000102946804,0
0,2.1290733e-05,0
1,0.9999975,1
0,3.7744027e-07,0
1,0.99999034,1
0,3.254867e-06,0
0,8.337861e-06,0
0,8.633364e-07,0
1,0.99991894,1
0,1.3560322e-06,0
0,4.3557293e-06,0
0,1.6687446e-06,0
0,0.0002614711,0
0,5.82184e-06,0
0,1.804978e-06,0
0,7.2192743e-06,0
0,2.850384e-06,0
0,4.90926e-06,0
0,1.4085826e-06,0
0,0.000120415054,0
0,0.00018615209,0
0,1.4139516e-05,0
0,3.0167412e-05,0
0,2.6682922e-06,0
0,0.000115763374,0
0,8.577574e-07,0
0,1.393967e-06,0
0,1.2054661e-06,0
0,0.0006647136,0
0,3.7024442e-06,0
0,1.13855e-06,0
0,1.7585982e-06,0
0,4.039903e-06,0
0,0.00018930633,0
0,1.7198093e-06,0
0,6.9957045e-05,0
0,1.1229357e-06,0
0,1.1081175e-06,0
0,3.7232824e-06,0
0,7.346254e-05,0
0,7.820816e-07,0
0,1.1189098e-06,0
0,5.9807e-05,0
0,5.850082e-05,0
0,4.0623613e-06,0
0,0.00012664245,0
0,8.920116e-07,0
0,4.3557293e-06,0
0,1.1716231e-05,0
0,4.6763216e-06,0
0,1.2314323e-05,0
0,3.3801484e-06,0
1,0.99997485,1
0,1.1861525e-06,0
0,0.00015852567,0
0,7.112049e-06,0
0,6.406602e-07,0
0,4.544981e-07,0
0,1.1976648e-06,0
0,5.918593e-07,0
0,0.0005406832,0
0,9.165537e-06,0
0,7.189289e-05,0
0,2.1941281e-07,0
0,7.729914e-07,0
0,1.2523166e-06,0
0,0.00030345327,0
0,6.190245e-05,0
0,9.3349894e-07,0
0,1.4772493e-06,0
0,7.475304e-07,0
0,1.3150314e-05,0
0,0.00022110014,0
0,1.5530135e-06,0
0,1.393967e-06,0
0,4.798534e-06,0
0,4.3975538e-07,0
0,0.0021291098,0
0,8.53332e-07,0
0,1.188459e-06,0
0,1.3593572e-06,0
0,6.654105e-06,0
0,4.8722854e-05,0
0,1.804978e-06,0
1,0.99999666,1
0,3.3013393e-07,0
0,2.810797e-06,0
0,0.00010439465,0
0,2.893242e-06,0
0,1.5138886e-06,0
0,9.698219e-07,0
0,2.968803e-05,0
0,1.4294213e-05,0
0,1.1081175e-06,0
0,3.1360523e-06,0
0,0.00016320602,0
0,0.00012695923,0
0,1.4265518e-06,0
0,1.013374e-06,0
0,0.00037177705,0
0,3.5965517e-05,0
0,4.466169e-05,0
0,8.618733e-06,0
0,7.296799e-07,0
0,4.8094976e-06,0
0,1.8092106e-06,0
0,5.7766947e-06,0
0,0.00010286448,0
0,0.0001613346,0
0,1.1022858e-06,0
0,2.6570848e-05,0
0,1.1976648e-06,0
0,6.958313e-07,0
0,4.6445825e-07,0
0,7.296799e-07,0
0,0.00028193754,0
0,1.4891522e-06,0
0,1.1330897e-06,0
0,1.72341e-07,0
0,2.205933e-06,0
1,0.999997,1
0,2.2381919e-06,0
0,1.4681469e-06,0
0,0.00018379683,0
0,0.00024472183,0
0,1.0016453e-06,0
0,6.964647e-07,0
0,8.2857304e-07,0
0,0.00021412854,0
0,0.00013685222,0
0,1.3097495e-06,0
0,7.3012893e-07,0
1,0.9999206,1
0,1.2172182e-05,0
0,2.7385956e-06,0
0,4.8496695e-06,0
0,3.5969476e-06,0
0,9.567497e-07,0
0,0.000880667,0
0,1.6419649e-06,0
0,3.7646785e-07,0
0,8.0569646e-07,0
0,1.529454e-05,0
0,8.2109705e-07,0
0,1.0840373e-05,0
0,7.0461e-08,0
0,6.3416377e-07,0
0,0.00014202039,0
0,6.1516107e-07,0
0,1.1976648e-06,0
0,3.918977e-05,0
0,0.0005084319,0
0,7.415447e-07,0
0,5.8542823e-06,0
0,6.3797495e-05,0
0,0.00041026302,0
0,2.2960501e-05,0
0,0.00011899896,0
0,1.5083317e-06,0
0,2.227273e-06,0
0,8.307568e-07,0
0,1.9125644e-06,0
0,2.3287002e-07,0
0,0.00011242626,0
0,1.1896023e-05,0
0,0.0006115038,0
0,0.0003502332,0
0,6.280494e-05,0
0,7.818116e-05,0
0,0.018920874,0
0,1.8234509e-06,0
0,6.1447405e-05,0
0,1.1861525e-06,0
0,8.965565e-07,0
0,0.000106890824,0
0,1.0916726e-06,0
0,3.096244e-05,0
1,0.99999106,1
1,0.9994599,1
0,1.2196195e-07,0
0,0.0004136949,0
0,8.0569646e-07,0
0,3.630325e-05,0
1,0.9999957,1
0,3.008023e-07,0
0,9.4081065e-07,0
0,4.880435e-06,0
0,0.0007979867,0
0,0.00032091507,0
0,1.8182467e-06,0
0,9.725237e-07,0
0,9.2037495e-05,0
0,2.5644335e-05,0
0,5.762091e-07,0
0,1.1976648e-06,0
0,6.812155e-08,0
0,9.360602e-07,0
0,5.199642e-07,0
0,1.1756632e-06,0
0,7.106437e-07,0
0,1.2781184e-05,0
0,1.0485445e-06,0
0,1.1861525e-06,0
0,1.3141498e-06,0
0,0.0002495585,0
0,9.74967e-07,0
0,1.2026542e-05,0
0,2.9338248e-06,0
0,1.6079781e-06,0
0,0.0008907328,0
0,3.43161e-06,0
0,7.296799e-07,0
0,1.1541093e-05,0
0,5.2031824e-06,0
0,5.234183e-06,0
0,2.442341e-06,0
0,8.838739e-07,0
0,3.359906e-07,0
0,1.2054661e-06,0
0,1.6626018e-05,0
0,1.1756542e-06,0
0,8.830536e-05,0
0,5.238283e-06,0
0,2.2381919e-06,0
0,0.0001276934,0
0,1.9870856e-06,0
0,1.9570422e-05,0
0,6.295066e-07,0
0,0.00012781585,0
0,0.00014690147,0
0,9.31441e-06,0
0,0.00020168051,0
0,3.979502e-06,0
0,0.0001873319,0
0,3.5942545e-08,0
0,1.1976648e-06,0
0,6.3764383e-06,0
0,0.000502335,0
0,1.3246712e-07,0
0,1.1756542e-06,0
0,9.839903e-07,0
0,5.0525136e-06,0
0,1.3625709e-06,0
0,5.00506e-06,0
0,2.4901933e-06,0
0,9.9245146e-05,0
0,1.3625709e-06,0
0,1.7072462e-06,0
0,1.1112045e-06,0
0,0.0014878078,0
0,1.4648687e-06,0
0,2.1094768e-07,0
0,9.704487e-05,0
0,3.8279077e-06,0
0,2.5429551e-06,0
0,0.00010968625,0
0,1.8237553e-06,0
0,6.409202e-05,0
0,2.1594842e-06,0
0,1.2054661e-06,0
0,7.7677726e-07,0
0,0.00012975834,0
0,1.7149734e-05,0
0,2.2381919e-06,0
0,9.74967e-07,0
0,8.689086e-07,0
0,0.00076560705,0
0,1.4086213e-07,0
0,1.8142973e-06,0
0,5.0095678e-06,0
0,0.00051269925,0
0,4.3784001e-07,0
0,1.1106377e-05,0
0,1.1512066e-06,0
0,4.218283e-07,0
0,1.1959942e-05,0
0,1.1017342e-05,0
1,0.9998516,1
0,5.004169e-05,0
1,0.99991775,1
0,1.0485355e-06,0
0,0.00014020097,0
0,2.4459935e-06,0
0,6.9917326e-07,0
0,3.123619e-07,0
0,5.3441105e-05,0
0,0.0003252519,0
0,0.0009801796,0
0,2.6702853e-06,0
0,9.0774796e-07,0
0,7.5967097e-07,0
0,0.0003118068,0
0,2.2578727e-06,0
0,0.0004504034,0
0,1.1861525e-06,0
0,9.4334166e-05,0
0,0.00014308635,0
0,8.255749e-07,0
0,6.8749455e-06,0
0,1.1229357e-06,0
0,0.00015437884,0
0,0.00012210716,0
0,0.00029380978,0
0,3.4973255e-05,0
0,0.00015167249,0
0,8.2726075e-07,0
0,6.696677e-05,0
0,0.0018088493,0
0,1.1976648e-06,0
0,1.5489591e-06,0
0,1.1968096e-06,0
0,1.0686936e-05,0
0,4.7168473e-06,0
0,0.0008907328,0
0,1.2704689e-06,0
0,0.0025270877,0
0,6.176152e-07,0
0,9.7585034e-05,0
0,1.1512066e-06,0
0,7.699046e-06,0
0,7.7477085e-07,0
0,2.4496501e-05,0
0,0.00025763572,0
0,4.902589e-07,0
0,2.8730522e-06,0
0,1.0613264e-06,0
0,1.2054661e-06,0
0,7.199133e-08,0
0,9.1884474e-05,0
0,6.66202e-05,0
0,3.0697463e-06,0
0,0.000114651615,0
0,8.766318e-07,0
0,2.3262924e-06,0
0,9.372607e-07,0
0,4.713677e-05,0
0,2.2084306e-07,0
0,1.3084261e-06,0
0,6.841406e-05,0
0,1.3575461e-06,0
0,4.0286362e-05,0
0,0.00078628946,0
0,2.7752806e-06,0
0,2.1399901e-05,0
0,3.0954945e-07,0
0,1.4681469e-06,0
0,9.625207e-07,0
0,3.3902597e-06,0
0,8.0381426e-05,0
0,2.9968788e-07,0
0,4.962132e-05,0
0,2.768398e-05,0
0,4.1722233e-06,0
0,9.328084e-07,0
0,1.587658e-05,0
0,1.2336081e-06,0
0,1.0990989e-06,0
0,4.6614125e-05,0
0,2.0053003e-06,0
0,7.670633e-05,0
0,1.3386526e-06,0
0,9.119693e-07,0
0,6.497658e-06,0
0,2.2199229e-06,0
0,1.7913859e-06,0
1,0.9998437,1
0,0.00024343935,0
0,4.716762e-06,0
0,0.00015003499,0
0,2.997361e-06,0
0,1.0972179e-06,0
0,2.9059154e-06,0
0,2.6818387e-07,0
0,7.4970217e-07,0
0,7.540873e-06,0
0,0.0009966291,0
0,2.7865313e-05,0
0,7.6649775e-07,0
1,0.9999945,1
0,8.167056e-07,0
0,8.651895e-05,0
0,7.8081546e-05,0
0,2.072662e-05,0
0,1.8092106e-06,0
0,0.00042836173,0
1,0.9999895,1
0,4.631821e-05,0
0,8.44454e-06,0
0,0.0002290675,0
0,2.236037e-06,0
0,0.00027528175,0
0,7.8941986e-07,0
0,2.0869568e-06,0
1,0.9999871,1
0,8.0252066e-05,0
0,1.2511503e-06,0
1,0.9999975,1
0,2.6679538e-07,0
0,1.67027e-06,0
0,5.288402e-06,0
0,1.1756542e-06,0
0,0.00020752405,0
0,2.2983465e-06,0
0,6.5784084e-06,0
0,1.2293907e-06,0
0,7.643307e-08,0
0,1.1810449e-06,0
0,5.2737937e-07,0
0,8.660668e-07,0
0,8.5167176e-07,0
0,2.3612909e-06,0
0,3.9625626e-05,0
1,0.9997249,1
0,0.0006535495,0
0,0.0042743855,0
1,0.9998684,1
0,3.5028e-05,0
0,1.2522243e-05,0
0,7.628755e-07,0
0,3.6745845e-05,0
0,9.4334166e-05,0
0,1.8109701e-07,0
0,3.9672327e-07,0
0,0.00026157635,0
0,0.00051654107,0
0,2.5454772e-05,0
0,1.804978e-06,0
0,3.9503792e-07,0
0,7.2779864e-07,0
0,8.769755e-05,0
0,1.0018287e-05,0
0,0.00012016844,0
0,0.00041371523,0
0,0.0015330798,0
0,3.5974983e-05,0
0,8.633364e-07,0
0,6.831229e-08,0
0,1.038272e-07,0
0,3.075088e-06,0
0,1.3511359e-06,0
0,2.7081278e-08,0
0,2.4480223e-05,0
0,1.6477987e-06,0
0,1.1252255e-06,0
1,0.999995,1
0,0.00024774467,0
0,6.11391e-07,0
0,1.4768099e-06,0
0,1.2807477e-05,0
0,1.1926933e-05,0
0,1.2054661e-06,0
0,1.4387086e-06,0
0,4.4118235e-07,0
0,8.633364e-07,0
0,5.9238024e-05,0
0,3.9775634e-07,0
0,8.577574e-07,0
0,7.5245697e-07,0
0,2.5549346e-06,0
0,2.4459935e-06,0
0,1.6873255e-06,0
0,2.8759857e-07,0
0,1.5463347e-05,0
0,8.501793e-05,0
0,1.3213584e-06,0
0,0.00027851673,0
0,1.409245e-06,0
0,3.2778104e-07,0
0,0.0008468642,0
0,9.576954e-07,0
1,0.99999213,1
0,5.5914365e-06,0
0,8.364881e-05,0
0,7.28841e-06,0
0,0.0005104296,0
0,1.878954e-06,0
0,1.0186052e-06,0
0,0.0009656805,0
0,7.267402e-07,0
0,3.0724103e-05,0
0,2.8910742e-06,0
0,5.7994515e-05,0
0,1.7908189e-06,0
0,1.1174574e-06,0
0,1.8335772e-06,0
0,1.1022858e-06,0
0,1.6166981e-06,0
0,1.1081175e-06,0
0,6.341651e-05,0
0,2.7375998e-05,0
0,1.2685355e-06,0
0,2.2633658e-06,0
1,0.99989784,1
0,1.8088846e-06,0
0,2.0162756e-07,0
0,0.4018274,0
0,0.0004126307,0
0,1.7208265e-06,0
0,1.9361871e-06,0
0,1.5941811e-07,0
0,4.5098822e-08,0
0,7.6184534e-07,0
0,2.3646782e-05,0
0,8.450493e-06,0
0,2.0554385e-06,0
0,0.00044454646,0
0,7.9200566e-07,0
0,1.2668569e-07,0
0,9.5041694e-05,0
0,0.0004250187,0
0,1.5406528e-07,0
0,1.2122935e-05,0
0,1.4387086e-06,0
1,0.9999821,1
0,0.00012227715,0
0,5.5220306e-07,0
0,0.00011332803,0
0,6.289466e-05,0
0,1.5566344e-06,0
0,6.221481e-06,0
0,1.6796175e-06,0
0,0.0054806103,0
0,0.0002818862,0
0,2.425766e-05,0
0,2.2646418e-06,0
1,0.99998856,1
0,8.610144e-07,0
0,1.3466541e-06,0
0,1.1081175e-06,0
0,3.3011725e-07,0
0,0.0007804526,0
0,4.9839787e-06,0
0,1.6465373e-06,0
0,6.209726e-05,0
0,0.00011863662,0
0,4.31194e-06,0
0,3.9738698e-06,0
0,4.5680508e-07,0
0,1.1963908e-06,0
0,1.5180601e-05,0
0,1.10267e-07,0
0,4.506303e-05,0
0,1.1976648e-06,0
0,2.1302004e-07,0
0,3.291573e-06,0
0,0.0003423615,0
1,0.999992,1
0,1.4681469e-06,0
0,3.944597e-05,0
0,0.0005996696,0
0,2.1211379e-06,0
0,9.1135377e-07,0
0,1.1976648e-06,0
0,1.312558e-06,0
0,4.1661053e-05,0
0,4.767833e-05,0
0,1.0613264e-06,0
0,6.5769777e-06,0
0,1.1075565e-06,0
0,1.8124815e-06,0
0,4.1627064e-07,0
0,2.2306442e-06,0
0,1.0925557e-06,0
0,1.2760819e-05,0
0,3.6403475e-05,0
0,1.6372645e-06,0
0,9.309536e-07,0
1,0.9999187,1
0,6.778203e-07,0
0,3.5979976e-06,0
0,8.1132816e-07,0
0,0.0014095556,0
0,1.6954837e-05,0
0,4.2205384e-06,0
0,1.804978e-06,0
0,1.0396458e-06,0
0,2.1584938e-06,0
0,1.6984119e-06,0
0,2.8462496e-06,0
0,8.255749e-07,0
0,1.4679916e-06,0
0,7.387343e-05,0
0,1.1976648e-06,0
1,0.9999751,1
0,0.00029330992,0
0,1.5977015e-06,0
0,3.312872e-05,0
0,0.00025368843,0
0,1.3072687e-06,0
1,0.99999166,1
0,0.00033324573,0
0,9.092402e-08,0
0,1.261673e-06,0
0,2.4598207e-06,0
1,0.9997032,1
0,1.751159e-06,0
0,6.4308665e-07,0
0,4.5969074e-07,0
0,9.062506e-06,0
0,3.124127e-06,0
0,0.00034750428,0
0,0.00023389219,0
0,7.296799e-07,0
0,2.4012793e-06,0
0,9.644964e-07,0
0,4.29565e-06,0
0,1.2054661e-06,0
0,0.00017481965,0
0,6.49361e-07,0
0,0.00010143301,0
0,5.473889e-06,0
0,9.5132975e-07,0
0,2.135173e-05,0
0,7.127253e-05,0
1,0.9999975,1
0,1.2054661e-06,0
0,2.135885e-06,0
1,0.999977,1
0,1.8211412e-06,0
0,3.9361e-06,0
0,1.3152683e-06,0
0,1.5263764e-06,0
0,3.0545289e-06,0
0,1.1344129e-05,0
0,2.6991376e-05,0
0,1.0362325e-05,0
0,0.00017918526,0
0,8.2975123e-07,0
0,1.0627475e-06,0
0,9.832035e-06,0
1,0.9999908,1
0,0.00013919114,0
0,6.34077e-06,0
0,1.0627475e-06,0
0,9.401499e-08,0
0,1.1276061e-06,0
0,8.9026435e-07,0
1,0.99934274,1
0,8.92732e-05,0
0,1.1399756e-06,0
0,3.283821e-07,0
0,0.00030050546,0
0,9.357253e-06,0
0,5.444228e-07,0
0,7.2779864e-07,0
0,4.87628e-08,0
0,7.05735e-07,0
0,0.00066871283,0
0,1.4090048e-05,0
0,8.509639e-07,0
1,0.9997714,1
0,8.307568e-07,0
0,2.4744768e-06,0
1,0.9999938,1
0,0.0001155438,0
0,9.001815e-06,0
0,1.1081175e-06,0
0,4.088951e-05,0
0,1.42435365e-05,0
0,5.1644747e-07,0
0,7.688956e-06,0
0,7.22035e-07,0
0,1.6020102e-06,0
0,0.000339956,0
0,0.00012679615,0
0,4.5878555e-06,0
0,7.4479253e-06,0
0,1.1756542e-06,0
0,2.490117e-07,0
0,6.544716e-05,0
0,1.2358548e-06,0
0,1.8710949e-06,0
0,0.00013333379,0
0,2.2628067e-06,0
0,4.7213838e-05,0
0,1.5965645e-05,0
1,0.99999666,1
0,2.833145e-06,0
0,1.331332e-06,0
0,0.0005810263,0
0,0.00010706556,0
0,3.2568878e-05,0
0,9.4039706e-07,0
0,2.136527e-06,0
0,1.6607444e-05,0
0,1.9863467e-06,0
0,1.3035514e-06,0
0,0.0043572737,0
0,7.117607e-07,0
0,6.459541e-07,0
0,2.162151e-05,0
0,1.1976648e-06,0
0,5.339459e-06,0
0,9.5820666e-05,0
0,0.00066615135,0
0,1.8088846e-06,0
0,3.8387757e-08,0
0,1.0896259e-05,0
0,0.0004151422,0
0,1.9032502e-06,0
0,1.5263764e-06,0
0,8.4927757e-07,0
0,1.7412622e-06,0
0,1.22465135e-05,0
0,2.1945131e-07,0
0,1.1976648e-06,0
0,1.5096015e-05,0
0,1.1982074e-06,0
0,4.670888e-07,0
0,4.9622895e-06,0
0,4.9302093e-05,0
0,1.4387086e-06,0
0,9.661793e-07,0
0,1.6672555e-05,0
0,0.0023534994,0
0,8.9026435e-07,0
0,0.00021031499,0
0,2.603036e-05,0
0,6.5661527e-07,0
0,1.925988e-06,0
0,1.1976648e-06,0
0,4.6360816e-07,0
0,2.1831856e-06,0
0,1.1775628e-06,0
0,0.0019539823,0
0,7.0992564e-07,0
0,9.839334e-08,0
0,0.000101484475,0
0,0.0005282638,0
0,2.5622082e-06,0
0,0.00011409692,0
0,1.4897759e-06,0
0,0.00019651065,0
0,0.0012867968,0
0,3.8670946e-06,0
1,0.9999683,1
0,1.4289183e-05,0
0,7.6289543e-06,0
0,7.117607e-07,0
0,0.00018541288,0
0,1.5398333e-06,0
0,1.1081175e-06,0
0,0.000136457,0
0,6.884439e-07,0
0,1.6516107e-06,0
0,1.7837439e-07,0
0,3.3602046e-05,0
0,9.014503e-07,0
0,1.6968019e-05,0
0,1.0665356e-06,0
0,0.00014823739,0
0,2.1006167e-06,0
1,0.99998975,1
0,0.00017413025,0
0,6.126476e-07,0
1,0.99967694,1
0,1.6298039e-06,0
0,3.712259e-06,0
0,0.000347473,0
1,0.9999951,1
0,0.0016077574,0
0,3.816196e-06,0
0,5.485657e-05,0
0,7.6184534e-07,0
0,8.836388e-07,0
1,0.99816245,1
0,1.1081175e-06,0
0,1.0649754e-06,0
0,1.2278557e-06,0
0,5.6560834e-06,0
0,5.0603005e-05,0
0,3.0498766e-05,0
1,0.9995173,1
0,3.7997914e-05,0
0,1.4032172e-05,0
0,3.8609745e-05,0
1,0.99996805,1
0,1.5293812e-05,0
0,1.4463452e-06,0
0,3.6475885e-07,0
0,2.5128372e-07,0
0,0.000114856135,0
0,9.797942e-07,0
0,7.3870137e-06,0
0,6.1488954e-08,0
0,1.6739009e-06,0
0,1.7896425e-06,0
0,3.5468224e-07,0
0,1.0777983e-06,0
1,0.9998306,1
0,6.592727e-06,0
0,1.0717836e-06,0
0,1.1341936e-06,0
0,5.0331533e-07,0
1,0.999982,1
0,1.2003073e-06,0
0,0.0023983584,0
0,0.00013204651,0
0,3.277393e-06,0
0,3.5673465e-06,0
0,5.616603e-06,0
0,2.6462792e-05,0
0,1.7080295e-06,0
0,3.0183671e-06,0
0,0.0001713492,0
0,7.2779864e-07,0
0,1.1134077e-05,0
0,1.6666437e-06,0
0,0.00044831412,0
0,4.990761e-07,0
0,3.6389338e-07,0
0,0.00020792909,0
0,1.0753312e-06,0
0,1.0051975e-05,0
0,4.6214882e-05,0
0,2.4221692e-05,0
0,5.6391383e-07,0
0,1.6175941e-06,0
0,1.384588e-06,0
0,4.6726414e-05,0
0,2.295803e-05,0
0,5.385883e-07,0
0,0.00019493485,0
0,0.00013789334,0
0,8.9026435e-07,0
0,4.2634704e-07,0
0,3.6739577e-06,0
0,0.00011985717,0
0,1.1976648e-06,0
0,1.1976648e-06,0
0,4.6436745e-07,0
0,1.8088846e-06,0
0,8.971757e-05,0
0,8.633364e-07,0
0,1.364373e-06,0
0,4.6345394e-06,0
0,0.00022694684,0
0,7.8941986e-07,0
0,3.5685608e-07,0
0,3.8255188e-05,0
0,3.4768584e-06,0
0,0.00021198214,0
0,1.1961424e-05,0
0,1.1976648e-06,0
0,9.1135377e-07,0
0,7.3848074e-05,0
0,2.3225728e-06,0
0,2.1594387e-06,0
0,0.0010509193,0
0,1.0128881e-06,0
1,0.9997286,1
0,8.8408315e-06,0
0,8.021566e-07,0
0,6.5927696e-07,0
0,4.4889686e-07,0
0,1.2360562e-05,0
0,8.8135886e-07,0
0,3.4121022e-06,0
0,6.0332654e-06,0
0,1.1725973e-06,0
0,1.99733e-06,0
0,0.00011242626,0
0,0.0011240639,0
1,0.9992599,1
0,6.0336464e-07,0
0,0.002104982,0
0,9.802468e-06,0
0,3.1616082e-08,0
0,1.0018679e-06,0
0,0.00012484893,0
0,1.4681469e-06,0
0,0.00012937139,0
0,0.00076083775,0
0,1.208432e-07,0
0,1.9953918e-06,0
0,1.328529e-06,0
0,6.467048e-05,0
0,0.0002897401,0
0,4.8356023e-06,0
0,1.1976648e-06,0
0,6.3604475e-06,0
0,1.6136313e-06,0
0,1.9272284e-06,0
1,0.99952507,1
0,3.1395027e-06,0
0,4.5027806e-05,0
0,8.633364e-07,0
0,7.5535545e-06,0
0,1.0511553e-05,0
0,0.0002464252,0
0,0.0001737917,0
0,1.8088846e-06,0
0,3.353652e-06,0
0,6.057498e-07,0
1,0.9999143,1
0,1.5045205e-06,0
0,3.0455353e-06,0
0,7.15493e-07,0
0,0.00023964161,0
1,0.9998654,1
0,2.592109e-06,0
0,0.00039454628,0
0,4.780307e-05,0
0,8.660668e-07,0
0,2.7368674e-06,0
0,0.0009789491,0
0,1.1976648e-06,0
0,1.8610051e-07,0
0,1.4987191e-06,0
0,4.413233e-07,0
1,0.9999975,1
0,3.4886395e-06,0
0,1.9525007e-06,0
0,6.599114e-05,0
0,0.00035570387,0
0,8.707568e-07,0
0,7.6859715e-07,0
0,0.00026351304,0
0,1.2841815e-06,0
0,0.0005203136,0
0,0.0002761355,0
0,2.7968528e-05,0
0,1.9666062e-05,0
0,7.8642853e-07,0
0,8.173478e-05,0
0,0.0014003202,0
0,1.1787022e-06,0
0,2.5190348e-05,0
0,8.577574e-07,0
0,5.3883978e-06,0
0,2.0886293e-06,0
0,1.40713155e-05,0
0,5.598629e-06,0
0,0.00069624756,0
0,0.00014092003,0
0,3.234503e-05,0
0,1.7781372e-06,0
0,7.4623727e-06,0
0,2.1612097e-07,0
0,5.100705e-06,0
0,2.1309279e-07,0
0,5.8702716e-07,0
0,0.00046538314,0
0,8.2726075e-07,0
0,1.2733643e-06,0
1,0.9999958,1
0,3.3605897e-06,0
0,2.4537292e-06,0
0,7.2695904e-05,0
0,4.583466e-05,0
0,1.1861525e-06,0
0,0.00039361086,0
0,1.0647408e-06,0
0,4.0282484e-05,0
0,1.4980633e-06,0
0,1.2762846e-06,0
1,0.99994314,1
0,0.00038123285,0
0,3.075088e-06,0
0,1.0490452e-05,0
0,8.5553773e-07,0
0,0.00023950549,0
0,1.2054661e-06,0
0,1.5956572e-05,0
0,6.750625e-05,0
0,7.660436e-05,0
0,0.00021985169,0
0,2.3515468e-06,0
0,0.00031755056,0
0,1.2054661e-06,0
0,0.00010232073,0
0,8.633364e-07,0
0,1.8241466e-06,0
0,1.6298535e-06,0
0,0.00021303841,0
1,0.99991214,1
0,1.8080757e-06,0
0,4.666396e-06,0
0,1.2239276e-06,0
0,9.2474016e-07,0
0,6.102574e-07,0
0,8.79649e-05,0
0,0.00046967037,0
0,4.891362e-07,0
0,5.8574613e-05,0
0,1.3308381e-06,0
0,1.0095773e-06,0
0,0.00013391863,0
0,8.633364e-07,0
0,4.83831e-07,0
0,1.6814911e-06,0
0,6.464866e-08,0
0,0.00014750671,0
0,9.062506e-06,0
0,2.2360477e-06,0
0,1.791609e-05,0
0,0.00024102659,0
0,0.00029989213,0
1,0.99999285,1
0,9.6096825e-05,0
1,0.99992144,1
0,9.31441e-06,0
0,0.00013941682,0
0,1.3334107e-05,0
0,8.6640557e-07,0
0,5.991295e-06,0
0,3.635355e-05,0
0,1.375764e-06,0
0,2.5117547e-06,0
0,0.00037821854,0
0,1.13855e-06,0
0,1.0707548e-06,0
0,3.10282e-06,0
1,0.9999826,1
0,1.0749353e-06,0
0,2.6140415e-06,0
0,1.3063988e-06,0
0,1.1976648e-06,0
0,5.302004e-05,0
0,2.8284987e-06,0
0,6.1431274e-07,0
0,8.5167176e-07,0
1,0.99999154,1
0,1.5172795e-06,0
0,1.1780347e-06,0
0,7.3012893e-07,0
0,1.2054661e-06,0
0,0.00024942958,0
0,2.5638897e-06,0
0,0.00037602655,0
0,9.6110394e-05,0
0,1.5180601e-05,0
0,6.5927696e-07,0
0,3.2675719e-06,0
0,3.8282508e-07,0
0,8.007488e-07,0
0,5.486856e-06,0
0,4.3285067e-06,0
0,8.232901e-07,0
0,0.00033527534,0
0,5.6392255e-06,0
0,5.0877312e-05,0
0,9.4039706e-07,0
0,3.249199e-07,0
0,1.1048221e-06,0
0,1.5400844e-06,0
0,2.5782092e-06,0
0,1.2438431e-06,0
0,1.5376187e-07,0
0,1.8088846e-06,0
0,0.00041707553,0
0,1.1976648e-06,0
0,1.1976648e-06,0
0,8.640722e-08,0
0,1.16995956e-07,0
0,7.7477085e-07,0
0,1.7301386e-06,0
0,6.05696e-06,0
0,1.889741e-05,0
0,2.7423985e-06,0
0,7.669756e-05,0
0,1.1976648e-06,0
0,0.00011441407,0
1,0.9998654,1
0,1.7332549e-06,0
0,1.2511503e-06,0
0,3.6075162e-05,0
0,4.037782e-07,0
0,7.5163723e-07,0
0,2.1883465e-05,0
0,9.721639e-07,0
0,3.075088e-06,0
0,1.4541814e-05,0
0,0.0015277461,0
0,5.344498e-05,0
0,1.0913228e-06,0
0,3.9436945e-05,0
0,0.0012846023,0
0,2.6262228e-06,0
1,0.99988973,1
0,3.6529433e-05,0
0,1.1081175e-06,0
0,5.3848365e-05,0
0,6.1431274e-07,0
0,6.5718973e-07,0
0,1.0425917e-06,0
0,0.0014081977,0
0,1.41853025e-05,0
0,0.00015856331,0
0,0.00021041727,0
0,0.000106521366,0
0,1.1976648e-06,0
0,7.0638744e-06,0
0,0.000122328,0
0,0.0005450181,0
0,3.8056206e-07,0
0,1.1756632e-06,0
1,0.9998387,1
0,0.00011104161,0
1,0.9999975,1
0,1.2580407e-06,0
0,1.157433e-06,0
0,5.8790397e-06,0
0,2.1630829e-06,0
0,1.3078622e-06,0
0,1.4265518e-06,0
0,5.7709013e-07,0
0,1.3144595e-06,0
1,0.9999795,1
0,4.767833e-05,0
0,6.594782e-07,0
0,0.00015419273,0
0,6.497658e-06,0
0,1.1911743e-06,0
0,0.000145363,0
0,1.4410114e-05,0
0,1.1078671e-06,0
1,0.99987316,1
1,0.99977046,1
0,8.2726075e-07,0
0,7.7108025e-06,0
0,2.8765367e-06,0
0,5.685828e-05,0
0,5.299871e-05,0
0,0.0058038305,0
0,1.9871577e-06,0
0,1.2870639e-06,0
0,8.111726e-06,0
0,0.00034352392,0
0,2.3804613e-07,0
0,3.5160551e-06,0
0,0.006997152,0
0,7.0992564e-07,0
0,2.1006167e-06,0
0,1.703075e-06,0
0,5.4203196e-07,0
0,1.0257427e-05,0
0,7.593097e-05,0
0,0.00015866813,0
0,4.250625e-05,0
0,8.621363e-06,0
0,3.997779e-06,0
0,8.3672967e-07,0
0,1.7954137e-06,0
0,3.187065e-05,0
0,1.8087387e-05,0
0,0.002868863,0
0,0.00024491161,0
0,8.2726075e-07,0
0,5.655365e-07,0
0,5.4071975e-06,0
1,0.99973387,1
0,1.1684859e-06,0
0,1.6964961e-05,0
0,7.296799e-07,0
0,6.4308665e-07,0
0,1.0627475e-06,0
0,0.00013497655,0
0,0.000101385136,0
0,4.195277e-06,0
0,9.240896e-07,0
0,0.0002611251,0
0,5.6468025e-06,0
1,0.99999285,1
0,2.114715e-06,0
0,1.8401058e-06,0
0,4.310213e-06,0
0,5.6921053e-08,0
0,1.0594288e-05,0
0,7.3262316e-07,0
0,5.4797323e-07,0
0,3.6081954e-07,0
0,0.00040204788,0
0,4.170574e-07,0
0,7.669756e-05,0
0,4.27889e-06,0
0,1.2054661e-06,0
1,0.9999914,1
0,3.28516e-06,0
0,3.5853204e-06,0
0,9.536743e-05,0
0,1.7976317e-05,0
1,0.9999975,1
0,7.269937e-05,0
0,8.535432e-06,0
0,1.7088912e-06,0
0,1.2054661e-06,0
0,1.1896485e-06,0
0,0.028771205,0
0,2.5388067e-06,0
0,1.1976648e-06,0
0,7.7325393e-07,0
0,7.117607e-07,0
0,1.0957634e-06,0
0,6.012937e-06,0
0,1.4315725e-06,0
0,7.2093616e-07,0
0,0.00031617004,0
0,6.497658e-06,0
0,2.202366e-06,0
0,1.4672521e-05,0
0,3.6946774e-06,0
1,0.99995697,1
0,3.956936e-05,0
0,0.0008524781,0
0,1.5280818e-06,0
0,8.7407505e-05,0
0,7.86995e-07,0
0,3.5149721e-06,0
0,1.0361824e-06,0
0,3.4886395e-06,0
0,2.2753381e-06,0
0,1.3605993e-05,0
0,0.0054374053,0
0,1.5300243e-06,0
0,0.000102172235,0
0,1.64269e-05,0
0,0.00028717588,0
0,4.043488e-06,0
0,1.1497561e-06,0
0,6.3473135e-07,0
0,4.705732e-05,0
0,1.0237228e-06,0
0,1.2403523e-06,0
0,7.744416e-06,0
0,1.7002496e-06,0
0,1.3575461e-06,0
0,1.8966904e-05,0
0,1.1976648e-06,0
0,0.00027594445,0
0,5.2744275e-07,0
0,1.3766375e-05,0
0,9.907806e-06,0
0,9.2983566e-07,0
0,0.00033443669,0
0,9.254513e-05,0
0,0.00017108358,0
0,0.000118017626,0
0,9.12957e-07,0
0,0.00032158737,0
0,1.3580692e-06,0
0,0.00012325887,0
0,1.1756542e-06,0
0,0.0028173833,0
0,6.594782e-07,0
0,2.1538713e-06,0
0,9.985712e-07,0
0,8.9165104e-07,0
0,1.1976648e-06,0
0,0.00029913455,0
0,6.8932524e-05,0
0,0.0008980715,0
0,1.73055e-05,0
0,3.9925553e-06,0
0,0.00019271897,0
0,1.0017885e-06,0
0,2.7413305e-05,0
0,9.328084e-07,0
0,1.0623634e-06,0
0,2.1006167e-06,0
0,1.423551e-06,0
0,2.745747e-05,0
1,0.9999794,1
0,3.1288798e-06,0
1,0.999977,1
0,2.1006167e-06,0
0,1.3155267e-06,0
0,5.9197588e-05,0
0,1.0925557e-06,0
1,0.9995142,1
0,0.0004730323,0
1,0.99753404,1
0,1.41853025e-05,0
0,2.345393e-05,0
0,6.6266903e-06,0
0,1.5031727e-05,0
0,1.3293655e-06,0
0,1.1512066e-06,0
0,2.0630483e-05,0
0,1.7144104e-06,0
0,2.1445035e-07,0
0,7.995255e-06,0
0,1.0992007e-05,0
0,0.00010478491,0
1,0.99989915,1
0,0.0011913151,0
0,0.00035586278,0
0,1.0627475e-06,0
0,6.1431274e-07,0
0,0.0005801384,0
1,0.99776995,1
0,1.5593072e-06,0
0,1.1700002e-06,0
0,5.973928e-07,0
0,1.6548681e-06,0
0,2.9906347e-05,0
0,7.117607e-07,0
0,2.8278057e-06,0
0,1.3488713e-06,0
0,2.0053003e-06,0
0,4.006932e-06,0
0,2.5123484e-07,0
0,1.1976648e-06,0
0,1.1002882e-06,0
0,0.0013385453,0
0,4.4632593e-06,0
0,4.1630183e-06,0
0,0.00061936036,0
0,0.00012090024,0
0,2.4459935e-06,0
0,1.742061e-06,0
0,0.00013305919,0
0,1.5272997e-06,0
0,9.910065e-05,0
0,0.00015675739,0
0,1.5849265e-06,0
1,0.9999602,1
0,2.8398156e-06,0
0,5.870569e-07,0
0,2.1202977e-05,0
0,0.004617065,0
0,1.3450997e-06,0
0,1.316552e-06,0
0,1.9882098e-06,0
0,1.23107175e-05,0
0,1.4232972e-06,0
0,0.00043670888,0
0,1.4784769e-06,0
0,2.735975e-06,0
0,8.599739e-07,0
0,1.1182688e-06,0
0,2.1306373e-07,0
0,1.9731758e-06,0
0,4.0537557e-07,0
0,3.3318215e-06,0
0,1.8710949e-06,0
0,7.550974e-07,0
0,6.162779e-07,0
0,2.9509279e-06,0
0,0.0001351566,0
0,0.0003729636,0
0,6.5927696e-07,0
0,2.6657895e-06,0
0,0.00010893565,0
0,0.0005589118,0
0,2.8241861e-06,0
0,1.1911743e-06,0
0,2.0044181e-05,0
0,1.0217808e-06,0
0,1.7144104e-06,0
0,0.00034165086,0
0,2.895627e-06,0
0,9.542583e-05,0
0,0.00010816275,0
0,1.3575461e-06,0
0,2.0280752e-06,0
0,5.1311494e-05,0
0,5.7899197e-05,0
0,4.884514e-07,0
0,7.3276824e-06,0
0,0.00013162852,0
0,7.1367475e-07,0
0,1.2224216e-06,0
0,8.53332e-07,0
0,1.8473589e-06,0
0,1.3256561e-06,0
0,0.000332141,0
0,0.00023334112,0
0,2.5324533e-05,0
0,7.985625e-05,0
0,0.00025011663,0
0,3.327557e-06,0
0,0.00033094402,0
0,1.7742581e-06,0
0,4.320598e-08,0
0,1.2313984e-06,0
0,1.074176e-06,0
0,3.8094615e-08,0
0,3.5530454e-06,0
0,5.6492925e-05,0
0,4.9205428e-05,0
0,2.6565956e-05,0
0,2.2868895e-05,0
0,6.2780266e-05,0
0,6.8497553e-07,0
0,7.117607e-07,0
0,9.724606e-07,0
1,0.9999844,1
1,0.9997379,1
0,6.6266903e-06,0
0,1.0237228e-06,0
0,0.0019459447,0
0,1.3199376e-06,0
0,1.0409193e-05,0
0,0.0001396723,0
0,1.3575461e-06,0
0,4.5009424e-06,0
0,1.1081175e-06,0
1,0.9995666,1
0,8.323762e-07,0
0,9.589488e-06,0
0,8.980266e-07,0
0,0.00037111132,0
0,1.6473132e-05,0
0,1.2054661e-06,0
0,1.1078671e-06,0
0,2.359958e-06,0
0,8.733857e-07,0
0,1.9117892e-06,0
0,1.2511503e-06,0
0,2.3555644e-06,0
0,1.1629946e-05,0
0,0.00027264858,0
0,1.7412622e-06,0
0,0.0014878078,0
0,1.4016373e-06,0
0,0.00015575616,0
0,1.6968019e-05,0
0,2.0944772e-05,0
0,1.1861525e-06,0
0,2.2093851e-05,0
0,7.150604e-05,0
0,2.0424443e-06,0
0,7.36579e-05,0
0,9.912568e-07,0
0,1.0649754e-06,0
0,0.000108071814,0
0,3.7024442e-06,0
0,1.804978e-06,0
0,2.1685297e-05,0
0,1.1911743e-06,0
0,4.1934348e-07,0
0,7.198599e-05,0
0,4.884514e-07,0
0,3.6003382e-06,0
0,5.9456456e-06,0
0,0.0005887311,0
0,7.615853e-07,0
0,8.172253e-07,0
0,1.7416857e-06,0
1,0.9999733,1
0,1.5648401e-06,0
0,1.394327e-07,0
0,1.8375628e-08,0
0,1.375764e-06,0
0,7.7477085e-07,0
0,9.0186643e-07,0
0,8.708155e-05,0
0,9.4542554e-07,0
0,1.6174141e-05,0
0,2.9174112e-06,0
0,7.2990616e-07,0
0,0.00010382412,0
0,0.009104693,0
0,1.6597646e-06,0
0,3.6965348e-06,0
0,0.00011359678,0
0,7.468755e-07,0
0,6.394552e-07,0
0,0.0005249888,0
0,1.8048644e-06,0
0,1.4387086e-06,0
1,0.9999192,1
0,6.8384966e-06,0
0,6.197813e-07,0
0,0.0037860638,0
0,2.2343007e-05,0
0,2.3965938e-06,0
0,2.4309049e-05,0
0,8.9026435e-07,0
0,8.9026435e-07,0
0,2.0075122e-06,0
0,1.9345628e-06,0
0,5.8036287e-05,0
0,6.8540874e-05,0
0,1.1254143e-06,0
0,9.797942e-07,0
0,1.8088846e-06,0
0,3.2984453e-06,0
0,2.4234401e-05,0
0,6.497658e-06,0
0,1.0534227e-06,0
1,0.99985564,1
0,0.0020856487,0
0,8.2726075e-07,0
0,0.00018926896,0
1,0.9999877,1
0,1.8088846e-06,0
1,0.9999678,1
0,1.2908857e-06,0
0,1.5406413e-05,0
0,8.419997e-05,0
0,2.1696229e-07,0
0,1.4929674e-06,0
0,4.819645e-07,0
0,0.0001645682,0
0,4.6845526e-06,0
0,1.1081175e-06,0
0,9.087579e-07,0
0,1.636097e-05,0
0,2.2725494e-06,0
0,6.116486e-05,0
0,6.807085e-05,0
0,1.821006e-07,0
0,8.9026435e-07,0
0,0.00022551825,0
0,3.075088e-06,0
0,0.00035242297,0
0,0.0002166878,0
0,2.5433553e-06,0
0,9.785807e-05,0
0,2.4101053e-06,0
0,2.5322432e-05,0
0,1.1229357e-06,0
0,5.8720747e-08,0
0,1.839799e-07,0
0,3.7471887e-05,0
0,8.440148e-07,0
0,1.1976648e-06,0
0,3.4068344e-06,0
0,3.5673465e-06,0
0,1.3575461e-06,0
0,6.3497564e-06,0
0,1.3691593e-06,0
0,8.946024e-07,0
0,9.915547e-07,0
0,0.000100803845,0
0,1.4768099e-06,0
1,0.9999844,1
0,7.054361e-05,0
0,0.00033054894,0
0,2.0998837e-06,0
0,8.445373e-07,0
0,8.9026435e-07,0
0,1.1081175e-06,0
0,0.00025166143,0
0,0.00012237723,0
0,8.501793e-05,0
0,5.453771e-06,0
0,8.758179e-07,0
0,2.4982191e-06,0
0,4.1764604e-08,0
0,1.0549076e-06,0
0,0.0005348606,0
0,7.932837e-05,0
0,1.8406081e-07,0
0,4.9728147e-05,0
0,1.3450997e-06,0
1,0.9998486,1
0,1.7158267e-06,0
0,9.639404e-06,0
0,1.0089151e-06,0
0,4.0897858e-06,0
0,1.5484229e-06,0
0,1.13855e-06,0
0,1.5433028e-07,0
0,9.385171e-06,0
0,5.5383727e-05,0
0,1.6335136e-05,0
1,0.9999881,1
0,1.1861525e-06,0
0,1.1491685e-06,0
0,5.9811107e-05,0
0,5.640526e-07,0
0,0.00036949327,0
0,6.594782e-07,0
1,0.99998426,1
0,1.8335772e-06,0
0,9.269096e-07,0
0,3.7674257e-05,0
0,3.1337504e-06,0
0,2.4987264e-06,0
0,2.8261904e-05,0
1,0.99999285,1
0,0.00065150944,0
0,1.7424165e-06,0
0,3.868965e-05,0
0,5.686837e-06,0
0,0.00036319534,0
0,4.103824e-06,0
0,0.00033422216,0
0,4.8603553e-08,0
0,0.00036524565,0
0,0.0019041653,0
0,4.834039e-06,0
0,7.261493e-07,0
0,6.696677e-05,0
0,1.9838171e-05,0
0,6.077108e-08,0
0,1.121707e-06,0
0,1.0396546e-06,0
0,4.7143425e-05,0
0,7.7546935e-07,0
0,1.3625709e-06,0
0,2.5106167e-05,0
0,8.0707905e-06,0
0,0.00022647972,0
0,4.610387e-05,0
0,0.00042264062,0
0,0.00069977884,0
0,6.3107937e-06,0
0,8.9026435e-07,0
0,0.00024489948,0
0,3.7555165e-07,0
0,1.804978e-06,0
0,4.31194e-06,0
0,9.647907e-07,0
1,0.99999094,1
0,3.219132e-05,0
0,1.1976648e-06,0
0,9.680067e-06,0
0,1.4681469e-06,0
0,5.934113e-07,0
0,5.463894e-07,0
0,2.4459935e-06,0
0,0.00041331947,0
0,5.999442e-05,0
0,8.2726075e-07,0
0,5.2039383e-08,0
0,1.9385373e-06,0
0,1.814159e-06,0
1,0.99955887,1
0,9.853718e-06,0
0,1.4422859e-05,0
0,1.960524e-06,0
0,3.7187367e-06,0
0,1.3209487e-06,0
0,9.999323e-05,0
1,0.9999386,1
0,4.868853e-05,0
0,0.00019212818,0
0,1.0453695e-06,0
0,0.00041331947,0
0,3.0986002e-06,0
0,1.7686527e-06,0
0,1.8109871e-06,0
0,0.0010692206,0
0,1.0822768e-06,0
0,0.00060635334,0
0,6.9847615e-06,0
0,4.0711075e-05,0
1,0.9999894,1
0,2.8727836e-06,0
0,2.4830011e-05,0
0,2.766527e-05,0
0,0.0009970465,0
0,1.3239833e-06,0
0,7.606866e-07,0
0,0.00024705825,0
0,2.0419495e-06,0
0,0.00010679078,0
0,0.00038123285,0
0,0.0002884634,0
0,7.0296085e-07,0
0,4.1872268e-06,0
0,2.144666e-06,0
0,9.305835e-07,0
0,7.648789e-07,0
0,1.1861525e-06,0
0,1.1976648e-06,0
0,0.0009125903,0
0,1.1961424e-05,0
1,0.9999975,1
0,6.406602e-07,0
0,1.393967e-06,0
1,0.99997056,1
0,7.0992564e-07,0
0,7.502831e-05,0
1,0.9999238,1
1,0.9998838,1
0,2.4991484e-06,0
0,1.0717836e-06,0
0,1.5731786e-05,0
0,7.4974305e-05,0
0,2.0811274e-06,0
0,1.1976648e-06,0
0,8.5167176e-07,0
0,9.613823e-07,0
0,3.4587083e-07,0
0,1.1643201e-06,0
0,4.5285456e-06,0
0,8.3113315e-07,0
0,1.2054661e-06,0
0,3.9709907e-06,0
0,6.277548e-07,0
0,7.117607e-07,0
0,6.497658e-06,0
0,1.1976648e-06,0
0,8.183617e-07,0
0,3.1254606e-07,0
0,1.3654886e-06,0
0,1.1756542e-06,0
0,4.632515e-05,0
0,8.7170694e-05,0
0,7.296799e-07,0
0,8.339452e-06,0
0,1.0485566e-06,0
0,6.282046e-08,0
0,4.446943e-07,0
0,2.6217154e-05,0
0,2.3925724e-05,0
0,3.3650405e-05,0
0,2.1107458e-06,0
0,1.4491244e-06,0
0,1.7974371e-06,0
0,1.0481476e-06,0
0,8.167056e-07,0
0,9.647907e-07,0
0,9.1838075e-07,0
0,0.00051086576,0
0,8.633364e-07,0
0,1.5180601e-05,0
0,7.117607e-07,0
1,0.99999464,1
0,2.1546255e-05,0
0,2.754785e-05,0
0,2.4368932e-05,0
1,0.9994916,1
0,3.8836e-05,0
0,0.0018159896,0
0,9.4184486e-07,0
0,1.0400573e-06,0
0,0.0015530259,0
0,4.507433e-06,0
0,0.00020111422,0
0,1.4681469e-06,0
0,7.884885e-07,0
0,9.2822084e-08,0
0,7.530571e-05,0
0,0.0003473743,0
0,1.8603287e-06,0
0,1.1976648e-06,0
0,3.5339758e-06,0
0,1.5825763e-07,0
0,1.1330897e-06,0
0,1.1976648e-06,0
0,1.2054661e-06,0
0,8.3418166e-07,0
0,0.00025577247,0
0,1.1081175e-06,0
0,5.162899e-07,0
0,1.1577928e-06,0
0,4.2483436e-05,0
0,9.647907e-07,0
0,6.295066e-07,0
0,1.1968157e-05,0
0,4.97951e-05,0
0,2.1068804e-06,0
0,0.00018082299,0
0,8.544427e-07,0
0,1.4149822e-05,0
0,2.7545789e-06,0
1,0.9999894,1
0,2.4945859e-05,0
0,0.000100522775,0
0,4.693514e-06,0
0,0.00031829314,0
0,1.631001e-06,0
0,1.2485352e-06,0
0,2.810797e-06,0
0,1.3575461e-06,0
0,1.2762846e-06,0
0,1.1947276e-05,0
0,3.743092e-05,0
0,8.944047e-08,0
0,5.4363296e-05,0
0,0.00041371523,0
0,0.00019010167,0
0,5.1969608e-05,0
0,1.0415602e-06,0
0,1.4129081e-06,0
0,5.866914e-07,0
0,9.620245e-05,0
1,0.9999945,1
0,3.460217e-06,0
0,0.0003502332,0
0,5.6018695e-07,0
0,9.0250836e-07,0
0,3.1424622e-06,0
0,1.3492173e-06,0
0,5.701134e-07,0
0,1.9538384e-05,0
0,3.7321068e-05,0
0,3.2345182e-05,0
0,8.596754e-07,0
0,1.0008537e-06,0
0,5.430635e-05,0
0,0.00019477916,0
0,8.980755e-06,0
0,2.2343007e-05,0
0,6.480217e-07,0
0,6.397733e-06,0
0,3.3176009e-06,0
0,1.5263764e-06,0
0,4.734658e-07,0
0,1.2485352e-06,0
0,0.00017078988,0
0,1.4983248e-06,0
0,1.0566202e-06,0
0,0.000104935694,0
0,2.0944772e-05,0
0,2.0488146e-07,0
0,1.0361824e-06,0
0,1.2054661e-06,0
0,1.2054661e-06,0
0,6.9917326e-07,0
1,0.99981993,1
0,0.00035344803,0
0,2.8529241e-06,0
0,0.0001500224,0
0,1.2054661e-06,0
1,0.9999784,1
0,4.0825e-07,0
0,1.6047887e-06,0
0,1.1861525e-06,0
0,1.29791115e-05,0
0,9.197005e-06,0
0,1.5849265e-06,0
0,1.5416039e-06,0
0,5.0420782e-05,0
0,2.170398e-05,0
0,4.8112368e-05,0
0,1.1408729e-06,0
0,1.4535688e-06,0
0,1.0925557e-06,0
0,2.6185528e-06,0
0,6.814116e-07,0
0,1.0974776e-06,0
0,1.0003259e-06,0
0,3.511551e-06,0
0,1.1081175e-06,0
0,2.6693153e-06,0
0,6.278749e-06,0
0,3.4121022e-06,0
0,1.1976648e-06,0
0,1.1976648e-06,0
1,0.99983037,1
0,3.4458426e-06,0
0,1.2598954e-05,0
0,0.00010394883,0
0,1.3103391e-06,0
0,2.3711809e-07,0
0,1.7762269e-06,0
0,1.8136718e-05,0
0,1.1976648e-06,0
0,8.369851e-07,0
0,1.4681469e-06,0
0,3.314563e-05,0
0,3.7024442e-06,0
0,1.1976648e-06,0
0,4.9647183e-06,0
0,0.00039827608,0
0,5.4431013e-08,0
0,1.38735895e-05,0
0,1.8448412e-06,0
0,1.3529111e-05,0
0,7.0992564e-07,0
0,4.803273e-07,0
0,0.0009193645,0
0,8.112314e-05,0
1,0.99999404,1
0,1.2511503e-06,0
0,1.3144897e-05,0
0,7.1344544e-07,0
0,7.075775e-07,0
0,8.207235e-07,0
0,6.5927696e-07,0
0,0.000116609255,0
0,8.708155e-05,0
0,1.0977706e-06,0
0,1.0383636e-06,0
0,8.633364e-07,0
0,1.264851e-06,0
0,0.00036293105,0
0,0.00011990414,0
0,0.00015595692,0
0,5.4904312e-06,0
0,1.6081458e-05,0
0,5.317514e-07,0
0,1.5505684e-05,0
0,1.2389951e-06,0
0,2.4541714e-06,0
0,8.214893e-06,0
0,6.729234e-07,0
0,1.1976648e-06,0
0,8.660668e-07,0
0,1.5780395e-05,0
0,1.0195976e-06,0
0,1.8078532e-06,0
0,1.7081695e-06,0
0,2.9612656e-06,0
0,7.726221e-05,0
0,1.2054661e-06,0
0,8.056499e-05,0
0,3.2075113e-06,0
0,0.00020261358,0
0,8.4061924e-07,0
0,3.5155085e-06,0
0,1.0317864e-06,0
0,1.7195835e-05,0
0,1.0386585e-05,0
0,8.633364e-07,0
0,5.0707217e-06,0
0,8.5167176e-07,0
0,5.6581274e-07,0
0,1.5076904e-06,0
0,0.00048266244,0
0,1.828942e-06,0
0,6.162556e-07,0
0,3.5905038e-07,0
0,1.8026263e-06,0
0,1.1002882e-06,0
0,0.00027375767,0
0,5.5077936e-07,0
0,3.0278042e-07,0
1,0.9999975,1
0,1.3511359e-06,0
0,1.3097495e-06,0
0,4.4266497e-07,0
0,2.6094958e-06,0
0,1.1861525e-06,0
0,3.131571e-07,0
0,1.3575461e-06,0
0,6.057551e-05,0
0,6.594782e-07,0
0,4.7779282e-05,0
0,8.9026435e-07,0
0,1.8581088e-06,0
1,0.9999682,1
0,1.2456737e-06,0
0,0.00015585034,0
0,7.3729204e-08,0
0,1.9569468e-06,0
0,4.1607498e-07,0
0,1.7974371e-06,0
0,0.0004380009,0
0,0.0002329299,0
0,4.905129e-05,0
0,1.0439664e-05,0
0,7.2087494e-07,0
0,7.6827314e-07,0
0,0.00013949993,0
0,7.270279e-07,0
1,0.9999975,1
0,4.468721e-05,0
0,8.207235e-07,0
0,0.00010083479,0
0,0.00048827677,0
0,9.445757e-05,0
0,1.09230705e-05,0
0,6.0085927e-06,0
0,3.7024442e-06,0
0,1.3122312e-06,0
0,1.0627475e-06,0
0,0.000103492675,0
0,4.4986813e-05,0
0,0.0001518208,0
0,1.1497561e-06,0
0,1.1512066e-06,0
0,0.00026671044,0
0,4.310213e-06,0
0,0.0007357555,0
0,1.7528082e-05,0
0,6.4308665e-07,0
0,0.00013168677,0
0,1.1124408e-05,0
0,1.2877073e-06,0
0,3.5628378e-05,0
0,4.1583846e-08,0
0,5.0074327e-06,0
0,7.499982e-07,0
0,0.0005221305,0
0,1.1976648e-06,0
0,5.8174e-06,0
0,7.4284744e-06,0
0,0.0002636352,0
0,0.00014685637,0
0,1.660179e-05,0
0,0.00020750704,0
0,0.0001904647,0
1,0.99922156,1
0,9.025078e-05,0
0,6.9094594e-06,0
0,3.500963e-05,0
0,1.0627475e-06,0
0,2.9458799e-05,0
0,1.2020084e-06,0
0,3.234503e-05,0
0,3.5856829e-06,0
0,6.3143125e-07,0
0,0.00014649623,0
0,0.00045308337,0
0,3.472308e-05,0
0,2.144666e-06,0
0,2.0128512e-06,0
0,3.0646247e-06,0
0,1.3956817e-06,0
0,1.5573783e-06,0
0,9.034625e-06,0
0,6.594782e-07,0
0,1.3422857e-06,0
0,6.445234e-07,0
0,0.0003028521,0
0,2.440864e-07,0
0,4.8719204e-07,0
0,0.00026904736,0
0,1.7862137e-06,0
0,2.6278615e-06,0
0,6.5361026e-05,0
0,1.1861525e-06,0
0,4.5848988e-06,0
0,1.5180601e-05,0
0,7.245404e-08,0
0,1.13855e-06,0
0,1.9297204e-06,0
0,3.1491975e-06,0
0,2.5083766e-05,0
0,2.696634e-06,0
0,4.9439577e-06,0
0,7.9539444e-07,0
0,4.990761e-07,0
0,1.8081093e-05,0
0,4.085774e-05,0
0,5.571672e-06,0
0,2.7896895e-06,0
0,9.8986075e-06,0
0,1.411323e-06,0
0,9.45519e-06,0
0,9.178274e-07,0
0,1.0681734e-06,0
0,7.3133936e-07,0
0,8.6271257e-07,0
0,3.116242e-05,0
0,1.1022858e-06,0
0,6.2212695e-07,0
0,1.1976648e-06,0
0,1.2941005e-06,0
0,1.1861525e-06,0
0,2.390873e-06,0
0,3.0521085e-05,0
0,0.0005112635,0
0,1.0391392e-06,0
0,2.4459935e-06,0
0,6.4089113e-07,0
0,1.0581217e-06,0
0,1.1861525e-06,0
0,6.618026e-05,0
0,5.515885e-06,0
0,4.3823376e-05,0
0,2.3093511e-05,0
0,1.02259e-06,0
0,7.2779864e-07,0
0,3.7255976e-08,0
0,1.1861525e-06,0
0,0.00064758863,0
0,0.00040720846,0
0,1.3820088e-06,0
0,1.1081175e-06,0
0,1.4411639e-06,0
0,4.327502e-07,0
0,1.3488518e-05,0
0,1.2376688e-06,0
0,6.594782e-07,0
1,0.9998654,1
0,1.0056586e-06,0
0,3.127439e-06,0
0,0.0009193645,0
0,1.3097495e-06,0
0,5.926729e-05,0
0,9.026616e-06,0
0,2.6622376e-06,0
0,0.00043169325,0
0,0.00012531648,0
0,2.0606358e-05,0
0,1.1976648e-06,0
0,2.6748094e-06,0
0,3.992064e-06,0
0,1.1861525e-06,0
0,1.6814911e-06,0
0,8.7905864e-05,0
0,1.3625709e-06,0
0,3.563674e-06,0
0,7.2779864e-07,0
0,1.223661e-07,0
0,0.000103555765,0
0,9.647907e-07,0
0,1.3097495e-06,0
0,3.1673567e-06,0
1,0.9999951,1
0,5.253494e-07,0
0,6.966713e-06,0
0,1.1861525e-06,0
0,0.0009638499,0
0,7.7108025e-06,0
1,0.9999826,1
0,7.2297184e-06,0
0,2.1775539e-07,0
0,0.000474035,0
0,6.945173e-07,0
0,4.8346425e-05,0
0,3.0143483e-06,0
1,0.9997905,1
0,1.1508553e-06,0
0,8.863421e-05,0
0,2.270697e-06,0
0,1.1081175e-06,0
0,1.3414319e-05,0
0,1.0270847e-05,0
0,3.6376157e-06,0
0,2.2254351e-05,0
0,8.633364e-07,0
0,0.00024130916,0
0,0.0009185199,0
1,0.99999285,1
0,2.0183114e-05,0
0,6.448462e-07,0
0,1.1976648e-06,0
0,1.1679617e-05,0
1,0.9999678,1
0,2.1989365e-06,0
0,7.2779864e-07,0
0,7.5518915e-06,0
0,1.5166632e-06,0
0,1.4387086e-06,0
0,1.6802083e-05,0
0,0.00073022424,0
0,1.1976648e-06,0
0,3.9817382e-07,0
0,1.1671034e-07,0
0,2.4222877e-06,0
0,7.6184534e-07,0
0,1.5278474e-06,0
0,1.3419784e-06,0
0,2.3655963e-05,0
0,8.547942e-08,0
0,8.633364e-07,0
0,1.1761992e-06,0
0,1.8867811e-06,0
0,2.5388067e-06,0
0,0.0023338033,0
0,6.463688e-07,0
0,3.702702e-06,0
0,1.1976648e-06,0
0,9.272759e-08,0
0,2.9500718e-05,0
0,1.1497561e-06,0
0,1.3975316e-06,0
1,0.9999902,1
0,0.0006657782,0
0,1.5614592e-06,0
0,2.5180401e-05,0
0,5.5617497e-06,0
0,9.440891e-06,0
0,3.234503e-05,0
0,1.2054661e-06,0
0,0.00040769533,0
0,6.930003e-07,0
0,1.1995168e-05,0
0,0.00011712322,0
0,9.644964e-07,0
0,4.6538944e-06,0
0,1.963559e-06,0
0,1.2054661e-06,0
0,1.1081175e-06,0
0,1.4681469e-06,0
0,0.00011066013,0
0,1.3575461e-06,0
0,1.290581e-05,0
0,1.1102957e-05,0
0,2.0811274e-06,0
0,3.6722547e-08,0
0,4.580192e-06,0
0,5.8369114e-06,0
0,1.00944774e-07,0
0,1.3575461e-06,0
0,3.567687e-06,0
0,1.1976648e-06,0
0,4.9737555e-08,0
0,0.0004885873,0
0,0.0007703993,0
0,8.9178415e-05,0
0,2.050274e-06,0
0,5.2510893e-07,0
0,3.2441134e-05,0
0,1.1598273e-06,0
0,4.8460633e-06,0
0,8.628689e-07,0
0,8.155895e-07,0
0,1.2523811e-06,0
0,2.5427076e-07,0
1,0.9999602,1
0,0.004779412,0
0,9.664389e-05,0
0,0.0012599317,0
0,4.5878555e-06,0
0,1.0975832e-06,0
0,7.884885e-07,0
0,1.1095102e-06,0
0,2.595743e-06,0
0,1.2581771e-05,0
0,6.9602714e-07,0
0,7.407765e-05,0
0,0.00012605474,0
0,0.00039454628,0
0,9.194313e-06,0
0,9.070167e-06,0
0,1.4506054e-06,0
0,5.8885284e-06,0
0,1.1003596e-06,0
0,1.2293907e-06,0
0,7.974185e-07,0
0,1.8790255e-06,0
0,8.836135e-07,0
0,1.1782576e-05,0
0,1.3519466e-06,0
0,0.00062643,0
0,3.0873336e-05,0
0,2.6877151e-05,0
0,8.633364e-07,0
0,3.7900565e-05,0
0,2.4459935e-06,0
0,1.1976648e-06,0
0,9.808893e-06,0
0,8.042025e-07,0
0,8.633364e-07,0
0,9.323115e-05,0
0,7.884885e-07,0
0,9.845299e-05,0
0,1.7208265e-06,0
0,4.0372533e-06,0
0,9.852862e-07,0
0,0.00027681218,0
0,4.438668e-05,0
0,1.92938e-06,0
0,1.9914528e-06,0
0,1.0485355e-06,0
1,0.99994254,1
0,1.7954137e-06,0
0,0.00013949833,0
0,9.1697785e-07,0
0,5.8130452e-05,0
0,2.485451e-05,0
0,0.00032556802,0
0,9.062506e-06,0
0,1.1976648e-06,0
0,8.602189e-05,0
0,1.8871806e-06,0
0,0.00026464503,0
0,2.6045159e-06,0
1,0.9999958,1
0,1.0105438e-07,0
0,3.2972534e-06,0
0,4.1874788e-05,0
0,2.2122147e-05,0
0,6.4351e-07,0
0,2.4782461e-05,0
0,0.00037984326,0
0,1.13855e-06,0
0,1.1081175e-06,0
0,2.598098e-06,0
0,5.339459e-06,0
0,0.0001410916,0
1,0.9999424,1
0,0.0057846294,0
0,1.45833665e-05,0
0,0.0001991759,0
0,5.9456456e-06,0
0,1.1393082e-06,0
0,4.432936e-05,0
0,1.5562351e-06,0
0,1.1081175e-06,0
1,0.999951,1
0,3.2357061e-06,0
0,1.4891522e-06,0
0,2.9351399e-05,0
0,1.6814911e-06,0
0,9.918555e-05,0
0,3.9634884e-05,0
0,2.6264959e-06,0
0,3.1775644e-06,0
0,2.9284076e-06,0
0,1.1983926e-06,0
0,1.8054722e-06,0
0,3.1152652e-07,0
0,6.8493307e-07,0
0,1.0220216e-06,0
0,8.440148e-07,0
0,0.00012948505,0
0,0.00027051242,0
0,6.594782e-07,0
0,2.0374737e-06,0
0,4.8719204e-07,0
0,1.2000704e-06,0
0,1.2842967e-06,0
0,3.782121e-06,0
0,0.0015674558,0
0,7.4962855e-07,0
0,1.6903342e-06,0
0,7.820816e-07,0
0,3.2924174e-06,0
0,6.606496e-07,0
0,0.00011323017,0
0,4.50638e-06,0
0,5.5629857e-06,0
0,2.3404518e-06,0
0,9.927421e-07,0
0,6.9650656e-07,0
0,1.2685355e-06,0
1,0.9998838,1
0,4.703583e-05,0
0,1.2054661e-06,0
0,0.0004247376,0
0,4.666396e-06,0
0,9.651155e-05,0
0,7.640871e-07,0
0,1.1756542e-06,0
0,1.9946208e-05,0
0,6.1411614e-05,0
0,7.48922e-05,0
0,1.4387086e-06,0
0,3.3353185e-06,0
0,1.0696622e-05,0
0,3.5673358e-05,0
0,5.918593e-07,0
0,1.9074523e-05,0
0,1.2054661e-06,0
0,1.6814911e-06,0
0,1.1976648e-06,0
0,1.1976648e-06,0
0,3.2062512e-06,0
0,1.996412e-06,0
0,9.084555e-07,0
0,7.3672396e-07,0
0,0.0017977784,0
1,0.9999975,1
0,5.9456456e-06,0
0,0.00021813638,0
0,9.243565e-06,0
0,1.2762846e-06,0
0,1.2942486e-06,0
0,8.592012e-06,0
0,1.3152683e-06,0
0,0.0001654605,0
0,5.973928e-07,0
0,1.393967e-06,0
0,7.188034e-05,0
0,0.00021532686,0
0,3.9643353e-05,0
0,0.00015459626,0
0,7.86995e-07,0
0,9.857345e-07,0
0,9.4334166e-05,0
0,4.0354944e-06,0
0,7.150024e-06,0
0,4.602879e-05,0
0,1.0925557e-06,0
0,1.9982901e-06,0
0,1.6814911e-06,0
0,1.2511503e-06,0
0,2.1963021e-06,0
0,9.785807e-05,0
0,1.5093102e-06,0
0,2.9664141e-05,0
0,0.000115078015,0
0,5.838777e-06,0
0,1.1976648e-06,0
0,8.577574e-07,0
0,3.7419316e-06,0
0,1.1078671e-06,0
0,0.0003626518,0
0,0.00033503538,0
0,4.5112774e-05,0
0,0.007151651,0
0,1.2069364e-05,0
0,1.1976648e-06,0
0,0.000113226175,0
0,1.0795351e-05,0
0,0.00085768773,0
0,0.00034589382,0
0,1.4681469e-06,0
0,1.6814911e-06,0
0,1.3309498e-05,0
0,3.3104996e-06,0
0,8.323762e-07,0
0,5.68354e-05,0
0,7.2688345e-05,0
0,9.195946e-07,0
0,1.0263504e-06,0
0,4.868853e-05,0
0,8.5167176e-07,0
0,7.2779864e-07,0
0,4.83831e-07,0
0,1.3668919e-06,0
0,1.422559e-05,0
0,0.0001239024,0
0,1.0385934e-06,0
0,3.3249303e-06,0
0,1.8641807e-06,0
1,0.999985,1
0,3.444844e-06,0
0,1.028822e-06,0
0,9.3053467e-07,0
0,6.8143396e-05,0
0,0.000103555765,0
0,1.0377736e-06,0
0,0.0003445433,0
0,1.3575461e-06,0
0,4.3108168e-05,0
0,0.00038965105,0
0,0.0003621691,0
0,1.1744205e-06,0
0,4.868853e-05,0
0,2.850384e-06,0
0,1.1861525e-06,0
0,3.2063897e-05,0
0,8.217666e-05,0
1,0.99987066,1
0,2.0554407e-05,0
0,1.998818e-06,0
0,3.0082688e-06,0
1,0.999928,1
0,8.5553773e-07,0
0,0.0007503876,0
0,1.2044619e-05,0
0,1.2511503e-06,0
0,8.131056e-05,0
0,8.172253e-07,0
0,1.2511503e-06,0
0,8.372734e-05,0
0,3.630647e-05,0
0,8.2550565e-07,0
0,1.6734142e-06,0
0,1.1491685e-06,0
0,3.3418954e-07,0
0,3.0078843e-06,0
0,4.083589e-05,0
1,0.9999894,1
1,0.9999733,1
0,1.2387808e-07,0
0,4.807141e-06,0
0,9.661793e-07,0
0,1.7076483e-06,0
0,1.6791879e-05,0
0,7.0992564e-07,0
1,0.9999975,1
0,2.62609e-06,0
0,1.5865961e-06,0
0,4.5160203e-07,0
0,3.6431254e-06,0
0,2.070169e-06,0
0,2.4496501e-05,0
0,2.6733303e-06,0
0,1.061537e-06,0
0,6.4328293e-07,0
0,5.8299996e-05,0
0,1.1459663e-06,0
0,9.638361e-07,0
0,4.3552285e-05,0
0,1.3097495e-06,0
0,9.74967e-07,0
0,1.2283641e-06,0
0,2.592294e-07,0
0,0.00032096647,0
0,1.1861525e-06,0
0,6.51351e-05,0
0,4.1571718e-07,0
0,7.6184534e-07,0
0,1.3766984e-06,0
0,7.717753e-05,0
0,8.9026435e-07,0
0,2.9944952e-06,0
0,5.0950435e-05,0
0,5.491225e-07,0
0,1.1330897e-06,0
0,9.5892965e-06,0
0,9.724606e-07,0
0,2.8722245e-06,0
0,6.4231625e-07,0
0,3.6431254e-06,0
0,8.255749e-07,0
0,5.4760447e-05,0
0,3.5742728e-06,0
0,6.437414e-08,0
0,8.2726075e-07,0
0,7.29461e-05,0
0,1.7405333e-06,0
0,3.0022845e-06,0
0,1.4647748e-05,0
0,0.0006369608,0
0,9.277877e-07,0
0,1.5601016e-06,0
0,0.00037533068,0
0,1.1976648e-06,0
0,4.0552045e-06,0
0,2.8963344e-05,0
0,2.2632202e-07,0
0,1.1976648e-06,0
0,1.6344222e-05,0
0,7.09552e-07,0
0,1.1861525e-06,0
0,1.0861431e-05,0
0,7.4970217e-07,0
0,0.00020858018,0
0,1.863758e-07,0
0,3.6555005e-07,0
0,7.6891456e-07,0
0,0.00015573477,0
0,1.5824677e-06,0
0,2.6680937e-06,0
0,6.769154e-08,0
0,0.0009789491,0
0,3.187065e-05,0
0,1.7388029e-06,0
0,3.8006913e-06,0
0,3.500282e-05,0
0,1.2523811e-06,0
0,2.0385348e-06,0
0,9.0614606e-07,0
0,7.9551427e-07,0
0,6.6453265e-07,0
0,6.581843e-05,0
0,8.35318e-05,0
0,4.0092377e-07,0
0,8.3777246e-07,0
0,4.666396e-06,0
0,0.00030905235,0
0,9.531278e-07,0
0,5.6718294e-05,0
0,1.3775738e-05,0
0,1.472891e-07,0
0,8.896414e-07,0
0,0.00015738208,0
0,9.74967e-07,0
0,9.624455e-07,0
0,3.4393554e-06,0
0,0.00010078375,0
0,1.2054661e-06,0
0,0.00019441715,0
0,4.4881426e-07,0
0,0.00010857082,0
1,0.9998041,1
0,0.00044851843,0
0,2.7241597e-06,0
0,1.1976648e-06,0
0,8.633364e-07,0
0,1.4681469e-06,0
1,0.9999926,1
0,1.1210183e-06,0
0,0.00037615187,0
0,0.00014641146,0
0,2.5930946e-08,0
0,2.0400523e-05,0
0,8.282926e-05,0
1,0.99999285,1
0,2.4265166e-06,0
0,7.169335e-07,0
0,5.6148446e-07,0
0,2.6756496e-05,0
0,1.1138177e-06,0
0,1.3575461e-06,0
0,6.3789594e-07,0
0,1.0257927e-06,0
0,9.82878e-05,0
0,6.6184845e-07,0
0,3.4886395e-06,0
0,3.0853578e-06,0
1,0.99987924,1
0,1.5072653e-05,0
0,2.6984965e-06,0
0,8.0002055e-06,0
0,3.0411726e-05,0
0,0.00026380163,0
0,0.0004431479,0
0,9.647907e-07,0
0,8.246572e-06,0
0,2.2580301e-05,0
0,8.708155e-05,0
0,1.0861431e-05,0
0,7.622021e-05,0
0,1.1976648e-06,0
0,1.2685355e-06,0
0,9.544367e-07,0
0,5.1323985e-07,0
0,1.01800545e-07,0
0,0.00019673281,0
0,5.9811107e-05,0
0,0.00021236125,0
0,8.690462e-07,0
0,8.577574e-07,0
0,1.2054661e-06,0
0,4.7430776e-06,0
0,3.3303124e-06,0
0,2.5413468e-05,0
0,6.246889e-05,0
0,3.3626159e-06,0
0,1.5317164e-06,0
0,2.5003021e-06,0
0,1.3255612e-05,0
0,2.2966792e-06,0
0,1.4672521e-05,0
0,8.371856e-05,0
0,2.237415e-06,0
0,8.447615e-05,0
0,4.5255665e-06,0
0,9.1705215e-07,0
0,1.1022858e-06,0
0,9.39817e-07,0
0,1.114249e-06,0
1,0.999895,1
0,0.000118927936,0
0,7.683238e-07,0
0,1.5826683e-06,0
0,8.938011e-08,0
0,0.0002553692,0
0,5.5220306e-07,0
0,1.4387086e-06,0
0,9.650485e-07,0
0,0.00014878628,0
0,9.0322305e-07,0
0,9.12294e-08,0
0,1.788603e-05,0
0,2.3258901e-05,0
0,9.360602e-07,0
0,2.122613e-06,0
0,5.9456456e-06,0
0,7.8453224e-05,0
0,0.00030400636,0
0,1.0480496e-06,0
0,1.0075141e-06,0
0,3.8062337e-06,0
0,3.9316915e-06,0
0,4.744458e-06,0
0,1.6814911e-06,0
0,0.00019019903,0
0,6.7014014e-07,0
0,2.511508e-06,0
0,9.125165e-06,0
0,0.00028604214,0
0,0.00011422439,0
0,1.1976648e-06,0
0,5.943749e-05,0
0,5.7241086e-06,0
0,0.00034255476,0
0,0.00048592687,0
0,8.038066e-05,0
0,0.0001298435,0
0,8.417343e-07,0
0,0.0005080047,0
0,2.5046813e-06,0
0,7.603508e-07,0
0,0.00037028297,0
0,6.22408e-06,0
0,5.2352937e-07,0
0,0.00013417543,0
0,7.550974e-07,0
0,1.846656e-06,0
0,0.0033539156,0
1,0.9999975,1
0,1.8458217e-05,0
0,1.4387086e-06,0
1,0.9999975,1
1,0.99973506,1
0,1.1573425e-06,0
0,6.3416377e-07,0
1,0.9997845,1
0,4.7202448e-06,0
0,7.7108025e-06,0
1,0.99987435,1
0,8.9026435e-07,0
0,5.9247966e-05,0
0,1.6692237e-06,0
0,2.4340725e-06,0
0,2.7891341e-05,0
0,9.311437e-07,0
1,0.99999213,1
0,1.1861525e-06,0
0,0.0007458118,0
0,0.00023373569,0
1,0.99950075,1
0,6.0559916e-05,0
0,6.72919e-06,0
0,0.00018163757,0
0,0.00032885285,0
0,1.1387486e-05,0
0,7.258924e-07,0
1,0.9999864,1
0,0.00061978726,0
0,3.186243e-06,0
0,3.058432e-06,0
0,7.321105e-07,0
0,1.1081175e-06,0
0,4.3524382e-05,0
0,4.2980057e-05,0
0,2.0544037e-06,0
0,1.2427554e-07,0
0,2.4167982e-06,0
0,0.0040465146,0
0,2.2013432e-06,0
0,1.0398104e-06,0
0,1.8639568e-06,0
0,2.050274e-06,0
0,3.9078688e-07,0
0,2.9073044e-07,0
0,5.9456456e-06,0
0,1.1254143e-06,0
0,0.00024607748,0
0,7.820816e-07,0
0,2.2602946e-05,0
0,4.8560287e-07,0
0,0.00010894791,0
0,9.683335e-08,0
0,0.0006268152,0
0,1.1976648e-06,0
0,1.0485445e-06,0
1,0.9999292,1
0,2.8472655e-07,0
0,0.00014868585,0
0,2.4193712e-05,0
0,6.3575516e-07,0
0,0.00068277906,0
0,3.094224e-06,0
1,0.9999914,1
0,0.00029583214,0
0,3.2249775e-07,0
0,7.884027e-07,0
0,9.936307e-06,0
0,3.9411607e-05,0
0,1.2054661e-06,0
0,3.057189e-05,0
0,0.00010374909,0
0,0.00028034512,0
0,3.075088e-06,0
0,1.5233693e-05,0
0,0.0007930679,0
0,9.186776e-06,0
0,1.1700002e-06,0
0,0.0003814012,0
0,4.7779282e-05,0
0,3.9683787e-06,0
0,1.3575461e-06,0
0,3.7254133e-06,0
0,4.6886747e-05,0
0,6.11391e-07,0
0,5.1619196e-07,0
0,0.00072575995,0
0,4.1887724e-05,0
0,1.1624684e-06,0
0,1.188459e-06,0
0,1.1976648e-06,0
0,4.094383e-06,0
0,0.00036408554,0
1,0.99992585,1
0,8.0569646e-07,0
0,0.0007838902,0
0,1.1700002e-06,0
0,2.2167644e-06,0
0,6.586893e-07,0
0,8.117374e-05,0
0,1.2263321e-06,0
0,2.2725494e-06,0
0,8.8465305e-07,0
0,0.00015927675,0
0,2.312377e-05,0
0,1.2244763e-06,0
1,0.99999285,1
0,3.0195993e-06,0
0,6.208947e-07,0
0,3.955649e-06,0
0,7.448888e-07,0
0,0.0008936214,0
0,1.3575461e-06,0
0,5.427028e-07,0
0,1.4541814e-05,0
0,1.3943832e-06,0
0,0.00010838608,0
0,1.2663157e-05,0
0,1.775497e-06,0
0,1.7871696e-06,0
0,0.00045782648,0
0,0.00020026308,0
0,1.48625295e-05,0
0,4.250137e-06,0
0,1.1319621e-06,0
0,2.7923538e-06,0
0,1.1739585e-05,0
0,5.245617e-05,0
0,9.475393e-05,0
0,2.471154e-06,0
0,1.273753e-06,0
0,4.400127e-05,0
0,0.0007018894,0
0,0.00010245556,0
0,2.9033945e-06,0
0,1.0732052e-06,0
0,9.336468e-07,0
0,6.7451873e-07,0
0,0.00022069851,0
0,3.1763134e-06,0
0,0.00020710222,0
0,5.594646e-07,0
0,1.2771344e-06,0
0,2.895266e-05,0
0,2.4459935e-06,0
0,1.3133618e-06,0
0,0.0009130308,0
0,1.2483912e-06,0
0,2.548805e-05,0
0,8.974205e-07,0
0,6.1500136e-06,0
0,0.00017945762,0
0,1.2985919e-06,0
0,3.956936e-05,0
0,3.1018088e-05,0
0,9.695492e-07,0
0,1.942809e-06,0
1,0.9999162,1
0,0.00029565478,0
0,9.586394e-07,0
0,4.338748e-06,0
0,9.181862e-06,0
0,9.567166e-05,0
0,0.0002899095,0
0,1.0913228e-06,0
0,1.2054661e-06,0
0,1.2511503e-06,0
0,1.1976648e-06,0
0,7.299509e-05,0
0,1.5965486e-06,0
0,6.393644e-07,0
0,1.2570082e-06,0
0,3.1536938e-06,0
0,9.396343e-07,0
0,1.8575542e-05,0
0,0.0006312994,0
0,9.731768e-07,0
0,1.2069512e-06,0
0,2.7411059e-05,0
0,1.3217183e-07,0
0,1.5045205e-06,0
0,7.325964e-06,0
0,1.0997765e-05,0
1,0.9999938,1
0,7.884885e-07,0
0,1.0485355e-06,0
0,3.1337504e-06,0
0,1.0010838e-06,0
0,1.4738336e-05,0
0,1.730139e-05,0
0,1.9728352e-05,0
1,0.9989833,1
0,1.6232889e-06,0
0,1.6298039e-06,0
0,0.0004453349,0
0,0.00011239486,0
0,1.0925557e-06,0
0,1.4466018e-06,0
0,1.1756542e-06,0
0,1.8481715e-05,0
0,1.209628e-06,0
0,7.3870137e-06,0
0,1.4533371e-07,0
0,6.394552e-07,0
0,1.1976648e-06,0
0,5.3079357e-06,0
0,4.9846178e-05,0
0,0.00031929338,0
0,7.2642916e-07,0
0,1.0925557e-06,0
0,0.000645877,0
0,1.3097495e-06,0
1,0.99971694,1
0,0.00019297843,0
0,1.1756542e-06,0
0,1.0485566e-06,0
0,1.5297485e-07,0
0,1.1976648e-06,0
0,6.445234e-07,0
0,8.633364e-07,0
0,8.9165104e-07,0
0,5.777664e-07,0
0,6.2991734e-07,0
0,5.111268e-07,0
0,8.163163e-07,0
0,6.1431274e-07,0
0,3.8034253e-07,0
0,4.6832124e-06,0
0,1.2054661e-06,0
0,1.2054661e-06,0
1,0.99997795,1
0,2.101773e-06,0
0,1.8109871e-06,0
0,1.3897235e-06,0
0,5.9183993e-05,0
0,1.0141329e-05,0
0,1.2891282e-05,0
0,8.2337493e-07,0
0,1.3090078e-06,0
0,3.8006913e-06,0
0,3.477515e-06,0
0,8.370402e-07,0
0,1.4735187e-05,0
0,0.00032553638,0
0,7.0051137e-06,0
1,0.9999645,1
0,1.1875938e-05,0
0,1.4681469e-06,0
0,6.5965514e-06,0
0,1.4387086e-06,0
0,0.00016764298,0
0,0.00015018914,0
0,3.2238293e-06,0
0,2.1048e-06,0
0,0.00067611056,0
0,1.9953918e-06,0
0,6.596735e-05,0
0,5.027569e-08,0
0,1.7144054e-06,0
0,1.4180918e-06,0
0,8.750717e-05,0
0,1.1861525e-06,0
0,1.060864e-06,0
0,1.1893956e-06,0
1,0.99989915,1
0,4.688705e-06,0
0,5.0926662e-08,0
0,1.2149138e-05,0
0,6.87212e-06,0
0,3.8407607e-06,0
0,6.324334e-07,0
0,7.2379993e-07,0
0,3.0098846e-08,0
0,4.2579995e-06,0
0,7.508578e-05,0
0,6.277548e-07,0
0,7.407765e-05,0
0,2.0385348e-06,0
0,1.3494862e-06,0
0,3.9805564e-05,0
0,8.541116e-06,0
0,0.00020529209,0
0,2.0254898e-05,0
0,9.647907e-07,0
0,6.33459e-07,0
0,9.372607e-07,0
0,1.6637646e-06,0
0,8.784336e-07,0
0,7.4788335e-07,0
0,5.640784e-07,0
0,0.0002166878,0
0,0.00014910269,0
0,1.2054661e-06,0
1,0.9999765,1
0,5.570838e-05,0
0,0.0004004809,0
1,0.99992836,1
0,1.9643569e-05,0
0,0.0001144431,0
0,3.0455353e-06,0
0,1.2003349e-06,0
0,1.5363188e-06,0
0,2.8642428e-06,0
0,0.0001254632,0
0,4.0286362e-05,0
0,1.2540169e-05,0
0,2.7915075e-05,0
1,0.99995697,1
0,8.633364e-07,0
0,4.217925e-07,0
0,1.0913228e-06,0
0,3.8634866e-05,0
0,5.0337337e-07,0
0,2.3642837e-05,0
0,7.620866e-05,0
0,7.365193e-06,0
0,4.8719204e-07,0
0,8.0555196e-07,0
0,4.407336e-07,0
0,0.00010201394,0
0,0.00010083518,0
0,1.4405787e-06,0
0,7.5544126e-06,0
1,0.9971585,1
1,0.9999759,1
1,0.99999285,1
0,1.2519425e-05,0
0,1.6619486e-05,0
0,1.0485836e-06,0
0,0.00036997968,0
0,1.1976648e-06,0
0,5.886428e-07,0
0,1.6609803e-05,0
0,0.00046349474,0
0,3.8964663e-07,0
0,1.8088846e-06,0
0,1.1976648e-06,0
0,2.7025865e-06,0
0,6.10633e-08,0
0,6.488182e-07,0
0,8.938392e-06,0
0,2.997361e-06,0
0,1.4778651e-06,0
0,4.1581734e-06,0
0,3.0114954e-05,0
0,1.3097495e-06,0
0,3.3353185e-06,0
0,1.1818358e-06,0
0,4.0482004e-07,0
0,3.2992335e-07,0
0,1.4472116e-06,0
0,1.804978e-06,0
0,0.00022057017,0
0,9.832858e-05,0
0,0.00011160082,0
0,1.412252e-06,0
0,8.3848704e-07,0
0,3.6358928e-05,0
1,0.99999213,1
0,1.0485445e-06,0
0,1.3308381e-06,0
0,1.1081175e-06,0
0,8.041202e-05,0
0,8.862238e-05,0
0,1.6640784e-05,0
0,7.630865e-07,0
1,0.9999827,1
0,3.9204815e-06,0
0,1.3482282e-06,0
0,8.419997e-05,0
0,1.1330897e-06,0
0,1.3183576e-05,0
0,2.3816133e-06,0
0,1.3938712e-06,0
0,1.1312013e-06,0
1,0.9999645,1
0,0.00010950869,0
0,4.436405e-06,0
0,8.559168e-06,0
0,1.659076e-05,0
0,1.204726e-06,0
0,1.2553869e-07,0
0,2.7241597e-06,0
0,8.463753e-06,0
0,1.5799518e-05,0
0,2.469474e-06,0
0,1.6523149e-05,0
1,0.999451,1
0,1.0250338e-06,0
0,3.5673465e-06,0
0,0.000285956,0
0,3.4951036e-06,0
0,5.989261e-05,0
0,3.075088e-06,0
0,5.339459e-06,0
0,2.218927e-07,0
0,8.890682e-06,0
0,0.00013661364,0
0,6.514135e-07,0
0,9.661793e-07,0
0,1.1254143e-06,0
0,2.976927e-06,0
0,2.0044181e-05,0
0,1.3629746e-05,0
0,7.2039506e-06,0
0,1.8525352e-05,0
0,0.00010580917,0
0,3.460626e-06,0
0,8.460028e-07,0
0,4.1521384e-06,0
0,0.00014801916,0
0,8.440148e-07,0
0,0.00014569244,0
0,0.00015560711,0
0,8.326506e-06,0
0,2.173341e-05,0
0,7.6891456e-07,0
0,7.8674384e-05,0
0,1.6694989e-05,0
0,9.845734e-06,0
0,3.9614555e-05,0
0,4.587222e-05,0
0,0.00027656974,0
0,1.4387086e-06,0
0,3.4497577e-07,0
1,0.9999831,1
0,1.3260607e-06,0
0,5.6059893e-05,0
0,6.21407e-07,0
0,2.988542e-05,0
0,5.5077936e-07,0
0,1.2202831e-05,0
0,7.7656466e-07,0
1,0.9999808,1
0,8.555804e-08,0
0,1.1976648e-06,0
0,2.2745226e-05,0
0,7.117607e-07,0
0,1.2372911e-06,0
0,0.00011516595,0
0,7.7766305e-07,0
0,2.7039323e-06,0
0,7.462337e-05,0
0,9.203219e-07,0
0,2.5878012e-06,0
0,6.5610466e-06,0
0,1.6544025e-05,0
0,0.00019389472,0
0,0.0004224938,0
0,9.208451e-07,0
0,6.674021e-07,0
0,9.1866104e-07,0
0,3.8062337e-06,0
0,2.4459935e-06,0
0,5.5077936e-07,0
0,8.9026435e-07,0
0,1.1976648e-06,0
0,7.820816e-07,0
0,1.0566555e-06,0
0,1.2023767e-05,0
0,8.633364e-07,0
0,9.043418e-07,0
0,0.00021349675,0
0,1.328529e-06,0
0,2.7470149e-05,0
0,1.6772481e-05,0
0,1.4257779e-06,0
0,0.00025168376,0
0,7.0529827e-06,0
0,1.7993409e-06,0
0,8.5167176e-07,0
0,1.1401941e-06,0
0,8.625439e-07,0
0,5.5065953e-05,0
1,0.999711,1
0,8.515472e-06,0
0,7.2379993e-07,0
0,0.00018248263,0
0,0.0014878078,0
0,2.4683181e-06,0
0,1.6163111e-06,0
0,4.824736e-07,0
0,3.0399e-06,0
0,1.6692237e-06,0
0,0.00038879504,0
0,1.0000971e-06,0
0,4.3427946e-05,0
0,1.1861525e-06,0
0,1.0824997e-06,0
0,1.6969935e-06,0
0,1.4599466e-05,0
0,2.5304835e-05,0
0,1.2440236e-06,0
0,1.1512066e-06,0
1,0.9992599,1
0,9.186776e-06,0
0,9.4109777e-07,0
0,1.5150412e-06,0
0,4.605992e-05,0
0,5.9907405e-05,0
0,0.00019321372,0
0,6.406602e-07,0
1,0.9999608,1
0,8.6977747e-07,0
0,6.6709654e-05,0
0,4.807141e-06,0
0,8.610144e-07,0
0,8.369851e-07,0
0,1.8590819e-06,0
0,6.650208e-07,0
0,1.1022858e-06,0
0,1.5397027e-06,0
0,0.0003064408,0
0,3.394438e-05,0
0,1.5986541e-06,0
0,4.984152e-05,0
0,5.434745e-07,0
0,8.934812e-06,0
0,6.921172e-06,0
0,0.0004224938,0
0,1.1081175e-06,0
0,9.175139e-05,0
0,3.5339758e-06,0
0,3.1479062e-06,0
0,0.00041709287,0
0,0.00033987092,0
0,1.1976648e-06,0
0,6.39637e-07,0
0,2.0859177e-05,0
0,0.00013331001,0
1,0.9999293,1
0,3.8373744e-07,0
0,2.5807475e-07,0
0,1.3063988e-06,0
0,1.0958292e-06,0
0,2.2013432e-06,0
0,1.1413177e-05,0
0,1.1861525e-06,0
0,3.2886408e-05,0
0,0.0031846354,0
0,6.235031e-07,0
0,2.899634e-06,0
0,3.680477e-06,0
0,5.5077936e-07,0
0,0.008399305,0
0,0.00013126465,0
0,8.004006e-05,0
0,2.5405675e-06,0
0,2.5100037e-05,0
0,0.00024983063,0
0,9.5132975e-07,0
0,0.00032438792,0
0,9.793852e-07,0
0,1.1976648e-06,0
0,9.336468e-07,0
0,0.03196581,0
0,0.0007217643,0
0,1.2054661e-06,0
0,8.062705e-06,0
0,4.8859416e-05,0
0,2.3806112e-07,0
0,0.000156465,0
0,0.0010113487,0
0,1.1100595e-06,0
0,1.0272024e-06,0
0,7.691465e-05,0
0,1.1779662e-06,0
0,5.397535e-07,0
0,1.086551e-06,0
0,7.96724e-08,0
0,0.00015606002,0
0,1.9641416e-06,0
0,1.99733e-06,0
0,1.1081175e-06,0
0,0.00023841143,0
0,4.4751337e-06,0
0,9.377397e-05,0
0,4.994957e-07,0
0,1.3625709e-06,0
0,4.398294e-05,0
0,4.1722233e-06,0
0,0.00014227928,0
0,6.594782e-07,0
0,6.8900877e-06,0
0,1.9585245e-06,0
0,5.6104128e-08,0
0,6.864712e-07,0
0,2.6777605e-05,0
1,0.9999938,1
0,1.8549856e-06,0
0,4.327238e-07,0
0,4.031106e-08,0
0,7.903698e-07,0
0,1.1035427e-06,0
0,1.1976648e-06,0
0,1.6230584e-05,0
0,1.7381946e-05,0
0,3.0159902e-06,0
0,1.4667936e-06,0
0,4.312067e-06,0
0,1.9982122e-06,0
0,0.00060405326,0
0,2.6570533e-06,0
0,0.00034528627,0
0,4.4885423e-05,0
0,0.0013215559,0
0,0.00019650128,0
0,0.00013781198,0
0,1.0500532e-05,0
0,6.8660716e-05,0
0,8.633364e-07,0
0,4.123242e-06,0
0,3.939522e-05,0
0,0.00018764635,0
0,8.5553773e-07,0
0,5.3631436e-05,0
0,1.80108e-06,0
0,1.2200201e-06,0
0,0.00018572039,0
0,1.8088846e-06,0
0,0.00012016844,0
0,1.0860757e-05,0
0,3.5028e-05,0
0,1.1150835e-06,0
0,4.350888e-06,0
0,8.2726075e-07,0
0,4.1661053e-05,0
0,1.3954714e-06,0
0,0.000406292,0
0,1.2054661e-06,0
1,0.99998045,1
0,0.0001757848,0
0,1.2186504e-06,0
0,0.00030499455,0
0,1.2447826e-07,0
0,0.004314571,0
0,9.079774e-06,0
0,1.4140188e-06,0
0,6.360578e-05,0
0,1.7642944e-06,0
0,2.0817627e-06,0
0,0.0004163464,0
0,1.4638852e-05,0
0,3.4199618e-07,0
0,0.0006529027,0
0,2.0104608e-06,0
0,1.0809059e-06,0
0,7.0008064e-06,0
0,0.00016112905,0
0,1.1029337e-05,0
0,2.3738176e-06,0
0,5.2056508e-05,0
0,2.8636066e-06,0
0,3.9841075e-06,0
0,3.4299323e-05,0
0,7.296799e-07,0
0,1.0032829e-06,0
0,8.5167176e-07,0
0,1.3011764e-06,0
0,8.633364e-07,0
0,0.00020865377,0
0,1.3315428e-06,0
0,2.3745977e-07,0
0,1.4387086e-06,0
0,6.199549e-06,0
0,0.0008690017,0
0,1.8238995e-06,0
0,1.7684637e-06,0
0,1.135766e-05,0
0,1.08784654e-07,0
0,1.1822337e-06,0
0,5.9456456e-06,0
0,3.2514945e-06,0
0,1.1976648e-06,0
0,8.189597e-07,0
0,7.205896e-06,0
0,1.5076904e-06,0
0,2.4605013e-06,0
0,8.795217e-07,0
0,0.00068743044,0
0,2.5525182e-07,0
0,4.8648475e-05,0
0,1.1963908e-06,0
0,1.7682851e-06,0
0,5.2573924e-08,0
1,0.999895,1
0,2.036108e-06,0
0,6.5927696e-07,0
0,9.6992044e-05,0
0,4.0042273e-06,0
1,0.9996213,1
0,7.2779864e-07,0
0,3.241157e-05,0
0,4.1943407e-05,0
0,2.7920528e-06,0
0,2.0094574e-05,0
0,8.53332e-07,0
0,9.3571475e-07,0
0,8.7347485e-07,0
0,2.1443313e-05,0
0,8.497831e-07,0
0,0.0047828993,0
0,3.694593e-06,0
0,7.528029e-05,0
0,4.9125623e-07,0
0,0.0004558292,0
0,2.0944417e-06,0
1,0.99999774,1
0,0.0009243574,0
0,2.55302e-06,0
0,9.722e-07,0
0,6.6453265e-07,0
0,0.00011696696,0
1,0.99989533,1
0,1.6057598e-05,0
0,8.83714e-06,0
0,7.618332e-06,0
0,5.339231e-05,0
1,0.9999839,1
0,9.4109777e-07,0
0,4.1353803e-07,0
0,7.902613e-05,0
0,3.5562113e-07,0
0,7.2779864e-07,0
0,1.4506054e-06,0
0,1.2541197e-05,0
0,6.594782e-07,0
0,8.166992e-06,0
0,4.87337e-06,0
0,0.0030189897,0
0,1.0017885e-06,0
0,7.008943e-06,0
0,0.0003035453,0
0,0.007862823,0
0,8.813901e-06,0
0,0.00066718826,0
0,0.0027906,0
0,1.2612671e-05,0
0,8.061345e-07,0
0,5.5383727e-05,0
0,0.0023060718,0
0,1.0732052e-06,0
0,1.5551059e-05,0
0,0.0017454629,0
0,5.5347227e-06,0
0,0.00011769138,0
0,8.2726075e-07,0
0,2.417679e-06,0
0,7.407488e-07,0
0,8.908959e-05,0
0,7.7477085e-07,0
0,3.4826296e-06,0
0,2.02082e-06,0
0,8.9026435e-07,0
0,1.707514e-05,0
0,0.0017949826,0
0,5.979262e-06,0
0,4.5846576e-07,0
0,1.1810449e-06,0
0,2.0940183e-06,0
0,2.3404518e-06,0
0,1.393967e-06,0
0,1.1976648e-06,0
0,1.3237511e-05,0
1,0.99999,1
0,2.0799745e-05,0
0,7.683913e-06,0
1,0.99998987,1
0,0.00034036266,0
0,0.0001547585,0
0,1.7735813e-06,0
0,5.53922e-07,0
0,2.6622376e-06,0
0,1.3252175e-06,0
0,9.644964e-07,0
0,4.0282484e-05,0
0,1.4681469e-06,0
0,8.92215e-07,0
0,1.0250548e-07,0
0,4.6847717e-06,0
0,3.871771e-07,0
0,4.1070356e-07,0
0,5.490117e-06,0
0,1.9073977e-05,0
0,5.838465e-07,0
0,4.7689537e-06,0
0,1.1976648e-06,0
0,2.4115807e-05,0
0,3.9023676e-06,0
0,1.5013557e-06,0
0,1.3466949e-05,0
1,0.9999826,1
0,7.296799e-07,0
0,0.00012772555,0
0,3.586383e-05,0
0,1.2570082e-06,0
0,1.1366504e-06,0
0,1.1976648e-06,0
0,9.6459014e-05,0
0,1.3044393e-06,0
1,0.99995303,1
0,1.1861525e-06,0
0,6.303919e-06,0
0,0.00012876991,0
0,9.4109777e-07,0
0,1.2487138e-06,0
0,8.460028e-07,0
0,0.00019752713,0
0,8.9026435e-07,0
0,7.415971e-07,0
0,8.208629e-07,0
0,5.7144657e-06,0
0,0.00011242626,0
0,3.0399e-06,0
0,5.7189936e-05,0
0,2.9622317e-06,0
0,7.094052e-07,0
0,2.1412388e-06,0
0,7.364638e-06,0
0,4.658326e-06,0
0,7.2712635e-07,0
0,0.0009542975,0
0,8.1156264e-07,0
0,9.3019577e-07,0
0,1.1022858e-06,0
0,1.1081175e-06,0
0,2.7929157e-06,0
0,3.6455483e-05,0
0,2.902268e-05,0
0,6.1431274e-07,0
0,4.24708e-07,0
0,1.4164836e-05,0
0,1.7176348e-05,0
0,8.123232e-08,0
0,2.0063511e-07,0
0,0.00015335798,0
0,3.232358e-07,0
0,7.537863e-05,0
0,1.670023e-06,0
0,0.0003062612,0
0,1.1276061e-06,0
0,3.3338037e-07,0
0,7.2389844e-06,0
0,9.402276e-07,0
0,1.1512066e-06,0
0,9.4081065e-07,0
0,7.4970217e-07,0
0,9.336468e-07,0
0,1.0877975e-05,0
0,0.00013105667,0
0,7.1165887e-06,0
0,0.000107895015,0
0,2.2013432e-06,0
0,7.175431e-08,0
0,9.74967e-07,0
1,0.9998136,1
0,5.6406816e-07,0
0,7.652349e-07,0
0,7.475304e-07,0
0,9.1884474e-05,0
0,0.0010735497,0
0,5.73224e-05,0
0,2.003453e-05,0
0,0.00022255679,0
0,0.00012939582,0
0,3.0399e-06,0
1,0.99996126,1
0,1.1976648e-06,0
0,2.2061056e-06,0
0,0.0005000348,0
0,1.3437752e-06,0
0,8.1844905e-07,0
0,5.955317e-05,0
0,4.0963743e-05,0
0,1.1902001e-06,0
0,1.0566555e-06,0
0,2.0773618e-06,0
0,0.0020954101,0
0,1.1756542e-06,0
0,0.0015412625,0
0,5.0456777e-08,0
0,8.2726075e-07,0
0,9.170994e-07,0
1,0.9999975,1
0,9.452206e-06,0
0,1.2499088e-06,0
0,1.1778762e-06,0
0,0.000855581,0
0,1.2685355e-06,0
0,1.8068278e-06,0
0,8.310347e-06,0
0,5.332355e-06,0
0,9.629542e-05,0
0,7.628755e-07,0
0,3.5625087e-06,0
0,9.613823e-07,0
0,1.1861525e-06,0
0,0.00024132275,0
0,0.0006261533,0
0,0.00038125887,0
0,0.0012228098,0
0,1.0301522e-06,0
0,8.1423066e-05,0
0,0.00014540736,0
0,1.5415892e-06,0
0,3.4816533e-06,0
0,0.0001311757,0
0,1.1976648e-06,0
0,3.3308463e-06,0
0,2.3625482e-05,0
0,0.00016368384,0
0,1.2539797e-07,0
0,5.5551136e-05,0
0,4.4783366e-05,0
0,8.9125825e-07,0
0,1.9290708e-06,0
0,0.00020555554,0
0,4.3312734e-06,0
0,0.00017645853,0
0,0.00015664771,0
0,1.8193532e-06,0
0,1.0130648e-06,0
0,1.1048221e-06,0
0,2.098121e-07,0
1,0.9999703,1
0,1.3089578e-06,0
0,1.1491685e-06,0
1,0.9999975,1
0,9.424351e-07,0
0,1.006573e-06,0
0,1.2054661e-06,0
0,1.4180918e-06,0
0,4.686185e-05,0
0,5.1969608e-05,0
0,6.458358e-07,0
0,9.642089e-06,0
0,1.3783721e-06,0
0,0.0003085233,0
0,0.00013401265,0
0,2.110497e-07,0
0,1.2668569e-07,0
0,4.250625e-05,0
0,2.5155467e-07,0
0,8.157707e-07,0
0,0.00032476668,0
0,4.9008977e-05,0
0,4.5878555e-06,0
0,1.79873e-06,0
0,8.894549e-06,0
0,9.4109777e-07,0
0,6.594782e-07,0
0,1.3203341e-06,0
0,0.0002349747,0
0,6.283273e-05,0
0,2.5000516e-05,0
0,4.543136e-06,0
0,8.004236e-08,0
0,1.0732052e-06,0
0,6.1320265e-05,0
0,4.5717347e-06,0
0,8.207235e-07,0
0,0.00052130874,0
0,1.093714e-06,0
0,4.2205384e-06,0
0,5.645224e-07,0
0,7.8238446e-07,0
0,0.0002166878,0
0,1.1078671e-06,0
0,4.952853e-06,0
0,1.0017885e-06,0
0,3.2106848e-06,0
0,8.440148e-07,0
0,0.00016637858,0
0,8.577574e-07,0
0,0.00012940877,0
0,3.3012915e-05,0
0,7.7108025e-06,0
0,0.00067985035,0
0,4.3427946e-05,0
0,7.4942693e-07,0
0,8.6116717e-07,0
0,7.473921e-07,0
0,1.1512066e-06,0
0,4.6355512e-07,0
0,3.598172e-07,0
0,5.827754e-05,0
0,1.4551903e-06,0
0,2.7197335e-05,0
0,1.7211898e-05,0
0,1.393967e-06,0
0,4.10864e-06,0
0,2.129312e-06,0
0,2.7234896e-06,0
0,4.320598e-08,0
0,1.1776218e-05,0
1,0.9999602,1
0,1.5504651e-06,0
0,2.751961e-06,0
0,2.369292e-05,0
0,9.647907e-07,0
0,3.2043654e-06,0
0,0.00036408554,0
0,0.0013791904,0
0,1.6218033e-06,0
0,1.7086974e-06,0
0,2.7158978e-06,0
0,1.206628e-05,0
0,6.4351e-07,0
0,2.282865e-05,0
0,8.9223965e-07,0
0,0.00021848023,0
1,0.99999094,1
0,5.13436e-06,0
0,9.548651e-06,0
0,4.5195497e-06,0
0,5.5582346e-05,0
0,6.719649e-05,0
0,1.3575461e-06,0
0,0.0001237672,0
0,1.4611515e-05,0
0,1.4317624e-05,0
0,9.859509e-06,0
1,0.999967,1
0,7.382185e-07,0
0,8.3417376e-07,0
0,5.83088e-07,0
0,5.650761e-07,0
0,1.1330897e-06,0
0,4.9114e-06,0
0,1.1976648e-06,0
0,1.3419784e-06,0
0,6.314761e-05,0
0,9.513165e-05,0
0,1.5534028e-05,0
0,2.9210163e-05,0
0,0.0001521447,0
0,2.1085863e-05,0
0,0.00023953995,0
0,1.1319621e-06,0
0,0.00012679615,0
0,7.669756e-05,0
0,8.633364e-07,0
0,3.7817424e-07,0
0,1.1976648e-06,0
0,1.0654701e-06,0
0,0.00016579879,0
0,1.0237228e-06,0
0,0.0058623613,0
0,8.115617e-05,0
0,3.1651416e-07,0
1,0.9999945,1
0,2.4027446e-07,0
0,8.450493e-06,0
0,1.2941415e-05,0
0,1.070474e-06,0
0,6.350184e-08,0
0,5.3933564e-07,0
0,4.0100244e-06,0
0,4.2950596e-06,0
0,2.101322e-06,0
0,1.0663581e-05,0
0,0.0011271171,0
0,0.00010746192,0
0,2.7692104e-06,0
0,4.4685177e-07,0
0,4.32058e-06,0
0,8.307568e-07,0
0,1.7954137e-06,0
0,4.0789854e-07,0
0,1.9652919e-06,0
0,8.633364e-07,0
0,2.1496664e-06,0
0,1.804978e-06,0
0,0.0004196867,0
0,2.0543883e-05,0
0,3.0182805e-06,0
1,0.9996158,1
0,3.4075667e-05,0
0,1.5486799e-07,0
0,1.0488666e-06,0
0,8.6271257e-07,0
0,0.00010164699,0
0,1.0686936e-05,0
0,1.6020927e-06,0
0,6.671442e-05,0
0,1.6248981e-06,0
0,0.0028172869,0
0,1.1081175e-06,0
0,0.00060671236,0
1,0.9999151,1
0,5.7674356e-08,0
0,7.2779864e-07,0
0,1.6175773e-06,0
0,2.6479213e-06,0
0,1.7937211e-06,0
0,4.065792e-05,0
0,8.9804875e-05,0
0,3.8843342e-07,0
0,6.86176e-06,0
0,3.6697625e-07,0
0,1.9685465e-06,0
0,7.2938013e-07,0
1,0.99992,1
0,4.7544163e-05,0
0,3.4744747e-07,0
0,6.329043e-05,0
0,1.4443604e-06,0
0,0.00014623454,0
0,6.779895e-05,0
0,0.00018615209,0
0,8.056233e-06,0
0,1.929389e-06,0
0,1.1756542e-06,0
0,1.2602727e-05,0
0,1.0913634e-06,0
0,7.902613e-05,0
0,1.2054661e-06,0
0,5.3685213e-05,0
0,2.3615616e-05,0
0,0.00011023811,0
0,6.594782e-07,0
0,6.2388594e-06,0
0,0.00010965697,0
0,1.1484607e-06,0
0,2.144666e-06,0
0,0.00017119633,0
0,1.804978e-06,0
0,1.159311e-06,0
0,1.13855e-06,0
0,1.5973055e-06,0
0,4.775799e-07,0
0,2.8390548e-06,0
0,4.5919183e-05,0
0,6.975641e-06,0
0,1.7219663e-05,0
0,2.7576806e-07,0
0,0.00017165107,0
0,7.023598e-05,0
0,2.7455586e-05,0
0,1.1976648e-06,0
0,9.278382e-07,0
0,6.5804016e-07,0
0,4.900298e-06,0
0,4.951799e-05,0
0,1.8233432e-06,0
0,1.1976648e-06,0
0,2.4037056e-06,0
0,1.6298039e-06,0
0,4.7176977e-06,0
0,1.7612853e-06,0
0,9.647907e-07,0
0,1.4485124e-06,0
0,0.00010439465,0
0,3.8062337e-06,0
0,1.3519399e-07,0
0,1.5317164e-06,0
0,6.5055673e-07,0
0,0.0007776494,0
0,0.00036376048,0
0,1.6038253e-05,0
1,0.9999788,1
0,6.332035e-07,0
0,1.6515554e-05,0
0,4.015118e-06,0
0,0.00010052297,0
0,1.1204539e-05,0
0,0.00029910376,0
0,3.4121022e-06,0
0,4.3285067e-06,0
0,8.440148e-07,0
0,1.08305166e-07,0
0,0.00010447302,0
0,1.325383e-06,0
0,3.1343495e-07,0
0,3.0112078e-06,0
0,2.7763951e-06,0
0,8.4611173e-07,0
0,0.00037101828,0
0,2.0811274e-06,0
0,5.638123e-06,0
0,3.0394762e-05,0
0,1.1976648e-06,0
0,8.8976867e-07,0
0,4.271711e-05,0
0,8.207235e-07,0
0,6.02757e-05,0
0,8.633364e-07,0
0,3.8592734e-06,0
0,2.2913444e-07,0
0,6.618291e-05,0
0,2.3190803e-06,0
0,1.2054661e-06,0
0,4.0166025e-05,0
0,3.1491975e-06,0
0,6.9650656e-07,0
0,5.886428e-07,0
0,1.2511503e-06,0
0,7.663737e-06,0
0,1.5023711e-06,0
0,3.5905038e-07,0
0,1.0110663e-07,0
0,8.660668e-07,0
0,9.033143e-06,0
0,3.816196e-06,0
0,3.435648e-05,0
0,5.5121487e-05,0
0,2.1177584e-06,0
0,1.028869e-05,0
0,1.8088846e-06,0
1,0.999915,1
0,9.8156215e-06,0
0,0.00086944737,0
0,1.9692692e-05,0
0,1.9313098e-05,0
0,5.601657e-06,0
0,9.931096e-07,0
0,2.8968621e-05,0
0,2.7106864e-06,0
0,1.46306165e-05,0
0,1.2054661e-06,0
0,4.0082668e-07,0
0,1.1976648e-06,0
0,2.9861376e-05,0
0,3.0280518e-08,0
0,1.0615117e-06,0
0,1.13855e-06,0
0,3.843433e-05,0
0,3.474863e-06,0
0,7.7333425e-07,0
0,5.9811107e-05,0
0,2.2767795e-06,0
0,0.00025527913,0
0,5.830527e-05,0
0,2.1006167e-06,0
0,3.1206644e-05,0
0,0.00086862914,0
1,0.9998617,1
0,9.984354e-05,0
0,4.669844e-05,0
0,2.2391312e-06,0
1,0.9999658,1
0,1.1976648e-06,0
0,1.5925948e-06,0
0,1.7202784e-06,0
0,4.712068e-07,0
0,6.321223e-07,0
0,2.7108285e-06,0
0,2.9058901e-06,0
0,5.7809934e-06,0
0,2.1006167e-06,0
0,0.0013581036,0
0,1.6298535e-06,0
0,0.00047789028,0
0,1.0485445e-06,0
0,1.0908489e-07,0
0,9.3194234e-07,0
0,0.00012545146,0
0,1.3963904e-05,0
0,2.9827497e-08,0
0,0.00043372306,0
0,2.3484538e-06,0
0,0.00016357993,0
0,1.0396546e-06,0
0,9.7613765e-06,0
0,6.778494e-07,0
0,9.4081065e-07,0
0,8.5167176e-07,0
1,0.9999975,1
0,1.6734142e-06,0
0,8.445289e-06,0
1,0.99993753,1
0,2.548805e-05,0
0,2.4655568e-05,0
0,1.1441492e-06,0
0,1.4964241e-06,0
0,1.0599412e-05,0
0,7.09552e-07,0
0,0.00017037592,0
0,0.00024275214,0
0,9.66393e-07,0
0,0.00012679615,0
0,1.2207544e-05,0
1,0.9999727,1
0,0.0010694722,0
0,4.5251643e-05,0
0,1.1330897e-06,0
0,0.00013686201,0
0,8.633364e-07,0
0,2.5388067e-06,0
0,9.472739e-07,0
0,1.4140525e-06,0
0,0.00040819368,0
0,1.2685355e-06,0
0,2.667478e-06,0
1,0.9997061,1
0,0.00025515916,0
0,6.16623e-05,0
0,1.1920437e-06,0
0,4.716762e-06,0
0,1.1976648e-06,0
0,1.1976648e-06,0
0,7.1671474e-07,0
0,2.5053935e-06,0
0,2.367327e-06,0
0,9.405215e-06,0
0,0.0003615697,0
0,3.8281482e-06,0
0,4.21845e-06,0
0,4.2161214e-06,0
0,0.00019303565,0
0,1.8239971e-06,0
0,0.00074525055,0
0,3.288415e-05,0
0,9.014503e-07,0
0,9.922262e-07,0
0,1.789308e-06,0
1,0.9998543,1
0,3.4973255e-05,0
0,4.936226e-06,0
0,2.386422e-06,0
0,1.375764e-06,0
0,0.00018315636,0
1,0.99980944,1
0,7.462337e-05,0
0,2.796829e-05,0
0,1.1976648e-06,0
0,5.017979e-05,0
0,3.888485e-06,0
0,1.7968432e-05,0
0,0.00028034512,0
0,0.00052656163,0
0,0.00016375331,0
0,1.0801052e-06,0
0,3.80391e-05,0
0,2.2325457e-07,0
0,1.9945344e-07,0
1,0.9999795,1
0,1.1081175e-06,0
0,2.2248971e-06,0
0,3.0771328e-06,0
0,0.004779412,0
1,0.9999975,1
0,2.0280752e-06,0
0,4.9777726e-05,0
0,0.0068064616,0
0,8.2726075e-07,0
0,8.543238e-07,0
0,2.0592252e-06,0
0,1.804978e-06,0
0,4.6643563e-05,0
0,1.0195976e-06,0
0,0.00062305835,0
0,2.227273e-06,0
0,3.574596e-05,0
0,1.6769768e-06,0
1,0.9999821,1
0,8.559548e-07,0
0,0.000121340054,0
0,2.350818e-06,0
0,1.0169144e-05,0
0,3.0545289e-06,0
0,3.0253594e-07,0
0,1.0878169e-06,0
0,0.00019681592,0
1,0.9999838,1
0,8.399196e-07,0
0,7.390388e-06,0
0,1.3137526e-06,0
0,3.5469755e-05,0
0,1.1512066e-06,0
0,1.6426337e-05,0
0,1.4681469e-06,0
0,4.1925496e-06,0
0,7.628755e-07,0
0,1.0624232e-06,0
0,2.0233906e-06,0
0,7.628755e-07,0
0,7.680617e-05,0
0,0.00027885553,0
0,4.413233e-07,0
0,5.2393523e-05,0
0,8.172253e-07,0
0,8.633364e-07,0
0,0.00036122638,0
0,3.9656665e-05,0
0,8.227901e-07,0
0,1.0534227e-06,0
1,0.9999975,1
0,1.071985e-06,0
0,5.2352937e-07,0
0,7.8329896e-07,0
0,1.1861525e-06,0
0,1.2511503e-06,0
0,2.3437844e-06,0
0,3.8062337e-06,0
0,1.2054661e-06,0
0,2.1573721e-06,0
0,9.006929e-05,0
0,7.2938187e-06,0
0,1.2762846e-06,0
0,0.00020003923,0
0,4.451697e-06,0
0,1.7009081e-06,0
0,3.5151104e-05,0
0,0.00017870222,0
0,1.1512066e-06,0
0,9.394846e-07,0
0,0.00028820417,0
0,1.3668919e-06,0
0,4.481622e-05,0
0,1.4470376e-05,0
0,1.0396448e-06,0
0,2.1917132e-05,0
0,2.1587614e-06,0
0,1.8484991e-06,0
0,0.00012016844,0
0,5.943373e-07,0
0,4.324488e-06,0
0,5.6425392e-06,0
0,7.893741e-05,0
1,0.99998915,1
0,1.173424e-06,0
0,4.5975526e-06,0
1,0.9999827,1
0,0.000120682664,0
0,9.8209755e-05,0
0,4.637205e-06,0
0,7.619761e-07,0
0,1.5263764e-06,0
0,0.00037821854,0
0,4.990761e-07,0
0,1.2054661e-06,0
0,2.6516361e-06,0
0,1.2370529e-06,0
0,0.00030374012,0
0,1.2709107e-05,0
0,3.9684662e-07,0
0,0.0003404545,0
0,0.00026683483,0
0,5.722836e-07,0
0,1.8201637e-06,0
0,9.8523335e-05,0
1,0.99998975,1
0,0.0003064408,0
0,1.1341632e-06,0
0,1.4180918e-06,0
0,1.4073744e-05,0
0,1.3072687e-06,0
0,0.000103555765,0
0,0.00020687604,0
0,9.746391e-06,0
0,7.19328e-05,0
0,3.1251582e-06,0
0,1.7081695e-06,0
0,1.8260838e-06,0
0,1.1976648e-06,0
0,0.000113485374,0
0,6.9935327e-06,0
0,1.2511503e-06,0
0,0.0001910236,0
0,0.00017863407,0
0,4.869445e-07,0
0,1.7472555e-06,0
0,2.0384357e-06,0
0,1.4990756e-05,0
0,8.336743e-07,0
0,1.8141087e-06,0
0,1.38735895e-05,0
0,1.0125722e-05,0
0,7.6552365e-05,0
0,9.661793e-07,0
0,7.3012893e-07,0
0,7.0992564e-07,0
0,0.00014524578,0
0,7.401509e-05,0
0,7.0029773e-07,0
0,0.00043670888,0
0,2.7234896e-06,0
0,2.1528322e-06,0
0,7.166031e-05,0
0,8.199888e-06,0
0,9.985712e-07,0
0,2.460243e-06,0
0,4.0552045e-06,0
0,1.6251367e-06,0
0,0.00012016844,0
0,4.364865e-06,0
0,0.00047790122,0
0,1.1512066e-06,0
0,8.440148e-07,0
0,1.0913228e-06,0
0,2.467186e-06,0
0,4.7779282e-05,0
0,2.7041153e-05,0
0,0.00015699105,0
0,2.050274e-06,0
0,5.584491e-07,0
0,3.8860603e-06,0
0,1.7954137e-06,0
0,0.00012028963,0
0,4.0335453e-05,0
0,0.001065606,0
0,2.6564438e-05,0
0,7.3220313e-06,0
0,3.0478714e-06,0
1,0.9999939,1
0,1.0686991e-06,0
0,4.0286362e-05,0
0,8.129568e-05,0
0,1.6344222e-05,0
0,1.2633501e-06,0
0,1.9452842e-05,0
0,2.3437844e-06,0
0,1.2054661e-06,0
0,1.7898457e-06,0
0,9.9245146e-05,0
0,3.455567e-05,0
0,1.6006419e-06,0
0,8.886146e-07,0
0,1.1081175e-06,0
0,2.144666e-06,0
0,0.00012937003,0
0,7.861113e-07,0
0,2.822764e-05,0
0,6.162438e-07,0
0,1.502932e-05,0
0,1.2054661e-06,0
0,0.0002767805,0
0,9.308869e-06,0
0,6.4308665e-07,0
0,1.0927976e-06,0
0,1.536766e-05,0
0,1.3575461e-06,0
0,4.340453e-06,0
1,0.9999975,1
0,8.9026435e-07,0
0,7.884885e-07,0
0,0.0010981995,0
0,0.00043004702,0
0,4.393121e-05,0
0,0.0003512316,0
0,0.00043879283,0
0,1.3188343e-05,0
0,7.2990616e-07,0
0,1.6888574e-05,0
0,4.4284166e-06,0
0,3.1337504e-06,0
0,1.4357124e-06,0
0,0.000145363,0
0,6.102266e-08,0
0,9.3019577e-07,0
0,9.586394e-07,0
0,7.8518795e-05,0
0,1.9672701e-05,0
0,0.0009656805,0
0,1.8088846e-06,0
0,1.2172019e-06,0
1,0.99998915,1
0,0.0003550803,0
0,1.9882268e-06,0
0,2.2099e-06,0
1,0.99987197,1
0,2.1520643e-06,0
0,3.91314e-05,0
0,9.542583e-05,0
0,0.0011346369,0
0,1.4495749e-05,0
0,3.6597876e-07,0
0,1.8640402e-06,0
1,0.9999292,1
0,2.2013432e-06,0
0,2.1629796e-06,0
0,8.3418166e-07,0
0,1.9290708e-06,0
0,1.0445294e-06,0
0,1.2373396e-06,0
0,4.438826e-06,0
0,6.827497e-07,0
0,7.2403804e-05,0
0,7.652349e-07,0
1,0.9999975,1
1,0.9999896,1
0,1.8088846e-06,0
0,3.1007028e-05,0
0,1.3196758e-06,0
0,1.4535688e-06,0
0,3.019369e-06,0
0,0.00020639373,0
0,1.5111337e-06,0
0,6.594782e-07,0
0,1.0615567e-05,0
0,9.081799e-06,0
0,8.0864464e-07,0
0,1.8123744e-06,0
0,1.8724784e-06,0
0,1.33834865e-05,0
0,0.00018712784,0
0,9.636781e-07,0
0,6.343652e-07,0
0,3.4768942e-07,0
0,1.4648687e-06,0
0,1.1976648e-06,0
0,0.00020246662,0
0,4.80687e-07,0
0,7.0992564e-07,0
0,0.0003531609,0
0,5.6352223e-05,0
0,9.724606e-07,0
0,1.1976648e-06,0
0,0.00016578677,0
0,6.68473e-06,0
0,2.144666e-06,0
0,3.0595893e-05,0
0,0.0003462995,0
0,8.0055806e-08,0
0,0.00013800489,0
0,1.0913228e-06,0
0,1.2054661e-06,0
0,6.527862e-05,0
0,2.3920659e-06,0
0,3.7890988e-08,0
0,6.1431274e-07,0
0,1.5297485e-07,0
0,4.8360352e-08,0
0,1.9873127e-05,0
0,1.1328293e-06,0
0,6.7415084e-07,0
0,4.4919716e-06,0
0,3.757885e-07,0
1,0.99999285,1
0,1.0506926e-06,0
1,0.9999975,1
0,1.130856e-06,0
0,7.3289402e-06,0
0,3.1775644e-06,0
0,3.572947e-06,0
0,2.5872635e-06,0
0,4.5785492e-07,0
0,0.0075616306,0
0,0.00010055681,0
0,1.2857224e-05,0
0,1.1861525e-06,0
0,1.3421846e-06,0
0,7.394369e-08,0
0,1.5936454e-05,0
0,8.028439e-07,0
0,1.2511503e-06,0
0,2.283686e-06,0
1,0.9998622,1
0,1.1861525e-06,0
0,4.5288953e-06,0
0,0.00047252013,0
0,2.7709233e-05,0
0,4.418819e-06,0
0,1.8340375e-05,0
0,2.0568721e-05,0
0,0.0013488078,0
0,1.1976648e-06,0
0,1.4798968e-05,0
0,2.0049906e-06,0
0,1.0554671e-06,0
0,2.2846421e-05,0
0,4.988144e-07,0
0,6.5769777e-06,0
0,1.2778509e-06,0
0,8.159539e-05,0
0,1.5564427e-07,0
0,0.00028477874,0
0,2.8132862e-07,0
0,1.1081175e-06,0
0,1.1976648e-06,0
0,7.3040263e-07,0
0,1.9523966e-06,0
0,1.1756542e-06,0
0,9.2374154e-07,0
1,0.99969935,1
1,0.9999975,1
0,0.00054351083,0
0,4.8446716e-05,0
0,0.00011943811,0
0,8.8056455e-05,0
0,0.0013742808,0
0,9.4109777e-07,0
0,1.2560719e-05,0
0,2.3220612e-06,0
0,1.1202509e-05,0
0,0.00024589009,0
0,2.4175592e-06,0
0,1.516387e-06,0
0,9.0250836e-07,0
0,2.9682549e-06,0
0,2.260887e-06,0
0,1.1532537e-06,0
0,0.00044322922,0
0,1.4036639e-06,0
0,3.592041e-05,0
0,6.4315293e-07,0
0,6.5927696e-07,0
0,1.3511359e-06,0
0,1.2091068e-05,0
0,8.908959e-05,0
0,9.4109777e-07,0
0,3.2391858e-05,0
0,1.8372077e-05,0
0,8.5553773e-07,0
0,1.8191485e-06,0
0,3.9230305e-05,0
0,0.0023583162,0
0,0.00016699414,0
0,3.0394762e-05,0
0,3.6597876e-07,0
0,1.1078671e-06,0
0,9.203219e-07,0
0,1.1976648e-06,0
0,1.1976648e-06,0
0,1.1670577e-05,0
0,8.633364e-07,0
0,1.7728017e-06,0
0,7.79625e-05,0
0,6.5927696e-07,0
0,9.297718e-07,0
0,7.3672396e-07,0
0,5.9076465e-06,0
0,0.00025502418,0
0,0.00042235988,0
0,5.6991337e-07,0
0,7.117607e-07,0
0,0.00014304106,0
0,1.3497707e-06,0
0,4.7231447e-06,0
0,8.28988e-07,0
0,5.5083234e-08,0
0,7.0085963e-07,0
0,8.4927757e-07,0
0,1.1976648e-06,0
0,0.00023170808,0
0,0.00013690535,0
0,1.4466237e-07,0
0,0.0004062895,0
0,0.00010025895,0
0,1.2376771e-06,0
0,2.3567418e-06,0
0,1.2370645e-05,0
0,6.687972e-05,0
0,7.9539444e-07,0
0,1.967473e-05,0
0,0.0004136949,0
0,6.974577e-07,0
0,1.0534227e-06,0
0,9.108845e-06,0
0,6.229882e-06,0
0,2.1006167e-06,0
0,9.613823e-07,0
0,0.00012016844,0
0,0.00027849738,0
0,6.5927696e-07,0
0,1.4506054e-06,0
0,1.2685355e-06,0
0,5.0603005e-05,0
1,0.9999975,1
0,0.0002830121,0
0,5.1323985e-07,0
0,3.405531e-07,0
1,0.99998975,1
1,0.9999975,1
0,2.9500718e-05,0
0,1.0089151e-06,0
0,1.8595819e-06,0
1,0.99999285,1
0,1.1562234e-05,0
0,1.1976648e-06,0
0,5.736164e-06,0
0,3.171053e-06,0
0,5.581259e-07,0
0,2.131139e-05,0
0,1.8285357e-06,0
0,3.0561694e-06,0
0,1.6573238e-05,0
0,8.9026435e-07,0
0,8.315516e-05,0
0,1.3419784e-06,0
0,3.7464233e-07,0
0,3.2344906e-06,0
0,2.1006167e-06,0
0,0.0001080544,0
0,4.35591e-07,0
0,3.4923346e-06,0
0,8.577574e-07,0
0,7.018885e-05,0
0,5.7957925e-07,0
0,1.7285125e-06,0
0,6.5927696e-07,0
0,5.079254e-06,0
0,8.440148e-07,0
0,0.0006549965,0
0,1.3653632e-05,0
0,6.2864247e-06,0
0,0.00079454225,0
0,8.5167176e-07,0
0,9.2374154e-07,0
0,1.0068178e-06,0
0,4.1751466e-07,0
0,1.1976648e-06,0
1,0.9996191,1
0,0.00010857082,0
0,7.614879e-07,0
0,8.9026435e-07,0
0,3.3804513e-06,0
0,3.0399e-06,0
0,5.0290502e-05,0
0,5.663932e-06,0
0,2.3622262e-05,0
0,1.9304278e-05,0
0,9.008921e-05,0
0,0.000831976,0
0,3.9672327e-07,0
0,1.9590121e-05,0
0,2.5388067e-06,0
0,1.1312013e-06,0
0,1.1861525e-06,0
0,1.5045205e-06,0
0,1.860726e-06,0
0,9.611893e-06,0
1,0.9999887,1
0,4.8039096e-06,0
0,1.0003259e-06,0
1,0.99998105,1
0,1.1861525e-06,0
0,3.8609745e-05,0
0,8.9451976e-05,0
0,0.00029736507,0
0,7.820816e-07,0
0,2.0539594e-05,0
0,1.1512066e-06,0
1,0.99970204,1
0,5.8248947e-06,0
0,6.140421e-07,0
0,1.1108888e-06,0
0,1.1756542e-06,0
0,9.394359e-06,0
0,8.631598e-05,0
0,0.00014523222,0
0,0.00023565764,0
0,3.76512e-06,0
0,4.1411738e-07,0
0,2.7368674e-06,0
0,3.4082643e-06,0
0,6.881607e-05,0
0,1.1834001e-06,0
0,1.6224592e-06,0
0,5.675719e-05,0
0,2.163378e-06,0
0,3.9950464e-06,0
0,7.8123325e-05,0
0,4.4112776e-06,0
0,0.00028414358,0
0,4.7956306e-05,0
0,1.2553095e-06,0
0,1.092436e-06,0
0,1.0925557e-06,0
0,4.251375e-05,0
0,0.010445175,0
0,4.0539217e-07,0
0,1.3670493e-07,0
0,8.577574e-07,0
0,5.98648e-05,0
0,1.2797021e-06,0
0,2.7470149e-05,0
0,2.7942056e-05,0
0,2.218124e-06,0
0,0.00016755302,0
0,3.698425e-07,0
0,2.8999023e-06,0
0,3.8062337e-06,0
0,0.011556221,0
0,1.3575461e-06,0
0,9.1884474e-05,0
0,3.2306154e-05,0
0,0.00027747592,0
0,3.547138e-05,0
0,3.9204815e-06,0
0,8.352717e-08,0
0,9.918678e-05,0
0,5.81613e-06,0
1,0.9999802,1
0,0.00022813202,0
0,9.647907e-07,0
0,1.062864e-06,0
0,1.1081175e-06,0
0,2.811926e-06,0
0,8.172253e-07,0
0,0.00020570494,0
0,0.0003134138,0
0,2.4766557e-06,0
0,3.857544e-06,0
0,2.9868439e-05,0
0,9.114202e-05,0
0,1.2054661e-06,0
0,0.00021701345,0
0,5.104303e-05,0
0,1.1545534e-06,0
0,1.1512066e-06,0
1,0.999835,1
0,1.1700002e-06,0
0,4.984152e-05,0
0,4.957196e-06,0
0,8.8852136e-07,0
0,8.3167555e-07,0
0,1.2511325e-06,0
0,8.551385e-06,0
0,0.00080985465,0
0,2.4112455e-06,0
0,8.660668e-07,0
0,6.9304383e-07,0
0,1.1976648e-06,0
0,4.1157764e-05,0
0,0.0002329299,0
0,6.026021e-07,0
0,7.2087494e-07,0
0,1.2054661e-06,0
0,1.7647825e-06,0
0,1.5219038e-07,0
0,4.6642695e-06,0
0,1.1976648e-06,0
0,2.4868186e-06,0
0,6.5927696e-07,0
0,1.4387086e-06,0
0,0.00052656163,0
0,3.816196e-06,0
0,1.1022858e-06,0
0,6.21407e-07,0
0,4.219841e-05,0
0,4.147482e-05,0
0,9.8129814e-05,0
0,1.2154225e-06,0
0,1.2111528e-06,0
1,0.9999913,1
0,2.0817627e-06,0
0,8.9026435e-07,0
0,1.409245e-06,0
0,1.2054661e-06,0
0,1.13855e-06,0
0,8.531232e-06,0
0,4.6607925e-06,0
0,0.00010694353,0
0,7.669566e-05,0
0,0.00027457793,0
0,3.4747063e-05,0
0,1.963559e-06,0
0,1.188459e-06,0
0,1.8088846e-06,0
0,1.13855e-06,0
0,7.820816e-07,0
0,0.0008809776,0
0,0.00014597764,0
0,3.523827e-05,0
0,1.29791115e-05,0
0,0.00013105667,0
0,0.00017632701,0
0,3.2044456e-05,0
0,0.00035090093,0
0,0.00018764635,0
0,9.897435e-07,0
0,8.6395664e-07,0
0,0.00018802425,0
0,6.714709e-06,0
0,1.5223453e-05,0
1,0.9999882,1
0,2.0175894e-07,0
0,8.440148e-07,0
0,8.633364e-07,0
0,7.470096e-08,0
0,9.4039706e-07,0
0,5.092585e-05,0
0,0.00014775913,0
0,2.2861223e-06,0
0,0.0041561313,0
0,6.345135e-08,0
1,0.99995697,1
0,7.902613e-05,0
0,0.00047684918,0
0,4.327502e-07,0
0,7.0664623e-07,0
0,2.5571424e-07,0
0,2.442341e-06,0
0,0.0003526658,0
0,0.00011160082,0
0,1.2286194e-05,0
0,1.2370529e-06,0
0,1.2938166e-06,0
1,0.9999002,1
0,1.1026002e-06,0
0,1.2376688e-06,0
0,1.6166981e-06,0
0,2.443084e-06,0
0,6.586868e-07,0
0,1.8088846e-06,0
0,4.421559e-06,0
0,5.1406023e-06,0
0,1.6372645e-06,0
0,4.2537962e-05,0
0,1.650414e-05,0
0,1.4639917e-06,0
0,1.2511503e-06,0
0,5.430635e-05,0
0,0.0001611292,0
0,0.0006303423,0
0,8.9903523e-07,0
0,9.251292e-07,0
0,2.4720586e-07,0
0,1.4921077e-06,0
0,4.8719204e-07,0
0,1.2945226e-06,0
0,4.8821545e-05,0
0,6.391004e-07,0
0,4.260296e-05,0
0,0.0008653953,0
0,1.7301386e-06,0
0,4.7626995e-06,0
0,1.1189098e-06,0
0,2.3519863e-06,0
0,1.2511503e-06,0
0,0.00015411086,0
0,1.0485355e-06,0
0,5.6020614e-05,0
0,2.585722e-05,0
0,3.2470941e-06,0
0,1.1497561e-06,0
0,8.0208093e-07,0
0,2.2306442e-06,0
0,2.1295677e-06,0
0,5.6881003e-05,0
0,2.8029677e-05,0
0,6.673404e-07,0
0,4.1593516e-06,0
0,2.289148e-05,0
0,9.588103e-07,0
0,0.003848921,0
0,0.008632115,0
0,8.633364e-07,0
0,0.0001420128,0
0,9.0614606e-07,0
0,5.0195003e-06,0
0,1.9249396e-06,0
0,0.00018685506,0
0,8.582951e-05,0
0,0.00018320668,0
0,7.669756e-05,0
0,4.2442475e-06,0
0,0.0014915761,0
0,1.393967e-06,0
0,1.0654701e-06,0
0,1.4934743e-06,0
0,0.0016774933,0
0,6.1409423e-07,0
0,1.4681469e-06,0
0,1.686391e-06,0
0,6.00609e-08,0
0,8.68873e-07,0
0,1.4877369e-06,0
0,5.339459e-06,0
0,0.005209511,0
0,0.00028477874,0
0,1.0925557e-06,0
0,2.2422048e-05,0
0,8.8547296e-08,0
0,5.805196e-07,0
0,9.1298774e-05,0
0,2.1305194e-05,0
0,6.3118677e-07,0
0,6.5927696e-07,0
0,3.776941e-05,0
0,6.317213e-06,0
0,1.1976648e-06,0
0,5.943832e-07,0
0,1.5732151e-06,0
0,3.297849e-05,0
0,7.071943e-07,0
0,0.00025626383,0
0,5.9563496e-07,0
0,6.6609937e-06,0
0,5.173067e-07,0
0,8.709946e-06,0
0,8.2726075e-07,0
0,0.0023572587,0
0,7.0757613e-07,0
0,5.5383727e-05,0
0,1.2155276e-07,0
0,1.1330897e-06,0
0,2.48997e-06,0
1,0.9999715,1
0,2.035375e-07,0
0,1.4933965e-05,0
0,0.00020627648,0
0,1.4070172e-06,0
0,1.1976648e-06,0
0,1.7316804e-06,0
0,8.024474e-07,0
1,0.9999821,1
1,0.99997914,1
0,8.577574e-07,0
0,5.2393523e-05,0
0,1.2054661e-06,0
0,0.0019154432,0
0,6.594782e-07,0
0,4.7188496e-06,0
0,8.4032654e-05,0
0,0.00027928175,0
0,1.7039994e-06,0
0,1.2347675e-06,0
0,1.8323291e-06,0
0,5.8566393e-06,0
0,0.0018835741,0
0,3.8678216e-05,0
0,7.462337e-05,0
0,2.1099227e-06,0
0,7.820816e-07,0
0,3.132872e-06,0
0,9.4109777e-07,0
1,0.99986386,1
0,1.2842967e-06,0
0,8.617615e-06,0
0,0.0004730323,0
0,0.0002398636,0
0,1.0855197e-05,0
0,0.0002818862,0
0,7.898258e-07,0
1,0.99923265,1
0,3.9432543e-05,0
0,7.523996e-07,0
0,1.188459e-06,0
0,0.008583773,0
0,6.497658e-06,0
1,0.9999914,1
0,6.8146363e-07,0
0,6.494189e-06,0
0,7.2779864e-07,0
1,0.9962149,1
0,1.2241027e-06,0
0,2.0624188e-06,0
1,0.9999213,1
0,6.119445e-06,0
0,4.7783567e-05,0
0,1.1081175e-06,0
0,1.1976648e-06,0
0,4.4882043e-05,0
0,8.114002e-07,0
0,8.371915e-06,0
0,2.050274e-06,0
0,3.2457534e-05,0
0,1.7898457e-06,0
0,7.732274e-07,0
0,1.0425917e-06,0
0,1.5806918e-05,0
0,1.0422405e-05,0
0,7.0992564e-07,0
0,1.1976648e-06,0
0,8.2726075e-07,0
0,2.5918102e-05,0
0,1.5617194e-05,0
0,1.5746516e-06,0
0,0.0007930679,0
0,0.0041224705,0
0,1.0485355e-06,0
0,0.0003502332,0
1,0.99981505,1
0,6.17293e-06,0
0,1.1670577e-05,0
0,2.7413305e-05,0
0,0.00044359168,0
0,0.0016058979,0
0,4.271711e-05,0
0,3.6325342e-05,0
0,0.00034493537,0
0,0.00030860657,0
0,6.592727e-06,0
0,7.304368e-07,0
0,0.00033462263,0
0,7.796644e-05,0
0,4.77632e-05,0
0,7.870865e-07,0
0,0.0002448565,0
0,3.20943e-06,0
0,1.4576445e-06,0
0,5.5524106e-07,0
0,4.1048647e-06,0
0,0.0015829351,0
0,1.0786374e-06,0
0,9.625207e-07,0
0,0.0006213342,0
0,3.0966134e-05,0
0,7.669756e-05,0
0,0.020069417,0
0,0.00015326866,0
0,0.00022176519,0
0,6.497658e-06,0
0,0.00016099375,0
0,0.008518549,0
0,1.4606225e-06,0
0,4.2053587e-05,0
0,1.491119e-06,0
0,1.1976648e-06,0
0,1.2054661e-06,0
0,1.2511503e-06,0
1,0.9999908,1
0,2.4027446e-07,0
0,1.1976648e-06,0
0,0.00039454628,0
0,1.119727e-07,0
0,7.652349e-07,0
0,0.0012154545,0
0,2.4484823e-05,0
0,2.1482258e-06,0
0,1.7954137e-06,0
1,0.99998224,1
0,0.0009052869,0
0,1.7762811e-06,0
0,0.004376783,0
0,0.0017920611,0
0,1.060648e-05,0
0,1.024381e-06,0
0,6.4518696e-07,0
0,0.003065774,0
0,0.00011121148,0
0,3.4282998e-06,0
1,0.99996257,1
0,4.307513e-05,0
0,1.2690649e-05,0
0,0.00013978209,0
0,3.959525e-06,0
0,7.838229e-06,0
0,1.3246712e-07,0
0,5.9456456e-06,0
0,8.5167176e-07,0
0,5.2763795e-07,0
0,0.000117414405,0
0,6.9198916e-07,0
0,1.1081175e-06,0
0,7.620866e-05,0
0,6.594782e-07,0
0,1.0138323e-06,0
0,9.806263e-07,0
0,4.1617537e-07,0
0,1.0763155e-05,0
0,1.1330897e-06,0
0,8.038066e-05,0
0,3.4324716e-05,0
0,1.2121212e-06,0
0,0.0019459447,0
0,2.24408e-06,0
0,1.2511503e-06,0
0,1.1081175e-06,0
0,6.3497564e-06,0
0,2.671238e-06,0
0,6.0344446e-06,0
0,1.4387086e-06,0
0,0.00028988378,0
0,1.1078671e-06,0
0,8.080819e-07,0
0,4.8187994e-05,0
0,2.6844154e-06,0
0,1.7382126e-06,0
0,0.000103555765,0
0,1.3851784e-06,0
0,3.2362954e-05,0
0,6.1431274e-07,0
0,1.1756542e-06,0
0,0.0024041873,0
0,0.0007175714,0
0,1.3236449e-06,0
0,0.0005358485,0
0,0.00011433773,0
0,1.1976648e-06,0
0,8.0864464e-07,0
0,1.5977946e-06,0
0,0.0005524076,0
0,3.0673076e-05,0
0,3.6884947e-05,0
0,0.0004500772,0
0,1.0925557e-06,0
0,8.2726075e-07,0
0,8.980266e-07,0
0,9.611893e-06,0
0,1.4642648e-05,0
0,2.3251096e-05,0
0,4.0889682e-07,0
0,4.996015e-05,0
0,1.4967981e-06,0
0,1.0902743e-06,0
0,2.1691749e-06,0
0,1.4221588e-06,0
0,5.187553e-05,0
0,4.3827745e-07,0
0,5.840882e-07,0
0,6.277548e-07,0
0,2.5883517e-06,0
0,9.0205833e-07,0
0,2.8234158e-06,0
0,0.00021096792,0
0,9.1866104e-07,0
0,6.6807916e-06,0
0,8.4927757e-07,0
0,2.2895716e-05,0
0,7.1782542e-06,0
0,0.0006248257,0
0,6.1431274e-07,0
0,1.5562882e-05,0
0,7.706235e-07,0
0,0.00022110014,0
0,5.422419e-07,0
0,1.0188247e-06,0
0,1.3309956e-06,0
0,6.4315293e-07,0
0,3.5565952e-06,0
0,2.8267002e-06,0
0,3.8062337e-06,0
0,1.1976648e-06,0
0,1.8088846e-06,0
0,7.2779864e-07,0
0,8.9026435e-07,0
0,4.4858338e-05,0
0,0.00012030889,0
0,1.1976648e-06,0
1,0.99936503,1
0,1.1976648e-06,0
0,1.2762846e-06,0
0,1.0907162e-06,0
0,1.7415579e-06,0
0,3.8710946e-06,0
0,8.049951e-06,0
0,1.4387086e-06,0
0,1.1976648e-06,0
0,7.688737e-06,0
0,0.0010762449,0
0,2.4750756e-07,0
0,7.28841e-06,0
0,2.3404161e-06,0
0,8.307568e-07,0
0,9.013199e-08,0
0,2.9925633e-05,0
0,0.00048564305,0
0,6.05696e-06,0
0,0.0011199814,0
1,0.99999547,1
0,1.2054661e-06,0
0,5.2742835e-05,0
0,2.3810842e-06,0
0,2.456508e-07,0
0,0.00031851354,0
0,1.4387086e-06,0
0,0.0006374725,0
0,1.1312013e-06,0
0,5.2491446e-06,0
0,1.2054661e-06,0
0,1.0388222e-06,0
0,3.816196e-06,0
0,2.556114e-06,0
0,8.2550565e-07,0
0,7.280018e-06,0
0,4.1900512e-05,0
0,3.8062337e-06,0
0,0.05209101,0
0,1.1861525e-06,0
0,1.0610046e-06,0
1,0.99999213,1
0,1.2226303e-05,0
0,1.9856934e-06,0
0,2.0660931e-07,0
0,9.628248e-05,0
0,1.3886385e-06,0
0,1.8074516e-06,0
0,1.0913228e-06,0
0,7.24726e-06,0
0,3.5487856e-06,0
0,7.117607e-07,0
0,9.647907e-07,0
0,4.4494962e-05,0
0,0.0032328335,0
0,1.7690896e-06,0
1,0.99953735,1
0,1.0570602e-05,0
0,1.7844168e-05,0
0,0.00048731285,0
0,8.473553e-07,0
0,2.5286265e-06,0
0,6.3258364e-07,0
0,0.00013025073,0
0,4.8431157e-06,0
0,1.6814911e-06,0
0,1.9498624e-05,0
0,1.2054661e-06,0
0,9.53127e-05,0
0,8.83403e-06,0
0,6.408765e-07,0
0,4.827944e-06,0
0,1.1700002e-06,0
0,4.5972374e-05,0
0,8.744102e-06,0
0,8.307568e-07,0
0,8.4927757e-07,0
0,5.349862e-05,0
0,9.0793236e-07,0
1,0.9998087,1
0,8.9026435e-07,0
0,0.007920287,0
0,1.4739845e-06,0
0,1.864924e-06,0
0,7.0006735e-07,0
0,9.397639e-06,0
0,8.637049e-06,0
0,2.1964718e-06,0
0,5.470615e-07,0
0,8.2726075e-07,0
0,3.1251582e-06,0
1,0.9998778,1
0,2.2013432e-06,0
0,0.00033687506,0
0,2.6657895e-06,0
0,1.1976648e-06,0
0,3.734687e-06,0
0,1.0100501e-06,0
0,0.0001344645,0
0,2.4889565e-05,0
0,3.0163671e-06,0
0,1.0627475e-06,0
0,2.8444552e-05,0
0,1.188459e-06,0
0,1.0237228e-06,0
0,1.3072687e-06,0
0,4.853454e-07,0
0,1.9633868e-05,0
0,0.00036113462,0
0,0.0001491617,0
0,9.206695e-07,0
0,6.046683e-05,0
0,2.5570964e-07,0
0,3.959525e-06,0
0,0.0005944273,0
1,0.9999683,1
0,5.921811e-07,0
0,2.9393583e-05,0
0,9.90891e-07,0
0,1.2905399e-06,0
0,0.00028351226,0
0,1.26507975e-05,0
0,7.68644e-07,0
0,7.109228e-06,0
0,4.2405193e-07,0
0,0.00012402,0
0,9.796644e-07,0
0,2.9734595e-06,0
0,1.1976648e-06,0
0,3.8331033e-05,0
0,1.5973055e-06,0
0,2.937571e-06,0
0,2.052244e-05,0
0,2.7039323e-06,0
0,1.2685355e-06,0
0,1.701931e-05,0
0,3.9950464e-06,0
0,0.0010263147,0
0,5.7354333e-05,0
0,0.00010316555,0
0,6.445234e-07,0
0,6.398627e-07,0
0,1.0371296e-06,0
0,5.964331e-05,0
1,0.9996056,1
0,0.00030522174,0
0,9.1477847e-07,0
0,0.00010535248,0
0,6.8552717e-06,0
0,1.6773025e-05,0
0,1.117789e-06,0
0,7.839332e-05,0
1,0.9998617,1
0,2.1214232e-06,0
0,8.2726075e-07,0
0,3.827196e-06,0
0,0.00041301773,0
0,1.4212477e-06,0
0,5.5077936e-07,0
0,0.0011877182,0
0,1.1976648e-06,0
0,3.387618e-07,0
0,1.7954137e-06,0
0,8.451561e-07,0
0,5.0515016e-05,0
0,8.9530903e-07,0
0,3.6869376e-06,0
0,3.046672e-07,0
0,2.264497e-06,0
0,1.922751e-06,0
0,1.5461608e-06,0
0,8.692056e-06,0
0,5.8421745e-07,0
0,9.081799e-06,0
0,8.633364e-07,0
0,3.2780558e-06,0
0,8.360166e-07,0
0,1.4387086e-06,0
0,0.0019041653,0
1,0.99989915,1
1,0.9999175,1
0,9.422259e-05,0
0,9.536657e-06,0
1,0.99999154,1
0,1.6416783e-06,0
0,5.954051e-05,0
0,2.3437844e-06,0
0,0.000463531,0
0,1.0913228e-06,0
0,5.7080547e-06,0
0,1.1861525e-06,0
0,1.1861525e-06,0
0,4.8817014e-07,0
0,1.1433159e-06,0
0,9.31279e-05,0
0,0.0006540399,0
0,2.5893123e-05,0
0,3.33349e-05,0
0,5.595569e-05,0
0,1.4210606e-06,0
0,1.013374e-06,0
0,0.0014550699,0
0,8.307568e-07,0
0,7.646223e-08,0
0,2.4089903e-05,0
0,1.788603e-05,0
0,3.5661935e-06,0
0,1.1142331e-06,0
0,6.81757e-05,0
0,3.031649e-06,0
0,2.2098243e-06,0
1,0.999995,1
0,1.2188083e-06,0
0,1.6056092e-07,0
0,1.701931e-05,0
0,0.00010854504,0
0,1.0352331e-06,0
0,6.445234e-07,0
0,2.7622627e-06,0
0,6.477874e-05,0
0,4.7066565e-05,0
0,4.873663e-07,0
0,2.713736e-07,0
0,1.1976648e-06,0
0,1.6639773e-06,0
0,0.00018974836,0
0,1.4387086e-06,0
0,8.625916e-07,0
0,1.0391392e-06,0
0,2.4325075e-07,0
0,6.761668e-05,0
0,8.172253e-07,0
0,1.4225222e-06,0
0,1.4469812e-06,0
1,0.9999801,1
0,1.2372911e-06,0
0,5.309574e-07,0
0,1.7901062e-05,0
0,0.00016872014,0
0,8.056011e-07,0
0,1.5614592e-06,0
0,9.126421e-05,0
0,9.277877e-07,0
0,1.143296e-05,0
0,1.4150548e-06,0
0,8.660668e-07,0
0,5.665254e-08,0
0,7.672872e-05,0
0,1.32513915e-05,0
0,1.1364195e-06,0
0,1.2800756e-06,0
0,2.760642e-05,0
0,1.6838334e-05,0
0,1.3494385e-05,0
0,1.799377e-06,0
1,0.9999262,1
0,1.0115916e-06,0
0,9.229625e-05,0
0,1.1081175e-06,0
0,0.00064378773,0
0,3.5151104e-05,0
0,1.1071469e-05,0
0,0.0013841315,0
0,1.1272856e-06,0
0,1.2054661e-06,0
0,3.959525e-06,0
0,9.567497e-07,0
0,1.1756542e-06,0
0,2.8656486e-05,0
0,5.8908313e-07,0
0,3.3286602e-07,0
1,0.9999951,1
0,0.00012395014,0
0,6.606496e-07,0
0,1.2054661e-06,0
0,1.2054661e-06,0
0,0.00010929503,0
0,0.00034492157,0
0,7.8941986e-07,0
0,1.1726734e-06,0
0,6.72919e-06,0
1,0.99996376,1
0,1.4164836e-05,0
0,8.577574e-07,0
0,0.00027399216,0
0,8.121875e-07,0
0,1.8088846e-06,0
0,3.0308682e-05,0
0,0.0007438992,0
0,8.2726075e-07,0
0,0.0145485895,0
0,0.00020373736,0
0,2.698355e-07,0
0,2.1112007e-06,0
0,1.4122884e-06,0
0,8.167056e-07,0
0,4.6527316e-06,0
0,3.9143397e-06,0
0,0.0005517348,0
0,7.0992564e-07,0
0,2.6639088e-07,0
0,8.057625e-07,0
0,1.2284038e-05,0
0,0.00038123285,0
0,8.988518e-06,0
0,1.841902e-06,0
0,1.2570221e-07,0
0,1.3090078e-06,0
1,0.9999975,1
0,2.411843e-05,0
0,1.5721198e-05,0
0,3.529544e-05,0
0,2.0426448e-06,0
0,8.172253e-07,0
0,1.3338687e-06,0
0,8.610144e-07,0
0,2.9194764e-05,0
0,1.1886566e-05,0
0,5.2367415e-07,0
0,0.00048103218,0
0,1.3097495e-06,0
0,3.2771243e-06,0
0,0.0024932602,0
0,7.729914e-07,0
0,1.2313984e-06,0
0,8.189939e-06,0
0,3.314563e-05,0
0,2.7470149e-05,0
0,3.7277354e-05,0
0,4.974273e-07,0
0,1.8870056e-05,0
0,0.0004559959,0
0,1.1081175e-06,0
0,7.475571e-06,0
1,0.9993129,1
0,2.7413305e-05,0
0,1.0140556e-06,0
0,3.0143483e-06,0
0,1.13855e-06,0
0,2.8342174e-05,0
0,7.296799e-07,0
0,1.1976648e-06,0
1,0.9999975,1
0,0.00023565764,0
0,9.372607e-07,0
1,0.9999939,1
0,9.112221e-05,0
0,1.1976648e-06,0
0,1.0945691e-07,0
0,1.6968019e-05,0
0,0.007878961,0
0,3.9630686e-06,0
0,6.497658e-06,0
0,0.00012281234,0
0,2.6771522e-06,0
0,1.4387086e-06,0
0,9.821676e-07,0
0,3.2134267e-06,0
0,0.00027263403,0
0,1.3072687e-06,0
0,1.3511359e-06,0
0,5.2297033e-05,0
0,7.3012893e-07,0
0,8.454742e-06,0
0,1.9286128e-06,0
0,1.3225534e-06,0
0,0.009070659,0
0,2.0275771e-05,0
0,3.564061e-07,0
0,0.00010152242,0
0,2.4448693e-06,0
0,1.8355948e-05,0
0,0.0004540488,0
1,0.9999918,1
0,0.00012815194,0
0,1.1081175e-06,0
0,1.5374988e-05,0
0,2.0659247e-06,0
0,5.406607e-05,0
0,1.3703207e-06,0
0,1.6626018e-05,0
0,1.2685355e-06,0
0,1.2136516e-06,0
0,7.3652627e-06,0
0,0.00017203613,0
0,1.1342205e-06,0
0,3.075088e-06,0
0,1.00101215e-05,0
0,1.5010908e-06,0
0,8.577574e-07,0
1,0.99991894,1
0,6.63396e-07,0
0,3.173705e-05,0
0,0.00016674942,0
0,3.1142156e-06,0
0,1.1756632e-06,0
0,6.41276e-05,0
0,0.00013060805,0
0,1.396489e-05,0
0,4.310359e-08,0
0,6.8895423e-07,0
0,1.1081175e-06,0
0,0.00011985717,0
0,3.9343973e-05,0
0,8.0671816e-07,0
0,0.00034614402,0
0,0.00020641282,0
0,2.0234972e-07,0
0,3.356848e-05,0
0,6.764972e-06,0
0,0.00014830609,0
0,9.613823e-07,0
0,1.682505e-06,0
0,0.00041263702,0
0,5.6391383e-07,0
1,0.000351048,0
0,2.0473746e-05,0
0,0.00012987766,0
0,9.129093e-05,0
0,1.5117043e-06,0
0,6.411806e-06,0
0,1.8264897e-06,0
0,2.588275e-06,0
0,8.92215e-07,0
0,5.602565e-06,0
0,3.4530265e-07,0
0,0.00045342944,0
0,1.3315428e-06,0
0,1.835164e-05,0
0,4.6214882e-05,0
0,1.1756542e-06,0
0,1.1286668e-06,0
0,0.00023654863,0
1,0.99989116,1
0,4.86209e-07,0
0,7.479136e-05,0
0,9.397713e-07,0
0,1.1002882e-06,0
0,1.3100795e-05,0
0,8.980266e-07,0
0,8.8485393e-07,0
0,4.3905698e-06,0
0,8.480417e-05,0
0,3.7714058e-06,0
0,1.3641337e-06,0
0,5.657814e-07,0
0,1.0972179e-06,0
0,5.7787713e-07,0
0,5.11615e-08,0
0,5.47899e-07,0
0,5.932341e-06,0
0,1.5665986e-05,0
0,1.0323888e-06,0
0,1.1976648e-06,0
0,0.0005769333,0
0,1.3731146e-07,0
0,0.00021456507,0
0,9.454021e-05,0
0,3.4184424e-07,0
0,2.5199355e-05,0
0,1.2736255e-06,0
0,9.1697785e-07,0
0,2.6386876e-06,0
0,2.7099446e-07,0
0,3.778195e-07,0
0,0.00010863751,0
0,4.3049326e-07,0
0,1.2234409e-06,0
1,0.9999784,1
0,8.1778745e-07,0
0,2.4185783e-06,0
0,2.050274e-06,0
0,8.436108e-07,0
0,7.097686e-07,0
0,8.633364e-07,0
0,1.4479184e-06,0
0,1.9953918e-06,0
0,0.00017691932,0
0,0.00020044876,0
0,1.2762846e-06,0
0,1.1893956e-06,0
0,1.1073686e-06,0
0,1.211019e-05,0
0,6.846549e-07,0
0,8.660668e-07,0
0,1.2376688e-06,0
0,5.886428e-07,0
0,2.4683181e-06,0
0,2.1560559e-06,0
0,0.00022184408,0
0,3.2543485e-06,0
0,1.4422117e-06,0
0,1.4973006e-06,0
0,6.757557e-06,0
0,7.884885e-07,0
0,8.148128e-06,0
0,0.00024489948,0
0,1.7698587e-05,0
0,7.848274e-07,0
0,7.8924074e-07,0
0,1.4681469e-06,0
0,0.00037080632,0
0,8.830536e-05,0
0,8.584997e-05,0
0,5.8174e-06,0
0,1.9754993e-06,0
0,2.9764766e-05,0
0,0.0023622012,0
0,0.00018678825,0
0,5.272996e-05,0
0,7.2858893e-07,0
0,1.6836697e-05,0
0,1.0961637e-06,0
0,7.3220313e-06,0
0,5.3950702e-05,0
0,1.5110054e-06,0
0,2.7128197e-05,0
0,7.376355e-06,0
0,0.00010918545,0
0,1.4537934e-06,0
0,0.00021745027,0
0,4.028812e-07,0
0,8.83875e-05,0
0,0.00011749392,0
0,0.00013153956,0
0,1.1700002e-06,0
0,9.647907e-07,0
0,3.6744236e-06,0
0,1.6475866e-06,0
0,7.296799e-07,0
0,6.9986174e-07,0
1,0.9999958,1
0,9.26541e-07,0
0,1.3097495e-06,0
0,2.6204962e-06,0
0,1.02983095e-05,0
0,8.923673e-07,0
0,9.4109777e-07,0
0,0.00015043122,0
0,5.5077936e-07,0
0,2.7537582e-05,0
0,1.4864385e-05,0
0,9.252854e-07,0
0,9.265684e-07,0
0,1.4771289e-05,0
0,1.2764787e-05,0
0,1.2153885e-07,0
0,1.9765506e-05,0
0,1.1081175e-06,0
0,2.490761e-06,0
0,2.548805e-05,0
0,1.47300725e-05,0
0,5.062767e-05,0
0,5.3809902e-08,0
0,6.4231625e-07,0
1,0.99999154,1
0,1.3188128e-06,0
0,6.4850576e-07,0
0,9.796644e-07,0
0,9.797942e-07,0
0,8.244451e-07,0
0,1.804978e-06,0
0,0.0022406857,0
0,1.0486065e-06,0
1,0.9999963,1
0,0.00010113756,0
0,1.6964961e-05,0
0,0.00020005695,0
0,1.3043185e-06,0
0,8.6405555e-07,0
0,1.4809812e-05,0
0,3.6541244e-06,0
0,1.1976648e-06,0
0,2.7876042e-06,0
0,6.5927696e-07,0
0,3.2291773e-05,0
0,0.00012298672,0
0,8.883036e-07,0
0,0.00014794113,0
0,0.00024029623,0
0,4.6664175e-07,0
0,2.6516361e-06,0
0,2.6864618e-07,0
0,0.00075579446,0
0,5.6884478e-08,0
0,2.3377448e-05,0
0,1.2347675e-06,0
0,2.1006167e-06,0
0,8.5553773e-07,0
0,1.4294198e-05,0
0,3.5339758e-06,0
0,1.5081836e-06,0
0,7.1872023e-07,0
0,3.2993921e-06,0
0,1.3682535e-06,0
0,2.9500718e-05,0
0,1.0804782e-06,0
0,1.9363813e-05,0
0,6.677241e-05,0
0,5.7413075e-07,0
0,2.685235e-06,0
0,4.687745e-05,0
1,0.9999763,1
0,1.1330897e-06,0
0,8.3655976e-07,0
0,3.6403475e-05,0
0,1.0925557e-06,0
0,0.0007256123,0
0,0.00018658658,0
0,0.00017428772,0
0,5.5006487e-05,0
0,0.00010855094,0
0,1.1398403e-07,0
0,8.3418166e-07,0
0,8.270683e-07,0
0,0.00066358474,0
0,0.0016093527,0
0,0.00021891166,0
0,1.1976648e-06,0
0,2.5178967e-06,0
0,7.8753124e-05,0
0,4.223611e-06,0
0,2.6025637e-08,0
1,0.9999896,1
0,8.4620694e-07,0
0,5.3129143e-06,0
0,1.1022858e-06,0
0,8.460028e-07,0
0,8.896414e-07,0
0,6.4328293e-07,0
0,2.2956388e-06,0
0,7.59191e-06,0
0,1.1026002e-06,0
0,1.6177006e-06,0
0,9.74967e-07,0
0,0.0034012108,0
0,8.905474e-08,0
0,7.0992564e-07,0
0,0.00026123566,0
0,5.3464297e-05,0
0,1.5076904e-06,0
0,9.277877e-07,0
0,0.00026511654,0
0,1.4329945e-06,0
0,8.926466e-06,0
0,2.3664446e-05,0
0,4.987412e-07,0
0,4.774205e-06,0
0,1.0945258e-06,0
0,1.1943241e-06,0
0,8.2726075e-07,0
0,3.0785739e-06,0
0,1.0570602e-05,0
0,6.3592524e-06,0
0,9.639404e-06,0
0,3.7742084e-06,0
1,0.9999858,1
0,5.945181e-07,0
0,6.3466387e-06,0
0,0.00024685153,0
1,0.999979,1
0,1.2511325e-06,0
0,8.2726075e-07,0
0,1.0928018e-06,0
0,3.829424e-05,0
0,1.1276061e-06,0
0,5.616912e-07,0
0,3.5965517e-05,0
0,2.569385e-06,0
0,3.5854675e-06,0
0,6.3881583e-07,0
0,3.0399e-06,0
0,8.688293e-06,0
0,4.1605313e-07,0
0,9.480114e-07,0
0,1.0010533e-05,0
1,0.9999975,1
0,5.9530163e-07,0
0,8.633364e-07,0
0,0.0001240452,0
1,0.9999492,1
0,0.0028456212,0
0,1.1976648e-06,0
0,4.550884e-07,0
1,0.9989693,1
0,4.1661053e-05,0
0,1.5945416e-06,0
0,1.4551485e-06,0
0,2.4459935e-06,0
0,2.4208275e-05,0
0,0.0001739608,0
0,4.0800974e-06,0
0,0.0002200631,0
0,5.5058786e-06,0
0,1.9765506e-05,0
0,2.9995006e-05,0
0,1.6354761e-07,0
0,1.963559e-06,0
0,1.1911743e-06,0
0,5.951245e-07,0
0,1.3097495e-06,0
0,1.0571076e-05,0
0,1.8801998e-06,0
0,1.1081175e-06,0
0,0.00010797602,0
0,1.3097495e-06,0
0,4.9507977e-05,0
1,0.9999958,1
0,9.614583e-07,0
0,3.8031772e-05,0
0,7.848765e-05,0
0,4.985385e-06,0
0,1.2838636e-05,0
0,2.1092385e-06,0
0,5.576062e-05,0
0,0.00017272976,0
0,3.5823539e-06,0
0,0.00020553477,0
0,1.7954137e-06,0
0,8.315647e-08,0
0,1.5363188e-06,0
0,0.00012361091,0
0,0.00019535165,0
0,5.528823e-07,0
0,1.1081175e-06,0
0,7.500992e-05,0
0,8.9002157e-07,0
0,0.00015020232,0
0,8.452998e-05,0
0,3.4512956e-05,0
0,1.4129081e-06,0
0,5.703218e-06,0
0,2.9278572e-05,0
0,1.5471372e-06,0
0,3.0478714e-06,0
0,2.2956388e-06,0
0,6.062475e-05,0
0,4.2814336e-05,0
0,2.5388067e-06,0
0,7.820816e-07,0
0,6.8002043e-07,0
0,0.0003276552,0
0,4.1970095e-05,0
0,4.5696504e-07,0
0,4.5555596e-05,0
0,1.4440133e-06,0
1,0.9997887,1
0,3.9653555e-06,0
0,1.1779043e-06,0
0,1.2054661e-06,0
0,1.2684084e-06,0
0,1.5884007e-06,0
0,2.6090802e-05,0
0,8.9026435e-07,0
1,0.9972082,1
0,7.948007e-06,0
0,0.00015339922,0
0,0.003542138,0
0,6.8932524e-05,0
0,7.624074e-06,0
0,9.65691e-07,0
0,8.2550565e-07,0
0,1.0032829e-06,0
0,2.5562797e-06,0
0,6.6559705e-06,0
0,2.1625923e-05,0
0,6.583559e-07,0
0,3.0092701e-06,0
0,8.602189e-05,0
0,0.0001613023,0
0,0.00013851892,0
0,0.00015525112,0
0,5.300689e-07,0
0,3.1886325e-06,0
0,5.4646098e-05,0
0,0.0011976863,0
0,1.5743271e-06,0
0,1.2992449e-05,0
0,1.1976648e-06,0
0,4.132932e-07,0
1,0.99999547,1
0,5.104303e-05,0
0,0.00016157368,0
0,8.633364e-07,0
0,5.1537965e-05,0
0,6.0615025e-07,0
0,9.883883e-06,0
1,0.999956,1
0,0.00018408764,0
0,1.5648803e-06,0
0,1.655643e-05,0
0,4.092626e-06,0
0,2.0613236e-06,0
0,4.086943e-06,0
0,5.5299165e-06,0
0,0.00021096792,0
0,4.2926496e-07,0
0,1.7586315e-05,0
0,0.00023356103,0
0,0.00016501822,0
0,1.8160015e-05,0
0,2.105117e-06,0
0,1.2257732e-06,0
0,8.2375277e-07,0
0,1.3374747e-06,0
0,6.5927696e-07,0
0,3.4795548e-07,0
0,9.3725356e-07,0
0,8.691058e-07,0
0,3.3703982e-06,0
0,3.0488734e-05,0
0,1.2842967e-06,0
0,1.1081175e-06,0
0,1.1976648e-06,0
0,0.005295868,0
0,5.630051e-08,0
1,0.9996049,1
0,0.00042501363,0
0,5.909918e-07,0
0,0.0001540004,0
0,0.0001723706,0
0,1.4681469e-06,0
0,1.4664001e-05,0
0,3.2590756e-06,0
0,9.4109777e-07,0
0,0.0005133193,0
0,7.299031e-06,0
0,1.6344222e-05,0
0,0.0001872476,0
0,9.818748e-06,0
0,2.369633e-06,0
0,1.2063758e-06,0
0,1.1976648e-06,0
0,9.647907e-07,0
0,9.472917e-05,0
0,1.2186504e-06,0
0,8.845739e-06,0
0,9.4109777e-07,0
0,1.1022858e-06,0
0,3.5412998e-07,0
0,6.091996e-06,0
1,0.9998652,1
0,2.0992784e-05,0
1,0.9999919,1
0,1.2347675e-06,0
0,3.048691e-06,0
0,1.0425917e-06,0
0,0.0013633897,0
0,0.00019774177,0
0,1.2151861e-06,0
0,0.00013165915,0
0,1.0485355e-06,0
0,8.2726075e-07,0
0,1.6529218e-06,0
0,0.000116722396,0
0,1.0240674e-05,0
0,1.3956817e-06,0
0,2.2942622e-06,0
0,4.777256e-07,0
0,1.2250988e-06,0
0,2.9149023e-06,0
0,1.4950139e-05,0
0,3.960299e-06,0
0,1.0190007e-06,0
0,8.2726075e-07,0
0,7.650379e-07,0
0,0.00012016844,0
0,1.4950139e-05,0
0,2.6929287e-05,0
0,0.0004186404,0
0,1.3419784e-06,0
0,0.00013941682,0
0,1.1976648e-06,0
0,7.508606e-07,0
0,3.3810738e-06,0
0,0.0006300074,0
0,7.2779864e-07,0
0,1.1976648e-06,0
0,5.8072237e-06,0
0,6.5250407e-07,0
1,0.9999589,1
0,4.980999e-06,0
1,0.99999213,1
0,2.2578727e-06,0
0,1.1081175e-06,0
0,1.9953918e-06,0
0,0.00021096792,0
0,8.633364e-07,0
0,1.4103567e-07,0
0,1.2403308e-05,0
0,1.384588e-06,0
0,4.6214882e-05,0
0,1.0032829e-06,0
0,3.0478714e-06,0
0,7.34888e-06,0
0,8.300779e-06,0
0,8.041202e-05,0
1,0.99999213,1
0,5.976087e-06,0
0,7.0119204e-05,0
0,0.00013476473,0
0,1.3440904e-05,0
0,0.00018753528,0
0,8.2726075e-07,0
0,3.5701948e-06,0
0,1.691063e-07,0
0,0.00012948505,0
0,6.998083e-06,0
0,3.257194e-07,0
0,2.2670686e-06,0
0,8.633364e-07,0
0,5.8062926e-07,0
0,9.644964e-07,0
0,2.2026657e-05,0
0,3.6486813e-06,0
0,5.0035913e-05,0
0,5.8130452e-05,0
0,8.599567e-07,0
0,1.1976648e-06,0
0,1.8933674e-06,0
0,1.2685355e-06,0
0,8.9026435e-07,0
0,1.6219333e-06,0
0,1.00938e-06,0
1,0.9999951,1
0,1.0087006e-05,0
0,0.0002354086,0
0,8.076665e-06,0
1,0.99997914,1
0,0.00024322151,0
0,4.4334743e-06,0
0,8.195377e-06,0
0,1.8677415e-06,0
0,3.98099e-08,0
0,1.277685e-06,0
0,1.6163111e-06,0
0,1.5191704e-06,0
0,1.1003218e-06,0
0,4.3323955e-05,0
0,8.9026435e-07,0
0,1.9447718e-06,0
0,0.00016148482,0
0,5.2967986e-05,0
0,1.1976648e-06,0
0,1.1035427e-06,0
0,1.1976648e-06,0
0,4.1668767e-07,0
0,2.1453677e-06,0
0,0.00018621457,0
0,0.00023360446,0
0,6.162779e-07,0
0,8.1174985e-06,0
0,3.1251582e-06,0
0,0.00022956097,0
0,2.6848224e-07,0
0,8.896414e-07,0
0,1.7208265e-06,0
0,5.0474296e-07,0
0,7.44009e-05,0
0,1.4387086e-06,0
0,5.6253215e-05,0
0,8.28988e-07,0
0,1.5943665e-07,0
0,0.00022118492,0
0,0.0001002838,0
1,0.9989924,1
0,3.946508e-07,0
0,9.647907e-07,0
0,4.20095e-06,0
0,5.0950435e-05,0
0,9.256673e-06,0
0,1.1976648e-06,0
0,1.1756542e-06,0
0,2.3364366e-05,0
0,2.4503267e-06,0
0,1.7757116e-05,0
0,1.2304389e-07,0
0,7.4422474e-05,0
0,1.9880638e-06,0
0,7.8738606e-07,0
0,1.8496631e-06,0
0,1.5174445e-06,0
0,9.320597e-07,0
0,0.0023338033,0
0,0.00016294229,0
0,1.6173998e-06,0
0,3.1623945e-06,0
0,5.3448543e-06,0
0,1.4845084e-06,0
0,1.8734323e-06,0
0,2.0417008e-05,0
0,1.2873443e-05,0
0,0.0015829343,0
1,0.99998784,1
0,7.123543e-07,0
0,6.9468496e-07,0
0,9.31279e-05,0
0,0.0005581101,0
0,0.000100160236,0
0,1.2685355e-06,0
0,2.5652946e-05,0
0,1.0861431e-05,0
0,1.4755084e-05,0
0,1.4333567e-06,0
0,3.837367e-06,0
1,0.99998426,1
0,1.8078309e-06,0
0,4.340453e-06,0
0,9.0240167e-07,0
0,1.0465216e-06,0
0,4.065222e-05,0
0,8.633364e-07,0
0,3.1964234e-06,0
0,0.00016883764,0
0,0.00020429878,0
0,6.0308963e-07,0
0,2.705596e-05,0
0,1.959526e-06,0
0,7.96246e-06,0
0,6.5927696e-07,0
0,1.1908847e-06,0
0,1.2054661e-06,0
0,3.7867187e-06,0
0,7.822196e-07,0
0,1.976743e-06,0
0,3.4121022e-06,0
0,1.1573425e-06,0
0,9.2684417e-07,0
0,2.4061363e-05,0
0,2.2452703e-06,0
0,1.0396546e-06,0
0,7.2379993e-07,0
0,1.3152683e-06,0
0,1.7113132e-06,0
0,4.3039323e-05,0
0,9.0774796e-07,0
0,1.2685355e-06,0
0,0.0016730273,0
0,9.661793e-07,0
0,0.0004500654,0
0,1.2945262e-06,0
0,9.569422e-07,0
0,1.607417e-06,0
0,1.6814911e-06,0
0,9.778457e-05,0
0,0.000347473,0
0,1.2511503e-06,0
0,4.5282424e-05,0
0,9.4076524e-05,0
0,9.623069e-07,0
0,3.3252347e-06,0
1,0.99984026,1
0,8.000442e-07,0
0,2.7622627e-06,0
0,1.7954137e-06,0
0,1.6473305e-05,0
0,1.1685567e-05,0
0,2.5987201e-06,0
0,0.00055435015,0
0,3.6433787e-06,0
0,8.9026435e-07,0
0,0.00027649273,0
0,3.8876843e-07,0
0,2.7825083e-05,0
0,7.24829e-06,0
0,6.5528593e-07,0
0,3.8307344e-06,0
0,7.591758e-06,0
0,9.647907e-07,0
0,0.0004224938,0
0,9.647907e-07,0
0,3.0545289e-06,0
0,0.00040291942,0
0,2.8298284e-05,0
1,0.99940383,1
0,1.6255134e-06,0
0,3.550993e-05,0
0,7.6446224e-05,0
0,3.114739e-05,0
0,1.5506913e-06,0
0,1.8938713e-06,0
0,3.3944445e-05,0
0,7.820816e-07,0
0,1.2054661e-06,0
0,0.00011767208,0
0,2.7597246e-06,0
0,1.13855e-06,0
0,0.0005810263,0
0,9.986478e-05,0
0,6.756693e-08,0
0,2.0641562e-06,0
0,0.0015417323,0
0,4.895594e-06,0
0,2.5739932e-06,0
1,0.9996012,1
0,2.213127e-06,0
0,6.406602e-07,0
0,7.068145e-05,0
0,1.2854607e-06,0
0,6.594782e-07,0
1,0.99999213,1
1,0.9999219,1
0,0.00025337466,0
0,7.884885e-07,0
0,0.00022206038,0
0,1.3417008e-06,0
0,1.8715683e-07,0
1,0.9999826,1
0,4.472448e-08,0
0,1.338484e-05,0
0,2.7215678e-05,0
0,7.2393874e-07,0
0,1.2655617e-06,0
0,6.2599065e-05,0
0,1.0429613e-05,0
0,2.142089e-05,0
1,0.9999975,1
1,0.9999827,1
0,0.00032414834,0
0,6.0049665e-06,0
0,0.00025643955,0
0,7.537863e-05,0
0,1.50496435e-05,0
0,4.8094976e-06,0
0,0.018083882,0
0,1.2054661e-06,0
0,1.7895789e-05,0
0,9.357532e-07,0
0,1.6024854e-06,0
0,3.4309134e-05,0
0,0.004393277,0
0,0.0002405447,0
0,8.92215e-07,0
0,5.6391383e-07,0
0,7.2779864e-07,0
0,7.49949e-08,0
0,4.1131057e-06,0
0,0.00014672466,0
0,0.00025942872,0
0,1.6252874e-05,0
0,8.625497e-07,0
0,9.644964e-07,0
0,0.0023535464,0
0,0.00011160082,0
0,0.0001758138,0
0,1.1976648e-06,0
0,4.7363737e-05,0
0,3.1775644e-06,0
0,1.1861525e-06,0
0,1.4588085e-06,0
0,1.0138323e-06,0
0,2.5597756e-06,0
1,0.9994862,1
0,4.0192135e-06,0
0,5.051607e-05,0
0,3.2514945e-06,0
0,8.9423565e-06,0
0,6.4328293e-07,0
0,0.000911633,0
0,8.633364e-07,0
0,1.3559634e-05,0
0,2.7062746e-05,0
0,8.7093787e-07,0
0,7.3324594e-07,0
0,7.2779864e-07,0
0,3.1052983e-05,0
0,0.00015029874,0
0,1.1976648e-06,0
0,2.1644819e-06,0
0,4.2020937e-07,0
0,0.000108554465,0
0,7.998367e-07,0
0,1.0180807e-05,0
0,0.00011467776,0
0,0.00026380163,0
0,4.903435e-07,0
0,1.062864e-06,0
0,0.00037105632,0
0,1.6968552e-05,0
0,2.2406892e-05,0
0,3.203499e-07,0
0,0.00026563928,0
1,0.99890244,1
0,5.5077936e-07,0
0,1.7929133e-05,0
0,5.973928e-07,0
0,6.68668e-07,0
0,1.704005e-05,0
0,4.3552285e-05,0
0,8.2726075e-07,0
0,0.00031394433,0
0,1.3853554e-06,0
0,2.2692771e-05,0
0,6.025823e-05,0
0,7.7029733e-07,0
0,1.8744366e-06,0
0,7.4623727e-06,0
0,1.7745728e-06,0
0,0.0006011907,0
0,1.02259e-06,0
0,4.370751e-06,0
0,3.0479787e-06,0
0,1.4953555e-06,0
0,2.1006167e-06,0
0,1.300598e-07,0
0,6.446316e-07,0
0,2.3538661e-07,0
0,6.497658e-06,0
0,8.3418166e-07,0
0,1.0031519e-06,0
0,8.577574e-07,0
0,1.2054661e-06,0
0,1.0730478e-06,0
0,1.6534705e-06,0
0,3.4121022e-06,0
0,0.00014597013,0
0,8.413178e-07,0
0,1.1512066e-06,0
1,0.99932885,1
0,3.969003e-06,0
1,0.9995427,1
0,1.5117043e-06,0
0,6.5927696e-07,0
0,3.155176e-05,0
0,2.2792454e-05,0
0,1.1976648e-06,0
0,1.2500132e-07,0
0,8.440148e-07,0
0,5.3685213e-05,0
0,1.2762846e-06,0
0,2.761078e-06,0
0,1.2685355e-06,0
0,1.8718516e-06,0
0,4.2466527e-06,0
0,1.678269e-05,0
0,5.9973197e-05,0
0,2.5388067e-06,0
0,6.2434074e-06,0
0,0.00017844715,0
0,0.001186506,0
0,2.5930658e-06,0
0,2.439488e-05,0
0,7.804313e-05,0
0,0.0010916122,0
0,2.8991556e-06,0
0,1.9371123e-06,0
0,3.257098e-07,0
0,1.4740773e-06,0
0,1.1976648e-06,0
0,2.558039e-05,0
0,9.4109777e-07,0
0,9.178776e-08,0
0,2.144666e-06,0
0,8.980266e-07,0
0,1.2398118e-06,0
1,0.99997973,1
0,0.00031706563,0
0,5.969833e-07,0
1,0.9999651,1
0,0.0055840784,0
0,2.5754476e-05,0
0,2.1113053e-06,0
0,2.0515363e-07,0
1,0.99987257,1
0,1.407147e-07,0
0,1.2040543e-05,0
0,8.77562e-07,0
0,2.3619995e-07,0
0,6.781971e-05,0
0,1.6210411e-06,0
0,1.1180091e-07,0
0,1.2685355e-06,0
0,4.6306468e-07,0
0,2.5388067e-06,0
0,1.3890421e-07,0
0,1.1085553e-05,0
0,1.0945928e-05,0
0,7.820816e-07,0
0,4.884514e-07,0
0,2.8727836e-06,0
0,4.0282484e-05,0
0,9.647907e-07,0
0,2.442341e-06,0
0,7.296799e-07,0
0,3.1873537e-07,0
0,0.00023788646,0
0,6.315643e-07,0
1,0.99999154,1
0,1.2376688e-06,0
0,1.328763e-07,0
0,4.4145798e-07,0
0,1.2565431e-06,0
0,9.372607e-07,0
0,0.00022175802,0
0,4.8158455e-07,0
0,1.3939768e-05,0
0,0.0005031041,0
0,0.00016663974,0
0,0.0019831369,0
1,0.99999094,1
0,1.7954137e-06,0
1,0.9999869,1
0,0.00056695327,0
0,2.4295036e-06,0
0,7.9323e-05,0
0,9.935386e-07,0
0,1.2054661e-06,0
0,1.1674679e-06,0
0,2.9806085e-06,0
0,2.1006167e-06,0
0,1.1976648e-06,0
0,8.419997e-05,0
0,3.113539e-05,0
0,1.13855e-06,0
0,1.1480629e-05,0
0,7.1437667e-06,0
0,3.734687e-06,0
1,0.99981636,1
0,1.7301386e-06,0
0,1.9941363e-06,0
0,1.3775738e-05,0
0,8.633364e-07,0
0,4.8048673e-06,0
0,6.4308665e-07,0
0,0.00013169632,0
0,5.9072285e-05,0
0,1.3021824e-05,0
0,9.075197e-08,0
0,1.1684859e-06,0
0,2.1666153e-06,0
0,0.00016330906,0
0,2.4948096e-05,0
0,1.4753698e-06,0
0,8.633364e-07,0
0,0.00010923241,0
0,6.307052e-05,0
0,1.7570709e-06,0
0,7.3130395e-05,0
0,1.03335054e-07,0
0,1.2054661e-06,0
0,1.1874961e-06,0
0,3.5673465e-06,0
0,3.075088e-06,0
0,0.00038117307,0
0,6.2539843e-06,0
0,1.8312061e-05,0
0,9.510418e-06,0
0,3.9112707e-05,0
0,6.467449e-05,0
0,0.001856216,0
0,2.9391094e-06,0
0,1.4050544e-05,0
0,1.1835868e-05,0
0,9.3019577e-07,0
0,1.1330897e-06,0
0,1.0342728e-05,0
0,0.00013105667,0
0,7.8738606e-07,0
0,6.4850576e-07,0
0,0.00012646336,0
0,1.9817035e-06,0
0,1.9558349e-05,0
0,0.00015228258,0
0,7.097686e-07,0
0,1.8961846e-06,0
0,5.033129e-07,0
0,0.00020647384,0
0,0.00013861935,0
0,8.427725e-06,0
0,1.5092013e-05,0
0,2.0509308e-06,0
0,3.6123878e-05,0
0,1.8092106e-06,0
1,0.99999,1
0,1.0998119e-06,0
0,5.5220306e-07,0
0,7.117607e-07,0
0,1.053507e-06,0
0,3.8609745e-05,0
0,5.1644747e-07,0
0,1.6558027e-06,0
0,7.878037e-07,0
0,0.0006940412,0
0,9.74967e-07,0
0,1.1861525e-06,0
0,0.00017315918,0
0,3.1491975e-06,0
0,7.3081137e-06,0
0,0.0010950483,0
0,0.00024273315,0
0,4.9467766e-05,0
0,1.6660621e-06,0
0,7.1767627e-06,0
0,0.00018552128,0
0,8.367924e-06,0
0,0.0010263147,0
0,1.799377e-06,0
0,3.145718e-05,0
0,0.0005796974,0
0,0.000102719496,0
0,2.023838e-06,0
0,1.0095773e-06,0
0,1.700398e-05,0
0,8.4927757e-07,0
0,1.2557609e-06,0
0,1.1976648e-06,0
0,1.1370459e-05,0
0,1.1459663e-06,0
0,9.0614606e-07,0
0,4.402859e-05,0
0,1.19702345e-05,0
0,1.2347675e-06,0
0,3.6319456e-05,0
0,0.013452686,0
1,0.99991214,1
0,5.4817076e-07,0
0,3.2513485e-06,0
0,4.110678e-06,0
0,5.933091e-05,0
0,1.3777118e-05,0
0,1.2054661e-06,0
0,2.4581957e-06,0
0,0.00010923241,0
1,0.999892,1
0,8.361107e-07,0
0,6.458358e-07,0
0,4.128542e-06,0
0,9.985712e-07,0
0,3.2472414e-07,0
0,1.8527542e-06,0
0,6.831229e-08,0
0,1.3784457e-06,0
0,2.4687631e-06,0
1,0.9999651,1
0,1.4140525e-06,0
0,1.1387032e-06,0
0,5.5212934e-07,0
0,2.6413563e-06,0
0,0.00035342865,0
0,7.4840995e-07,0
0,1.2039691e-06,0
0,1.1861525e-06,0
1,0.99999154,1
1,0.9999249,1
0,1.188459e-06,0
0,1.0925557e-06,0
0,5.0029266e-06,0
0,3.263369e-07,0
0,3.0929506e-05,0
0,0.004534448,0
0,1.2054661e-06,0
0,6.4328293e-07,0
0,7.801194e-07,0
0,8.4574464e-07,0
0,1.6609649e-06,0
0,8.8408315e-06,0
0,0.00032230097,0
0,8.9026435e-07,0
0,7.296799e-07,0
0,1.1509329e-05,0
0,1.2492856e-06,0
0,1.5977015e-06,0
0,0.00047816779,0
0,1.2425568e-06,0
0,1.2629309e-06,0
0,2.962592e-05,0
0,0.0002752337,0
0,0.00028117117,0
0,1.794972e-06,0
0,1.1081175e-06,0
0,9.834827e-07,0
0,8.307568e-07,0
0,0.00028894783,0
0,7.296799e-07,0
0,1.0521185e-06,0
0,1.647321e-05,0
0,1.22176425e-05,0
0,6.5927696e-07,0
0,8.633364e-07,0
0,0.00022682225,0
0,8.660422e-05,0
0,0.00030023654,0
0,0.00041254968,0
0,9.3973546e-07,0
0,2.5296511e-05,0
0,4.6647942e-06,0
0,0.00014486114,0
0,4.1911036e-08,0
0,0.0006578073,0
0,5.33714e-07,0
0,8.155895e-07,0
0,1.3213093e-05,0
0,8.5167176e-07,0
0,0.000103555765,0
0,1.9536576e-06,0
0,1.5859955e-06,0
0,1.2054661e-06,0
0,0.00031721863,0
0,2.5388067e-06,0
0,7.820816e-07,0
0,1.6978742e-06,0
0,6.208947e-07,0
0,2.1435956e-07,0
0,8.13194e-05,0
0,1.8088846e-06,0
0,1.0913228e-06,0
0,9.724606e-07,0
0,0.001250425,0
0,4.8719204e-07,0
0,4.255862e-07,0
0,1.048551e-07,0
0,1.995713e-05,0
0,3.5902505e-07,0
0,0.00044484614,0
0,1.4387086e-06,0
0,1.1312013e-06,0
0,1.2485352e-06,0
0,2.8727836e-06,0
0,8.632171e-07,0
0,4.9577725e-06,0
0,0.00067464594,0
0,7.2297184e-06,0
0,4.9601795e-06,0
0,2.5388067e-06,0
0,8.424029e-06,0
0,5.8005037e-07,0
0,1.2054661e-06,0
0,5.6264427e-05,0
0,5.999442e-05,0
0,2.5761938e-06,0
0,0.000103767394,0
0,5.886428e-07,0
0,2.5762983e-08,0
0,5.616603e-06,0
0,1.2320855e-05,0
0,6.8146363e-07,0
0,7.265654e-06,0
0,2.129312e-06,0
0,2.1202977e-05,0
0,2.2553525e-06,0
0,7.637649e-05,0
0,1.355493e-06,0
0,1.9779355e-07,0
0,4.114727e-07,0
1,0.9999143,1
0,3.9994343e-06,0
1,0.99999475,1
0,9.74967e-07,0
0,8.9099314e-07,0
0,0.00020729187,0
0,2.057584e-06,0
0,6.5927696e-07,0
1,0.9999949,1
0,1.6608728e-05,0
0,3.4183235e-05,0
0,0.012696877,0
1,0.99996936,1
0,0.0011616223,0
0,2.0208238e-06,0
0,1.1976648e-06,0
0,0.00013289295,0
1,0.9999939,1
0,1.1209819e-06,0
0,1.351664e-07,0
0,6.102266e-08,0
0,1.644494e-07,0
0,7.2779864e-07,0
0,1.1458942e-06,0
0,3.2012895e-06,0
0,5.7828074e-06,0
0,3.529928e-05,0
0,4.0282484e-05,0
0,6.1431274e-07,0
0,0.00029241058,0
0,1.9016039e-05,0
0,5.339459e-06,0
0,2.7666774e-05,0
0,6.406602e-07,0
0,8.9026435e-07,0
0,2.0890755e-06,0
0,0.0004274529,0
0,1.8234509e-06,0
0,3.5028e-05,0
0,5.602024e-07,0
0,0.00016549726,0
0,1.7338703e-05,0
0,6.5599437e-07,0
0,1.2054661e-06,0
0,8.763494e-06,0
0,6.5349417e-07,0
0,5.1225838e-05,0
0,8.633364e-07,0
0,1.1976648e-06,0
0,1.040311e-05,0
0,1.2054661e-06,0
0,0.00033762807,0
0,6.631583e-08,0
0,2.0660214e-06,0
0,1.2886668e-06,0
0,8.175379e-07,0
0,5.075913e-06,0
0,0.0010295915,0
0,1.063007e-06,0
0,4.5821693e-08,0
0,0.00023540255,0
0,0.0005476165,0
0,0.0017976956,0
0,1.5081836e-06,0
0,2.5388067e-06,0
0,5.193472e-07,0
0,2.8940617e-06,0
0,0.00011066013,0
0,1.3575461e-06,0
0,7.884885e-07,0
0,1.2548882e-06,0
0,0.000112570866,0
0,1.0534227e-06,0
0,7.2882685e-05,0
0,9.647907e-07,0
0,4.9660048e-05,0
0,1.636097e-05,0
0,1.2314323e-05,0
0,3.3418954e-07,0
0,1.3415101e-06,0
0,0.0010167172,0
0,0.00039448403,0
0,0.00020490606,0
0,9.956117e-05,0
1,0.99998987,1
1,0.99997973,1
0,1.8134504e-05,0
0,9.277877e-07,0
0,1.00332635e-07,0
0,2.4088408e-07,0
0,8.38073e-05,0
0,6.497658e-06,0
0,0.00021096792,0
0,2.2512057e-05,0
0,4.990761e-07,0
0,3.212649e-05,0
1,0.9999082,1
0,3.1897578e-06,0
0,1.7534151e-06,0
0,1.5865258e-05,0
0,3.1813213e-06,0
0,2.5301729e-06,0
1,0.9999294,1
0,1.0139405e-06,0
0,0.00018281108,0
0,9.804115e-06,0
0,9.647907e-07,0
0,9.085335e-07,0
1,0.9999858,1
0,2.0926886e-06,0
0,3.1579582e-06,0
0,0.00025414283,0
0,1.1909051e-06,0
0,1.1976648e-06,0
0,5.9238024e-05,0
0,1.4032949e-05,0
0,8.9026435e-07,0
0,0.00032139424,0
0,1.0812991e-05,0
0,4.191494e-05,0
0,6.9997253e-07,0
0,1.0210952e-06,0
0,9.420136e-07,0
0,9.951839e-07,0
0,2.552707e-05,0
0,2.9546298e-05,0
0,7.7487326e-05,0
0,5.842266e-05,0
0,1.4679916e-06,0
0,2.4847921e-05,0
0,1.1976648e-06,0
0,0.00021745027,0
0,4.945429e-06,0
1,0.9992811,1
0,1.5849265e-06,0
0,9.912558e-07,0
0,2.1375479e-06,0
1,0.9999951,1
0,3.2441134e-05,0
0,8.239366e-07,0
0,7.7108025e-06,0
1,0.99992585,1
0,0.0002027359,0
0,3.1643063e-05,0
0,0.00045782648,0
0,1.2778769e-05,0
0,1.0613634e-05,0
0,1.22267e-06,0
0,1.3996328e-05,0
0,0.0005188593,0
0,9.362209e-07,0
0,5.0029266e-06,0
0,4.9833536e-05,0
0,2.2142647e-06,0
0,6.48437e-05,0
0,7.589782e-06,0
0,0.0015246319,0
0,0.0004965393,0
0,7.3961803e-07,0
0,6.9197267e-06,0
0,8.254064e-07,0
0,7.441844e-07,0
0,4.5401603e-06,0
0,0.00010628029,0
0,1.5973055e-06,0
0,1.7144104e-06,0
0,5.302004e-05,0
0,9.644964e-07,0
0,1.2054661e-06,0
0,0.00025488125,0
0,9.0311875e-07,0
0,9.6752856e-08,0
0,0.0022854677,0
0,3.3865433e-06,0
1,0.99999285,1
0,8.208676e-07,0
0,1.8234509e-06,0
0,7.820816e-07,0
0,1.3472038e-06,0
0,8.260524e-05,0
0,1.0371296e-06,0
0,8.9973855e-07,0
0,3.3349208e-06,0
0,1.5687441e-05,0
0,1.3804744e-06,0
0,1.3575461e-06,0
0,7.903698e-07,0
0,1.8640402e-06,0
0,1.7208265e-06,0
0,3.5225225e-06,0
0,4.1168165e-05,0
0,5.302049e-07,0
0,1.1312013e-06,0
0,2.1356775e-06,0
0,2.793105e-07,0
0,6.488689e-07,0
0,7.571601e-05,0
0,2.1958394e-06,0
0,9.920417e-07,0
0,1.4387086e-06,0
0,5.834674e-07,0
0,4.3633558e-05,0
0,6.0694276e-07,0
0,1.6577904e-06,0
0,8.599739e-07,0
0,4.6385944e-06,0
0,3.3566596e-06,0
0,1.7954137e-06,0
0,8.958702e-07,0
0,7.2779864e-07,0
0,3.8062337e-06,0
0,0.00020872222,0
0,1.79873e-06,0
0,1.6547401e-05,0
0,1.5464499e-06,0
1,0.9999958,1
0,2.3198492e-05,0
0,6.024859e-06,0
0,0.00061939814,0
0,7.6871465e-06,0
0,9.7424374e-05,0
0,5.2846713e-06,0
0,0.00019591086,0
0,1.3910441e-06,0
0,4.3661057e-06,0
0,1.5081836e-06,0
0,0.0003062612,0
1,0.9999012,1
0,9.0943587e-07,0
0,1.5829461e-06,0
0,0.00014470251,0
0,1.542289e-06,0
0,0.00010275182,0
0,0.00039454628,0
0,2.7110018e-06,0
0,9.228596e-08,0
0,8.090489e-05,0
0,3.4946768e-06,0
0,0.0016094522,0
0,9.513165e-05,0
0,7.1945564e-05,0
0,7.199133e-08,0
0,3.9734763e-07,0
0,2.6574851e-05,0
0,7.296799e-07,0
0,4.870573e-07,0
0,7.2779864e-07,0
0,9.4816474e-05,0
1,0.9999645,1
0,5.9823714e-07,0
0,1.1240317e-05,0
0,9.277877e-07,0
0,6.4328293e-07,0
0,0.00023521116,0
0,1.1976648e-06,0
1,0.9999852,1
0,1.0730478e-06,0
0,1.1078671e-06,0
0,2.6516361e-06,0
0,9.420406e-07,0
0,2.6499297e-06,0
0,1.8209612e-05,0
0,1.1976648e-06,0
0,2.376241e-06,0
0,9.698219e-07,0
0,1.1810449e-06,0
0,1.4411723e-06,0
0,4.8264705e-05,0
0,1.0886537e-05,0
0,0.0002754558,0
0,4.432451e-06,0
0,1.5325885e-07,0
0,1.5505684e-05,0
0,6.116504e-06,0
0,3.1337504e-06,0
0,1.5846523e-05,0
0,0.00072938687,0
0,9.455316e-06,0
0,3.5426956e-06,0
0,2.4756641e-06,0
0,0.000101981845,0
0,4.523607e-05,0
0,3.9807957e-05,0
0,3.262483e-05,0
0,1.3403298e-06,0
0,8.695953e-06,0
0,4.535256e-05,0
0,3.1738787e-06,0
0,8.136108e-07,0
0,3.6384413e-06,0
0,5.092585e-05,0
0,0.00038016244,0
1,0.99999034,1
0,0.00048355214,0
0,8.270769e-07,0
0,1.1756542e-06,0
0,2.0340663e-06,0
0,7.596993e-05,0
0,7.7225304e-05,0
0,1.1976648e-06,0
0,9.644964e-07,0
0,1.1976648e-06,0
0,8.2764245e-06,0
0,2.080187e-06,0
0,1.2485352e-06,0
0,3.612672e-06,0
0,1.7557159e-06,0
0,1.1976648e-06,0
0,1.499038e-06,0
0,1.4857164e-06,0
0,8.559548e-07,0
0,9.860222e-07,0
0,1.2054661e-06,0
0,1.3020442e-06,0
0,0.00011422439,0
0,5.096996e-07,0
0,0.00010374909,0
1,0.9998523,1
0,1.8629775e-05,0
0,1.7509322e-07,0
0,1.0429613e-05,0
0,7.369327e-07,0
0,1.1756542e-06,0
0,8.862238e-05,0
0,2.5264308e-06,0
0,1.3450997e-06,0
1,0.99999356,1
0,9.1866104e-07,0
0,0.0001540004,0
0,0.00010660743,0
0,1.1976648e-06,0
0,1.1833336e-06,0
0,6.753961e-07,0
0,6.8146363e-07,0
0,1.3260607e-06,0
0,1.8871806e-06,0
0,0.00036873724,0
0,8.155895e-07,0
0,1.2685355e-06,0
1,0.9999378,1
0,7.5544126e-06,0
0,8.2726075e-07,0
0,0.00051151356,0
0,1.1976648e-06,0
1,0.9998834,1
0,2.5979743e-06,0
0,3.9625626e-05,0
0,2.19751e-07,0
0,5.9805287e-05,0
0,4.561611e-05,0
0,3.8225958e-06,0
0,0.00023153228,0
0,1.5263764e-06,0
0,1.1364195e-06,0
0,1.1512066e-06,0
0,1.3097495e-06,0
0,3.460626e-06,0
0,0.0001670588,0
0,0.00028034512,0
0,0.00051033526,0
0,6.406602e-07,0
1,0.9999788,1
0,3.7689784e-07,0
0,1.0185314e-06,0
0,4.4994317e-06,0
0,4.346229e-08,0
0,3.0775067e-07,0
0,2.5952602e-06,0
0,7.5891817e-06,0
0,8.3677674e-07,0
0,1.0011796e-07,0
0,0.00035801553,0
0,5.6859095e-05,0
0,3.0399e-06,0
0,1.3575461e-06,0
0,1.5480376e-06,0
0,1.0944245e-06,0
0,3.9950464e-06,0
0,8.655518e-06,0
1,0.99999166,1
0,0.01914412,0
0,0.00011189194,0
0,0.00023933474,0
0,2.5963075e-06,0
0,0.0014239752,0
0,0.00011589922,0
0,4.1568214e-06,0
0,0.00019160169,0
0,1.182341e-06,0
0,1.1976648e-06,0
0,1.5385137e-06,0
0,3.5306748e-06,0
0,1.1054957e-06,0
0,2.5065427e-07,0
0,2.044565e-05,0
0,7.0043325e-07,0
0,0.0007604423,0
0,9.697934e-07,0
0,6.328263e-08,0
1,0.99999285,1
0,3.4153086e-06,0
0,1.2372911e-06,0
0,1.2409896e-07,0
0,7.296799e-07,0
0,1.6459752e-06,0
0,3.162696e-06,0
0,8.155895e-07,0
0,6.11391e-07,0
0,6.923378e-08,0
1,0.99999094,1
0,1.2842967e-06,0
0,2.7989925e-06,0
0,0.0013684174,0
0,2.455784e-07,0
0,0.00013507389,0
0,1.0244427e-06,0
0,0.00048476638,0
0,7.2379993e-07,0
0,6.385739e-05,0
0,1.2762846e-06,0
1,0.9999962,1
0,7.169335e-07,0
0,2.7803858e-07,0
0,0.0006858099,0
0,0.00023961694,0
0,5.5890214e-06,0
0,1.8683561e-06,0
0,2.1396445e-06,0
0,0.00016465422,0
0,1.2685355e-06,0
0,1.7812804e-06,0
0,7.296799e-07,0
0,1.4387086e-06,0
0,1.2186504e-06,0
0,3.1436517e-05,0
0,6.620702e-05,0
0,1.1700002e-06,0
0,0.00027652015,0
0,4.989239e-07,0
0,3.155176e-05,0
0,7.2938013e-07,0
0,1.0485445e-06,0
0,0.0026396436,0
0,1.0654701e-06,0
0,0.002646426,0
0,3.2487873e-07,0
0,8.896414e-07,0
0,1.5251355e-05,0
0,6.715304e-06,0
0,0.00035472808,0
0,0.0009542975,0
0,2.9287792e-06,0
0,3.5028e-05,0
0,8.651154e-06,0
0,1.0878169e-06,0
0,2.1006167e-06,0
0,1.1976648e-06,0
0,1.9968209e-05,0
0,8.709373e-08,0
0,0.00026380163,0
0,2.178078e-06,0
0,8.800799e-08,0
0,9.8060314e-05,0
0,6.937442e-07,0
0,1.7002496e-06,0
0,1.704005e-05,0
0,7.557902e-05,0
0,0.00026644763,0
0,0.00014511967,0
0,1.8088846e-06,0
1,0.99982613,1
0,5.6421563e-08,0
0,4.1767424e-05,0
0,5.958724e-08,0
0,0.00021096792,0
0,8.2939124e-07,0
0,4.049517e-05,0
0,0.00013719403,0
0,9.480249e-07,0
0,3.2071426e-07,0
0,4.6829623e-06,0
0,5.844643e-07,0
0,1.209628e-06,0
0,1.1976648e-06,0
0,2.1535159e-06,0
0,5.9049154e-07,0
0,2.254215e-06,0
0,5.092642e-07,0
0,3.5949746e-05,0
0,0.00034285046,0
0,1.5824677e-06,0
0,0.000147248,0
0,0.0005693324,0
0,8.653134e-06,0
0,5.2040755e-06,0
0,1.5531183e-05,0
0,4.413233e-07,0
0,4.229919e-06,0
0,6.2880325e-05,0
0,1.2511503e-06,0
0,1.6605262e-06,0
0,8.8408315e-06,0
0,6.4886485e-06,0
0,1.1459663e-06,0
0,3.7648257e-07,0
0,1.1508553e-06,0
0,7.2379993e-07,0
1,0.99998,1
1,0.99999154,1
0,1.0886662e-05,0
0,1.6298535e-06,0
0,6.426651e-05,0
0,5.4018888e-06,0
0,6.5064264e-06,0
0,6.594782e-07,0
0,2.6673636e-06,0
0,5.6261774e-06,0
0,6.930419e-07,0
0,1.7623268e-05,0
0,1.533871e-06,0
0,1.5306591e-06,0
0,1.4387086e-06,0
0,3.286457e-06,0
0,1.9242514e-06,0
0,6.4328293e-07,0
0,6.176152e-07,0
0,8.5167176e-07,0
0,1.9101237e-06,0
0,0.00017452403,0
1,0.9992361,1
0,1.3260607e-06,0
0,0.0025242153,0
0,1.7376459e-06,0
0,5.979155e-05,0
0,7.6184534e-07,0
0,2.3484538e-06,0
1,0.9999491,1
0,1.1364195e-06,0
0,3.3686279e-06,0
0,5.5815786e-07,0
0,3.6199347e-07,0
1,0.9999558,1
0,1.1933453e-05,0
0,0.0007281503,0
0,1.6687446e-06,0
1,0.9996803,1
1,0.9999901,1
0,2.5641693e-05,0
0,1.0504432e-06,0
0,2.03879e-05,0
0,1.3521078e-06,0
0,2.484067e-06,0
0,0.00832702,0
0,8.550633e-08,0
0,2.531406e-07,0
0,1.0579543e-06,0
0,1.2373396e-06,0
0,1.0619775e-06,0
0,8.003258e-06,0
0,4.7715854e-05,0
0,1.6640709e-06,0
0,5.300659e-05,0
0,6.2864247e-06,0
0,1.5849265e-06,0
0,0.000106339794,0
0,1.7415579e-06,0
0,8.447229e-05,0
0,1.1022858e-06,0
0,1.1976648e-06,0
1,0.99987125,1
0,4.4816597e-06,0
0,5.064637e-06,0
0,4.2635743e-06,0
1,0.9999949,1
0,5.6057488e-05,0
0,7.792407e-06,0
0,3.5701948e-06,0
0,0.0006647136,0
0,9.780914e-07,0
0,5.4109404e-07,0
0,1.17323e-07,0
0,1.5614592e-06,0
0,1.6298535e-06,0
0,1.13855e-06,0
0,4.1590158e-07,0
0,5.1450894e-05,0
0,6.5349417e-07,0
0,1.1573369e-06,0
0,4.0382124e-06,0
0,0.0013174282,0
0,1.4335235e-06,0
1,0.9999896,1
0,1.0801293e-05,0
0,1.3400869e-06,0
0,4.786674e-06,0
0,1.056666e-07,0
0,8.633364e-07,0
0,4.286399e-07,0
0,1.1976648e-06,0
1,0.9999957,1
0,1.2055595e-05,0
0,5.803425e-07,0
0,5.264899e-07,0
0,1.06612215e-05,0
0,2.4719158e-05,0
0,2.238483e-05,0
1,0.9997359,1
0,2.3510482e-07,0
0,2.7038548e-06,0
0,8.5762827e-07,0
0,0.00026653378,0
0,6.477948e-05,0
0,9.557356e-07,0
1,0.9998617,1
0,1.9302854e-06,0
0,6.930003e-07,0
0,7.6055614e-05,0
0,2.6455991e-06,0
0,5.866914e-07,0
0,3.2824684e-07,0
0,1.0485445e-06,0
0,4.2898366e-05,0
0,2.1996602e-06,0
0,7.732274e-07,0
0,1.1976648e-06,0
0,7.169335e-07,0
0,8.633364e-07,0
0,1.0992007e-05,0
0,3.1645907e-06,0
0,3.3039328e-06,0
0,0.0005938576,0
0,0.00032642085,0
0,9.854988e-06,0
0,2.9664141e-05,0
0,0.00020111306,0
0,1.6076414e-05,0
0,9.683442e-07,0
0,0.00040031428,0
0,0.00016550657,0
0,8.879998e-08,0
0,0.0005672857,0
0,1.1506026e-05,0
0,9.985712e-07,0
0,1.2512099e-06,0
0,4.896206e-07,0
0,8.6267255e-06,0
0,2.3857638e-07,0
0,2.083089e-05,0
0,1.9122524e-06,0
1,0.99993265,1
1,0.9999975,1
0,7.305782e-07,0
0,1.0913228e-06,0
0,2.931459e-06,0
1,0.9999865,1
0,0.0025242153,0
0,1.2499088e-06,0
0,4.9114e-06,0
0,8.680588e-05,0
0,6.741118e-06,0
0,9.586394e-07,0
0,5.428203e-07,0
0,4.671051e-05,0
0,1.2401725e-06,0
0,2.050274e-06,0
0,4.352264e-05,0
0,2.3404518e-06,0
0,8.8724526e-05,0
0,8.6116717e-07,0
0,4.884514e-07,0
0,6.725173e-07,0
0,0.00011209528,0
0,2.5286265e-06,0
0,0.00013588388,0
0,0.000121970654,0
0,4.990761e-07,0
0,6.21407e-07,0
0,7.3712076e-06,0
0,7.2779864e-07,0
0,5.5077936e-07,0
0,0.000550027,0
0,1.13855e-06,0
0,1.5111913e-06,0
0,2.2861223e-06,0
0,3.177827e-05,0
0,2.2602946e-05,0
0,1.2201365e-06,0
0,1.7954137e-06,0
0,8.242185e-06,0
0,4.0522123e-06,0
0,5.0650345e-07,0
0,6.4244756e-05,0
0,0.0001548252,0
0,1.6344222e-05,0
0,8.295281e-07,0
0,1.6979187e-05,0
0,0.00030513096,0
0,5.6638187e-06,0
0,1.2854575e-05,0
0,9.613823e-07,0
0,3.4963055e-08,0
0,3.5537641e-06,0
0,5.919676e-08,0
0,1.6049983e-06,0
0,0.00044465327,0
0,1.1861525e-06,0
0,0.00019015497,0
0,1.1976648e-06,0
1,0.9998779,1
0,1.4337326e-06,0
0,9.832035e-06,0
0,3.4725542e-06,0
0,6.6382774e-05,0
0,1.1002882e-06,0
0,8.336668e-05,0
0,5.080751e-06,0
1,0.9999908,1
0,1.6754433e-05,0
0,2.7923538e-06,0
0,0.00032307344,0
0,1.1976648e-06,0
0,4.2491094e-05,0
0,2.2788518e-06,0
0,0.00016492401,0
0,1.3748485e-06,0
0,2.6572027e-06,0
0,1.2511503e-06,0
0,2.4063822e-06,0
0,1.2709403e-06,0
0,1.3575461e-06,0
0,1.6023754e-06,0
0,1.5268994e-05,0
0,1.1008151e-06,0
0,6.890844e-06,0
0,1.4008706e-05,0
0,1.0663408e-05,0
1,0.999985,1
0,3.1162508e-06,0
0,0.00025840473,0
0,7.7487326e-05,0
0,8.9026435e-07,0
1,0.9999945,1
0,6.094298e-08,0
0,0.00021011475,0
0,3.1125035e-07,0
0,0.00010445141,0
0,0.00012035318,0
0,4.10728e-05,0
0,5.7994515e-05,0
0,1.7824581e-06,0
0,1.1491685e-06,0
0,5.8183707e-07,0
0,4.5437326e-05,0
0,5.3047097e-07,0
0,7.4691e-06,0
1,0.9999367,1
0,6.4308665e-07,0
1,0.9999975,1
0,8.705949e-07,0
0,3.5569647e-05,0
0,1.8491727e-06,0
0,7.2688345e-05,0
0,0.0003882813,0
0,6.6044195e-06,0
0,2.9217944e-07,0
0,1.2054661e-06,0
0,1.5289685e-05,0
0,6.594782e-07,0
0,1.325383e-06,0
0,1.5955546e-06,0
0,1.2054661e-06,0
0,3.8065627e-05,0
0,1.5454076e-06,0
0,0.00048214055,0
0,6.474713e-07,0
0,5.805196e-07,0
1,0.9997495,1
0,8.4574464e-07,0
0,1.38735895e-05,0
0,1.4278599e-05,0
0,5.788081e-05,0
0,0.000103555765,0
0,1.8670451e-05,0
0,6.4850576e-07,0
0,1.0232475e-06,0
0,0.00015809908,0
0,8.680136e-06,0
0,4.003078e-06,0
0,0.00011421154,0
0,7.296799e-07,0
0,0.00035858463,0
0,1.1321002e-05,0
0,3.2468884e-07,0
0,6.0280604e-06,0
1,0.9999927,1
0,0.000103555765,0
0,0.010782954,0
0,6.488702e-07,0
0,8.7232394e-05,0
0,1.5441493e-06,0
1,0.9999372,1
0,0.000119574746,0
0,1.2857685e-06,0
0,0.00033054894,0
0,1.3956817e-06,0
0,3.2441134e-05,0
0,0.0003218861,0
0,6.5927696e-07,0
0,0.000106696934,0
0,6.9278747e-07,0
0,4.0656058e-08,0
0,0.007649818,0
0,8.2726075e-07,0
0,2.3745422e-05,0
0,2.661829e-07,0
0,9.329229e-06,0
0,1.010556e-06,0
0,1.5263764e-06,0
0,6.404214e-08,0
0,7.7025913e-07,0
0,0.00041008298,0
0,0.000114812006,0
0,2.8047885e-05,0
0,1.0352331e-06,0
0,1.8030015e-07,0
0,0.0010622557,0
0,7.7477085e-07,0
0,3.1255727e-06,0
0,5.9585255e-07,0
0,9.647907e-07,0
0,7.296799e-07,0
0,0.00023633809,0
0,7.679135e-07,0
0,0.00010087192,0
0,1.1548044e-06,0
0,0.0010420509,0
0,6.594782e-07,0
0,2.080187e-06,0
0,1.4783471e-06,0
0,5.181431e-07,0
0,9.1229405e-05,0
0,1.7954137e-06,0
0,5.111268e-07,0
0,8.92215e-07,0
0,3.4795619e-06,0
0,2.2842609e-05,0
0,3.2201668e-05,0
0,1.3097495e-06,0
1,0.9999827,1
0,8.314787e-05,0
0,1.0668168e-05,0
0,0.00032186892,0
0,1.2415263e-06,0
0,0.0011479433,0
0,1.4387086e-06,0
0,1.2475081e-06,0
0,9.647907e-07,0
0,2.442341e-06,0
0,7.60596e-07,0
0,1.3560322e-06,0
0,1.1976648e-06,0
0,6.725616e-08,0
0,7.922692e-05,0
0,3.4034508e-06,0
0,8.564043e-06,0
0,3.8153466e-05,0
0,1.1645323e-06,0
0,5.585323e-06,0
0,8.424378e-07,0
0,4.796942e-07,0
0,8.413338e-07,0
0,9.681617e-08,0
0,1.1976648e-06,0
0,8.13738e-06,0
0,2.5568893e-06,0
0,2.8551206e-06,0
0,9.0614606e-07,0
0,6.09223e-08,0
0,4.2867487e-06,0
0,1.013374e-06,0
0,2.9405392e-06,0
0,6.937442e-07,0
0,4.0334407e-07,0
0,1.5834383e-06,0
0,9.761196e-07,0
0,0.00014423455,0
0,2.6492903e-06,0
0,5.836285e-05,0
0,9.0311875e-07,0
0,4.2205384e-06,0
0,2.2547138e-06,0
0,3.3922828e-05,0
0,4.002578e-06,0
0,9.721639e-07,0
0,3.7130525e-07,0
0,4.3729187e-06,0
0,8.633364e-07,0
0,4.078927e-08,0
0,0.000119872835,0
0,3.3801484e-06,0
0,1.1681011e-05,0
0,0.00045715336,0
0,7.910039e-05,0
0,4.8187994e-05,0
0,1.3853554e-06,0
0,5.084823e-06,0
0,0.00013717193,0
0,1.1976648e-06,0
0,8.440148e-07,0
0,3.2441134e-05,0
0,0.0014724686,0
0,4.9302093e-05,0
0,1.804978e-06,0
0,0.00013105667,0
0,8.007693e-05,0
0,5.9911355e-07,0
0,4.0669665e-06,0
0,9.985712e-07,0
1,0.9999949,1
0,8.039032e-05,0
0,2.3999122e-05,0
0,1.355493e-06,0
0,0.00028184213,0
0,2.6984965e-06,0
0,1.1976648e-06,0
0,1.2511503e-06,0
0,0.0031020953,0
0,9.3897495e-07,0
0,1.7457614e-06,0
0,2.6954385e-06,0
1,0.99993026,1
0,9.999444e-07,0
0,4.2706808e-05,0
0,1.6154344e-06,0
0,6.4308665e-07,0
0,0.000113501075,0
0,3.0485573e-06,0
0,0.00020126518,0
1,0.9999975,1
0,0.011556221,0
0,3.4190066e-07,0
0,7.3189966e-07,0
0,3.3930362e-05,0
0,8.5550107e-07,0
0,1.041134e-06,0
0,1.0101359e-06,0
0,1.1976648e-06,0
0,4.09238e-06,0
0,4.203545e-07,0
0,2.3800809e-05,0
0,4.0654857e-05,0
0,3.2122352e-05,0
0,3.1251582e-06,0
0,3.6956712e-07,0
0,2.845807e-06,0
0,8.5664817e-07,0
0,1.0979769e-06,0
0,9.4109777e-07,0
0,3.334972e-06,0
0,1.6416783e-06,0
0,5.3517937e-07,0
0,5.0813986e-05,0
0,4.819884e-07,0
0,7.161727e-05,0
0,0.00021392835,0
0,0.0005827892,0
0,0.00013614404,0
0,0.0001734042,0
0,2.122524e-06,0
0,1.3097495e-06,0
0,6.1995036e-07,0
0,1.9545098e-07,0
0,5.9456456e-06,0
0,0.00070714956,0
1,0.9998443,1
0,1.19899305e-05,0
0,5.191169e-08,0
0,1.2511503e-06,0
0,1.0776467e-07,0
0,0.00065864186,0
0,1.2113516e-06,0
0,6.4328293e-07,0
0,9.627072e-05,0
0,4.8998965e-07,0
0,1.1508553e-06,0
0,1.1523508e-05,0
0,1.0649754e-06,0
0,7.986057e-07,0
0,2.171021e-05,0
0,0.00030740583,0
1,0.99980646,1
0,7.304135e-06,0
0,9.855079e-07,0
0,9.831304e-06,0
0,0.000252987,0
0,3.595973e-07,0
0,9.797942e-07,0
0,6.87212e-06,0
0,9.987313e-07,0
0,0.0001961357,0
0,2.0712807e-06,0
0,1.2612671e-05,0
0,7.75604e-07,0
0,5.884638e-07,0
1,0.99999285,1
0,1.9953918e-06,0
0,1.0385934e-06,0
0,6.385739e-05,0
0,8.820004e-07,0
0,2.8525594e-06,0
0,0.00041709287,0
0,0.00038123285,0
0,7.986057e-07,0
0,4.1077196e-06,0
0,8.633364e-07,0
0,7.0992564e-07,0
0,8.5553773e-07,0
0,2.8469424e-07,0
0,0.00011359678,0
0,1.1976648e-06,0
0,3.172331e-05,0
0,9.543066e-05,0
0,0.00026882402,0
0,1.532634e-06,0
0,1.3030109e-05,0
0,2.3619912e-06,0
0,1.0380468e-06,0
0,2.9761889e-06,0
0,8.111726e-06,0
0,5.6059893e-05,0
0,0.00033069486,0
0,9.922262e-07,0
0,3.852103e-06,0
1,0.9994917,1
0,0.00010017293,0
0,0.00037751233,0
0,1.5172795e-06,0
0,2.4234401e-05,0
0,1.1378456e-06,0
0,1.9127888e-06,0
0,8.172253e-07,0
0,0.00020207434,0
0,9.614583e-07,0
0,2.8559211e-06,0
0,1.6372645e-06,0
0,6.601373e-05,0
1,0.9999782,1
0,1.1491685e-06,0
0,2.2549955e-06,0
1,0.99999475,1
0,5.866914e-07,0
0,3.1265474e-06,0
0,1.4432436e-05,0
0,1.3575461e-06,0
0,0.00021974606,0
0,3.6940114e-07,0
0,3.6946988e-06,0
0,3.5726504e-07,0
0,1.0485355e-06,0
0,1.4681469e-06,0
1,0.9999951,1
0,1.4390761e-07,0
0,7.8349626e-07,0
0,4.6172634e-05,0
0,1.1743801e-06,0
0,1.2054661e-06,0
0,1.2557581e-05,0
0,1.1022858e-06,0
0,1.0730478e-06,0
0,4.208954e-06,0
0,0.00019196924,0
0,1.5083951e-06,0
0,4.432451e-06,0
0,5.156761e-05,0
0,1.4303987e-07,0
0,7.117607e-07,0
0,6.7811197e-06,0
0,8.076745e-05,0
0,1.1512066e-06,0
0,7.898176e-05,0
0,3.3605897e-06,0
0,7.922974e-08,0
0,8.3843264e-07,0
0,3.813757e-05,0
0,5.3663516e-06,0
0,3.613538e-05,0
0,4.8197876e-07,0
0,0.00010286448,0
0,4.5646222e-05,0
0,2.8575148e-06,0
0,1.703075e-06,0
0,6.5558993e-06,0
0,0.00023007943,0
0,9.347729e-05,0
0,0.000215736,0
0,3.7465518e-06,0
0,6.2794646e-07,0
0,1.5096039e-06,0
0,3.7448766e-07,0
0,1.2685355e-06,0
0,7.109957e-05,0
0,9.922262e-07,0
0,2.2638665e-06,0
0,3.8704332e-08,0
0,9.360602e-07,0
0,8.562202e-07,0
0,0.00012154456,0
0,1.4387086e-06,0
0,1.2054661e-06,0
0,4.0169573e-07,0
1,0.9999784,1
1,0.9999521,1
0,8.938903e-06,0
0,1.531585e-05,0
0,1.4275562e-06,0
0,0.000145363,0
0,1.0206677e-06,0
0,1.1742659e-06,0
0,0.00080771564,0
0,7.0210066e-05,0
0,0.00026944396,0
0,1.2685355e-06,0
0,1.3199376e-06,0
0,1.0422265e-05,0
0,1.8896496e-06,0
0,2.0171442e-06,0
0,0.00016246554,0
0,0.0013000817,0
0,1.1650354e-06,0
0,2.5386807e-06,0
0,6.5953122e-06,0
0,7.4970217e-07,0
0,0.000103555765,0
0,0.00010170623,0
0,1.3097495e-06,0
0,1.367776e-06,0
0,2.185333e-05,0
0,1.5514694e-06,0
0,8.48684e-05,0
0,2.815218e-05,0
0,7.296799e-07,0
0,1.5212829e-06,0
0,3.6259812e-07,0
0,1.091302e-06,0
0,1.2054661e-06,0
0,7.4970217e-07,0
0,1.0111527e-06,0
0,2.0800002e-05,0
0,7.530571e-05,0
0,8.261922e-06,0
0,3.7956381e-06,0
0,2.182867e-06,0
0,8.633364e-07,0
0,2.6622376e-06,0
0,6.4528385e-06,0
0,1.4638852e-05,0
0,9.542583e-05,0
0,6.8365016e-06,0
0,1.1528106e-06,0
0,7.510827e-05,0
0,1.7434373e-06,0
0,0.00027107244,0
0,6.5927696e-07,0
0,1.5829461e-06,0
0,1.7198093e-06,0
0,0.0001410027,0
0,5.1284096e-06,0
0,9.4868934e-05,0
0,0.00017311245,0
0,7.00323e-06,0
0,1.412252e-06,0
0,6.772813e-05,0
0,1.2684918e-06,0
0,7.543409e-07,0
1,0.99966073,1
0,1.1976648e-06,0
0,1.9968209e-05,0
0,2.2248971e-06,0
0,1.1081175e-06,0
1,0.9999547,1
1,0.9999831,1
0,1.5773945e-06,0
1,9.114233e-06,0
0,2.1410326e-06,0
0,0.00038123285,0
1,0.999992,1
0,8.5167176e-07,0
0,2.7989925e-06,0
0,1.5462743e-06,0
0,2.238483e-05,0
0,4.471607e-05,0
0,1.0473329e-05,0
0,5.9592126e-06,0
0,0.0001540004,0
0,7.2779864e-07,0
0,1.1976648e-06,0
0,2.3013754e-06,0
0,8.9026435e-07,0
0,1.0913228e-06,0
0,5.223676e-06,0
0,1.99733e-06,0
0,1.3541868e-06,0
0,0.00020111306,0
1,0.9994184,1
1,0.9999945,1
0,0.0024075394,0
0,6.930888e-06,0
0,0.0015868805,0
0,4.0347095e-06,0
0,2.2381919e-06,0
0,1.0000971e-06,0
0,0.00017703373,0
0,8.691016e-05,0
0,1.1512066e-06,0
0,1.4387086e-06,0
0,1.205534e-06,0
0,1.1902001e-06,0
0,0.00015806608,0
0,1.0099037e-06,0
0,1.2704332e-05,0
0,6.594782e-07,0
0,1.5601281e-05,0
0,2.6653024e-05,0
0,2.28848e-05,0
0,5.5220306e-07,0
0,0.00013105667,0
0,0.00033033092,0
0,1.4387086e-06,0
0,2.6335681e-05,0
0,2.3038278e-05,0
0,0.00027022348,0
0,1.3575461e-06,0
0,0.000103555765,0
0,0.00011189194,0
1,0.9999908,1
0,3.768698e-05,0
0,9.324215e-07,0
0,5.1075065e-05,0
0,2.7753786e-06,0
0,1.2054661e-06,0
0,5.5629166e-06,0
0,1.1976648e-06,0
0,1.1081175e-06,0
0,1.296637e-05,0
0,1.6931494e-06,0
0,9.586394e-07,0
0,4.1355895e-07,0
0,5.844225e-07,0
0,4.9445146e-07,0
0,1.1961424e-05,0
0,1.6776437e-06,0
1,0.9999831,1
0,8.5167176e-07,0
0,8.474349e-06,0
1,0.9989524,1
0,1.6708054e-07,0
0,0.0002824124,0
0,0.000704406,0
0,1.0913228e-06,0
0,5.9312297e-05,0
0,2.0104608e-06,0
0,1.3638502e-06,0
0,0.00027847162,0
0,1.1081175e-06,0
0,2.713586e-06,0
1,0.9999074,1
0,0.012342719,0
0,5.6601684e-06,0
0,1.3010292e-05,0
0,3.722785e-06,0
0,0.0005345838,0
0,9.920426e-07,0
0,3.1538065e-07,0
0,0.00022336951,0
0,0.0005451995,0
0,9.092014e-05,0
0,5.1005898e-08,0
0,8.9080736e-08,0
0,4.1886848e-05,0
0,2.405953e-05,0
1,0.99999356,1
0,3.3857716e-06,0
0,4.907837e-06,0
0,5.8908313e-07,0
0,7.4236414e-07,0
0,0.00026099492,0
0,1.1030208e-06,0
0,3.90497e-06,0
0,7.09552e-07,0
0,0.00010172224,0
0,3.5028e-05,0
0,6.3207255e-05,0
1,0.99999285,1
0,0.00012358488,0
0,5.3041913e-06,0
0,5.0651784e-06,0
0,1.8851318e-06,0
0,2.5583504e-06,0
0,0.00011288831,0
0,8.2726075e-07,0
0,8.307568e-07,0
0,1.4444937e-07,0
0,8.664716e-07,0
0,6.445234e-07,0
0,9.845734e-06,0
0,1.3575461e-06,0
0,4.868853e-05,0
0,1.0375776e-06,0
0,1.0379218e-05,0
0,3.7024442e-06,0
0,1.13855e-06,0
0,0.00031853572,0
0,0.0010109035,0
0,1.4699468e-05,0
0,1.2814734e-05,0
0,4.4145798e-07,0
0,6.9906594e-07,0
0,0.0001978089,0
0,1.7144104e-06,0
0,1.0579336e-05,0
0,2.9798637e-06,0
0,3.8062337e-06,0
0,4.716762e-06,0
0,6.2999156e-06,0
0,0.0014114019,0
0,2.4259266e-06,0
0,1.3640032e-05,0
0,2.0340902e-05,0
0,3.0399e-06,0
0,1.804978e-06,0
0,8.2764245e-06,0
0,2.4431608e-06,0
0,9.647907e-07,0
0,1.0490452e-05,0
0,7.2688345e-05,0
0,0.31663552,0
0,1.1976648e-06,0
0,6.3416377e-07,0
0,1.4180918e-06,0
0,1.6166981e-06,0
0,3.1471092e-07,0
0,8.6152863e-07,0
0,1.2376688e-06,0
0,0.00056523125,0
0,4.1598473e-06,0
0,7.991497e-06,0
0,8.567355e-07,0
0,8.0576865e-07,0
0,6.679339e-06,0
0,7.6166083e-07,0
0,0.00043372306,0
0,0.00020063807,0
0,6.899171e-05,0
1,0.99999285,1
0,2.7669296e-06,0
0,1.1976648e-06,0
0,2.4348315e-06,0
0,8.330366e-05,0
0,6.0892835e-05,0
0,8.9337576e-05,0
0,2.4973638e-06,0
1,0.99999154,1
0,1.3827187e-05,0
0,1.5614592e-06,0
0,2.7434553e-06,0
0,0.00016423133,0
0,1.7867945e-06,0
0,4.3417654e-06,0
0,0.000128424,0
0,8.577574e-07,0
0,1.526072e-07,0
0,9.269096e-07,0
0,1.0237228e-06,0
0,2.532673e-05,0
0,1.2685355e-06,0
0,3.0940126e-05,0
1,0.99993265,1
0,6.207366e-08,0
0,1.1976648e-06,0
0,0.00010667729,0
0,8.633364e-07,0
0,7.9505696e-07,0
0,0.00016821623,0
1,0.9995573,1
0,9.4109777e-07,0
0,0.00015252193,0
0,1.1756632e-06,0
0,8.6271257e-07,0
0,1.3084725e-05,0
0,1.1976648e-06,0
1,0.9996081,1
0,0.000103555765,0
0,0.0007239125,0
0,0.00013497488,0
0,2.197389e-05,0
0,1.13855e-06,0
0,1.4167506e-07,0
0,8.0661744e-07,0
0,8.490184e-07,0
0,1.7954137e-06,0
0,0.00033987174,0
0,2.1867125e-07,0
0,7.7149e-06,0
0,7.296799e-07,0
0,1.9502638e-06,0
0,2.3677698e-05,0
0,1.2059226e-06,0
0,6.952681e-05,0
0,1.9261959e-06,0
0,4.0054216e-05,0
0,4.415524e-05,0
0,1.0990989e-06,0
0,1.3673338e-06,0
0,0.0001654531,0
0,1.6902858e-06,0
0,3.3402173e-06,0
0,9.703105e-07,0
1,0.9999589,1
0,3.6871756e-05,0
0,8.3020154e-07,0
0,2.7025144e-05,0
0,1.1276061e-06,0
0,1.1976648e-06,0
0,4.2130105e-06,0
0,0.00029683425,0
1,0.9998872,1
0,5.502921e-07,0
0,2.3003727e-06,0
0,1.2054661e-06,0
0,3.9204815e-06,0
0,6.7061014e-06,0
0,0.00042126997,0
0,1.6404949e-06,0
0,8.3418166e-07,0
0,5.385514e-07,0
0,4.559026e-06,0
0,8.3485895e-07,0
0,2.2873303e-06,0
0,1.2779885e-06,0
0,4.0665363e-05,0
0,8.633364e-07,0
0,0.0024723068,0
0,0.0063843452,0
0,1.1700148e-06,0
0,2.2903512e-06,0
0,0.00064777315,0
0,9.4039706e-07,0
0,2.443282e-06,0
1,0.99996126,1
0,9.336468e-07,0
0,2.7924076e-05,0
0,1.4140525e-06,0
0,1.1533054e-06,0
0,1.5979796e-05,0
0,4.5878555e-06,0
0,1.1976648e-06,0
0,7.683238e-07,0
0,2.0280752e-06,0
0,8.6914565e-07,0
0,1.1976648e-06,0
0,1.3180331e-06,0
0,5.949442e-05,0
0,1.6169541e-06,0
0,1.2685355e-06,0
0,3.30064e-05,0
0,1.0606636e-06,0
1,0.9981036,1
0,1.4180918e-06,0
0,7.620866e-05,0
0,0.00038041745,0
0,1.4681469e-06,0
0,9.3222e-08,0
0,4.4719054e-05,0
0,6.3416377e-07,0
0,0.0004224938,0
0,1.2300614e-05,0
0,1.7889373e-05,0
0,2.5002735e-05,0
0,5.6052368e-08,0
0,7.117607e-07,0
0,8.167056e-07,0
0,0.00011662227,0
0,1.2461584e-06,0
0,1.09400735e-05,0
0,2.2578727e-06,0
0,8.633364e-07,0
0,8.1778745e-07,0
0,1.355493e-06,0
0,1.2054661e-06,0
0,0.00034708314,0
0,1.0913228e-06,0
0,0.00010195685,0
0,8.633364e-07,0
0,8.679652e-05,0
0,0.00027873775,0
0,6.594782e-07,0
1,0.99999285,1
0,5.117124e-06,0
0,0.00015474448,0
0,6.94563e-07,0
0,2.573441e-06,0
0,0.00013866085,0
0,7.169335e-07,0
0,6.116486e-05,0
0,1.4921077e-06,0
0,1.2872755e-05,0
0,1.0891114e-06,0
0,2.0888791e-07,0
0,2.0946289e-05,0
0,0.18958396,0
0,8.2780446e-07,0
0,5.727379e-07,0
0,3.749959e-05,0
0,1.6923432e-05,0
0,1.0485355e-06,0
0,0.00030740583,0
0,0.00017680903,0
0,1.3571939e-06,0
0,8.53332e-07,0
0,2.3101506e-07,0
1,0.99990773,1
0,0.00017334602,0
0,9.2747614e-05,0
0,5.104663e-05,0
0,0.00010152242,0
0,1.7765557e-06,0
0,0.00026360375,0
0,0.00023003908,0
0,0.00012104351,0
0,9.0021004e-08,0
0,1.1976648e-06,0
0,1.6022776e-06,0
0,1.0003259e-06,0
0,3.4716797e-06,0
0,1.0017885e-06,0
0,6.759523e-06,0
0,1.38735895e-05,0
1,0.9999827,1
0,1.6996889e-07,0
0,9.023319e-07,0
0,1.9570422e-05,0
0,1.4606193e-05,0
0,2.985527e-06,0
1,0.99998975,1
0,6.51146e-06,0
0,0.00037776053,0
0,3.5067587e-06,0
0,1.0778808e-05,0
0,1.4387086e-06,0
0,3.283508e-05,0
0,0.00016170561,0
0,1.1756542e-06,0
0,7.537333e-07,0
0,7.2779864e-07,0
0,2.4459935e-06,0
0,1.5850543e-05,0
0,1.6587817e-05,0
0,4.535256e-05,0
0,6.885815e-05,0
0,4.520006e-07,0
0,1.8639086e-05,0
0,8.5167176e-07,0
0,6.8528e-07,0
0,4.10728e-05,0
1,0.99976796,1
0,7.2779864e-07,0
0,6.5927696e-07,0
0,5.8598245e-05,0
0,1.2313984e-06,0
0,1.8009099e-06,0
0,0.0001008123,0
0,0.0008023982,0
0,4.6616492e-07,0
0,2.650846e-05,0
0,1.412252e-06,0
0,1.0928677e-05,0
0,8.194902e-07,0
0,2.197389e-05,0
0,1.1961299e-05,0
1,0.9986733,1
0,1.2457411e-05,0
0,3.985639e-06,0
0,0.00032761614,0
0,1.4525376e-05,0
0,1.4435463e-05,0
0,1.2511503e-06,0
0,9.194823e-07,0
0,5.803425e-07,0
0,0.0006347446,0
0,1.1976648e-06,0
0,0.00012016844,0
0,2.0531052e-06,0
0,3.693582e-06,0
0,0.00030207986,0
0,0.0005455017,0
0,5.449341e-06,0
0,5.7282978e-06,0
0,1.2370645e-05,0
0,2.5388067e-06,0
0,0.0010722991,0
0,0.00037111132,0
0,1.4945914e-06,0
0,1.0035012e-05,0
0,1.8012595e-05,0
0,1.7144104e-06,0
0,1.6814911e-06,0
0,0.00010724377,0
0,1.188459e-06,0
0,1.7954137e-06,0
0,1.774214e-06,0
0,2.7110018e-06,0
0,2.4770363e-05,0
0,1.9861327e-06,0
0,8.4927757e-07,0
0,7.0992564e-07,0
0,1.1915223e-05,0
0,6.794775e-05,0
0,1.2054661e-06,0
0,8.8467675e-07,0
0,1.1642124e-06,0
0,6.2794646e-07,0
0,1.5252125e-05,0
0,9.097412e-06,0
0,8.38073e-05,0
1,0.99995947,1
0,4.2110946e-06,0
0,1.29989685e-05,0
0,1.1976648e-06,0
0,9.056208e-06,0
0,1.2123293e-05,0
0,8.1421155e-07,0
0,1.2511503e-06,0
0,2.996595e-06,0
0,1.0624232e-06,0
0,7.786389e-07,0
0,5.0659178e-08,0
0,3.5151104e-05,0
0,4.8718875e-06,0
0,0.0032471889,0
1,0.9999975,1
0,1.1497561e-06,0
0,7.943912e-05,0
1,0.99983394,1
0,0.0006390136,0
0,2.2509196e-06,0
0,1.804978e-06,0
0,7.235087e-05,0
0,7.187112e-06,0
0,7.0992564e-07,0
0,1.9287306e-06,0
0,6.208947e-07,0
0,3.4482053e-07,0
0,0.00027079732,0
0,9.725237e-07,0
0,0.00052161317,0
0,8.2400175e-07,0
0,3.3484173e-06,0
0,1.8995656e-06,0
0,3.0879404e-05,0
0,7.7978405e-07,0
0,5.828818e-06,0
0,7.7477085e-07,0
0,3.4034508e-06,0
0,9.714125e-05,0
0,0.0002065268,0
0,1.9056415e-05,0
0,8.5167176e-07,0
0,1.2054661e-06,0
0,6.594782e-07,0
0,0.02358625,0
0,9.4039706e-07,0
0,2.8512231e-05,0
0,6.5927696e-07,0
0,3.8181583e-06,0
0,1.1756632e-06,0
1,0.9999621,1
0,1.1508553e-06,0
0,9.74967e-07,0
0,0.00031082466,0
0,1.2546489e-06,0
0,6.618026e-05,0
0,0.0003964465,0
0,1.6416783e-06,0
0,8.3252144e-07,0
0,1.7797521e-06,0
0,9.816489e-07,0
0,0.00015911751,0
1,0.9999975,1
0,6.2864965e-06,0
0,5.595569e-05,0
0,2.9149023e-06,0
0,0.00023950549,0
0,4.4301482e-06,0
0,3.1488875e-05,0
0,3.972718e-05,0
1,0.9999927,1
0,9.269096e-07,0
0,7.8329896e-07,0
0,0.00012284689,0
0,2.0939879e-05,0
0,3.2946338e-07,0
0,9.647907e-07,0
0,3.967213e-06,0
0,7.458425e-05,0
0,0.00022276165,0
0,9.900059e-07,0
0,1.2674719e-05,0
0,1.104384e-06,0
0,1.5593188e-05,0
0,2.144666e-06,0
0,9.845958e-07,0
0,1.7327492e-06,0
0,9.807705e-05,0
0,0.00023080074,0
0,8.4927757e-07,0
0,3.5673465e-06,0
0,5.966458e-07,0
0,1.1312013e-06,0
0,3.5979976e-06,0
0,8.09749e-07,0
0,4.988144e-07,0
0,1.990361e-06,0
0,0.00027965318,0
0,1.1976648e-06,0
0,5.092692e-05,0
0,3.0065796e-06,0
0,8.827766e-05,0
0,9.922262e-07,0
0,2.7485748e-06,0
0,1.396489e-05,0
0,1.4681469e-06,0
0,1.6474326e-06,0
0,6.9986174e-07,0
0,3.2886644e-06,0
0,6.116504e-06,0
0,6.277548e-07,0
0,3.8062337e-06,0
0,1.2521792e-06,0
0,0.00013608564,0
0,1.2372911e-06,0
0,0.0002633822,0
0,1.1976648e-06,0
0,6.9650656e-07,0
0,1.1976648e-06,0
0,0.00012904231,0
0,8.867775e-05,0
0,1.0010533e-05,0
1,0.9999957,1
0,3.5496345e-07,0
0,0.0002135163,0
1,0.9998599,1
0,1.3954714e-06,0
0,7.738448e-07,0
0,0.00010433653,0
0,6.5230583e-06,0
0,1.1761992e-06,0
0,2.4972827e-05,0
0,3.5746064e-07,0
0,2.0331769e-05,0
0,2.764374e-07,0
0,2.9449504e-05,0
0,1.2742931e-05,0
0,4.9703063e-05,0
0,1.6518455e-06,0
0,0.00019361188,0
0,2.455784e-07,0
0,3.1337684e-06,0
0,2.0636721e-06,0
0,2.8383292e-06,0
0,1.1976648e-06,0
0,1.2054661e-06,0
0,5.5434016e-06,0
0,0.00021852356,0
0,9.4109777e-07,0
0,4.884514e-07,0
0,1.5668427e-06,0
0,0.00012261786,0
0,5.8016656e-07,0
0,9.3920564e-05,0
0,0.00028862103,0
0,1.6814911e-06,0
0,3.523827e-05,0
0,1.2842967e-06,0
0,5.938036e-07,0
0,4.1082203e-05,0
0,1.4081532e-05,0
0,3.282667e-06,0
0,1.2964231e-05,0
0,0.000411662,0
0,0.00038123285,0
0,2.4459935e-06,0
0,7.250124e-07,0
0,9.352259e-07,0
0,1.2054661e-06,0
0,8.840579e-06,0
0,4.113179e-05,0
0,7.5236943e-07,0
0,3.161122e-06,0
0,8.803203e-05,0
0,1.4776734e-06,0
0,9.926947e-07,0
0,0.0067169736,0
0,1.2511503e-06,0
0,1.1252255e-06,0
0,0.00073827483,0
0,0.00017191873,0
0,1.4987663e-06,0
1,0.99972135,1
0,1.8171355e-06,0
0,5.4575844e-06,0
0,8.214893e-06,0
1,0.9999951,1
1,0.9999672,1
0,1.409245e-06,0
0,1.093714e-06,0
0,8.565102e-05,0
0,1.4929674e-06,0
0,7.1448912e-06,0
0,1.2272201e-06,0
0,0.00016044894,0
0,1.2054661e-06,0
0,1.0958347e-05,0
0,2.220914e-06,0
0,1.3097495e-06,0
0,6.6114144e-06,0
0,0.00018842841,0
0,0.0009638499,0
0,1.1810449e-06,0
0,0.00038146062,0
0,2.0262162e-07,0
0,0.000119118275,0
0,1.5539896e-06,0
0,0.0071736886,0
0,9.703105e-07,0
0,9.565654e-07,0
0,1.1911743e-06,0
0,2.8288014e-07,0
0,9.724606e-07,0
0,1.4681469e-06,0
0,1.1459663e-06,0
1,0.9999869,1
0,5.9069773e-08,0
0,3.6039453e-06,0
0,6.483751e-05,0
0,8.980266e-07,0
0,8.419997e-05,0
0,0.004454588,0
0,5.9892557e-07,0
0,1.9793573e-05,0
0,0.00015595692,0
0,8.2726075e-07,0
0,1.2203949e-06,0
0,1.4234641e-06,0
1,0.99990094,1
0,3.7469274e-06,0
0,1.1681011e-05,0
0,9.389764e-05,0
0,8.400277e-05,0
0,6.5927696e-07,0
0,1.2762846e-06,0
0,0.0031316588,0
0,1.1788528e-06,0
0,5.8066016e-05,0
0,0.00052463106,0
0,7.09552e-07,0
0,3.7308564e-06,0
0,0.00041371523,0
0,8.9037985e-07,0
0,5.5572787e-07,0
0,1.3060063e-06,0
0,0.0011317703,0
0,1.6007061e-06,0
0,3.1775644e-06,0
0,1.7954137e-06,0
0,1.9234723e-05,0
0,0.0026608203,0
0,1.1976648e-06,0
0,6.3416377e-07,0
0,1.4681469e-06,0
0,2.4683181e-06,0
0,5.5383727e-05,0
0,1.1674679e-06,0
0,9.814049e-06,0
0,0.0007816528,0
0,7.2460236e-05,0
0,1.854738e-05,0
0,7.2126844e-05,0
0,8.633364e-07,0
0,2.1612097e-07,0
0,4.3975538e-07,0
0,6.594782e-07,0
0,0.00016720813,0
0,4.554183e-05,0
0,0.00031756994,0
0,1.3857174e-06,0
0,1.4682995e-06,0
0,8.119344e-08,0
0,1.245653e-07,0
1,0.9999975,1
0,1.1081175e-06,0
1,0.9999888,1
0,8.307568e-07,0
0,7.0029773e-07,0
0,3.4754398e-06,0
0,7.365055e-07,0
0,9.286756e-07,0
0,2.8927185e-05,0
0,4.716316e-07,0
0,0.00010857082,0
0,1.3987343e-06,0
0,5.6929416e-06,0
0,6.162779e-07,0
0,1.4354291e-06,0
0,8.374766e-06,0
0,1.8141087e-06,0
0,4.030675e-06,0
0,9.081253e-05,0
0,8.660668e-07,0
0,0.0012437215,0
0,7.8329896e-07,0
0,7.884885e-07,0
0,1.1976648e-06,0
0,5.3933724e-07,0
0,1.6670332e-06,0
0,4.731187e-07,0
0,4.1302497e-05,0
0,1.9049256e-05,0
0,0.0002960302,0
0,1.1508553e-06,0
0,2.4174346e-06,0
0,1.5614592e-06,0
0,9.274488e-05,0
0,1.0998119e-06,0
0,8.660668e-07,0
0,4.408939e-05,0
0,8.6214754e-07,0
0,0.00021075741,0
0,0.00040110713,0
0,0.000111700785,0
0,1.6739632e-06,0
0,1.1861525e-06,0
0,0.00020530209,0
0,0.0001263644,0
0,0.0004186404,0
0,5.0250765e-07,0
0,2.2013432e-06,0
0,9.74967e-07,0
0,8.633364e-07,0
0,2.1629796e-06,0
0,1.2059226e-06,0
0,4.229919e-06,0
0,1.2685355e-06,0
0,1.3575146e-05,0
0,0.0001208213,0
0,0.00010928336,0
0,5.5383727e-05,0
0,6.363044e-06,0
0,0.00029565478,0
0,6.180499e-06,0
0,4.1598473e-06,0
0,8.660668e-07,0
0,1.0925557e-06,0
0,8.5388143e-07,0
0,1.2054661e-06,0
0,8.484595e-06,0
0,0.00038218554,0
0,3.2558075e-06,0
0,8.2726075e-07,0
0,9.703105e-07,0
0,8.1293524e-07,0
0,6.933686e-05,0
0,4.9866383e-05,0
0,4.1932453e-06,0
0,3.234503e-05,0
0,1.2695218e-06,0
0,2.540834e-06,0
0,7.026933e-06,0
0,8.4927757e-07,0
0,1.804978e-06,0
1,0.9999858,1
0,1.2054661e-06,0
0,1.9955708e-06,0
0,8.2726075e-07,0
0,7.2779864e-07,0
0,0.00013428576,0
0,1.2003349e-06,0
0,3.4649518e-05,0
0,8.5848177e-07,0
0,5.1656673e-07,0
0,0.00022303792,0
0,0.00010459234,0
0,3.408545e-05,0
0,0.00054584345,0
0,1.2785376e-05,0
0,0.00013276731,0
0,1.1861525e-06,0
0,8.1485574e-08,0
0,6.930419e-07,0
0,0.0002965935,0
0,2.4496501e-05,0
0,2.028944e-06,0
1,0.99996936,1
0,6.869982e-05,0
0,0.0002902945,0
0,5.439368e-05,0
0,1.00938e-06,0
0,7.698515e-07,0
0,9.4109777e-07,0
0,2.7368674e-06,0
0,1.2928779e-06,0
0,1.4768099e-06,0
0,0.0003317271,0
0,8.311948e-06,0
0,6.2999345e-05,0
0,2.1963021e-06,0
0,4.4228914e-06,0
0,4.7155925e-05,0
1,0.9999486,1
0,7.028227e-07,0
0,0.00031303993,0
0,2.3433227e-05,0
0,3.3663822e-05,0
0,2.301553e-05,0
1,0.9999703,1
0,1.0396663e-05,0
0,1.2745719e-06,0
0,3.3282555e-05,0
0,4.4444707e-05,0
0,0.011307003,0
0,1.9765506e-05,0
0,4.015201e-05,0
1,0.99997556,1
0,1.4634027e-06,0
0,3.7849604e-06,0
0,7.6166083e-07,0
0,4.172259e-06,0
0,8.9026435e-07,0
0,3.7305803e-05,0
1,0.99985635,1
0,6.7736545e-07,0
1,0.99972135,1
0,1.1976648e-06,0
0,1.3859656e-07,0
0,6.4089113e-07,0
0,1.6710024e-05,0
0,0.00014780916,0
1,0.99943405,1
0,2.1006167e-06,0
0,1.7889362e-06,0
0,1.1727982e-07,0
0,1.0775013e-06,0
1,0.9999943,1
0,3.1893574e-05,0
0,1.0371582e-06,0
0,9.642089e-06,0
0,0.001164586,0
0,4.7645422e-05,0
0,4.8728772e-08,0
0,1.2959928e-05,0
0,0.00015175914,0
0,1.2059226e-06,0
0,5.0260496e-07,0
0,1.0369484e-06,0
0,0.00023080582,0
0,7.8431505e-08,0
0,0.0024410426,0
0,1.1081175e-06,0
0,1.1976648e-06,0
0,6.197439e-05,0
0,0.00029922754,0
0,3.5873272e-05,0
0,8.2726075e-07,0
0,0.00060047087,0
0,1.6557362e-05,0
0,1.3260607e-06,0
0,8.633364e-07,0
0,1.542289e-06,0
0,3.0380625e-06,0
1,0.99998987,1
0,3.4526615e-06,0
0,7.2779864e-07,0
0,6.34077e-06,0
0,1.550212e-05,0
1,0.9999728,1
0,1.1976648e-06,0
1,0.99998915,1
0,6.930003e-07,0
0,1.6116186e-05,0
0,1.1626364e-05,0
0,0.00024789353,0
0,5.0018694e-05,0
0,8.633364e-07,0
0,2.2705026e-05,0
0,7.0992564e-07,0
0,9.4793904e-07,0
0,2.5821732e-06,0
0,1.1081175e-06,0
0,8.066131e-05,0
0,1.1494326e-06,0
0,2.0379516e-06,0
0,2.4496501e-05,0
0,1.1077066e-06,0
0,7.652349e-07,0
0,1.8513272e-05,0
0,2.0393845e-06,0
0,7.0212667e-07,0
0,9.724606e-07,0
0,1.1045715e-05,0
0,4.575297e-07,0
0,5.343917e-05,0
0,1.5067028e-06,0
0,1.1081175e-06,0
0,1.2483506e-06,0
0,1.5881266e-06,0
0,2.3903806e-06,0
0,1.3267437e-06,0
0,0.00028932246,0
0,4.271556e-05,0
0,4.859568e-07,0
0,6.353615e-06,0
0,7.4970217e-07,0
0,1.0730478e-06,0
0,9.227591e-05,0
0,1.3097483e-06,0
0,7.8642853e-07,0
0,0.0015118575,0
0,8.843545e-07,0
0,2.5785016e-07,0
0,0.00025414283,0
0,6.3575516e-07,0
0,1.13072765e-05,0
0,1.8088846e-06,0
0,0.0007984149,0
0,2.7158978e-06,0
0,9.74967e-07,0
0,0.00023521183,0
0,0.00019766127,0
0,1.1511177e-06,0
0,1.2656872e-06,0
0,0.00014775913,0
0,1.386519e-05,0
0,1.2224216e-06,0
0,1.1700002e-06,0
0,4.816516e-06,0
0,2.551602e-05,0
0,1.8805603e-06,0
0,3.5673465e-06,0
1,0.9998797,1
0,1.6814911e-06,0
0,1.6759488e-07,0
1,0.99936277,1
0,0.00029085577,0
0,8.66566e-05,0
0,3.5258424e-07,0
0,1.1081175e-06,0
0,1.1666555e-06,0
0,5.778143e-05,0
0,8.577574e-07,0
0,9.644964e-07,0
0,0.00024472183,0
0,1.2054661e-06,0
0,5.229409e-05,0
0,3.0399e-06,0
0,0.00011507199,0
0,1.00938e-06,0
0,1.3924376e-06,0
0,1.5012745e-05,0
0,1.1976648e-06,0
0,2.185301e-07,0
0,4.2814336e-05,0
0,8.155895e-07,0
0,3.0031981e-06,0
1,0.9999683,1
0,0.0005990087,0
0,9.0205833e-07,0
0,0.0021721637,0
0,5.701134e-07,0
0,7.797737e-05,0
0,5.8010846e-07,0
0,1.4633338e-05,0
0,0.00012522057,0
0,9.064226e-07,0
0,9.843199e-06,0
0,2.4621936e-06,0
0,3.8818604e-07,0
0,3.3502188e-06,0
0,9.183136e-08,0
0,1.4986548e-06,0
0,8.2726075e-07,0
0,3.798115e-06,0
0,0.0004224938,0
0,3.93779e-07,0
0,1.99733e-06,0
0,4.4183872e-07,0
0,6.4308665e-07,0
0,1.2471274e-06,0
0,7.775601e-05,0
0,0.00028362448,0
0,1.9847353e-06,0
0,1.8461491e-05,0
0,4.774205e-06,0
0,2.9540482e-07,0
0,1.4200663e-06,0
0,9.995107e-07,0
0,0.000101174985,0
0,4.413233e-07,0
0,2.1855187e-06,0
0,1.614403e-05,0
0,1.7067356e-05,0
0,0.0002421615,0
0,2.3346402e-06,0
0,2.542521e-06,0
0,4.6096698e-06,0
0,0.00011861638,0
0,1.2679355e-06,0
1,0.9999367,1
0,2.3365046e-06,0
1,0.9998299,1
0,0.0004866426,0
0,1.2483305e-06,0
0,8.755273e-07,0
1,0.9996531,1
0,7.890888e-05,0
0,0.00025156644,0
0,5.616603e-06,0
1,0.9998715,1
0,1.125848e-06,0
0,1.1976648e-06,0
0,0.0001939833,0
0,0.0002867111,0
0,6.927711e-05,0
0,6.939818e-05,0
0,3.579266e-05,0
0,1.0011602e-05,0
0,1.7978537e-06,0
0,1.1052616e-06,0
0,1.4703633e-05,0
0,1.2199038e-06,0
0,2.5505034e-07,0
0,9.096012e-05,0
0,1.1861525e-06,0
0,3.6433787e-06,0
0,0.00014878628,0
0,2.0268571e-06,0
0,7.779539e-06,0
0,0.003860746,0
0,1.8430687e-06,0
0,8.3252144e-07,0
1,0.9999975,1
0,8.396166e-06,0
0,0.000111865265,0
1,0.9999702,1
0,3.4981479e-06,0
0,2.997361e-06,0
0,8.7093787e-07,0
0,0.00012622145,0
0,1.0485445e-06,0
0,1.6814911e-06,0
0,4.4968013e-07,0
0,2.6210406e-05,0
0,1.0534227e-06,0
0,7.0992564e-07,0
0,5.686148e-07,0
0,7.09552e-07,0
0,1.0861431e-05,0
0,1.1976648e-06,0
0,1.3144897e-05,0
0,6.4328293e-07,0
0,8.5167176e-07,0
0,8.5167176e-07,0
0,0.00039485353,0
0,7.8275167e-07,0
0,7.3012893e-07,0
0,2.9692129e-07,0
0,9.246671e-05,0
0,8.939866e-07,0
0,3.0790907e-06,0
0,0.0068320036,0
0,2.2773766e-06,0
0,1.7219663e-05,0
0,1.0400573e-06,0
1,0.99991345,1
0,1.8305445e-05,0
0,4.0179216e-06,0
0,5.590178e-06,0
1,0.99998486,1
0,1.0485445e-06,0
0,0.00059750845,0
1,0.9999119,1
0,8.784336e-07,0
1,0.99987936,1
0,4.438668e-05,0
0,5.7963112e-05,0
0,1.2054661e-06,0
0,1.2054661e-06,0
0,8.0569646e-07,0
0,5.6933806e-07,0
0,0.00066615135,0
0,8.172253e-07,0
0,1.1081175e-06,0
0,7.273939e-06,0
0,1.4891522e-06,0
0,1.4681469e-06,0
0,0.00012801393,0
0,8.2726075e-07,0
0,0.005986876,0
0,5.334723e-07,0
0,8.7368807e-07,0
0,4.0042016e-07,0
0,3.4080986e-06,0
0,5.0955425e-08,0
0,4.9114e-06,0
0,4.0919795e-07,0
0,3.2039352e-05,0
0,5.0066933e-07,0
0,1.393866e-06,0
0,1.1700002e-06,0
0,5.4940665e-06,0
0,0.00010812913,0
1,0.9999645,1
0,1.0010819e-05,0
0,1.0485355e-06,0
0,1.8088846e-06,0
0,1.1229357e-06,0
0,0.00013155423,0
0,0.000113572416,0
0,0.00026563928,0
0,2.945182e-07,0
0,8.633364e-07,0
0,8.490184e-07,0
0,2.77884e-06,0
0,1.7810478e-06,0
0,7.509791e-06,0
0,0.00033257954,0
0,9.647907e-07,0
0,4.6227756e-06,0
0,1.922474e-06,0
0,7.943912e-05,0
0,8.2726075e-07,0
1,0.99998224,1
0,1.4387086e-06,0
0,2.12335e-06,0
0,9.360602e-07,0
0,1.1229357e-06,0
0,1.4387086e-06,0
0,3.8177686e-06,0
1,0.99999213,1
0,1.204753e-07,0
0,5.9209533e-08,0
0,5.3775816e-06,0
0,1.6049758e-05,0
0,5.33442e-06,0
0,1.7896425e-06,0
0,1.2876533e-06,0
0,1.1787022e-06,0
0,7.5507074e-07,0
0,1.368454e-05,0
0,8.577574e-07,0
0,6.594782e-07,0
0,2.3404161e-06,0
0,1.0000971e-06,0
0,5.866914e-07,0
0,1.2059996e-06,0
0,8.3654464e-07,0
0,6.157239e-08,0
0,1.4633998e-06,0
0,0.00044968244,0
0,0.00021036573,0
0,2.3941038e-06,0
0,7.8738606e-07,0
0,2.6524833e-06,0
0,7.618332e-06,0
0,7.116684e-07,0
0,9.663694e-06,0
0,1.0579336e-05,0
0,1.5638033e-06,0
0,4.5234257e-05,0
0,1.0995801e-06,0
0,6.946876e-06,0
0,8.660668e-07,0
0,7.296799e-07,0
0,0.0023788502,0
0,1.091859e-06,0
0,0.0002419201,0
0,1.8142973e-06,0
0,2.4061803e-06,0
0,2.090642e-06,0
0,1.3639257e-06,0
1,0.9999932,1
0,6.0518007e-05,0
0,6.473558e-05,0
0,1.267087e-06,0
0,5.0933526e-05,0
0,6.5127e-07,0
0,2.0609855e-06,0
0,1.0485355e-06,0
0,9.80384e-07,0
0,0.00027399766,0
0,8.9903523e-07,0
0,2.7581063e-06,0
0,8.6469436e-07,0
0,7.066139e-08,0
0,1.2762846e-06,0
0,2.2431865e-05,0
0,0.00077661267,0
0,1.1787022e-06,0
0,3.2068638e-05,0
0,1.4681469e-06,0
0,0.0005522546,0
0,1.2054661e-06,0
0,8.388366e-05,0
0,5.973928e-07,0
0,1.1229357e-06,0
0,5.1124075e-06,0
0,2.180046e-06,0
0,6.966042e-06,0
0,8.2124814e-07,0
0,9.647907e-07,0
0,4.0097314e-07,0
0,0.00011985717,0
0,5.937036e-05,0
0,6.674021e-07,0
1,0.99970657,1
0,6.0710877e-06,0
0,0.00057002145,0
0,1.5081836e-06,0
0,5.302004e-05,0
0,1.196077e-06,0
0,0.00024035167,0
0,1.1342205e-06,0
0,1.3600601e-06,0
0,0.00023746406,0
0,1.7765557e-06,0
0,7.968727e-06,0
0,3.5746064e-07,0
0,3.9368656e-06,0
0,0.00041013944,0
0,4.6165985e-07,0
0,8.2726075e-07,0
0,1.1976648e-06,0
0,0.0016151138,0
0,0.00040266677,0
0,0.00034248538,0
0,1.0518051e-05,0
0,2.4488614e-07,0
0,1.1555455e-05,0
0,1.0250548e-07,0
0,1.9666795e-06,0
0,7.117607e-07,0
0,0.00010805667,0
1,0.99999547,1
0,2.2450442e-05,0
0,6.046683e-05,0
0,1.2778769e-05,0
0,0.0006872542,0
0,2.1046224e-05,0
1,0.9999815,1
0,7.688737e-06,0
0,7.0029773e-07,0
0,4.9931987e-07,0
0,2.4459935e-06,0
0,3.7269783e-05,0
0,2.5094753e-06,0
0,1.3260607e-06,0
0,4.3539544e-07,0
0,1.1896023e-05,0
0,1.6772481e-05,0
1,0.9998838,1
1,0.99999475,1
0,9.832035e-06,0
1,0.9999975,1
1,0.9999901,1
0,1.4035211e-05,0
0,8.2124876e-05,0
0,0.00028922732,0
0,1.1861525e-06,0
0,7.814218e-05,0
0,1.0220001e-06,0
0,4.632727e-05,0
1,0.9999213,1
0,1.924832e-05,0
0,1.2128531e-06,0
0,3.2688342e-06,0
0,6.8925914e-07,0
0,1.6814911e-06,0
0,0.0004136949,0
0,1.1861525e-06,0
0,6.5927696e-07,0
0,3.122075e-06,0
1,0.9999589,1
0,1.8066434e-06,0
0,5.4261625e-05,0
0,1.713582e-05,0
0,1.4681469e-06,0
0,9.1866104e-07,0
0,1.1976648e-06,0
0,0.0023535464,0
0,8.6818045e-07,0
0,5.694484e-06,0
0,1.4768099e-06,0
1,0.9996458,1
0,7.837587e-08,0
0,5.055349e-07,0
0,1.306126e-06,0
0,1.1976648e-06,0
0,1.0485445e-06,0
0,8.106251e-07,0
0,3.3932727e-05,0
0,1.615895e-06,0
0,3.1491975e-06,0
0,2.254953e-05,0
0,1.0231587e-06,0
0,0.0007226755,0
0,1.8232787e-06,0
0,1.1613294e-06,0
0,6.413048e-05,0
0,2.4459935e-06,0
0,1.1330897e-06,0
0,8.2857304e-07,0
0,9.0354695e-07,0
0,0.00055921875,0
0,1.1229357e-06,0
1,0.99997807,1
0,3.9266757e-05,0
0,6.7379037e-06,0
1,0.99991775,1
0,0.000103555765,0
0,6.0399867e-05,0
0,1.0000971e-06,0
0,0.0001311757,0
0,0.00027328543,0
0,2.0564286e-05,0
0,6.1431274e-07,0
0,1.8088846e-06,0
0,0.001065606,0
0,2.0058369e-05,0
0,0.00089985016,0
0,0.00015896479,0
0,5.1489496e-07,0
0,1.0237228e-06,0
0,6.729485e-05,0
0,6.162556e-07,0
0,1.3161764e-07,0
0,0.00041462152,0
0,1.1506357e-06,0
0,7.117607e-07,0
0,3.0465721e-06,0
0,1.0250338e-06,0
0,3.3451329e-06,0
0,2.0765257e-05,0
0,9.7359025e-06,0
0,1.1976648e-06,0
0,2.897506e-07,0
0,1.3224816e-06,0
0,1.1976648e-06,0
0,6.4315293e-07,0
0,1.1810449e-06,0
0,8.440148e-07,0
0,7.4840995e-07,0
0,4.003078e-06,0
0,3.2403534e-06,0
0,2.7110018e-06,0
0,0.0008840877,0
1,0.99989474,1
0,7.8329896e-07,0
0,3.6568217e-08,0
0,2.2223854e-05,0
0,1.9570422e-05,0
0,0.00015331294,0
0,7.508649e-07,0
0,8.051445e-05,0
0,1.9315345e-05,0
0,4.5659516e-07,0
0,9.709408e-07,0
1,0.0019729028,0
0,9.863726e-05,0
0,3.4716797e-06,0
1,0.99992263,1
0,0.00010985645,0
0,1.375764e-06,0
0,8.424499e-07,0
0,0.00020872222,0
0,0.00015681301,0
0,4.1688516e-05,0
0,4.3450127e-06,0
0,2.2471304e-05,0
0,0.0001539631,0
0,1.0871687e-06,0
0,1.5897427e-05,0
0,9.9162564e-05,0
0,1.1312013e-06,0
0,5.9530163e-07,0
0,1.2692276e-06,0
0,1.0292556e-05,0
0,6.488597e-08,0
1,0.99891746,1
0,1.1193624e-06,0
0,6.055234e-07,0
0,1.3841126e-06,0
0,5.199027e-07,0
0,9.536743e-05,0
0,8.633364e-07,0
0,3.315327e-06,0
0,1.1667395e-05,0
0,8.79649e-05,0
0,4.4183662e-07,0
0,4.7620138e-06,0
0,0.00013884582,0
0,3.8609924e-06,0
0,1.7144104e-06,0
0,8.2726075e-07,0
0,0.00043670888,0
0,1.2186504e-06,0
0,8.9026435e-07,0
0,1.1976648e-06,0
0,9.3973546e-07,0
0,7.986057e-07,0
0,0.000562611,0
0,7.565819e-05,0
0,0.00041139545,0
0,1.2499088e-06,0
0,3.0414078e-06,0
0,0.00056940434,0
0,7.620866e-05,0
0,3.9683787e-06,0
0,1.0566555e-06,0
0,1.8361883e-05,0
0,2.0099866e-05,0
0,2.4163628e-06,0
0,3.2409068e-06,0
0,9.989903e-07,0
0,2.54713e-06,0
0,0.0010441844,0
0,1.1861525e-06,0
0,4.1797146e-05,0
0,0.00031602388,0
0,3.075088e-06,0
0,0.00010863751,0
0,1.1081175e-06,0
0,9.079513e-06,0
0,9.1884474e-05,0
0,1.2762846e-06,0
0,2.2381919e-06,0
0,0.00020687604,0
0,2.1512482e-05,0
0,1.8122619e-06,0
0,8.3494183e-07,0
0,3.4199618e-07,0
1,0.99982625,1
0,6.8814524e-07,0
0,1.2054661e-06,0
0,0.0012698089,0
0,1.2319257e-06,0
0,1.188459e-06,0
0,5.4345714e-06,0
0,1.9674879e-05,0
0,4.752967e-07,0
0,2.3418363e-06,0
0,0.0006390136,0
0,7.668758e-07,0
0,1.967473e-05,0
0,8.2726075e-07,0
0,0.0015694646,0
0,8.53332e-07,0
0,9.4109777e-07,0
0,7.6428805e-05,0
0,1.1976648e-06,0
0,3.330667e-07,0
0,0.00021005588,0
0,1.2054661e-06,0
0,3.2249775e-07,0
0,1.1022858e-06,0
0,7.896383e-07,0
0,1.2546489e-06,0
0,1.1963908e-06,0
0,1.19346e-06,0
0,0.0011719408,0
0,3.0666595e-06,0
0,1.5150875e-06,0
0,1.129372e-05,0
0,1.9666062e-05,0
0,5.991295e-06,0
0,5.1075065e-05,0
0,1.355493e-06,0
0,2.5282143e-06,0
0,6.778055e-07,0
0,9.730491e-06,0
0,0.00013417543,0
0,0.00024141019,0
0,2.0709215e-06,0
0,1.1376145e-06,0
0,1.7076483e-06,0
0,7.1898925e-05,0
0,1.1976648e-06,0
0,1.3097495e-06,0
1,0.99996126,1
0,5.159659e-06,0
0,4.413233e-07,0
0,3.3663822e-05,0
0,3.1593377e-06,0
0,2.3095786e-06,0
0,0.00019734698,0
0,2.7413305e-05,0
0,3.3272333e-06,0
0,1.0889369e-06,0
0,0.00015279981,0
0,1.4541814e-05,0
0,1.7954137e-06,0
0,7.664309e-05,0
0,1.3625709e-06,0
0,1.529454e-05,0
0,4.628452e-07,0
1,0.999895,1
1,0.99999547,1
0,1.3823595e-06,0
0,0.0001509636,0
0,1.9607522e-05,0
0,0.00040002665,0
0,5.9206136e-06,0
0,1.2115479e-06,0
0,5.4167435e-07,0
0,0.0001309812,0
0,1.0962005e-05,0
0,1.0380468e-06,0
0,5.5196244e-07,0
0,1.0677772e-06,0
0,0.00023007943,0
0,2.2206004e-06,0
0,9.7382335e-06,0
0,0.00010713573,0
0,3.8978746e-06,0
0,4.8958142e-08,0
0,1.6653883e-05,0
0,1.5732151e-06,0
1,0.99999666,1
0,1.0977706e-06,0
0,1.163804e-06,0
0,3.1923764e-07,0
0,2.5128372e-07,0
0,6.0869445e-07,0
0,1.6517854e-05,0
0,1.921858e-06,0
0,1.0226103e-05,0
0,2.893047e-07,0
0,0.00012210553,0
0,1.231477e-05,0
0,7.4219465e-06,0
0,0.0012574794,0
0,1.1756632e-06,0
0,3.9656356e-06,0
0,6.3659454e-06,0
0,1.1981767e-06,0
0,3.9283314e-05,0
0,2.0393845e-06,0
0,6.079693e-05,0
0,2.5193156e-05,0
0,4.8481514e-05,0
0,2.5943546e-06,0
0,1.0237228e-06,0
0,0.0002166878,0
0,4.477978e-05,0
0,4.1886848e-05,0
0,0.00044332386,0
0,1.1330897e-06,0
0,1.4669948e-05,0
0,2.593726e-06,0
0,0.00040865934,0
0,0.00041960747,0
0,8.144895e-06,0
0,5.3852524e-05,0
0,3.360993e-05,0
0,0.00088706036,0
0,1.0420719e-06,0
1,0.9994721,1
0,2.6639088e-07,0
0,8.594815e-06,0
0,1.1069071e-06,0
0,4.4531043e-05,0
0,1.5110832e-06,0
0,2.172535e-05,0
0,6.9179254e-07,0
0,7.296799e-07,0
1,0.99996805,1
0,8.172253e-07,0
0,4.918258e-05,0
0,2.4549963e-05,0
0,1.2410445e-06,0
0,2.4529237e-07,0
1,0.9999486,1
0,1.3575461e-06,0
0,1.1756542e-06,0
0,0.00044962222,0
0,3.992216e-05,0
0,7.4938407e-07,0
0,7.729914e-07,0
0,2.189021e-06,0
0,2.9546225e-06,0
1,0.9999795,1
0,1.125233e-06,0
0,5.5383727e-05,0
0,0.00013674382,0
0,3.8062337e-06,0
0,1.8689101e-05,0
0,1.3417008e-06,0
0,1.325383e-06,0
0,4.070579e-06,0
0,1.29791115e-05,0
1,0.9999913,1
0,8.206429e-07,0
0,1.1976648e-06,0
0,3.2655615e-05,0
0,1.6417065e-05,0
0,0.00035731486,0
0,1.13855e-06,0
0,6.464955e-06,0
0,9.560364e-07,0
0,1.807967e-06,0
0,2.7924076e-05,0
0,0.0002499886,0
0,3.2370458e-06,0
0,6.60086e-07,0
0,0.00013871059,0
0,3.4832363e-05,0
1,0.9999958,1
0,6.186633e-05,0
0,5.4472713e-07,0
0,1.209628e-06,0
0,1.40077e-06,0
0,0.00097037584,0
0,7.20554e-07,0
0,4.871644e-05,0
0,2.5219101e-06,0
0,2.4953326e-07,0
0,4.3557293e-06,0
0,2.5724447e-07,0
0,1.6661812e-06,0
0,5.34194e-06,0
0,8.339287e-07,0
0,2.6331095e-06,0
0,0.000108253655,0
0,5.246042e-05,0
0,8.2726075e-07,0
0,3.1911206e-06,0
1,0.99764436,1
0,2.2014037e-05,0
0,1.7727154e-06,0
0,5.549697e-05,0
0,1.0485355e-06,0
0,0.0001528578,0
0,1.1976648e-06,0
0,0.00053571037,0
0,0.00013141306,0
0,1.0066268e-06,0
0,2.4969781e-06,0
0,7.820816e-07,0
0,6.0500156e-07,0
0,7.4970217e-07,0
0,9.4109777e-07,0
0,8.280846e-06,0
0,5.949442e-05,0
0,7.642205e-07,0
0,1.4387086e-06,0
0,2.9186021e-06,0
0,0.0007615461,0
0,0.00039454628,0
0,8.0569646e-07,0
0,1.4067405e-07,0
0,7.2779864e-07,0
0,6.886566e-07,0
0,0.00011033938,0
0,1.3466541e-06,0
0,8.151696e-07,0
1,0.9999136,1
0,6.306252e-06,0
0,1.6042836e-06,0
0,1.6773025e-05,0
0,4.3510877e-06,0
0,1.2136516e-06,0
0,2.5388067e-06,0
0,5.309905e-06,0
0,6.02757e-05,0
0,8.926868e-05,0
0,1.3775738e-05,0
0,9.109626e-06,0
0,1.894306e-05,0
0,1.2233126e-06,0
0,1.5765522e-06,0
0,0.004400625,0
0,0.00023073805,0
0,0.0007639709,0
0,2.7951803e-08,0
0,3.8525e-06,0
0,8.5167176e-07,0
0,7.35585e-06,0
0,2.1981502e-06,0
0,3.2575204e-07,0
0,9.3920564e-05,0
0,1.0369802e-06,0
0,0.0006025132,0
0,7.17194e-07,0
0,0.0004416773,0
0,0.00027611895,0
0,9.647907e-07,0
0,0.0005430456,0
0,1.1002882e-06,0
0,7.539727e-07,0
1,0.99999547,1
0,7.641033e-06,0
0,1.5530297e-06,0
0,4.637205e-06,0
0,4.076126e-06,0
0,7.1192285e-06,0
0,4.062404e-06,0
1,0.9999039,1
0,2.0419495e-06,0
0,0.000104342995,0
0,6.085899e-05,0
0,2.9831861e-05,0
0,0.00015131077,0
0,3.120673e-05,0
0,9.39817e-07,0
0,8.2800744e-07,0
0,8.9026435e-07,0
0,0.00048355214,0
0,1.9892548e-06,0
0,1.1976648e-06,0
0,1.7462011e-06,0
0,2.1953701e-06,0
0,1.1861525e-06,0
0,0.00021226025,0
0,0.0003274082,0
0,0.00027652015,0
0,3.7138136e-06,0
0,3.599325e-07,0
0,1.05410955e-07,0
0,6.909732e-05,0
0,8.6041274e-07,0
0,8.2726075e-07,0
0,0.010482214,0
0,1.4459547e-05,0
0,0.0003397211,0
0,0.00063594297,0
0,0.00036886506,0
0,4.6413247e-06,0
0,1.2703745e-06,0
0,1.1034948e-07,0
0,1.6802602e-06,0
0,3.3670026e-06,0
0,1.2314323e-05,0
0,0.0005702434,0
0,2.7352078e-06,0
0,1.2054661e-06,0
0,0.00043857476,0
0,9.724606e-07,0
0,3.236703e-06,0
0,6.5541155e-07,0
0,1.5120822e-06,0
0,1.9838874e-06,0
0,1.2167052e-06,0
0,1.4387086e-06,0
0,1.1861525e-06,0
0,1.1620722e-05,0
0,1.5108473e-05,0
0,9.277665e-07,0
0,3.4696566e-07,0
0,4.3644445e-06,0
0,0.00086190697,0
0,4.195021e-06,0
0,1.1976648e-06,0
0,1.8980825e-06,0
0,7.029568e-07,0
0,1.6399586e-06,0
0,1.8276169e-06,0
0,6.4231625e-07,0
0,1.2460539e-06,0
0,6.4930407e-07,0
0,1.0485445e-06,0
0,3.05952e-06,0
0,7.820816e-07,0
0,1.7214885e-05,0
0,7.732274e-07,0
0,7.296799e-07,0
0,1.5461608e-06,0
0,1.1976648e-06,0
0,0.00012127388,0
0,3.0067488e-06,0
0,4.1630183e-06,0
0,5.7080547e-06,0
0,1.188459e-06,0
0,0.0017916749,0
0,8.577574e-07,0
0,1.2054661e-06,0
0,0.00023007943,0
0,8.5167176e-07,0
0,0.00014383846,0
0,1.6814911e-06,0
0,1.0237228e-06,0
0,1.2430522e-06,0
0,1.3417008e-06,0
0,3.550993e-05,0
0,4.6996625e-08,0
0,0.00031745614,0
0,8.255749e-07,0
0,1.41853025e-05,0
0,1.103768e-06,0
0,8.111958e-05,0
0,2.1006167e-06,0
0,0.00013074586,0
0,8.307568e-07,0
0,5.4126094e-06,0
0,0.0001723923,0
0,1.6900698e-06,0
0,4.121452e-05,0
0,0.00013219895,0
0,7.5565794e-08,0
0,1.1176259e-06,0
0,1.0220547e-06,0
0,8.339287e-07,0
0,1.1252738e-06,0
0,1.411918e-06,0
0,1.3356444e-06,0
0,3.6805402e-06,0
0,0.006625277,0
0,2.9601927e-06,0
0,1.1678961e-05,0
0,1.409245e-06,0
0,0.00011168215,0
0,1.1976648e-06,0
0,1.3668919e-06,0
0,1.5400786e-06,0
0,1.3097495e-06,0
0,7.9690535e-06,0
0,0.00024753172,0
0,1.6356647e-06,0
0,8.9026435e-07,0
0,7.891536e-05,0
0,1.1312013e-06,0
0,1.8267829e-05,0
0,5.0292186e-07,0
0,2.4906542e-05,0
0,2.837006e-06,0
0,1.0863085e-06,0
1,0.9999801,1
0,1.2928348e-06,0
0,1.3575461e-06,0
0,0.0019134661,0
0,3.9841075e-06,0
0,6.132112e-08,0
0,8.5167176e-07,0
1,0.9999956,1
0,7.5791786e-06,0
0,6.8822266e-07,0
0,3.1964234e-06,0
0,5.805196e-07,0
0,1.1976648e-06,0
0,0.00023633042,0
0,7.117607e-07,0
1,0.9999958,1
0,1.1976648e-06,0
0,5.4215157e-06,0
0,1.0348206e-06,0
0,2.047213e-07,0
0,0.0002818862,0
0,1.2181519e-06,0
0,8.095327e-06,0
0,5.664272e-06,0
0,1.1077066e-06,0
0,5.397535e-07,0
0,3.116114e-06,0
0,7.319245e-06,0
0,2.8807947e-06,0
0,8.836388e-07,0
1,0.99987173,1
0,3.8153466e-05,0
0,2.6064541e-05,0
0,1.8173382e-06,0
0,5.1321587e-07,0
0,6.909196e-06,0
0,8.3252144e-07,0
1,0.9999771,1
1,0.9997528,1
0,8.7399174e-05,0
0,3.477515e-06,0
0,1.251557e-05,0
0,1.4059146e-06,0
0,2.2381919e-06,0
0,7.3335827e-06,0
0,1.3357064e-07,0
0,1.803481e-06,0
0,4.886862e-07,0
0,0.0015201219,0
0,0.0005818462,0
0,1.6524583e-06,0
0,7.080756e-06,0
0,3.582388e-06,0
0,1.3446405e-06,0
0,2.7790892e-07,0
0,8.9026435e-07,0
1,0.9999167,1
1,0.99988663,1
0,5.1008365e-06,0
0,0.00028213923,0
0,4.4363616e-05,0
0,1.0121348e-06,0
0,1.7341644e-06,0
0,1.1700002e-06,0
0,0.013947728,0
0,1.555594e-06,0
0,9.661793e-07,0
0,0.00011239486,0
0,0.00091118005,0
0,2.617791e-06,0
0,2.8444646e-07,0
0,7.8120127e-07,0
0,1.1861525e-06,0
0,7.113822e-05,0
0,0.00015217211,0
0,6.7044823e-07,0
0,2.8579154e-06,0
0,0.0008523096,0
1,0.99999666,1
0,8.599739e-07,0
0,5.271531e-07,0
0,7.296799e-07,0
0,8.740959e-06,0
1,0.99998224,1
0,4.851025e-07,0
0,3.6321657e-07,0
0,1.6478677e-06,0
0,7.729914e-07,0
0,5.7087573e-06,0
0,1.4279317e-07,0
1,0.99998426,1
0,5.9810473e-06,0
0,4.125167e-07,0
0,2.5388067e-06,0
0,8.9026435e-07,0
0,7.6166083e-07,0
0,1.3707333e-07,0
0,1.5263764e-06,0
0,3.9143397e-06,0
1,0.9998636,1
0,5.5220306e-07,0
0,9.472194e-06,0
0,0.00011421242,0
0,1.9765506e-05,0
0,1.0536115e-06,0
0,1.1976648e-06,0
0,5.6114342e-05,0
0,9.5132975e-07,0
0,9.633446e-05,0
0,0.00035649978,0
0,0.0009287312,0
0,1.1976648e-06,0
0,3.210695e-05,0
0,2.8099396e-07,0
0,7.169335e-07,0
0,2.8882224e-07,0
0,4.418149e-06,0
0,0.00034026112,0
0,5.2269614e-05,0
0,1.2899287e-05,0
0,1.2916986e-06,0
0,7.097686e-07,0
0,1.5463659e-06,0
0,2.192974e-05,0
0,1.0342976e-06,0
0,1.2054661e-06,0
0,9.647907e-07,0
0,5.616603e-06,0
0,0.0019379421,0
0,1.5064174e-05,0
0,1.9872256e-05,0
0,0.00010294494,0
1,0.99993074,1
0,1.804978e-06,0
0,6.030107e-06,0
0,7.4611846e-05,0
0,2.5586505e-06,0
1,0.99935347,1
0,6.785891e-05,0
0,4.5875013e-06,0
0,8.389275e-06,0
1,0.99999154,1
0,0.00014446207,0
0,2.976927e-06,0
0,1.1700002e-06,0
0,5.079254e-06,0
0,8.8899003e-07,0
0,5.31028e-06,0
0,8.2726075e-07,0
0,9.4828175e-07,0
0,3.3249303e-06,0
0,0.00037642109,0
0,5.803425e-07,0
0,2.0473746e-05,0
0,0.0005819549,0
0,8.6833614e-05,0
0,0.0019317055,0
0,0.0004136949,0
0,7.207389e-07,0
0,0.00011214521,0
0,0.00010093898,0
0,1.8575542e-05,0
0,0.00037725345,0
0,2.1256123e-05,0
0,7.241014e-06,0
0,7.173374e-05,0
0,0.004950083,0
0,0.0002349496,0
0,1.954355e-07,0
0,4.278487e-05,0
0,2.2719014e-06,0
0,1.6747708e-05,0
0,4.4145798e-07,0
0,1.0017885e-06,0
0,1.472891e-07,0
0,1.4387086e-06,0
0,2.664943e-06,0
0,1.9995637e-06,0
0,5.465109e-07,0
0,7.2779864e-07,0
0,2.3684063e-06,0
0,8.7264176e-05,0
0,0.0030647365,0
0,1.1976648e-06,0
0,3.1775644e-06,0
0,0.00011228399,0
0,7.0212667e-07,0
0,5.0029266e-06,0
1,0.9999975,1
0,8.172253e-07,0
0,3.4512693e-06,0
0,8.791533e-05,0
0,7.0992564e-07,0
0,1.1976648e-06,0
0,6.8420784e-05,0
0,8.6648157e-07,0
0,2.4704893e-06,0
0,4.500668e-05,0
0,9.129093e-05,0
0,1.5180601e-05,0
0,4.8789598e-06,0
0,0.0003863053,0
0,6.18504e-05,0
0,7.8056974e-07,0
0,1.2653167e-06,0
1,0.9997793,1
0,1.1976648e-06,0
0,6.4308665e-07,0
0,1.788603e-05,0
0,0.00012035318,0
0,1.4387086e-06,0
0,7.246785e-07,0
0,1.1976648e-06,0
0,1.2054661e-06,0
0,5.7191523e-05,0
0,5.886428e-07,0
0,7.296799e-07,0
0,6.5927696e-07,0
0,1.2054661e-06,0
0,1.1081175e-06,0
0,0.0004086177,0
0,1.1976648e-06,0
0,2.894589e-06,0
0,3.456015e-05,0
0,1.346491e-06,0
0,1.479707e-06,0
0,0.0005274475,0
0,4.0420782e-05,0
0,2.0053003e-06,0
0,1.0702724e-05,0
0,8.633364e-07,0
0,2.1006167e-06,0
0,1.4376553e-06,0
0,4.416416e-07,0
0,6.2623724e-07,0
0,2.0469278e-07,0
0,3.5169032e-06,0
0,0.018702304,0
0,6.937442e-07,0
0,3.038863e-07,0
0,5.127374e-07,0
0,1.495511e-06,0
0,2.392716e-05,0
0,0.0002186459,0
0,1.2685355e-06,0
0,6.594782e-07,0
1,0.9996081,1
0,1.1081175e-06,0
0,7.094052e-07,0
0,5.4472713e-07,0
0,0.00022775451,0
0,8.1521773e-07,0
0,8.106251e-07,0
0,7.5238306e-05,0
0,1.6541691e-06,0
0,6.8083676e-07,0
0,0.0009304739,0
0,2.197389e-05,0
0,1.0554671e-06,0
0,8.564522e-05,0
1,0.99999285,1
0,8.8386994e-05,0
0,0.00010476263,0
0,2.4459935e-06,0
0,3.5868425e-06,0
0,3.610881e-06,0
0,9.8998455e-05,0
0,8.943243e-07,0
0,2.7247054e-07,0
0,0.00018126231,0
0,1.0237228e-06,0
0,1.2137012e-06,0
0,7.9639785e-06,0
0,0.007218811,0
0,1.0017885e-06,0
1,0.9999975,1
0,1.4681469e-06,0
0,6.925107e-07,0
0,2.7300686e-07,0
0,4.530376e-05,0
0,0.00027930492,0
0,0.0011499593,0
0,3.605881e-06,0
0,6.8495405e-07,0
1,0.999782,1
0,1.3360393e-05,0
0,2.0044181e-05,0
0,1.5849265e-06,0
0,1.2189688e-05,0
0,0.00031188142,0
0,2.2670686e-06,0
0,9.166211e-05,0
0,8.0252066e-05,0
0,1.1976648e-06,0
0,8.151816e-05,0
0,1.5461608e-06,0
0,1.2919724e-05,0
0,8.8135886e-07,0
1,0.9999949,1
0,0.00019916907,0
0,2.050274e-06,0
0,4.6226833e-06,0
0,6.488702e-07,0
0,0.00024774467,0
0,2.5059574e-06,0
0,8.565102e-05,0
0,0.0005536663,0
0,3.0470818e-07,0
0,3.4121022e-06,0
0,2.931509e-05,0
0,2.6758478e-06,0
0,1.5648803e-06,0
0,7.8642853e-07,0
0,0.00037984326,0
0,6.594782e-07,0
0,0.0002645605,0
0,1.1976648e-06,0
0,0.00061570393,0
0,4.3427946e-05,0
0,8.751207e-07,0
0,5.173177e-05,0
0,5.009053e-05,0
0,0.44792974,0
0,1.1976648e-06,0
1,0.9999397,1
0,0.00010304551,0
0,1.1328293e-06,0
0,3.2251698e-06,0
0,1.7617991e-05,0
0,4.5584466e-07,0
0,1.1500862e-06,0
0,8.836388e-07,0
0,8.9026435e-07,0
0,6.5089307e-07,0
0,3.8716707e-06,0
0,1.1976648e-06,0
0,0.00018764635,0
0,2.203267e-06,0
0,6.0710877e-06,0
0,1.9039801e-06,0
0,4.559755e-08,0
1,0.9999788,1
0,2.6759559e-05,0
0,1.6178214e-05,0
0,4.2388315e-06,0
0,3.0389865e-05,0
0,1.0860882e-05,0
0,1.4687043e-06,0
0,2.0352015e-06,0
0,3.202533e-05,0
0,5.1873144e-07,0
0,0.0003114506,0
0,1.6876297e-06,0
0,8.0784685e-07,0
0,0.0003863388,0
0,0.00019928553,0
0,1.5454076e-06,0
0,4.5438762e-07,0
0,0.00012030889,0
0,1.1312013e-06,0
0,1.2549061e-06,0
0,3.797216e-05,0
0,6.3789834e-05,0
0,7.4970217e-07,0
0,0.0004224938,0
0,3.6624172e-06,0
0,8.535684e-06,0
0,0.0022367588,0
0,9.797942e-07,0
0,4.261168e-06,0
0,1.1512066e-06,0
0,6.031765e-07,0
0,9.277877e-07,0
0,9.99301e-06,0
0,2.4400383e-06,0
0,9.74967e-07,0
0,1.393967e-06,0
0,2.4932112e-06,0
0,7.09552e-07,0
0,0.00024753172,0
0,1.6372645e-06,0
0,0.00018249254,0
0,4.6563473e-05,0
0,1.1681011e-05,0
0,1.0128881e-06,0
0,1.4048705e-06,0
0,4.7321297e-05,0
0,9.17514e-07,0
0,5.7378984e-06,0
0,2.8293915e-05,0
0,6.488689e-07,0
0,1.1861525e-06,0
0,1.4636594e-06,0
0,6.679339e-06,0
0,5.8174e-06,0
0,1.7433125e-06,0
0,6.696445e-06,0
0,3.0372196e-06,0
1,0.99869174,1
0,0.00040711474,0
0,4.2496808e-08,0
0,7.762058e-08,0
0,1.2054661e-06,0
0,1.4112974e-06,0
0,2.7592246e-06,0
0,1.933986e-05,0
0,3.1357686e-06,0
0,2.1349606e-06,0
0,8.689086e-07,0
0,3.026227e-06,0
0,1.1081175e-06,0
0,2.7684035e-05,0
0,5.8195756e-06,0
0,1.8738325e-06,0
0,0.00033552217,0
0,6.930003e-07,0
0,1.1861525e-06,0
0,0.000104168816,0
0,9.1884474e-05,0
0,2.4089903e-05,0
0,2.8790232e-06,0
0,1.9602717e-06,0
0,2.0550236e-07,0
0,5.556613e-06,0
1,0.9999957,1
0,1.5995311e-06,0
0,7.987718e-06,0
0,1.0740828e-06,0
0,5.3779033e-05,0
0,1.1229357e-06,0
0,0.00026178942,0
0,1.141109e-06,0
0,1.584113e-05,0
0,3.3801484e-06,0
0,1.4372304e-06,0
0,6.339703e-07,0
0,5.5220306e-07,0
0,1.7133659e-06,0
0,5.16431e-05,0
0,3.0922977e-06,0
0,9.9104145e-05,0
0,3.111553e-05,0
0,0.00011270159,0
0,1.2762846e-06,0
0,1.4517387e-06,0
0,2.4501898e-05,0
0,8.5553773e-07,0
0,0.00026816997,0
0,5.113851e-06,0
0,0.000726021,0
0,3.771125e-07,0
0,0.0002618878,0
0,1.1976648e-06,0
0,0.0005693324,0
0,1.4740773e-06,0
0,1.4681469e-06,0
0,0.0003531279,0
1,0.99938905,1
0,8.633364e-07,0
0,1.6551869e-05,0
0,7.373081e-07,0
0,2.3129378e-06,0
0,0.00018764635,0
0,7.72572e-05,0
0,8.7019835e-06,0
0,2.5664585e-06,0
0,0.00011422439,0
0,1.4552708e-06,0
0,7.628755e-07,0
0,1.4387086e-06,0
0,9.142555e-08,0
0,0.00022118492,0
0,1.4257779e-06,0
0,0.00023950549,0
0,1.35034725e-05,0
1,0.9999896,1
0,6.277548e-07,0
0,0.0001406478,0
0,6.160505e-08,0
0,1.8669188e-06,0
0,4.54887e-05,0
0,4.700085e-06,0
0,2.524598e-06,0
0,1.3309956e-06,0
0,2.73454e-06,0
0,8.8486235e-07,0
0,1.2753014e-06,0
0,1.2054661e-06,0
0,1.1022858e-06,0
0,0.00023253268,0
0,0.00010350226,0
0,3.595809e-06,0
0,6.6147445e-06,0
0,3.6085215e-08,0
0,4.0632497e-07,0
0,2.674432e-06,0
0,0.00018313612,0
0,3.2842752e-05,0
0,6.596735e-05,0
0,4.7582216e-05,0
0,2.826026e-05,0
0,1.6814911e-06,0
0,1.0928591e-06,0
0,8.9026435e-07,0
0,1.2842967e-06,0
0,8.633364e-07,0
0,0.00013950831,0
0,4.492279e-07,0
0,5.2352937e-07,0
0,1.804978e-06,0
0,3.8532716e-07,0
0,0.00026034896,0
1,0.99998367,1
0,2.8009794e-05,0
0,4.5678797e-05,0
0,1.7954137e-06,0
0,8.920116e-07,0
0,0.00026689717,0
1,0.99999464,1
0,7.3133936e-07,0
0,3.1730042e-06,0
0,0.00047811013,0
0,8.30002e-05,0
0,1.2302338e-05,0
0,1.1861525e-06,0
0,0.00014759351,0
0,8.106251e-07,0
0,6.7195697e-07,0
0,9.0159824e-07,0
0,7.443312e-05,0
0,1.2719917e-06,0
1,0.9999833,1
0,0.00019292287,0
0,1.1512066e-06,0
0,1.0973624e-06,0
0,1.2147527e-06,0
1,0.9999678,1
0,4.3025375e-06,0
0,8.0569646e-07,0
0,9.505498e-07,0
0,1.1273362e-06,0
0,1.636097e-05,0
0,2.44634e-05,0
0,5.860857e-07,0
0,0.00044104643,0
0,8.8135886e-07,0
0,0.00051986845,0
0,9.647907e-07,0
0,0.00012611582,0
0,0.0007815113,0
0,8.934653e-08,0
0,2.7978451e-06,0
0,0.0026171382,0
1,0.9999491,1
0,3.6325342e-05,0
0,6.4308665e-07,0
0,5.440991e-06,0
0,0.00016240917,0
0,8.531346e-05,0
0,0.00013239613,0
0,5.449596e-06,0
0,1.8038569e-05,0
0,1.4387086e-06,0
0,1.1976648e-06,0
0,5.999442e-05,0
0,1.1976648e-06,0
0,6.909071e-07,0
0,3.1855018e-06,0
0,1.0606343e-06,0
0,0.00029092593,0
0,1.3345914e-06,0
0,8.758179e-07,0
0,1.1225931e-06,0
0,5.7761714e-05,0
0,3.3801484e-06,0
0,0.00011422341,0
0,1.6180431e-06,0
0,7.820816e-07,0
0,2.6961764e-06,0
0,1.7477039e-06,0
0,1.1861525e-06,0
0,7.7025913e-07,0
0,8.490184e-07,0
0,8.599739e-07,0
0,6.339523e-05,0
0,6.559887e-05,0
0,9.3994906e-08,0
0,1.7145123e-05,0
0,3.0968013e-06,0
0,3.532046e-05,0
0,0.0004946037,0
0,1.1376153e-05,0
0,1.2511325e-06,0
0,5.5877317e-06,0
0,3.8090355e-05,0
0,1.5081836e-06,0
0,8.339287e-07,0
0,3.4137065e-06,0
0,4.6728284e-05,0
0,3.6312387e-05,0
0,7.884885e-07,0
0,3.555127e-06,0
0,2.253224e-06,0
0,0.0031908615,0
0,2.443084e-06,0
0,0.00024284264,0
0,5.865124e-07,0
0,8.8135886e-07,0
0,1.0993808e-06,0
0,9.0678256e-08,0
0,0.00011441407,0
0,4.8349198e-06,0
0,0.00034201227,0
0,1.393967e-06,0
0,2.4459935e-06,0
0,8.2726075e-07,0
0,0.0002187656,0
0,0.001740184,0
0,1.7954137e-06,0
0,1.1081175e-06,0
1,0.999895,1
0,2.6844154e-06,0
0,1.1229357e-06,0
0,5.2352937e-07,0
0,8.336668e-05,0
0,6.149046e-06,0
0,1.5543645e-05,0
0,0.0008428475,0
0,2.5482086e-06,0
0,6.354691e-05,0
0,6.887782e-07,0
0,1.22115625e-05,0
0,4.6563473e-05,0
0,1.3047801e-06,0
0,1.0130648e-06,0
0,5.343476e-07,0
0,2.0636721e-06,0
0,4.951423e-07,0
0,1.2054661e-06,0
0,8.9026435e-07,0
0,4.860898e-06,0
0,1.1708574e-06,0
0,4.3350403e-05,0
0,1.4176252e-06,0
0,9.78111e-07,0
0,8.1065605e-07,0
0,8.6267255e-06,0
0,0.00034556224,0
1,0.999871,1
0,4.6574726e-07,0
0,0.0002245889,0
0,8.172253e-07,0
0,2.0695256e-06,0
0,1.5924103e-05,0
0,1.5175733e-06,0
0,9.4109777e-07,0
0,1.143245e-06,0
0,0.000713743,0
0,1.1976648e-06,0
0,1.5263764e-06,0
0,1.2802886e-05,0
0,1.6768105e-07,0
0,1.4669948e-05,0
0,2.556982e-06,0
0,4.2061897e-06,0
0,7.4938407e-07,0
0,1.854738e-05,0
0,1.7719432e-07,0
0,2.5435274e-06,0
0,1.581683e-07,0
0,3.1251582e-06,0
0,2.984708e-07,0
0,3.717817e-08,0
0,1.804978e-06,0
0,1.3924376e-06,0
0,4.0286362e-05,0
0,0.0010117481,0
0,4.524643e-06,0
0,3.386213e-05,0
0,1.1700002e-06,0
0,1.7659764e-07,0
0,6.155431e-07,0
0,1.0717836e-06,0
0,7.815075e-05,0
0,2.4683181e-06,0
0,3.6898946e-05,0
0,0.00015252193,0
0,2.8871153e-07,0
0,1.5461608e-06,0
0,1.520817e-07,0
0,1.7178324e-06,0
0,2.09671e-06,0
0,4.5780576e-05,0
0,2.4522094e-05,0
0,7.296799e-07,0
0,0.00014008365,0
0,8.9026435e-07,0
0,2.086425e-05,0
0,9.0250836e-07,0
0,3.6490124e-05,0
0,1.5637792e-07,0
0,1.188459e-06,0
1,0.99999285,1
0,0.00044520842,0
0,1.44372e-06,0
0,8.5167176e-07,0
0,0.0017622279,0
0,7.4244167e-06,0
0,8.577574e-07,0
0,9.353053e-05,0
0,3.3861043e-06,0
0,2.548805e-05,0
0,8.577574e-07,0
0,0.00011972204,0
0,5.21965e-07,0
0,8.501154e-07,0
0,0.0021116151,0
0,8.2800744e-07,0
0,1.6545304e-06,0
0,1.1976648e-06,0
0,1.1976648e-06,0
1,0.99999475,1
0,1.2511503e-06,0
0,6.0513605e-07,0
0,2.3728604e-05,0
0,2.2013432e-06,0
0,1.1081175e-06,0
0,5.5077936e-07,0
0,2.2381919e-06,0
0,0.08299742,0
0,9.950918e-07,0
0,5.2706866e-08,0
0,0.00019191472,0
1,0.999977,1
0,1.5789095e-05,0
0,1.2670881e-06,0
0,0.00013081782,0
0,2.0436702e-05,0
0,0.00023670633,0
0,0.0056173163,0
0,6.198617e-07,0
0,9.907806e-06,0
0,1.6362686e-05,0
0,6.3455883e-07,0
0,2.0385348e-06,0
0,0.00044852015,0
0,2.2577955e-05,0
0,7.44119e-05,0
0,7.820816e-07,0
0,1.5367863e-06,0
0,8.633364e-07,0
0,2.0232697e-05,0
0,4.9425285e-05,0
0,1.502932e-05,0
0,4.3102254e-06,0
0,3.1251582e-06,0
0,9.4334166e-05,0
1,0.99995756,1
0,2.9806085e-06,0
0,2.915476e-07,0
0,8.5762827e-07,0
0,6.126476e-07,0
0,7.1359515e-05,0
0,0.00018658658,0
0,7.30067e-07,0
0,3.4633988e-05,0
0,1.548535e-05,0
0,2.0594787e-05,0
0,0.00058895815,0
0,8.714638e-07,0
1,0.99959296,1
0,0.00031419794,0
0,1.5646277e-05,0
0,7.0992564e-07,0
0,3.6466678e-05,0
0,0.00011185535,0
0,6.0615025e-07,0
0,0.00038123285,0
0,3.0101685e-06,0
0,9.674245e-05,0
0,1.1555095e-06,0
0,1.4379419e-06,0
0,1.8436736e-05,0
0,2.8520242e-07,0
0,1.1976648e-06,0
0,9.539408e-07,0
0,4.1717147e-05,0
0,1.2054661e-06,0
0,1.0112665e-05,0
0,1.1342205e-06,0
1,0.9999975,1
0,0.00079639524,0
0,0.0004224938,0
0,1.3962941e-06,0
0,8.057625e-07,0
0,3.075088e-06,0
0,7.5791786e-06,0
0,1.2054661e-06,0
0,0.00011990414,0
0,9.911e-05,0
0,4.3427946e-05,0
0,1.2849434e-06,0
0,3.4034508e-06,0
0,5.4158313e-06,0
0,1.6298535e-06,0
0,1.3982329e-06,0
0,9.1697785e-07,0
0,0.0001978089,0
0,3.289067e-05,0
0,0.00015185382,0
0,9.4109777e-07,0
0,4.102227e-06,0
0,8.2800744e-07,0
0,0.00043378072,0
0,1.8702798e-06,0
0,1.1343254e-06,0
0,6.5927696e-07,0
0,1.4180918e-06,0
0,3.568227e-05,0
0,9.26541e-07,0
0,8.944139e-06,0
1,0.99999046,1
0,0.00011519055,0
0,9.063313e-08,0
0,6.15414e-05,0
0,1.1810449e-06,0
0,0.0032328335,0
0,5.7304584e-05,0
0,1.1401941e-06,0
0,1.0521185e-06,0
0,1.1779662e-06,0
0,6.2186205e-05,0
0,3.0167728e-05,0
0,1.1002882e-06,0
0,0.00035297577,0
0,5.595569e-05,0
0,4.7168473e-06,0
0,1.2485352e-06,0
0,8.461198e-07,0
0,1.7524088e-05,0
0,1.5191704e-06,0
0,0.0002010492,0
0,1.1681011e-05,0
1,0.99988115,1
0,5.209299e-06,0
0,3.4385937e-07,0
0,4.2827155e-06,0
0,4.6214882e-05,0
0,2.12228e-07,0
1,0.9999808,1
0,0.00039454628,0
0,3.5375713e-05,0
0,1.2054661e-06,0
0,2.021773e-05,0
0,2.4876963e-05,0
0,1.0785293e-06,0
0,1.159713e-05,0
0,7.669756e-05,0
0,3.558132e-06,0
0,0.00014304761,0
0,1.6991166e-06,0
0,3.4700283e-06,0
0,9.276939e-07,0
0,1.3625709e-06,0
0,3.771125e-07,0
0,1.20750965e-05,0
0,0.00030345327,0
0,0.00029802351,0
0,7.406528e-07,0
0,0.000100448415,0
0,9.1880906e-07,0
0,0.0002452869,0
0,1.1081175e-06,0
0,1.9115382e-07,0
0,9.283631e-07,0
0,1.0620641e-05,0
0,7.117607e-07,0
0,1.2054661e-06,0
0,0.0001309812,0
0,0.00015483318,0
0,1.5614592e-06,0
0,3.3247845e-06,0
0,1.0861431e-05,0
0,1.3497707e-06,0
0,0.004967715,0
0,7.7054864e-07,0
0,1.5508452e-06,0
0,3.4121022e-06,0
0,1.0369238e-06,0
1,0.9999511,1
0,0.00010945043,0
0,0.00031082466,0
0,8.172253e-07,0
0,8.336668e-05,0
0,9.832035e-06,0
0,2.5002735e-05,0
0,2.4841568e-06,0
0,1.1508553e-06,0
0,1.4313938e-05,0
0,1.0130117e-06,0
1,0.9880639,1
0,1.03135135e-05,0
0,1.0399943e-07,0
0,8.589025e-05,0
0,6.3143125e-07,0
0,1.4050902e-06,0
0,2.6771522e-06,0
0,1.1861525e-06,0
0,1.2054661e-06,0
0,1.1026002e-06,0
0,1.3832358e-05,0
0,1.2685355e-06,0
0,7.1230266e-07,0
0,4.1349114e-07,0
0,0.0001170886,0
0,6.306252e-06,0
0,1.625853e-06,0
0,1.5235277e-05,0
0,7.2779864e-07,0
0,3.1894215e-05,0
0,1.9127888e-06,0
0,3.35266e-05,0
0,9.647907e-07,0
0,2.2013432e-06,0
0,2.3530056e-05,0
0,2.3619125e-06,0
0,0.0022208695,0
0,2.8607622e-06,0
1,0.9999958,1
0,1.1323498e-06,0
0,8.2550565e-07,0
0,1.1229357e-06,0
0,1.6647137e-06,0
0,1.393967e-06,0
0,1.2054661e-06,0
0,9.001815e-06,0
0,1.491365e-06,0
0,2.498743e-05,0
0,2.4719081e-06,0
0,3.8038932e-06,0
0,4.0669665e-06,0
0,1.0977706e-06,0
0,0.00028477874,0
0,5.343917e-05,0
1,0.9999865,1
0,9.845958e-07,0
0,1.9885094e-06,0
0,0.00022173772,0
0,3.209718e-05,0
0,8.106251e-07,0
0,5.200449e-06,0
0,1.0925557e-06,0
0,1.0299814e-06,0
0,1.4909697e-06,0
0,0.00019014861,0
0,8.131172e-05,0
0,1.2406304e-06,0
0,3.8911214e-05,0
0,4.8821454e-05,0
0,0.000115712384,0
1,0.9999796,1
0,3.7970167e-05,0
0,4.1770486e-06,0
0,8.018935e-06,0
0,9.129738e-05,0
0,1.0485355e-06,0
0,2.5573013e-06,0
0,2.4596762e-05,0
0,6.2553234e-05,0
0,1.1861525e-06,0
0,1.1081175e-06,0
0,2.78051e-06,0
0,1.1081175e-06,0
0,1.1577928e-06,0
0,0.00020693406,0
0,1.1229357e-06,0
0,0.00014246118,0
0,6.7246096e-06,0
0,1.2685355e-06,0
0,3.170055e-06,0
0,3.6744236e-06,0
0,8.654834e-06,0
1,0.99998856,1
0,8.577574e-07,0
0,6.5927696e-07,0
0,1.1762744e-06,0
0,1.3276488e-05,0
0,3.0405112e-05,0
0,0.0007482198,0
0,3.251479e-06,0
0,2.6577122e-06,0
0,7.820816e-07,0
0,8.0731255e-08,0
0,4.2432822e-07,0
0,1.7462011e-06,0
0,2.1356775e-06,0
0,1.4681469e-06,0
0,0.00028304989,0
1,0.99984074,1
0,9.804376e-05,0
0,6.506601e-05,0
0,6.277548e-07,0
0,1.164504e-05,0
0,2.120788e-06,0
1,0.99998426,1
0,7.7770776e-05,0
0,9.265684e-07,0
0,1.4221314e-07,0
0,2.1006167e-06,0
0,7.2779864e-07,0
0,2.2932122e-06,0
0,9.02066e-06,0
0,8.676543e-08,0
0,9.4109777e-07,0
0,9.486033e-06,0
0,1.963559e-06,0
0,6.6578046e-08,0
0,1.7985629e-05,0
0,5.374395e-07,0
0,1.990361e-06,0
0,3.9817382e-07,0
0,5.1662853e-05,0
0,1.47068995e-05,0
0,1.4740773e-06,0
0,0.0033997078,0
0,1.1861525e-06,0
0,1.7376459e-06,0
0,1.1508553e-06,0
0,1.2555199e-05,0
0,6.2794646e-07,0
0,3.1838556e-06,0
0,2.6216754e-05,0
0,7.0873165e-07,0
0,4.933714e-07,0
0,1.0250548e-07,0
0,2.5557762e-05,0
0,2.9660619e-06,0
1,0.99997294,1
1,0.9999957,1
0,9.576429e-06,0
0,1.5363584e-06,0
0,1.1976648e-06,0
0,4.990761e-07,0
0,4.9601795e-06,0
0,1.13855e-06,0
0,0.00036275949,0
0,1.0982703e-05,0
0,6.133742e-06,0
0,0.00038831853,0
0,0.0034457354,0
0,2.4841568e-06,0
0,5.6115838e-05,0
0,8.633364e-07,0
0,0.0013901825,0
0,0.00015852567,0
0,1.46266975e-05,0
0,5.7626425e-05,0
0,2.1286603e-06,0
0,4.0952472e-07,0
0,1.0869472e-05,0
0,1.0000971e-06,0
0,0.00090987404,0
0,4.7912135e-06,0
0,1.3216154e-05,0
1,0.9999975,1
0,1.8703675e-07,0
0,5.973928e-07,0
0,1.0383636e-06,0
0,1.5191704e-06,0
0,3.3926779e-07,0
0,1.1756542e-06,0
0,3.9709907e-06,0
0,1.4503588e-07,0
0,9.197985e-05,0
0,1.111709e-06,0
0,0.00015916272,0
0,1.1240059e-05,0
0,2.2550263e-05,0
0,2.9888006e-06,0
0,0.00030194598,0
0,3.694593e-06,0
0,1.1976648e-06,0
0,1.7412622e-06,0
0,1.3689904e-05,0
0,3.6216665e-05,0
1,0.99997604,1
0,0.00013319222,0
0,7.2779864e-07,0
0,1.29791115e-05,0
0,8.440159e-05,0
0,1.6766537e-06,0
0,1.1976648e-06,0
0,2.5465713e-06,0
0,2.7622627e-06,0
0,9.117763e-07,0
0,4.978431e-07,0
0,0.00035649978,0
0,5.403499e-07,0
0,7.7536737e-07,0
0,8.633364e-07,0
0,0.00023565764,0
0,0.00027005785,0
0,0.00011650378,0
0,0.00032069336,0
0,1.1022858e-06,0
0,1.1358259e-06,0
0,1.4498336e-06,0
0,9.8714896e-05,0
0,1.1861525e-06,0
0,5.540796e-06,0
0,0.00012313775,0
0,1.8088846e-06,0
0,0.00052320433,0
0,2.7545448e-06,0
0,5.213759e-05,0
0,9.246671e-05,0
0,4.5385494e-07,0
0,1.2685355e-06,0
0,0.00016368384,0
0,1.1078671e-06,0
0,8.016648e-06,0
0,3.9518112e-05,0
1,0.99997985,1
1,0.999835,1
0,4.5354165e-05,0
0,0.00031514894,0
0,4.7546173e-06,0
0,4.7997848e-05,0
0,7.0992564e-07,0
0,0.0010410368,0
1,0.99998,1
0,2.4115277e-05,0
0,0.00026069695,0
0,8.057625e-07,0
0,0.0011087608,0
0,5.3415733e-05,0
0,1.3089578e-06,0
1,0.9999455,1
0,0.00023653352,0
0,3.2950245e-06,0
0,1.1963908e-06,0
0,3.645013e-05,0
0,3.677733e-05,0
0,1.8697519e-06,0
0,2.4989838e-06,0
0,2.6187323e-07,0
0,2.9618492e-05,0
0,1.4352702e-05,0
0,3.4553627e-06,0
0,5.9456456e-06,0
0,6.1431274e-07,0
0,6.0044163e-06,0
0,0.0032077513,0
0,8.172058e-07,0
0,3.4463872e-07,0
0,4.4247128e-07,0
0,7.2779864e-07,0
0,9.4817566e-05,0
0,6.927201e-06,0
0,0.00016339721,0
0,8.2726075e-07,0
0,8.460028e-07,0
0,1.5881266e-06,0
0,1.0274542e-06,0
0,1.2442914e-05,0
0,1.4207789e-06,0
0,6.753523e-05,0
0,5.217688e-05,0
0,0.16869329,0
0,0.0009582452,0
0,1.1201602e-06,0
0,4.8094976e-06,0
0,3.2182568e-06,0
0,2.4529237e-07,0
0,2.3745977e-07,0
0,1.2239276e-06,0
0,1.0425917e-06,0
0,1.0891114e-06,0
0,5.9436223e-07,0
0,9.4039706e-07,0
0,5.21965e-07,0
0,3.7141183e-06,0
0,6.943948e-07,0
0,4.0646823e-06,0
0,1.0861431e-05,0
0,5.492786e-05,0
0,1.1861525e-06,0
0,5.8812042e-05,0
0,3.526095e-06,0
0,3.758358e-05,0
0,1.3097495e-06,0
0,1.395844e-06,0
0,2.2140641e-06,0
0,8.660668e-07,0
0,1.6416783e-06,0
0,1.0485566e-06,0
0,5.091472e-07,0
0,5.359217e-05,0
0,8.75812e-07,0
0,8.8408315e-06,0
0,2.0474074e-06,0
0,0.0002733808,0
0,0.00012822698,0
0,1.804978e-06,0
0,0.00020974065,0
0,3.6811334e-06,0
0,3.8961534e-06,0
0,2.3437844e-06,0
0,6.8021563e-07,0
0,1.13347205e-05,0
0,8.339452e-06,0
0,1.5769097e-05,0
0,1.1787022e-06,0
0,8.046897e-07,0
0,1.3417008e-06,0
0,7.263134e-07,0
1,0.99999106,1
0,0.0005714004,0
0,1.0186052e-06,0
0,0.0001691791,0
0,1.1976648e-06,0
0,8.633364e-07,0
0,7.997955e-07,0
0,1.0485445e-06,0
0,1.2235437e-06,0
0,1.146538e-06,0
0,6.888478e-07,0
0,9.581549e-07,0
0,1.8946481e-06,0
0,6.413063e-07,0
0,7.102582e-07,0
0,0.00048693398,0
0,1.1976648e-06,0
0,2.203267e-06,0
0,3.3857168e-06,0
1,0.99979085,1
0,1.1229357e-06,0
0,8.307568e-07,0
0,1.3749049e-06,0
0,5.5383727e-05,0
0,0.00010240048,0
0,2.4933777e-06,0
0,0.00035259305,0
0,8.172253e-07,0
0,8.3905625e-06,0
0,2.2248971e-06,0
0,4.4446617e-05,0
0,8.795779e-07,0
0,2.957134e-06,0
0,1.3703207e-06,0
0,1.1022858e-06,0
0,8.3677753e-07,0
0,1.0343115e-06,0
0,5.9509666e-06,0
1,0.99999285,1
0,9.4109777e-07,0
1,0.9998654,1
0,7.8941986e-07,0
0,6.4308665e-07,0
0,1.1633745e-06,0
1,0.99996805,1
0,2.4509993e-07,0
0,8.8408315e-06,0
0,4.373682e-06,0
0,1.1479362e-06,0
0,3.4340555e-06,0
0,6.336777e-07,0
0,0.0005735475,0
0,1.4883621e-05,0
0,3.533137e-06,0
0,2.057584e-06,0
0,8.551201e-07,0
0,9.586394e-07,0
0,5.3583126e-06,0
0,4.103612e-06,0
0,7.820816e-07,0
0,0.00023189548,0
0,1.0012693e-07,0
0,1.1976648e-06,0
0,1.7850041e-05,0
0,6.251367e-06,0
0,0.0008202619,0
0,9.624455e-07,0
0,8.974205e-07,0
0,5.604317e-08,0
0,8.9026435e-07,0
0,8.167056e-07,0
0,4.2061897e-06,0
0,9.767895e-06,0
0,0.00021096792,0
0,7.2779864e-07,0
0,2.3193868e-05,0
0,1.0549841e-06,0
0,3.8085395e-06,0
0,9.083827e-07,0
0,1.0490452e-05,0
0,4.8085614e-08,0
0,5.5077936e-07,0
0,1.5485559e-06,0
0,2.4089903e-05,0
0,7.2779864e-07,0
0,9.4181374e-08,0
0,5.886428e-07,0
0,3.288224e-05,0
0,6.60086e-07,0
0,1.6974501e-06,0
0,1.2511503e-06,0
0,1.1344129e-05,0
0,1.3574426e-06,0
0,0.00031853572,0
0,5.8641126e-05,0
0,2.7099031e-06,0
0,7.2779864e-07,0
0,9.265684e-07,0
0,1.4461052e-06,0
0,9.91949e-07,0
0,0.046893228,0
0,0.0002615656,0
0,7.8656575e-07,0
0,2.1214232e-06,0
0,4.165637e-07,0
0,7.715061e-08,0
0,1.3097495e-06,0
0,6.383941e-06,0
1,0.999982,1
0,0.00046688123,0
0,8.4927757e-07,0
0,7.763769e-05,0
0,7.09552e-07,0
0,1.5730575e-06,0
0,7.971161e-08,0
0,1.015152e-06,0
0,1.0851861e-06,0
0,0.00034352034,0
1,0.99965954,1
0,1.648492e-07,0
0,0.000111809924,0
0,2.273048e-05,0
0,2.477022e-06,0
0,8.5167176e-07,0
0,1.1861525e-06,0
0,0.00029889907,0
0,0.0003424155,0
0,1.2054661e-06,0
0,4.632727e-05,0
0,3.8255188e-05,0
0,5.973928e-07,0
0,2.0539023e-06,0
0,2.997361e-06,0
0,5.943616e-06,0
0,4.7626995e-06,0
0,2.45338e-07,0
0,7.689397e-06,0
0,8.4927757e-07,0
0,3.044606e-06,0
0,2.7110018e-06,0
0,1.2054661e-06,0
0,8.307568e-07,0
0,1.2054661e-06,0
0,0.00014677923,0
0,7.986057e-07,0
0,1.7126176e-06,0
0,4.2399128e-07,0
0,2.540439e-06,0
0,9.269096e-07,0
0,7.09552e-07,0
0,8.490184e-07,0
0,0.023535175,0
0,1.3211617e-06,0
0,2.2638665e-06,0
0,6.81027e-07,0
0,1.2054661e-06,0
0,4.7872993e-07,0
0,6.162556e-07,0
0,6.769154e-08,0
0,1.1976648e-06,0
0,3.9149425e-05,0
0,4.928052e-07,0
0,4.20777e-05,0
0,7.2688345e-05,0
0,1.1756542e-06,0
0,1.1976648e-06,0
0,1.1860112e-06,0
0,5.943616e-06,0
0,1.4443492e-05,0
0,3.1511786e-07,0
0,8.188854e-06,0
0,6.0685365e-05,0
0,2.5591166e-06,0
0,8.979032e-05,0
0,2.7230864e-05,0
0,1.3575461e-06,0
0,1.97536e-06,0
0,6.087508e-07,0
0,1.1333956e-06,0
0,1.1028768e-06,0
0,5.460998e-07,0
0,3.0500987e-06,0
0,0.000783166,0
0,8.633364e-07,0
0,6.772813e-05,0
0,7.680617e-05,0
1,0.9998472,1
0,1.1671384e-06,0
0,9.633446e-05,0
0,5.865124e-07,0
0,1.1081175e-06,0
0,1.9090283e-05,0
0,3.403794e-07,0
0,9.233197e-07,0
0,0.00012679615,0
0,2.9807657e-07,0
0,8.1396596e-05,0
0,1.5614592e-06,0
0,8.633364e-07,0
0,0.000198639,0
0,1.4387086e-06,0
0,1.2998206e-07,0
0,1.1459357e-06,0
0,1.4542733e-06,0
0,0.00071229256,0
0,3.4121022e-06,0
0,8.4927757e-07,0
0,1.2511503e-06,0
0,1.1861525e-06,0
0,9.083184e-05,0
0,9.74967e-07,0
0,1.1976648e-06,0
0,3.743092e-05,0
0,5.0627536e-06,0
0,4.5780576e-05,0
0,3.1411574e-07,0
0,4.951673e-07,0
0,0.00021825121,0
0,9.2888826e-07,0
0,2.4631356e-06,0
0,5.288402e-06,0
0,1.9079177e-07,0
0,0.0005345838,0
0,1.3575461e-06,0
0,0.00010813232,0
0,8.633364e-07,0
0,2.1573721e-06,0
0,0.00018717781,0
0,6.9283044e-07,0
0,1.7825447e-06,0
0,4.438668e-05,0
0,1.9056064e-07,0
0,1.4606443e-05,0
0,0.00026748638,0
0,1.3059092e-06,0
0,5.2709143e-05,0
0,8.633364e-07,0
0,2.3409645e-07,0
1,0.9999045,1
0,1.1976648e-06,0
0,0.00036140843,0
0,1.4541814e-05,0
0,3.260514e-05,0
0,6.439139e-07,0
0,1.9856043e-06,0
0,1.041134e-06,0
0,2.9245814e-06,0
0,2.2767795e-06,0
0,0.00085000176,0
0,3.6128788e-06,0
0,0.0006345662,0
0,8.8289935e-06,0
0,2.3313785e-06,0
0,0.0003471139,0
0,8.5167176e-07,0
0,1.8718516e-06,0
0,2.7969913e-06,0
0,2.4183217e-05,0
0,0.0006119527,0
0,6.5528593e-07,0
0,2.9587025e-06,0
0,6.640385e-07,0
0,8.633364e-07,0
0,6.1431274e-07,0
0,0.00026520324,0
0,6.1050133e-07,0
0,1.3805631e-05,0
0,0.000120678524,0
0,4.824736e-07,0
0,3.6811334e-06,0
0,1.8494127e-05,0
0,1.4681469e-06,0
0,1.0476326e-05,0
0,1.0017885e-06,0
1,0.99983203,1
0,1.107679e-06,0
0,4.3266977e-05,0
0,0.00029956666,0
0,6.851271e-05,0
1,0.9998628,1
0,2.406405e-05,0
0,2.5490885e-06,0
0,3.6898075e-07,0
1,0.99934524,1
0,3.4424465e-05,0
0,0.00040313168,0
0,3.6138056e-06,0
0,1.5947993e-05,0
0,1.9047809e-06,0
0,1.8335772e-06,0
1,0.9999958,1
0,7.4623727e-06,0
0,1.1525984e-06,0
0,7.974315e-06,0
0,1.6629381e-06,0
0,4.868853e-05,0
0,5.640781e-05,0
0,7.169335e-07,0
0,3.4973255e-05,0
0,1.1976648e-06,0
0,8.2780446e-07,0
0,6.1431274e-07,0
0,7.810941e-06,0
0,1.1783785e-06,0
0,2.6685018e-05,0
0,7.8900666e-07,0
0,5.5077936e-07,0
0,3.944597e-05,0
0,3.0293916e-06,0
0,6.968461e-07,0
0,1.1976648e-06,0
0,2.3707112e-06,0
1,0.9999732,1
0,1.1976648e-06,0
0,1.8949083e-06,0
0,5.144884e-05,0
0,3.4121022e-06,0
0,1.4681469e-06,0
0,2.686472e-06,0
0,6.287679e-05,0
0,5.9663435e-06,0
0,8.681647e-05,0
0,6.688122e-06,0
0,0.0049987803,0
1,0.99981815,1
0,2.144666e-06,0
0,2.3127725e-06,0
0,0.0029820774,0
0,1.3097495e-06,0
0,2.7272758e-05,0
0,0.00016679983,0
0,2.1972151e-05,0
0,4.3772147e-07,0
0,8.9694134e-07,0
0,0.00013719403,0
0,2.2142078e-06,0
0,7.296799e-07,0
1,0.99977344,1
0,0.002794406,0
0,0.0001795831,0
0,2.2225495e-06,0
0,1.3720611e-06,0
0,3.6081325e-05,0
0,6.1764054e-05,0
0,2.5413468e-05,0
0,1.3575461e-06,0
0,1.7219663e-05,0
0,1.1206645e-06,0
0,7.1448912e-06,0
0,0.00058200536,0
0,4.625585e-06,0
0,2.3809955e-06,0
0,1.3208341e-06,0
0,8.101468e-07,0
0,9.639514e-08,0
0,0.00017170001,0
0,8.633364e-07,0
0,1.1976648e-06,0
0,3.4121022e-06,0
0,0.0003019428,0
0,7.7108025e-06,0
0,4.3851975e-05,0
0,0.0008337624,0
0,7.351615e-05,0
0,1.4562162e-06,0
0,2.1613161e-05,0
0,3.1775644e-06,0
0,1.7158873e-06,0
0,1.1861525e-06,0
0,3.2134267e-06,0
0,2.1195447e-06,0
0,4.25487e-06,0
0,1.4679257e-06,0
0,4.338748e-06,0
0,0.00013143687,0
0,8.000831e-07,0
0,0.00010663245,0
0,1.03684705e-07,0
0,3.3361266e-06,0
0,1.1734985e-05,0
0,5.299871e-05,0
0,8.633364e-07,0
0,3.4584848e-06,0
0,1.7175081e-06,0
0,6.4767e-05,0
0,1.5929427e-06,0
0,1.1969857e-05,0
0,6.380528e-05,0
0,0.0007839989,0
0,5.949957e-07,0
0,0.03097978,0
0,4.413233e-07,0
0,1.1726734e-06,0
0,8.155202e-06,0
0,4.2652755e-05,0
0,2.0869464e-05,0
0,0.00038123285,0
0,0.0006828285,0
0,5.595761e-05,0
0,4.868853e-05,0
0,0.00017231112,0
0,0.0045930767,0
0,0.00019774177,0
0,6.594782e-07,0
0,1.0485445e-06,0
0,7.8941986e-07,0
0,1.1976648e-06,0
0,2.968803e-05,0
0,6.497658e-06,0
0,4.499415e-06,0
0,2.9221226e-06,0
0,9.8059376e-05,0
0,4.010717e-06,0
0,6.9655703e-06,0
0,5.94161e-07,0
0,4.564542e-06,0
0,6.910468e-07,0
0,5.7253346e-05,0
0,5.339459e-06,0
0,5.452133e-05,0
0,1.6056076e-06,0
0,9.209882e-06,0
1,0.99999213,1
0,2.5388067e-06,0
0,1.9476455e-07,0
0,0.00024341242,0
1,0.9999732,1
0,7.1311763e-07,0
0,0.00014748774,0
0,1.6814911e-06,0
0,1.5117043e-06,0
0,0.0015335878,0
0,1.1312013e-06,0
0,8.041956e-07,0
0,5.7996123e-05,0
0,7.2779864e-07,0
0,7.1702425e-06,0
0,9.647907e-07,0
0,0.00029836895,0
0,0.00023181789,0
0,8.53332e-07,0
0,0.00041254968,0
0,1.2054661e-06,0
0,1.813715e-05,0
0,1.1222868e-05,0
0,2.4683181e-06,0
0,5.886428e-07,0
0,6.000324e-07,0
0,1.29791115e-05,0
0,1.0062592e-05,0
0,7.2688345e-05,0
0,8.92215e-07,0
0,7.366549e-05,0
0,9.651367e-07,0
0,1.2658104e-06,0
0,1.1959942e-05,0
0,1.1081175e-06,0
0,3.3961118e-05,0
0,1.2354753e-06,0
0,6.523811e-06,0
0,1.5461608e-06,0
0,1.1081175e-06,0
0,5.925085e-05,0
0,0.00025083308,0
0,1.2248302e-06,0
0,8.633364e-07,0
0,1.878954e-06,0
0,1.2546489e-06,0
0,1.2919724e-05,0
0,5.2627478e-05,0
0,0.00013462898,0
0,2.2553525e-06,0
0,0.010137171,0
0,0.00025630635,0
0,2.6792695e-06,0
0,1.2054661e-06,0
0,0.00021266742,0
0,5.128074e-07,0
0,5.0538633e-06,0
0,4.39509e-06,0
0,1.770848e-05,0
0,0.00016419282,0
0,6.226323e-05,0
0,1.0629608e-05,0
0,1.0485355e-06,0
0,0.00012484893,0
0,0.0006090652,0
0,4.307836e-07,0
0,2.2898969e-06,0
0,3.4034508e-06,0
0,1.393967e-06,0
0,1.5822806e-06,0
0,4.7436013e-05,0
0,9.624455e-07,0
0,0.00016635985,0
0,2.259238e-06,0
0,9.54677e-07,0
0,3.9466027e-05,0
0,4.229919e-06,0
0,0.0006555145,0
0,3.477515e-06,0
0,1.7867945e-06,0
0,0.00028894783,0
0,2.7040378e-06,0
0,1.0012326e-06,0
0,1.8598248e-06,0
0,1.1344129e-05,0
0,8.42492e-06,0
0,0.00032982146,0
0,8.3572803e-07,0
0,4.6426743e-07,0
0,4.5685763e-05,0
0,7.117607e-07,0
0,0.00020573768,0
0,0.00014155732,0
0,1.5263764e-06,0
0,0.0005823059,0
0,8.9026435e-07,0
0,1.1189098e-06,0
0,1.330861e-06,0
0,1.1437783e-06,0
0,5.438691e-07,0
0,2.2013432e-06,0
1,0.9985574,1
0,1.3450997e-06,0
0,1.2945559e-06,0
0,4.5310762e-07,0
0,6.1431274e-07,0
0,2.5886926e-05,0
0,5.9350434e-05,0
0,2.6329428e-05,0
0,0.00011867521,0
0,1.1747088e-05,0
0,8.440148e-07,0
0,2.1006167e-06,0
0,7.680617e-05,0
0,0.00027091714,0
0,0.00014574746,0
0,3.0465549e-06,0
0,0.000920009,0
0,0.0003392282,0
0,5.4635296e-07,0
0,1.0458318e-05,0
0,1.1491685e-06,0
0,2.0619607e-06,0
0,1.1976648e-06,0
0,5.9973197e-05,0
0,1.5649695e-05,0
0,1.0575352e-05,0
0,5.448487e-07,0
0,1.3152683e-06,0
0,1.1893562e-05,0
0,8.758123e-06,0
0,1.0184168e-06,0
0,2.8298284e-05,0
0,4.0911975e-05,0
0,7.882839e-07,0
0,6.815988e-07,0
0,9.622109e-06,0
0,1.00713e-05,0
0,8.9026435e-07,0
0,4.871214e-06,0
0,2.9954892e-06,0
0,0.00015299984,0
0,4.3434576e-07,0
0,4.585774e-05,0
0,4.307795e-07,0
0,1.3005237e-07,0
0,1.8088846e-06,0
0,7.0962983e-07,0
0,7.941658e-06,0
0,0.00020654945,0
0,0.00017874636,0
0,0.00012674948,0
0,9.814049e-06,0
0,9.085491e-07,0
0,2.8815255e-06,0
0,0.000104356826,0
0,2.7507617e-06,0
0,1.1861525e-06,0
0,2.0128512e-06,0
0,1.8762573e-06,0
0,5.101115e-07,0
0,8.92215e-07,0
0,1.2690649e-05,0
0,1.1512066e-06,0
0,1.0130117e-06,0
0,3.2464672e-07,0
0,1.2380017e-06,0
0,8.17839e-05,0
0,1.2533713e-05,0
0,2.0128512e-06,0
0,1.4411639e-06,0
0,1.1518314e-06,0
0,7.5863522e-06,0
0,0.00017452403,0
0,1.2054661e-06,0
0,1.1257724e-07,0
0,1.0167834e-05,0
1,0.99940455,1
0,9.336468e-07,0
0,1.6523181e-06,0
0,2.9814871e-06,0
0,4.961249e-07,0
0,1.328273e-06,0
0,1.1081175e-06,0
0,7.2779864e-07,0
0,7.0212667e-07,0
0,4.8627016e-06,0
0,1.0448871e-06,0
0,7.4970217e-07,0
0,1.1976648e-06,0
0,2.2013432e-06,0
0,1.0751651e-06,0
0,9.774144e-07,0
0,1.3607424e-06,0
0,2.979935e-06,0
0,1.1787022e-06,0
0,8.9026435e-07,0
0,1.0399943e-07,0
0,0.0034845418,0
0,1.6075626e-06,0
0,6.7340948e-06,0
0,3.4121022e-06,0
0,5.2928754e-05,0
1,0.99967086,1
0,7.28841e-06,0
0,9.1226946e-07,0
0,0.0005678645,0
0,0.00115026,0
0,1.2054661e-06,0
0,1.0180807e-05,0
1,0.9999795,1
0,2.5482086e-06,0
0,7.2779864e-07,0
0,1.4356824e-06,0
0,3.0162003e-06,0
0,2.3418363e-06,0
0,1.8641203e-06,0
0,5.756143e-07,0
0,0.0006127937,0
0,1.7472456e-05,0
0,5.5419005e-06,0
1,0.99999285,1
0,0.000115657116,0
0,2.6301152e-06,0
0,1.1095643e-05,0
0,7.0029773e-07,0
0,7.79625e-05,0
0,2.548805e-05,0
0,2.4537292e-06,0
0,4.75718e-06,0
0,1.6588292e-05,0
0,1.9889437e-06,0
0,4.54897e-05,0
0,0.00029000707,0
0,1.3345914e-06,0
0,3.5036867e-06,0
0,2.2361593e-05,0
0,4.712719e-07,0
0,1.4164076e-06,0
0,2.175477e-06,0
0,0.00018507887,0
0,3.0735282e-06,0
0,2.7557744e-06,0
0,6.594782e-07,0
0,2.3568055e-05,0
0,9.550085e-07,0
1,0.9999958,1
0,7.402613e-06,0
0,1.1976648e-06,0
0,1.7132668e-05,0
0,1.0512905e-07,0
0,8.6271257e-07,0
0,9.2442895e-07,0
0,0.0016464689,0
0,8.836388e-07,0
0,8.9026435e-07,0
0,8.1601036e-07,0
1,0.9999964,1
0,9.647907e-07,0
0,0.0004417226,0
0,1.0913228e-06,0
0,3.3979893e-06,0
0,5.423229e-05,0
0,2.331812e-06,0
0,1.0290053e-05,0
0,5.748109e-05,0
0,0.00023074796,0
0,7.937687e-05,0
0,1.1756632e-06,0
0,0.00018482967,0
0,8.440148e-07,0
0,9.647907e-07,0
0,1.8313052e-06,0
0,4.6728284e-05,0
0,0.0003863388,0
1,0.9999975,1
0,8.2726075e-07,0
0,8.537817e-05,0
0,0.0001661506,0
0,1.4681469e-06,0
0,2.7608644e-06,0
0,5.181706e-06,0
0,3.1011398e-06,0
0,0.00013052039,0
0,1.1139462e-06,0
0,7.287717e-07,0
0,2.6565933e-05,0
0,1.1203225e-06,0
0,2.1033844e-05,0
0,8.842466e-07,0
0,1.1861525e-06,0
0,7.820816e-07,0
0,3.9354774e-07,0
0,1.1861525e-06,0
0,0.00037177705,0
0,1.4289168e-06,0
0,1.1861525e-06,0
0,2.139061e-06,0
0,1.9965391e-05,0
0,1.5400374e-06,0
0,0.00021836674,0
0,8.183094e-05,0
0,1.0726282e-06,0
0,1.6298535e-06,0
0,1.6771926e-06,0
0,1.1756542e-06,0
0,1.9289898e-06,0
0,6.7823674e-07,0
0,0.00049572234,0
0,2.600386e-07,0
0,9.064226e-07,0
0,0.00035723005,0
0,6.423171e-05,0
0,0.00019535165,0
0,4.8346425e-05,0
0,2.5752968e-07,0
0,6.930003e-07,0
0,3.4795619e-06,0
0,1.9771146e-06,0
0,1.1976648e-06,0
0,0.000100545214,0
0,1.605406e-05,0
0,0.0003240473,0
0,1.2687698e-07,0
0,1.5116409e-07,0
0,1.1144392e-06,0
0,1.804978e-06,0
0,7.485743e-05,0
0,5.8469755e-05,0
0,1.9127888e-06,0
0,5.575966e-05,0
0,1.1976648e-06,0
0,8.3418166e-07,0
0,1.5180601e-05,0
0,6.7014014e-07,0
0,4.204626e-06,0
0,1.1976648e-06,0
0,0.00029936022,0
0,6.3416377e-07,0
1,0.99999416,1
0,2.7279916e-06,0
0,1.1150707e-06,0
0,1.1491685e-06,0
0,4.003078e-06,0
0,3.6591424e-05,0
0,0.00023985008,0
0,8.242185e-06,0
0,1.2054661e-06,0
0,1.9659142e-06,0
0,8.633364e-07,0
0,1.2562492e-05,0
0,4.7779282e-05,0
0,8.2726075e-07,0
0,1.1976648e-06,0
0,1.7489113e-07,0
0,3.988278e-06,0
0,0.0002003129,0
0,3.3605897e-06,0
0,7.430905e-06,0
0,6.528682e-07,0
0,4.3979643e-08,0
0,5.866914e-07,0
0,4.653841e-06,0
0,8.980266e-07,0
0,5.701134e-07,0
0,1.0527103e-05,0
0,1.1726734e-06,0
0,5.0839386e-05,0
0,0.00074382976,0
0,0.0011234633,0
0,4.2199015e-05,0
0,1.7119074e-06,0
0,0.00010664973,0
0,1.7954137e-06,0
0,2.0355496e-05,0
0,2.992183e-06,0
0,1.750947e-05,0
0,0.033447415,0
0,6.258868e-08,0
0,4.790514e-06,0
0,4.250137e-06,0
0,8.283273e-07,0
0,4.930764e-06,0
0,7.332278e-05,0
0,4.2015185e-05,0
0,1.0892443e-06,0
0,0.00020687604,0
0,2.8642428e-06,0
0,1.7425015e-06,0
0,9.4927884e-07,0
0,6.5927696e-07,0
0,1.710255e-05,0
0,0.0021290642,0
0,1.3174603e-05,0
0,3.192623e-05,0
0,1.923002e-06,0
0,3.4635536e-07,0
0,1.5321195e-06,0
0,1.1756542e-06,0
1,0.9999958,1
0,2.3404518e-06,0
0,7.9891123e-07,0
0,1.0972179e-06,0
0,1.7796589e-06,0
0,6.2336144e-06,0
0,1.7954137e-06,0
0,8.460028e-07,0
0,9.360602e-07,0
0,5.0205064e-05,0
0,4.067456e-05,0
0,0.0005301885,0
0,9.318875e-05,0
0,0.00019890226,0
1,0.9994247,1
0,4.432936e-05,0
0,2.4107305e-06,0
0,1.0913634e-06,0
0,0.0010509193,0
0,0.00026178517,0
0,2.6462792e-05,0
0,1.255381e-05,0
0,7.919279e-07,0
0,9.505498e-07,0
0,7.884885e-07,0
0,1.080495e-05,0
0,0.00012616358,0
0,5.703218e-06,0
0,2.4459935e-06,0
0,0.00034774622,0
0,1.4681469e-06,0
0,0.00025017935,0
0,3.217235e-06,0
0,1.1976648e-06,0
0,7.248967e-06,0
0,7.0992564e-07,0
1,0.99999154,1
0,4.27889e-06,0
0,4.5203763e-07,0
0,1.1976648e-06,0
0,1.1523508e-05,0
0,4.4751337e-06,0
0,9.709653e-06,0
0,2.5592712e-05,0
0,1.0732052e-06,0
0,2.3694997e-06,0
0,8.633364e-07,0
0,1.5973055e-06,0
0,1.9969339e-06,0
1,0.9998617,1
0,8.633364e-07,0
0,1.216385e-05,0
0,1.5117043e-06,0
0,0.00021096792,0
0,5.164561e-05,0
0,8.632171e-07,0
0,0.000155124,0
0,1.4669149e-05,0
0,1.8088846e-06,0
0,4.137042e-05,0
0,6.064018e-07,0
0,1.5018798e-06,0
0,5.8790397e-06,0
0,1.2201365e-06,0
0,1.7954137e-06,0
0,4.6214882e-05,0
1,0.9997321,1
1,0.9999949,1
0,2.6600665e-05,0
0,5.701134e-07,0
0,9.207911e-05,0
0,8.13194e-05,0
0,6.5599437e-07,0
0,0.00019422187,0
0,4.8719204e-07,0
0,2.3595753e-06,0
0,0.0003063015,0
0,1.4714115e-06,0
0,1.303013e-06,0
0,2.7548904e-05,0
0,0.0011333126,0
0,6.065898e-05,0
0,1.3892252e-06,0
0,3.743092e-05,0
0,9.4081065e-07,0
0,1.7286958e-07,0
0,8.987979e-06,0
1,0.99986994,1
0,9.4081065e-07,0
0,1.2003349e-06,0
0,1.9691772e-06,0
0,1.8881437e-06,0
0,8.2780446e-07,0
0,5.4376125e-07,0
0,1.2054661e-06,0
0,0.00012555785,0
0,0.001152076,0
0,2.0449215e-06,0
0,1.5363188e-06,0
0,1.1794601e-06,0
0,8.633364e-07,0
0,4.9893446e-05,0
0,5.2352937e-07,0
0,5.6260782e-05,0
1,0.99893683,1
0,0.00044184516,0
0,0.0001962111,0
0,3.955649e-06,0
0,1.615895e-06,0
0,0.000106503794,0
0,0.00014327544,0
0,7.0992564e-07,0
0,1.4387086e-06,0
0,1.7987155e-05,0
0,1.2059019e-06,0
0,7.820816e-07,0
1,0.9999908,1
0,3.6081325e-05,0
0,2.3556454e-06,0
0,1.2685355e-06,0
0,1.4606625e-05,0
0,0.0002080695,0
0,1.2485352e-06,0
0,1.1976648e-06,0
0,1.1467916e-06,0
0,3.9938236e-06,0
0,9.299829e-07,0
0,8.3418166e-07,0
0,0.00056292367,0
0,9.336468e-07,0
0,1.1976648e-06,0
0,2.5952602e-06,0
0,8.5167176e-07,0
0,0.0001509554,0
0,1.4681469e-06,0
0,1.0388222e-06,0
0,6.956271e-08,0
0,0.000377447,0
0,1.2017794e-05,0
0,3.4524248e-06,0
0,8.9026435e-07,0
0,9.926947e-07,0
0,3.5939954e-06,0
1,0.9999784,1
0,9.629928e-05,0
1,0.99998033,1
0,0.00013322613,0
0,1.636097e-05,0
0,6.4402475e-06,0
0,8.045362e-07,0
0,3.1934253e-06,0
0,1.473276e-07,0
0,1.1976648e-06,0
0,9.277877e-07,0
0,1.2212471e-06,0
0,5.343917e-05,0
0,6.8223824e-05,0
0,7.1829654e-06,0
0,1.8021754e-05,0
0,7.867983e-07,0
0,3.0948566e-05,0
0,1.1976648e-06,0
0,1.8959694e-06,0
1,0.9999672,1
0,4.2811077e-08,0
0,9.939889e-06,0
0,7.2569565e-05,0
0,1.1976648e-06,0
0,3.9116307e-07,0
0,7.9760866e-07,0
0,0.0021622786,0
0,7.4623727e-06,0
0,9.081479e-06,0
0,0.00010544083,0
0,1.0003259e-06,0
0,0.00058679306,0
0,1.1976648e-06,0
0,9.984778e-07,0
0,1.1861525e-06,0
0,6.533466e-08,0
0,7.9279914e-07,0
0,1.1081175e-06,0
0,9.0726404e-05,0
1,0.99728394,1
0,5.6387776e-08,0
0,4.637205e-06,0
0,9.680409e-05,0
0,8.9026435e-07,0
0,1.1045715e-05,0
0,3.4153086e-06,0
1,0.9999107,1
0,1.5976694e-06,0
0,1.1976648e-06,0
0,9.4109777e-07,0
0,3.1330692e-05,0
0,1.963559e-06,0
0,1.14025006e-07,0
0,0.00042126997,0
1,0.99993455,1
0,0.00049613457,0
0,7.1782542e-06,0
1,0.9999862,1
0,4.612651e-05,0
0,0.00022110014,0
0,1.1002882e-06,0
0,6.5610466e-06,0
0,6.594782e-07,0
1,0.99989974,1
0,5.524e-07,0
0,7.652349e-07,0
0,9.336468e-07,0
0,1.5530061e-06,0
0,0.00012882751,0
0,1.1040302e-05,0
0,3.8961534e-06,0
0,1.8289791e-05,0
0,1.3783182e-06,0
1,0.9999975,1
0,7.097686e-07,0
0,5.0696497e-07,0
0,2.15258e-05,0
0,0.00021567162,0
0,4.484028e-06,0
0,4.0070512e-07,0
0,9.644964e-07,0
0,7.9200566e-07,0
0,0.00033661086,0
0,8.2895e-07,0
1,0.9999589,1
0,1.7067139e-06,0
0,1.13855e-06,0
0,2.3553392e-07,0
0,6.715773e-05,0
0,1.4032172e-05,0
0,3.4279956e-06,0
0,8.988347e-06,0
0,4.0861953e-05,0
1,0.9998287,1
0,0.0025964675,0
0,1.2506742e-06,0
0,3.3801484e-06,0
0,3.1212745e-05,0
0,1.0692945e-06,0
0,6.808095e-07,0
0,9.647907e-07,0
0,5.0652748e-06,0
0,1.1225931e-06,0
0,2.797765e-06,0
0,9.269096e-07,0
1,0.999982,1
0,2.2861223e-06,0
0,1.0379333e-07,0
0,5.669092e-07,0
1,0.9999012,1
0,1.1442242e-05,0
0,1.3633868e-05,0
0,9.998149e-06,0
0,2.518086e-05,0
0,0.00011332803,0
0,2.3098929e-07,0
0,5.1508846e-07,0
0,1.4006258e-06,0
0,8.5167176e-07,0
0,1.1052616e-06,0
0,1.1943685e-06,0
0,0.00017580541,0
0,5.576062e-05,0
0,5.5220306e-07,0
0,2.0264675e-05,0
0,0.00010832573,0
0,1.5180601e-05,0
0,0.00043473928,0
0,1.9684187e-05,0
1,0.9999958,1
0,0.0002752337,0
0,0.00032159165,0
0,0.0010251596,0
0,4.4986813e-05,0
0,4.1751466e-07,0
0,2.299651e-06,0
0,2.0048299e-06,0
0,0.00012016844,0
0,8.402759e-06,0
0,8.5167176e-07,0
0,1.1976648e-06,0
0,1.2054661e-06,0
0,1.1861525e-06,0
0,1.3504996e-06,0
0,1.4977848e-06,0
0,1.5049582e-06,0
0,5.665254e-08,0
0,0.00014699338,0
0,8.633364e-07,0
0,1.540384e-05,0
0,7.7230106e-07,0
0,8.5167176e-07,0
0,3.544994e-06,0
0,8.243012e-07,0
0,9.590201e-06,0
0,9.937727e-07,0
0,3.22167e-07,0
0,4.6472098e-07,0
0,5.9403687e-06,0
0,0.0017103488,0
0,4.3190988e-07,0
0,8.633364e-07,0
0,1.3781547e-05,0
1,0.9999871,1
0,1.2825542e-05,0
0,3.5857001e-06,0
0,6.6147445e-06,0
0,6.2852137e-06,0
0,0.0007838921,0
0,6.862363e-08,0
0,0.00037821854,0
0,1.4387086e-06,0
0,0.00062499306,0
0,6.471644e-05,0
0,7.117607e-07,0
0,6.9443126e-07,0
0,4.735624e-05,0
0,1.4180918e-06,0
0,0.0010124047,0
0,4.113179e-05,0
0,1.0660312e-06,0
0,2.9506878e-05,0
0,1.1050118e-06,0
1,0.99999213,1
0,2.2023356e-07,0
0,2.9850946e-06,0
0,9.305835e-07,0
0,1.1861525e-06,0
0,3.1693646e-05,0
0,3.6881927e-06,0
0,0.00096673495,0
0,3.1775644e-06,0
0,6.333167e-05,0
0,9.1982963e-07,0
0,0.0004168337,0
0,9.200051e-07,0
0,2.91296e-06,0
0,2.050274e-06,0
0,3.1579043e-06,0
0,2.6685018e-05,0
0,0.00030199808,0
0,1.674017e-05,0
0,0.0011986295,0
0,1.5625271e-06,0
0,8.016251e-05,0
0,2.1199763e-05,0
0,0.0010269969,0
0,1.1976648e-06,0
0,6.3575516e-07,0
0,3.7687198e-07,0
1,0.999962,1
0,5.6871887e-08,0
0,7.0992564e-07,0
0,7.296799e-07,0
0,0.00014323159,0
0,2.5433553e-06,0
0,6.43809e-08,0
0,9.992857e-07,0
1,0.99992,1
0,1.1058995e-06,0
0,9.2338126e-07,0
0,6.813045e-06,0
0,0.00018857024,0
0,5.4655582e-05,0
0,1.4070172e-06,0
0,2.9257224e-06,0
0,1.8319643e-05,0
0,0.00012237723,0
0,0.00038012853,0
0,3.3011725e-07,0
0,8.2726075e-07,0
0,0.00031327817,0
0,2.1015364e-06,0
0,1.655422e-06,0
0,0.00010961797,0
0,1.1459663e-06,0
0,9.3600573e-07,0
0,1.993573e-05,0
0,4.2012124e-07,0
0,7.296799e-07,0
0,4.133965e-07,0
0,2.2013432e-06,0
0,0.000555047,0
0,4.4643392e-07,0
0,1.3521078e-06,0
0,5.5220306e-07,0
0,4.7283684e-06,0
0,4.6499457e-07,0
0,6.4897376e-06,0
0,8.633364e-07,0
0,0.00029646995,0
0,0.00019389472,0
1,0.99980325,1
0,1.8330859e-06,0
0,1.8877909e-06,0
0,0.0005088773,0
0,4.6578005e-08,0
0,6.497658e-06,0
0,8.9026435e-07,0
0,2.3240189e-05,0
0,0.0003074337,0
0,2.843648e-07,0
0,1.1976648e-06,0
0,0.0014514226,0
0,9.695899e-07,0
0,8.633364e-07,0
0,0.00025195337,0
0,0.00029749237,0
0,2.4004755e-06,0
0,5.308394e-05,0
0,1.644698e-05,0
0,8.599739e-07,0
0,9.703105e-07,0
0,9.1866104e-07,0
0,2.4967803e-06,0
0,3.5324705e-05,0
0,5.0070327e-07,0
0,1.1756542e-06,0
0,5.3968864e-07,0
0,0.0002210856,0
0,1.4085826e-06,0
0,8.216334e-05,0
0,1.6038253e-05,0
0,1.1708574e-06,0
